success,collision_free_success,collision,tight_passage_rate,body_overlap_rate,min_body_margin,steps,passable,corridor_type,passage_width,episode_idx,method
1.0,1.0,0.0,1.0,0.0,0.039931800216436386,78,True,narrow_entry,0.5745476255840488,0,geometry_fsm
0.0,0.0,0.0,0.0,0.0,4.820000171661377,32,True,straight,0.6526736720530052,1,geometry_fsm
0.0,0.0,0.0,0.0,0.0,0.11164193600416183,81,True,asymmetric,0.649536389472299,2,geometry_fsm
1.0,1.0,0.0,0.0,0.0,0.051972150802612305,159,True,l_shaped,0.8868141109777066,3,geometry_fsm
1.0,1.0,0.0,0.0,0.0,0.13012711703777313,102,True,straight,0.7573720289591046,4,geometry_fsm
1.0,1.0,0.0,0.0,0.0,0.07140382379293442,96,True,l_shaped,0.6613001150741136,5,geometry_fsm
0.0,0.0,0.0,0.0,0.0,4.820000171661377,47,True,s_shaped,0.8247051882260268,6,geometry_fsm
1.0,1.0,0.0,1.0,0.0,0.02542225271463394,102,True,narrow_exit,0.42132520855518096,7,geometry_fsm
0.0,0.0,0.0,1.0,0.0,0.013110801577568054,180,True,s_shaped,0.7059335381788022,8,geometry_fsm
1.0,1.0,0.0,1.0,0.0,0.04544271528720856,72,True,narrow_exit,0.47471101765127016,9,geometry_fsm
0.0,0.0,0.0,1.0,0.0,0.016564970836043358,400,True,asymmetric,0.5552727686394033,10,geometry_fsm
1.0,1.0,0.0,1.0,0.0,0.029682578518986702,75,True,narrow_exit,0.4500551255833867,11,geometry_fsm
1.0,1.0,0.0,0.0,0.0,0.06270450353622437,88,True,straight,0.6754701487965136,12,geometry_fsm
1.0,1.0,0.0,1.0,0.0,0.045119717717170715,111,True,l_shaped,0.5856804401165445,13,geometry_fsm
0.0,0.0,0.0,0.0,0.0,0.10577931255102158,400,False,false_feasible,0.6164674903648799,14,geometry_fsm
0.0,0.0,0.0,1.0,0.0,0.04570026695728302,400,False,false_feasible,0.6005908411988077,15,geometry_fsm
1.0,1.0,0.0,0.0,0.0,0.08625957369804382,123,True,s_shaped,0.7322889783160995,16,geometry_fsm
1.0,1.0,0.0,0.0,0.0,0.05514776334166527,147,True,l_shaped,0.5150358849897211,17,geometry_fsm
1.0,1.0,0.0,0.0,0.0,0.08175726979970932,136,True,l_shaped,0.7159119711666375,18,geometry_fsm
1.0,1.0,0.0,1.0,0.0,0.03433668240904808,132,True,s_shaped,0.6708181474595345,19,geometry_fsm
0.0,0.0,0.0,0.0,0.0,4.820000171661377,17,True,s_shaped,0.4597254359461487,20,geometry_fsm
1.0,1.0,0.0,0.0,0.0,0.096588633954525,125,True,l_shaped,0.7467401856113558,21,geometry_fsm
1.0,1.0,0.0,0.0,0.0,0.07409907132387161,93,True,straight,0.6996836112261675,22,geometry_fsm
1.0,1.0,0.0,1.0,0.0,0.045154422521591187,113,True,l_shaped,0.8788047277813853,23,geometry_fsm
1.0,1.0,0.0,0.0,0.0,0.09194054454565048,112,True,straight,0.645793677001367,24,geometry_fsm
1.0,1.0,0.0,0.0,0.0,0.08731935918331146,112,True,asymmetric,0.8520509878640384,25,geometry_fsm
1.0,1.0,0.0,0.0,0.0,0.06092412769794464,78,True,narrow_entry,0.5886263670960803,26,geometry_fsm
1.0,1.0,0.0,1.0,0.0,0.044031884521245956,104,True,narrow_exit,0.475858261122017,27,geometry_fsm
1.0,1.0,0.0,0.0,0.0,0.07463857531547546,76,True,straight,0.5533452134994848,28,geometry_fsm
1.0,1.0,0.0,1.0,0.0,0.0491844043135643,161,True,s_shaped,0.762418096039299,29,geometry_fsm
1.0,1.0,0.0,0.0,0.0,0.24576807022094727,86,True,straight,0.8674031479529285,30,geometry_fsm
1.0,1.0,0.0,0.0,0.0,0.078668512403965,73,True,narrow_exit,0.5864655172761648,31,geometry_fsm
1.0,1.0,0.0,0.0,0.0,0.09392265975475311,110,True,straight,0.6386014436923367,32,geometry_fsm
1.0,1.0,0.0,1.0,0.0,0.04500294104218483,105,True,asymmetric,0.6603217206998813,33,geometry_fsm
1.0,1.0,0.0,0.0,0.0,0.05245741456747055,165,True,s_shaped,0.722707119315005,34,geometry_fsm
0.0,0.0,0.0,0.0,0.0,4.820000171661377,26,True,asymmetric,0.6542535969343349,35,geometry_fsm
1.0,1.0,0.0,1.0,0.0,0.036645229905843735,88,True,narrow_exit,0.47586024130633336,36,geometry_fsm
1.0,1.0,0.0,1.0,0.0,0.015547218732535839,76,True,straight,0.5019705286494097,37,geometry_fsm
1.0,1.0,0.0,1.0,0.0,0.012644851580262184,118,True,straight,0.7160147172499371,38,geometry_fsm
0.0,0.0,0.0,0.0,0.0,0.17459888756275177,61,True,s_shaped,0.8437522240055739,39,geometry_fsm
0.0,0.0,0.0,0.0,0.0,4.820000171661377,25,True,s_shaped,0.4721643539674173,40,geometry_fsm
1.0,1.0,0.0,0.0,0.0,0.2169790416955948,108,True,straight,0.8296087282189888,41,geometry_fsm
1.0,1.0,0.0,0.0,0.0,0.09946637600660324,92,True,narrow_entry,0.5602193438240632,42,geometry_fsm
1.0,1.0,0.0,0.0,0.0,0.09128587692975998,94,True,l_shaped,0.7378034720566995,43,geometry_fsm
1.0,1.0,0.0,1.0,0.0,0.03962773084640503,122,True,l_shaped,0.6148766024218113,44,geometry_fsm
0.0,0.0,0.0,0.0,0.0,0.11413077265024185,400,False,false_feasible,0.6320903012511723,45,geometry_fsm
1.0,1.0,0.0,0.0,0.0,0.12217803299427032,106,True,l_shaped,0.7807019230396308,46,geometry_fsm
1.0,1.0,0.0,0.0,0.0,0.12649977207183838,74,True,straight,0.7765720327221421,47,geometry_fsm
0.0,0.0,0.0,0.0,0.0,0.09089312702417374,400,False,false_feasible,0.6984205011165886,48,geometry_fsm
1.0,1.0,0.0,0.0,0.0,0.05600319057703018,109,True,narrow_exit,0.5230374925260929,49,geometry_fsm
0.0,0.0,0.0,1.0,0.0,0.020330727100372314,400,True,s_shaped,0.7198170486851756,50,geometry_fsm
1.0,1.0,0.0,0.0,0.0,0.05173195153474808,101,True,narrow_entry,0.48005479649908284,51,geometry_fsm
1.0,1.0,0.0,1.0,0.0,0.04931749776005745,109,True,straight,0.5165025176439862,52,geometry_fsm
1.0,1.0,0.0,0.0,0.0,0.09225983172655106,92,True,narrow_entry,0.5885051976309232,53,geometry_fsm
0.0,0.0,0.0,0.0,0.0,0.16445520520210266,400,False,false_feasible,0.7626334197976957,54,geometry_fsm
0.0,0.0,0.0,0.0,0.0,4.820000171661377,37,True,asymmetric,0.5829115614048405,55,geometry_fsm
0.0,0.0,0.0,1.0,0.0,0.026823291555047035,400,False,false_feasible,0.6209771094660098,56,geometry_fsm
0.0,0.0,0.0,1.0,0.0,0.0009685004479251802,66,True,asymmetric,0.46304977644201123,57,geometry_fsm
0.0,0.0,0.0,0.0,0.0,4.820000171661377,23,True,straight,0.4524434253579152,58,geometry_fsm
1.0,1.0,0.0,0.0,0.0,0.06597515195608139,106,True,l_shaped,0.8322339793153828,59,geometry_fsm
0.0,0.0,0.0,1.0,0.0,0.0019596286583691835,58,True,asymmetric,0.4680680847961799,60,geometry_fsm
1.0,1.0,0.0,0.0,0.0,0.15246500074863434,78,True,straight,0.7805794913708227,61,geometry_fsm
0.0,0.0,0.0,0.0,0.0,0.09128326177597046,400,False,false_feasible,0.563625078747824,62,geometry_fsm
1.0,1.0,0.0,0.0,0.0,0.18445388972759247,91,True,straight,0.8910122307993866,63,geometry_fsm
1.0,1.0,0.0,0.0,0.0,0.05664455518126488,94,True,narrow_exit,0.4742416738526492,64,geometry_fsm
1.0,1.0,0.0,0.0,0.0,0.14939738810062408,87,True,straight,0.6787587323011239,65,geometry_fsm
1.0,1.0,0.0,0.0,0.0,0.10477584600448608,83,True,straight,0.5751339956015659,66,geometry_fsm
1.0,1.0,0.0,1.0,0.0,0.03938107192516327,108,True,narrow_exit,0.45917313480545313,67,geometry_fsm
0.0,0.0,0.0,0.0,0.0,4.820000171661377,37,True,s_shaped,0.551516790691895,68,geometry_fsm
0.0,0.0,0.0,0.0,0.0,4.820000171661377,30,True,narrow_entry,0.49765527513238017,69,geometry_fsm
0.0,0.0,0.0,0.0,0.0,0.13246047496795654,400,False,false_feasible,0.6800687786851423,70,geometry_fsm
0.0,0.0,0.0,0.0,0.0,4.820000171661377,21,True,asymmetric,0.47500556260809507,71,geometry_fsm
1.0,1.0,0.0,0.0,0.0,0.09798450767993927,86,True,asymmetric,0.8354466106085512,72,geometry_fsm
0.0,0.0,0.0,0.0,0.0,4.820000171661377,46,False,false_feasible,0.6277403774801916,73,geometry_fsm
0.0,0.0,0.0,0.0,0.0,4.820000171661377,25,True,s_shaped,0.5236880869162331,74,geometry_fsm
1.0,1.0,0.0,0.0,0.0,0.11189129948616028,85,True,straight,0.651710525964458,75,geometry_fsm
1.0,1.0,0.0,1.0,0.0,0.04322967305779457,125,True,s_shaped,0.6611971203856806,76,geometry_fsm
1.0,1.0,0.0,1.0,0.0,0.02561149187386036,154,True,s_shaped,0.7139003278566582,77,geometry_fsm
1.0,1.0,0.0,1.0,0.0,0.009671688079833984,118,True,narrow_exit,0.4859895092878702,78,geometry_fsm
1.0,1.0,0.0,1.0,0.0,0.03839121386408806,95,True,narrow_entry,0.5108624669226296,79,geometry_fsm
0.0,0.0,0.0,1.0,0.0,0.010196449235081673,99,True,s_shaped,0.49724087215323176,80,geometry_fsm
1.0,1.0,0.0,0.0,0.0,0.1800663322210312,90,True,straight,0.867357206326812,81,geometry_fsm
1.0,1.0,0.0,1.0,0.0,0.041838422417640686,104,True,straight,0.5751099479703663,82,geometry_fsm
1.0,1.0,0.0,0.0,0.0,0.07831910997629166,100,True,narrow_exit,0.5825990169535296,83,geometry_fsm
1.0,1.0,0.0,0.0,0.0,0.13858246803283691,90,True,straight,0.7795860763472044,84,geometry_fsm
0.0,0.0,0.0,0.0,0.0,0.11217035353183746,400,False,false_feasible,0.6220570613719764,85,geometry_fsm
1.0,1.0,0.0,1.0,0.0,0.0364886038005352,172,True,s_shaped,0.8934930762727168,86,geometry_fsm
1.0,1.0,0.0,0.0,0.0,0.13086514174938202,104,True,asymmetric,0.8661157502489499,87,geometry_fsm
1.0,1.0,0.0,1.0,0.0,0.04073713719844818,103,True,narrow_entry,0.5757821786500192,88,geometry_fsm
0.0,0.0,0.0,0.0,0.0,4.820000171661377,15,True,asymmetric,0.4520250562228466,89,geometry_fsm
1.0,1.0,0.0,0.0,0.0,0.10056333243846893,113,True,l_shaped,0.8337515083343607,90,geometry_fsm
1.0,1.0,0.0,1.0,0.0,0.043431300669908524,93,True,l_shaped,0.8489509029773412,91,geometry_fsm
0.0,0.0,0.0,0.0,0.0,0.05070343241095543,400,False,false_feasible,0.6519854877828206,92,geometry_fsm
0.0,0.0,0.0,0.0,0.0,0.09986627846956253,400,False,false_feasible,0.5835917283282654,93,geometry_fsm
1.0,1.0,0.0,0.0,0.0,0.0673922523856163,135,True,l_shaped,0.6391717971773747,94,geometry_fsm
0.0,0.0,0.0,1.0,0.0,0.02895272709429264,400,True,l_shaped,0.5964042287325046,95,geometry_fsm
1.0,1.0,0.0,1.0,0.0,0.03398118168115616,90,True,l_shaped,0.5586174277319983,96,geometry_fsm
1.0,1.0,0.0,1.0,0.0,0.004922185093164444,116,True,narrow_entry,0.4989095265451547,97,geometry_fsm
0.0,0.0,0.0,0.0,0.0,4.820000171661377,24,True,narrow_entry,0.521190732072763,98,geometry_fsm
1.0,1.0,0.0,0.0,0.0,0.09515535831451416,94,True,straight,0.8818985350481492,99,geometry_fsm
1.0,1.0,0.0,0.0,0.0,0.10609413683414459,91,True,straight,0.6548030290852931,100,geometry_fsm
1.0,1.0,0.0,1.0,0.0,0.04403308779001236,77,True,straight,0.6230269700954676,101,geometry_fsm
0.0,0.0,0.0,1.0,0.0,0.00018875070963986218,103,True,l_shaped,0.6273565997301439,102,geometry_fsm
1.0,1.0,0.0,0.0,0.0,0.058095354586839676,119,True,s_shaped,0.6702759029282437,103,geometry_fsm
1.0,1.0,0.0,0.0,0.0,0.10132519900798798,99,True,l_shaped,0.6659385302479793,104,geometry_fsm
0.0,0.0,0.0,0.0,0.0,0.0576988086104393,400,True,s_shaped,0.77020111871855,105,geometry_fsm
1.0,1.0,0.0,0.0,0.0,0.06641838699579239,95,True,straight,0.4997832604029915,106,geometry_fsm
1.0,1.0,0.0,0.0,0.0,0.05494660511612892,104,True,narrow_exit,0.5736065026816259,107,geometry_fsm
1.0,1.0,0.0,0.0,0.0,0.08774110674858093,109,True,l_shaped,0.8634571564062063,108,geometry_fsm
1.0,1.0,0.0,0.0,0.0,0.08257552981376648,108,True,l_shaped,0.809646085008671,109,geometry_fsm
1.0,1.0,0.0,1.0,0.0,0.025663351640105247,86,True,straight,0.6059153949332314,110,geometry_fsm
0.0,0.0,0.0,1.0,0.0,0.0008111139177344739,23,True,narrow_entry,0.47708757080339614,111,geometry_fsm
1.0,1.0,0.0,1.0,0.0,0.03000122494995594,122,True,straight,0.6782817157119195,112,geometry_fsm
0.0,0.0,0.0,0.0,0.0,0.09846292436122894,400,False,false_feasible,0.5817274938796283,113,geometry_fsm
1.0,1.0,0.0,0.0,0.0,0.0783606544137001,73,True,narrow_exit,0.5705241318316682,114,geometry_fsm
1.0,1.0,0.0,0.0,0.0,0.10489645600318909,105,True,l_shaped,0.7248465599559383,115,geometry_fsm
1.0,1.0,0.0,1.0,0.0,0.04057634249329567,72,True,narrow_entry,0.4954690298221449,116,geometry_fsm
1.0,1.0,0.0,0.0,0.0,0.15682348608970642,101,True,straight,0.8503453897539288,117,geometry_fsm
0.0,0.0,0.0,0.0,0.0,0.06466857343912125,400,False,false_feasible,0.5998854982248727,118,geometry_fsm
1.0,1.0,0.0,0.0,0.0,0.08211809396743774,133,True,l_shaped,0.6826587690822432,119,geometry_fsm
0.0,0.0,0.0,0.0,0.0,0.11427538841962814,400,False,false_feasible,0.7495243589545832,120,geometry_fsm
1.0,1.0,0.0,1.0,0.0,0.02996634505689144,96,True,narrow_entry,0.4910333798670148,121,geometry_fsm
0.0,0.0,0.0,1.0,0.0,0.004562625661492348,97,False,false_feasible,0.5991855451876579,122,geometry_fsm
0.0,0.0,0.0,1.0,0.0,0.0273989737033844,400,False,false_feasible,0.5747311262762056,123,geometry_fsm
1.0,1.0,0.0,1.0,0.0,0.03847257420420647,146,True,s_shaped,0.5667479279345404,124,geometry_fsm
1.0,1.0,0.0,1.0,0.0,0.04133376479148865,122,True,l_shaped,0.5826482773085442,125,geometry_fsm
0.0,0.0,0.0,0.0,0.0,0.08397094160318375,400,False,false_feasible,0.5844483839819513,126,geometry_fsm
1.0,1.0,0.0,1.0,0.0,0.0044095441699028015,89,True,straight,0.5639649634800888,127,geometry_fsm
0.0,0.0,0.0,0.0,0.0,4.820000171661377,11,True,narrow_entry,0.4868254746758899,128,geometry_fsm
1.0,1.0,0.0,0.0,0.0,0.1557837575674057,76,True,straight,0.8532549370906337,129,geometry_fsm
1.0,1.0,0.0,0.0,0.0,0.05225531756877899,91,True,straight,0.6361055690894865,130,geometry_fsm
1.0,1.0,0.0,0.0,0.0,0.08184812217950821,84,True,asymmetric,0.8435588129350073,131,geometry_fsm
1.0,1.0,0.0,0.0,0.0,0.07471109181642532,91,True,asymmetric,0.7998114209974616,132,geometry_fsm
1.0,1.0,0.0,0.0,0.0,0.09261684119701385,127,True,straight,0.8785123721305574,133,geometry_fsm
1.0,1.0,0.0,1.0,0.0,0.027244318276643753,75,True,narrow_exit,0.4254098241770122,134,geometry_fsm
1.0,1.0,0.0,0.0,0.0,0.08061350136995316,119,True,s_shaped,0.6302030603603752,135,geometry_fsm
1.0,1.0,0.0,0.0,0.0,0.10092222690582275,103,True,straight,0.8642996362231056,136,geometry_fsm
0.0,0.0,0.0,0.0,0.0,4.820000171661377,30,True,narrow_entry,0.5551509452540747,137,geometry_fsm
1.0,1.0,0.0,0.0,0.0,0.2029576301574707,83,True,straight,0.8970158242850301,138,geometry_fsm
1.0,1.0,0.0,1.0,0.0,0.03547922149300575,98,True,straight,0.5185470195709091,139,geometry_fsm
1.0,1.0,0.0,1.0,0.0,0.045866385102272034,113,True,l_shaped,0.7767810577727555,140,geometry_fsm
0.0,0.0,0.0,1.0,0.0,0.0031665689311921597,119,True,l_shaped,0.5297559755621727,141,geometry_fsm
0.0,0.0,0.0,0.0,0.0,4.820000171661377,16,True,narrow_entry,0.5156544860875039,142,geometry_fsm
1.0,1.0,0.0,0.0,0.0,0.05790185555815697,141,True,s_shaped,0.7028185185283498,143,geometry_fsm
1.0,1.0,0.0,0.0,0.0,0.07895516604185104,118,True,s_shaped,0.6480225487050986,144,geometry_fsm
0.0,0.0,0.0,1.0,0.0,0.001661405898630619,50,True,l_shaped,0.5390144312666386,145,geometry_fsm
0.0,0.0,0.0,0.0,0.0,4.820000171661377,37,True,l_shaped,0.5123945233050388,146,geometry_fsm
1.0,1.0,0.0,0.0,0.0,0.05454287678003311,96,True,narrow_entry,0.5298108869196912,147,geometry_fsm
1.0,1.0,0.0,0.0,0.0,0.09979179501533508,96,True,narrow_exit,0.5775193703980521,148,geometry_fsm
1.0,1.0,0.0,0.0,0.0,0.07277398556470871,108,True,l_shaped,0.6950467809186028,149,geometry_fsm
0.0,0.0,0.0,0.0,0.0,0.17737388610839844,400,False,false_feasible,0.7945511076911403,150,geometry_fsm
1.0,1.0,0.0,0.0,0.0,0.056567225605249405,93,True,narrow_exit,0.5254730473372898,151,geometry_fsm
0.0,0.0,0.0,0.0,0.0,4.820000171661377,23,True,straight,0.4533781647599999,152,geometry_fsm
1.0,1.0,0.0,0.0,0.0,0.2113361656665802,74,True,straight,0.798451155532373,153,geometry_fsm
1.0,1.0,0.0,1.0,0.0,0.017965862527489662,92,True,straight,0.5192836121599319,154,geometry_fsm
0.0,0.0,0.0,1.0,0.0,0.015162239782512188,400,False,false_feasible,0.5844993793369764,155,geometry_fsm
1.0,1.0,0.0,0.0,0.0,0.10923279076814651,94,True,straight,0.6405729276058443,156,geometry_fsm
1.0,1.0,0.0,0.0,0.0,0.07508394122123718,74,True,narrow_exit,0.5129626924744154,157,geometry_fsm
1.0,1.0,0.0,0.0,0.0,0.08027862757444382,107,True,s_shaped,0.6411496161669552,158,geometry_fsm
0.0,0.0,0.0,0.0,0.0,4.820000171661377,54,True,s_shaped,0.5946955570084048,159,geometry_fsm
1.0,1.0,0.0,1.0,0.0,0.02499123476445675,98,True,straight,0.5190864849245762,160,geometry_fsm
1.0,1.0,0.0,0.0,0.0,0.13677287101745605,101,True,straight,0.6463424968624184,161,geometry_fsm
0.0,0.0,0.0,1.0,0.0,0.041125550866127014,400,True,asymmetric,0.525600381860042,162,geometry_fsm
1.0,1.0,0.0,0.0,0.0,0.11291848123073578,110,True,l_shaped,0.7820089002478678,163,geometry_fsm
0.0,0.0,0.0,1.0,0.0,0.005785736721009016,79,True,l_shaped,0.5486351474153845,164,geometry_fsm
1.0,1.0,0.0,0.0,0.0,0.12335158884525299,102,True,straight,0.8203984302631049,165,geometry_fsm
1.0,1.0,0.0,0.0,0.0,0.08685526251792908,111,True,narrow_exit,0.5775151558297348,166,geometry_fsm
1.0,1.0,0.0,0.0,0.0,0.0627155676484108,94,True,narrow_exit,0.5219557171457361,167,geometry_fsm
1.0,1.0,0.0,1.0,0.0,0.029355978593230247,111,True,straight,0.720701303605207,168,geometry_fsm
0.0,0.0,0.0,0.0,0.0,4.820000171661377,28,True,narrow_entry,0.5210201522202079,169,geometry_fsm
1.0,1.0,0.0,1.0,0.0,0.04412605240941048,105,True,narrow_exit,0.4582098849913337,170,geometry_fsm
1.0,1.0,0.0,1.0,0.0,0.021805180236697197,175,True,s_shaped,0.6642412905053974,171,geometry_fsm
0.0,0.0,0.0,0.0,0.0,4.820000171661377,44,True,l_shaped,0.49462063676946644,172,geometry_fsm
1.0,1.0,0.0,0.0,0.0,0.054977308958768845,99,True,l_shaped,0.6123414089332142,173,geometry_fsm
1.0,1.0,0.0,0.0,0.0,0.14948594570159912,89,True,asymmetric,0.8683499794137999,174,geometry_fsm
1.0,1.0,0.0,1.0,0.0,0.021749796345829964,74,True,narrow_entry,0.5146908948394837,175,geometry_fsm
1.0,1.0,0.0,0.0,0.0,0.11686085164546967,90,True,narrow_exit,0.5961541459020789,176,geometry_fsm
1.0,1.0,0.0,0.0,0.0,0.12280247360467911,86,True,l_shaped,0.7131387162622216,177,geometry_fsm
1.0,1.0,0.0,0.0,0.0,0.06781233102083206,95,True,narrow_exit,0.49767342066372383,178,geometry_fsm
1.0,1.0,0.0,0.0,0.0,0.07358982414007187,105,True,l_shaped,0.6529709250833649,179,geometry_fsm
1.0,1.0,0.0,0.0,0.0,0.09770102798938751,83,True,l_shaped,0.6203667544018789,180,geometry_fsm
1.0,1.0,0.0,0.0,0.0,0.08190672844648361,107,True,narrow_exit,0.5688221787462739,181,geometry_fsm
0.0,0.0,0.0,0.0,0.0,0.12827113270759583,400,False,false_feasible,0.7809751001363575,182,geometry_fsm
1.0,1.0,0.0,1.0,0.0,0.01345987431704998,73,True,narrow_entry,0.5093551468390755,183,geometry_fsm
1.0,1.0,0.0,0.0,0.0,0.07369858026504517,104,True,l_shaped,0.7042850597838175,184,geometry_fsm
0.0,0.0,0.0,0.0,0.0,0.12313667684793472,400,False,false_feasible,0.7639105304256009,185,geometry_fsm
1.0,1.0,0.0,0.0,0.0,0.0555131733417511,141,True,s_shaped,0.7039767061616304,186,geometry_fsm
0.0,0.0,0.0,0.0,0.0,4.820000171661377,32,True,narrow_entry,0.47119148422321355,187,geometry_fsm
1.0,1.0,0.0,0.0,0.0,0.053192779421806335,95,True,narrow_exit,0.48781212141747776,188,geometry_fsm
0.0,0.0,0.0,0.0,0.0,4.820000171661377,17,True,l_shaped,0.5128306443806043,189,geometry_fsm
1.0,1.0,0.0,0.0,0.0,0.06895813345909119,76,True,asymmetric,0.888487705398981,190,geometry_fsm
1.0,1.0,0.0,1.0,0.0,0.014232336543500423,145,True,straight,0.6905703380801739,191,geometry_fsm
1.0,1.0,0.0,0.0,0.0,0.07557474821805954,110,True,narrow_entry,0.5825380476131046,192,geometry_fsm
0.0,0.0,0.0,1.0,0.0,6.525904609588906e-05,64,True,asymmetric,0.5200909519385607,193,geometry_fsm
0.0,0.0,0.0,1.0,0.0,0.032693471759557724,400,False,false_feasible,0.5973408729182135,194,geometry_fsm
0.0,0.0,0.0,0.0,0.0,0.15961210429668427,400,False,false_feasible,0.7858455878194632,195,geometry_fsm
1.0,1.0,0.0,1.0,0.0,0.00010616955842124298,92,True,narrow_entry,0.5021526944223321,196,geometry_fsm
0.0,0.0,0.0,1.0,0.0,0.0015598611207678914,40,True,narrow_entry,0.5875232079380317,197,geometry_fsm
1.0,1.0,0.0,0.0,0.0,0.0797790139913559,134,True,l_shaped,0.6820900543296231,198,geometry_fsm
1.0,1.0,0.0,0.0,0.0,0.058049604296684265,95,True,straight,0.5378059084915514,199,geometry_fsm
1.0,1.0,0.0,0.0,0.0,0.06506989151239395,128,True,narrow_exit,0.531202003531005,200,geometry_fsm
1.0,1.0,0.0,0.0,0.0,0.09145290404558182,110,True,l_shaped,0.6470287045541268,201,geometry_fsm
1.0,1.0,0.0,0.0,0.0,0.1147441565990448,110,True,l_shaped,0.7439363482602684,202,geometry_fsm
0.0,0.0,0.0,1.0,0.0,0.04671251028776169,400,False,false_feasible,0.5768280907081301,203,geometry_fsm
1.0,1.0,0.0,1.0,0.0,0.024621138349175453,164,True,s_shaped,0.6397947282215526,204,geometry_fsm
0.0,0.0,0.0,1.0,0.0,0.013099340721964836,400,True,s_shaped,0.8535399172158142,205,geometry_fsm
1.0,1.0,0.0,1.0,0.0,0.040005676448345184,121,True,narrow_exit,0.48258125427046256,206,geometry_fsm
1.0,1.0,0.0,0.0,0.0,0.06921122223138809,145,True,s_shaped,0.8154553325341767,207,geometry_fsm
1.0,1.0,0.0,0.0,0.0,0.0986487939953804,109,True,straight,0.7320712422528939,208,geometry_fsm
1.0,1.0,0.0,0.0,0.0,0.1959783434867859,78,True,straight,0.8802209967851831,209,geometry_fsm
1.0,1.0,0.0,0.0,0.0,0.12757538259029388,120,True,s_shaped,0.8472715047153352,210,geometry_fsm
0.0,0.0,0.0,1.0,0.0,0.0054365419782698154,60,True,l_shaped,0.5887499417787799,211,geometry_fsm
1.0,1.0,0.0,0.0,0.0,0.08634847402572632,104,True,narrow_entry,0.5667131573193758,212,geometry_fsm
0.0,0.0,0.0,0.0,0.0,4.820000171661377,45,True,s_shaped,0.6264270100869495,213,geometry_fsm
1.0,1.0,0.0,0.0,0.0,0.07172753661870956,104,True,l_shaped,0.6161727786034359,214,geometry_fsm
1.0,1.0,0.0,1.0,0.0,0.045576103031635284,97,True,asymmetric,0.8994733368001464,215,geometry_fsm
1.0,1.0,0.0,0.0,0.0,0.0716104581952095,95,True,straight,0.6647402849773161,216,geometry_fsm
1.0,1.0,0.0,1.0,0.0,0.03386956453323364,105,True,narrow_exit,0.4605319798989982,217,geometry_fsm
0.0,0.0,0.0,0.0,0.0,4.820000171661377,29,True,asymmetric,0.5914565741834572,218,geometry_fsm
1.0,1.0,0.0,1.0,0.0,0.026545489206910133,100,True,l_shaped,0.5264099881977184,219,geometry_fsm
1.0,1.0,0.0,0.0,0.0,0.0789477601647377,82,True,narrow_exit,0.5661578762718981,220,geometry_fsm
0.0,0.0,0.0,0.0,0.0,4.820000171661377,30,True,asymmetric,0.5558653747870402,221,geometry_fsm
1.0,1.0,0.0,1.0,0.0,0.03402647376060486,80,True,narrow_entry,0.4880972425602814,222,geometry_fsm
1.0,1.0,0.0,0.0,0.0,0.053399208933115005,90,True,straight,0.5435991331688073,223,geometry_fsm
1.0,1.0,0.0,0.0,0.0,0.10873127728700638,110,True,l_shaped,0.7861841102834488,224,geometry_fsm
1.0,1.0,0.0,1.0,0.0,0.0020923565607517958,132,True,asymmetric,0.739013588355597,225,geometry_fsm
0.0,0.0,0.0,0.0,0.0,4.820000171661377,16,True,narrow_entry,0.4376018395401797,226,geometry_fsm
0.0,0.0,0.0,0.0,0.0,4.820000171661377,16,True,narrow_entry,0.5644897089519058,227,geometry_fsm
0.0,0.0,0.0,1.0,0.0,0.0083352355286479,109,True,s_shaped,0.5511102635456432,228,geometry_fsm
1.0,1.0,0.0,0.0,0.0,0.09282788634300232,137,True,l_shaped,0.862828015169764,229,geometry_fsm
1.0,1.0,0.0,1.0,0.0,0.023843297734856606,118,True,l_shaped,0.7285123715280867,230,geometry_fsm
1.0,1.0,0.0,0.0,0.0,0.08242738991975784,169,True,s_shaped,0.8445051624382662,231,geometry_fsm
1.0,1.0,0.0,0.0,0.0,0.10740502923727036,107,True,l_shaped,0.676293721641159,232,geometry_fsm
1.0,1.0,0.0,0.0,0.0,0.12746645510196686,114,True,l_shaped,0.7814354479658496,233,geometry_fsm
1.0,1.0,0.0,1.0,0.0,0.02335531823337078,98,True,narrow_entry,0.5971533476906399,234,geometry_fsm
1.0,1.0,0.0,0.0,0.0,0.12558986246585846,121,True,s_shaped,0.8439925700372564,235,geometry_fsm
0.0,0.0,0.0,1.0,0.0,0.005674456711858511,27,True,narrow_entry,0.5291453112387963,236,geometry_fsm
1.0,1.0,0.0,0.0,0.0,0.051018014550209045,105,True,narrow_exit,0.4826896590230621,237,geometry_fsm
1.0,1.0,0.0,0.0,0.0,0.17608091235160828,83,True,straight,0.7873675879700865,238,geometry_fsm
0.0,0.0,0.0,1.0,0.0,0.01008176151663065,400,True,asymmetric,0.5471661556940697,239,geometry_fsm
0.0,0.0,0.0,0.0,0.0,4.820000171661377,29,True,narrow_entry,0.5539190500850983,240,geometry_fsm
1.0,1.0,0.0,1.0,0.0,0.017867762595415115,109,True,asymmetric,0.8152885670486694,241,geometry_fsm
0.0,0.0,0.0,0.0,0.0,4.820000171661377,69,True,l_shaped,0.5261106183222851,242,geometry_fsm
1.0,1.0,0.0,1.0,0.0,0.03888963535428047,104,True,straight,0.5096439364281361,243,geometry_fsm
1.0,1.0,0.0,0.0,0.0,0.05767567828297615,102,True,narrow_exit,0.5139825167225671,244,geometry_fsm
1.0,1.0,0.0,0.0,0.0,0.18557944893836975,82,True,straight,0.8084572784112112,245,geometry_fsm
0.0,0.0,0.0,0.0,0.0,0.10514526069164276,400,True,asymmetric,0.5985905830189792,246,geometry_fsm
1.0,1.0,0.0,0.0,0.0,0.057934850454330444,84,True,narrow_exit,0.5223900849691774,247,geometry_fsm
1.0,1.0,0.0,0.0,0.0,0.06715281307697296,99,True,narrow_exit,0.5414550641484401,248,geometry_fsm
0.0,0.0,0.0,0.0,0.0,4.820000171661377,35,True,straight,0.5500655675535648,249,geometry_fsm
0.0,0.0,0.0,0.0,0.0,4.820000171661377,49,True,asymmetric,0.6956092285827585,250,geometry_fsm
1.0,1.0,0.0,0.0,0.0,0.0773017406463623,129,True,s_shaped,0.7208986335873884,251,geometry_fsm
0.0,0.0,0.0,1.0,0.0,0.006950322072952986,135,True,s_shaped,0.8829899948406159,252,geometry_fsm
0.0,0.0,0.0,0.0,0.0,4.820000171661377,16,True,narrow_entry,0.42578683580451304,253,geometry_fsm
1.0,1.0,0.0,0.0,0.0,0.06373821198940277,112,True,l_shaped,0.7387025966839585,254,geometry_fsm
1.0,1.0,0.0,0.0,0.0,0.10082913935184479,82,True,narrow_entry,0.5997891499718648,255,geometry_fsm
0.0,0.0,0.0,0.0,0.0,0.12349991500377655,400,False,false_feasible,0.6816933078405769,256,geometry_fsm
0.0,0.0,0.0,0.0,0.0,4.820000171661377,59,True,l_shaped,0.64791406911621,257,geometry_fsm
1.0,1.0,0.0,0.0,0.0,0.0641535222530365,107,True,l_shaped,0.6962772785421936,258,geometry_fsm
1.0,1.0,0.0,0.0,0.0,0.06084655597805977,89,True,l_shaped,0.5988046486258587,259,geometry_fsm
0.0,0.0,0.0,0.0,0.0,4.820000171661377,20,True,narrow_entry,0.4238080820561928,260,geometry_fsm
1.0,1.0,0.0,0.0,0.0,0.07216644287109375,74,True,straight,0.7117772840814217,261,geometry_fsm
0.0,0.0,0.0,1.0,0.0,0.03104776330292225,400,True,narrow_exit,0.43292348562480826,262,geometry_fsm
0.0,0.0,0.0,1.0,0.0,0.017923656851053238,400,False,false_feasible,0.5875098945620526,263,geometry_fsm
1.0,1.0,0.0,0.0,0.0,0.0660298764705658,106,True,l_shaped,0.6647548094891085,264,geometry_fsm
1.0,1.0,0.0,1.0,0.0,0.048716455698013306,101,True,straight,0.6476303309426706,265,geometry_fsm
1.0,1.0,0.0,0.0,0.0,0.06692782044410706,92,True,asymmetric,0.7702676194137246,266,geometry_fsm
1.0,1.0,0.0,0.0,0.0,0.07359372824430466,133,True,s_shaped,0.6362686435745704,267,geometry_fsm
0.0,0.0,0.0,0.0,0.0,0.05783623456954956,400,False,false_feasible,0.5530129657539813,268,geometry_fsm
0.0,0.0,0.0,0.0,0.0,4.820000171661377,20,True,asymmetric,0.7262227151140552,269,geometry_fsm
0.0,0.0,0.0,0.0,0.0,4.820000171661377,16,True,narrow_entry,0.5050443619616078,270,geometry_fsm
1.0,1.0,0.0,0.0,0.0,0.07667922228574753,91,True,straight,0.5488108164909411,271,geometry_fsm
1.0,1.0,0.0,0.0,0.0,0.06697964668273926,119,True,l_shaped,0.8368025100385041,272,geometry_fsm
1.0,1.0,0.0,0.0,0.0,0.05805709585547447,119,True,l_shaped,0.7618169657636347,273,geometry_fsm
1.0,1.0,0.0,0.0,0.0,0.07090762257575989,109,True,straight,0.6638875280476219,274,geometry_fsm
1.0,1.0,0.0,1.0,0.0,0.014075489714741707,104,True,asymmetric,0.6840323605176697,275,geometry_fsm
0.0,0.0,0.0,1.0,0.0,0.00452884566038847,50,True,s_shaped,0.5137375355878072,276,geometry_fsm
0.0,0.0,0.0,1.0,0.0,0.027334170415997505,191,True,s_shaped,0.6848443956099852,277,geometry_fsm
1.0,1.0,0.0,0.0,0.0,0.06921771168708801,88,True,straight,0.5617324115483817,278,geometry_fsm
1.0,1.0,0.0,1.0,0.0,0.039636578410863876,97,True,l_shaped,0.6886985308213855,279,geometry_fsm
1.0,1.0,0.0,0.0,0.0,0.053665366023778915,134,True,straight,0.8022692545418904,280,geometry_fsm
0.0,0.0,0.0,0.0,0.0,4.820000171661377,60,True,narrow_entry,0.5617600052753791,281,geometry_fsm
0.0,0.0,0.0,0.0,0.0,4.820000171661377,33,True,s_shaped,0.5160344549434437,282,geometry_fsm
0.0,0.0,0.0,0.0,0.0,0.09080943465232849,90,True,s_shaped,0.8901205856045911,283,geometry_fsm
1.0,1.0,0.0,0.0,0.0,0.12306788563728333,107,True,straight,0.6406448042477723,284,geometry_fsm
1.0,1.0,0.0,0.0,0.0,0.08415712416172028,113,True,l_shaped,0.6770453578667718,285,geometry_fsm
0.0,0.0,0.0,1.0,0.0,0.04066712409257889,400,True,s_shaped,0.8894371798868155,286,geometry_fsm
1.0,1.0,0.0,0.0,0.0,0.09161447733640671,98,True,straight,0.7536657385826413,287,geometry_fsm
1.0,1.0,0.0,0.0,0.0,0.05838780850172043,93,True,narrow_entry,0.48503380179348293,288,geometry_fsm
1.0,1.0,0.0,0.0,0.0,0.07953500002622604,77,True,straight,0.6725701007885039,289,geometry_fsm
1.0,1.0,0.0,0.0,0.0,0.12842023372650146,113,True,straight,0.813124900959316,290,geometry_fsm
0.0,0.0,0.0,0.0,0.0,4.820000171661377,25,True,narrow_entry,0.4814768871962921,291,geometry_fsm
1.0,1.0,0.0,0.0,0.0,0.2343129962682724,84,True,straight,0.8674507811043997,292,geometry_fsm
1.0,1.0,0.0,1.0,0.0,0.011165314354002476,111,True,l_shaped,0.5732577758727204,293,geometry_fsm
1.0,1.0,0.0,1.0,0.0,0.04047447070479393,82,True,l_shaped,0.5975657475888168,294,geometry_fsm
0.0,0.0,0.0,0.0,0.0,0.13371732831001282,400,False,false_feasible,0.6829559639444835,295,geometry_fsm
0.0,0.0,0.0,0.0,0.0,4.820000171661377,16,True,narrow_entry,0.475522732049595,296,geometry_fsm
1.0,1.0,0.0,0.0,0.0,0.0825248584151268,98,True,narrow_exit,0.56386012589863,297,geometry_fsm
0.0,0.0,0.0,0.0,0.0,4.820000171661377,29,True,s_shaped,0.4691060787726442,298,geometry_fsm
0.0,0.0,0.0,1.0,0.0,0.011510939337313175,94,True,asymmetric,0.6416869341657822,299,geometry_fsm
1.0,1.0,0.0,1.0,0.0,0.005757676437497139,138,True,l_shaped,0.7046055987183408,300,geometry_fsm
0.0,0.0,0.0,1.0,0.0,0.00330388848669827,78,False,false_feasible,0.5855259814629107,301,geometry_fsm
1.0,1.0,0.0,0.0,0.0,0.1388554871082306,100,True,straight,0.7037380815620913,302,geometry_fsm
0.0,0.0,0.0,0.0,0.0,4.820000171661377,29,True,asymmetric,0.48038729148812404,303,geometry_fsm
1.0,1.0,0.0,1.0,0.0,0.012761172838509083,108,True,straight,0.5954696479642971,304,geometry_fsm
0.0,0.0,0.0,0.0,0.0,4.820000171661377,15,True,straight,0.4968681722112922,305,geometry_fsm
0.0,0.0,0.0,0.0,0.0,0.18771784007549286,109,True,s_shaped,0.8650609373457014,306,geometry_fsm
1.0,1.0,0.0,1.0,0.0,0.014204859733581543,186,True,s_shaped,0.6372727560302809,307,geometry_fsm
1.0,1.0,0.0,1.0,0.0,0.025918109342455864,123,True,narrow_exit,0.43692381639038946,308,geometry_fsm
1.0,1.0,0.0,0.0,0.0,0.05710736662149429,107,True,l_shaped,0.6157548738928549,309,geometry_fsm
1.0,1.0,0.0,1.0,0.0,0.03890782222151756,169,True,l_shaped,0.5386317941790119,310,geometry_fsm
1.0,1.0,0.0,0.0,0.0,0.05936059355735779,91,True,narrow_entry,0.5257535086600513,311,geometry_fsm
1.0,1.0,0.0,0.0,0.0,0.08709171414375305,126,True,s_shaped,0.7642432835408647,312,geometry_fsm
1.0,1.0,0.0,0.0,0.0,0.0864296704530716,138,True,s_shaped,0.7755441157697789,313,geometry_fsm
1.0,1.0,0.0,0.0,0.0,0.12254223972558975,80,True,straight,0.7002856335590052,314,geometry_fsm
1.0,1.0,0.0,0.0,0.0,0.05372360348701477,140,True,s_shaped,0.5346469026546081,315,geometry_fsm
1.0,1.0,0.0,0.0,0.0,0.05927927419543266,112,True,straight,0.5815401945434963,316,geometry_fsm
0.0,0.0,0.0,0.0,0.0,4.820000171661377,38,True,l_shaped,0.584606314874935,317,geometry_fsm
0.0,0.0,0.0,0.0,0.0,4.820000171661377,42,False,false_feasible,0.6679100476560947,318,geometry_fsm
1.0,1.0,0.0,0.0,0.0,0.11537525057792664,89,True,asymmetric,0.8977542377957146,319,geometry_fsm
1.0,1.0,0.0,1.0,0.0,0.017097515985369682,83,True,narrow_entry,0.5854642047991006,320,geometry_fsm
0.0,0.0,0.0,0.0,0.0,0.08641213178634644,400,False,false_feasible,0.5995294353530227,321,geometry_fsm
1.0,1.0,0.0,1.0,0.0,0.0466044656932354,128,True,s_shaped,0.7603928317998392,322,geometry_fsm
1.0,1.0,0.0,0.0,0.0,0.07484020292758942,108,True,narrow_entry,0.5502741522345308,323,geometry_fsm
1.0,1.0,0.0,0.0,0.0,0.2334343045949936,80,True,straight,0.8341335779160304,324,geometry_fsm
1.0,1.0,0.0,1.0,0.0,0.02569226361811161,78,True,narrow_entry,0.5101189513190285,325,geometry_fsm
1.0,1.0,0.0,0.0,0.0,0.053039953112602234,100,True,asymmetric,0.7493462845218546,326,geometry_fsm
0.0,0.0,0.0,0.0,0.0,4.820000171661377,32,True,l_shaped,0.5874662755670266,327,geometry_fsm
1.0,1.0,0.0,0.0,0.0,0.13950499892234802,105,True,straight,0.7622367003940507,328,geometry_fsm
0.0,0.0,0.0,0.0,0.0,4.820000171661377,13,True,straight,0.4712626524854183,329,geometry_fsm
1.0,1.0,0.0,0.0,0.0,0.06865338981151581,85,True,narrow_entry,0.52658390848266,330,geometry_fsm
0.0,0.0,0.0,0.0,0.0,4.820000171661377,41,True,l_shaped,0.5352710747342472,331,geometry_fsm
1.0,1.0,0.0,0.0,0.0,0.07403261214494705,83,True,asymmetric,0.8125977142540357,332,geometry_fsm
0.0,0.0,0.0,0.0,0.0,0.10046052187681198,400,False,false_feasible,0.6843593933384942,333,geometry_fsm
0.0,0.0,0.0,0.0,0.0,4.820000171661377,35,True,straight,0.5390913358876082,334,geometry_fsm
1.0,1.0,0.0,1.0,0.0,0.04888983815908432,102,True,narrow_entry,0.5445324710314174,335,geometry_fsm
1.0,1.0,0.0,1.0,0.0,0.04790859296917915,159,True,l_shaped,0.7637731478234682,336,geometry_fsm
0.0,0.0,0.0,0.0,0.0,0.07151646912097931,400,False,false_feasible,0.6006013198759406,337,geometry_fsm
1.0,1.0,0.0,0.0,0.0,0.06391730159521103,105,True,narrow_exit,0.5354784966013542,338,geometry_fsm
0.0,0.0,0.0,0.0,0.0,4.820000171661377,31,True,straight,0.5729204433264841,339,geometry_fsm
1.0,1.0,0.0,0.0,0.0,0.12802186608314514,80,True,straight,0.716523727699982,340,geometry_fsm
1.0,1.0,0.0,0.0,0.0,0.061382655054330826,105,True,narrow_exit,0.5003250038090357,341,geometry_fsm
0.0,0.0,0.0,1.0,0.0,0.0008768936386331916,31,True,straight,0.5143533305968733,342,geometry_fsm
0.0,0.0,0.0,1.0,0.0,0.0006234336760826409,88,True,s_shaped,0.555678073466654,343,geometry_fsm
1.0,1.0,0.0,0.0,0.0,0.09543248265981674,128,True,straight,0.7238968886820527,344,geometry_fsm
0.0,0.0,0.0,1.0,0.0,0.019334271550178528,400,False,false_feasible,0.6805353618022505,345,geometry_fsm
0.0,0.0,0.0,0.0,0.0,0.06813327968120575,400,False,false_feasible,0.619299535052635,346,geometry_fsm
0.0,0.0,0.0,0.0,0.0,4.820000171661377,18,True,s_shaped,0.5037517961679152,347,geometry_fsm
1.0,1.0,0.0,1.0,0.0,0.013711308129131794,114,True,l_shaped,0.5234430081230041,348,geometry_fsm
0.0,0.0,0.0,0.0,0.0,0.09150580316781998,400,False,false_feasible,0.7572718958339757,349,geometry_fsm
0.0,0.0,0.0,1.0,0.0,2.3065618734108284e-05,80,True,narrow_exit,0.42223149850484326,350,geometry_fsm
1.0,1.0,0.0,0.0,0.0,0.1170441135764122,112,True,l_shaped,0.6873951935237322,351,geometry_fsm
1.0,1.0,0.0,0.0,0.0,0.09916596859693527,117,True,s_shaped,0.6746761156383666,352,geometry_fsm
0.0,0.0,0.0,1.0,0.0,0.001623951131477952,47,True,s_shaped,0.4639476548165105,353,geometry_fsm
0.0,0.0,0.0,0.0,0.0,4.820000171661377,43,True,straight,0.4949783350985309,354,geometry_fsm
1.0,1.0,0.0,0.0,0.0,0.05557752773165703,103,True,narrow_exit,0.5181368822200751,355,geometry_fsm
0.0,0.0,0.0,0.0,0.0,0.1597895473241806,400,False,false_feasible,0.7590499377394438,356,geometry_fsm
1.0,1.0,0.0,0.0,0.0,0.07948271930217743,133,True,s_shaped,0.6310668974274827,357,geometry_fsm
1.0,1.0,0.0,1.0,0.0,0.018792053684592247,123,True,straight,0.633085127725872,358,geometry_fsm
0.0,0.0,0.0,1.0,0.0,0.02610744535923004,400,True,narrow_exit,0.4256846395247397,359,geometry_fsm
1.0,1.0,0.0,0.0,0.0,0.0738677978515625,117,True,l_shaped,0.8489905011575196,360,geometry_fsm
1.0,1.0,0.0,0.0,0.0,0.20151494443416595,107,True,straight,0.8373987758344472,361,geometry_fsm
0.0,0.0,0.0,0.0,0.0,0.15060022473335266,400,False,false_feasible,0.7829560726988289,362,geometry_fsm
1.0,1.0,0.0,1.0,0.0,0.03930768743157387,119,True,straight,0.6734542037162343,363,geometry_fsm
1.0,1.0,0.0,0.0,0.0,0.10874295234680176,109,True,s_shaped,0.6589807318427364,364,geometry_fsm
0.0,0.0,0.0,0.0,0.0,0.07789534330368042,400,True,asymmetric,0.5809726586027926,365,geometry_fsm
1.0,1.0,0.0,1.0,0.0,0.046962544322013855,181,True,s_shaped,0.8162620576693067,366,geometry_fsm
1.0,1.0,0.0,0.0,0.0,0.06788869947195053,172,True,l_shaped,0.8283132767401924,367,geometry_fsm
0.0,0.0,0.0,0.0,0.0,4.820000171661377,21,True,asymmetric,0.48155149441988276,368,geometry_fsm
1.0,1.0,0.0,1.0,0.0,0.028252609074115753,124,True,narrow_exit,0.5672103557924545,369,geometry_fsm
1.0,1.0,0.0,0.0,0.0,0.06075490266084671,89,True,straight,0.7122071077788414,370,geometry_fsm
1.0,1.0,0.0,0.0,0.0,0.10425522178411484,88,True,narrow_exit,0.5907563642249145,371,geometry_fsm
1.0,1.0,0.0,0.0,0.0,0.16232042014598846,80,True,straight,0.8188461987908233,372,geometry_fsm
1.0,1.0,0.0,0.0,0.0,0.0679577887058258,100,True,narrow_exit,0.5662134503646514,373,geometry_fsm
1.0,1.0,0.0,0.0,0.0,0.1634136587381363,110,True,straight,0.7392616939501118,374,geometry_fsm
1.0,1.0,0.0,0.0,0.0,0.1789223700761795,82,True,straight,0.8372535998731345,375,geometry_fsm
1.0,1.0,0.0,0.0,0.0,0.12761768698692322,91,True,straight,0.7004187407298574,376,geometry_fsm
0.0,0.0,0.0,0.0,0.0,4.820000171661377,18,True,s_shaped,0.5255720912694887,377,geometry_fsm
1.0,1.0,0.0,1.0,0.0,0.047267477959394455,102,True,l_shaped,0.6997690282736465,378,geometry_fsm
0.0,0.0,0.0,0.0,0.0,4.820000171661377,17,True,narrow_entry,0.43675967955453554,379,geometry_fsm
1.0,1.0,0.0,0.0,0.0,0.06596331298351288,91,True,l_shaped,0.5339979466629434,380,geometry_fsm
1.0,1.0,0.0,0.0,0.0,0.17177549004554749,103,True,straight,0.8469349692471471,381,geometry_fsm
1.0,1.0,0.0,0.0,0.0,0.09154132008552551,86,True,narrow_exit,0.5854397396219889,382,geometry_fsm
1.0,1.0,0.0,1.0,0.0,0.035663556307554245,165,True,s_shaped,0.7539050118042848,383,geometry_fsm
0.0,0.0,0.0,1.0,0.0,0.0003156866005156189,38,True,narrow_entry,0.5367474224646778,384,geometry_fsm
1.0,1.0,0.0,0.0,0.0,0.0699019506573677,99,True,narrow_exit,0.5445393166870626,385,geometry_fsm
0.0,0.0,0.0,0.0,0.0,4.820000171661377,14,True,asymmetric,0.48381273356948834,386,geometry_fsm
1.0,1.0,0.0,0.0,0.0,0.07245352864265442,73,True,narrow_exit,0.5086433250600779,387,geometry_fsm
1.0,1.0,0.0,0.0,0.0,0.06427434086799622,90,True,l_shaped,0.7789634429167849,388,geometry_fsm
0.0,0.0,0.0,0.0,0.0,4.820000171661377,20,True,straight,0.46273153753715157,389,geometry_fsm
1.0,1.0,0.0,1.0,0.0,0.03757021203637123,158,True,s_shaped,0.8654906530396146,390,geometry_fsm
1.0,1.0,0.0,1.0,0.0,0.01875610090792179,144,True,s_shaped,0.5489970476972676,391,geometry_fsm
1.0,1.0,0.0,1.0,0.0,0.03653992339968681,88,True,narrow_exit,0.46868461428884617,392,geometry_fsm
1.0,1.0,0.0,1.0,0.0,0.04140473157167435,110,True,s_shaped,0.5604103192201321,393,geometry_fsm
0.0,0.0,0.0,1.0,0.0,0.03878505155444145,400,True,l_shaped,0.6440932266821061,394,geometry_fsm
1.0,1.0,0.0,1.0,0.0,0.038122497498989105,142,True,s_shaped,0.7865053754159992,395,geometry_fsm
1.0,1.0,0.0,1.0,0.0,0.02020380087196827,116,True,straight,0.634698663099951,396,geometry_fsm
1.0,1.0,0.0,1.0,0.0,0.03220127895474434,78,True,narrow_exit,0.46491867166896966,397,geometry_fsm
0.0,0.0,0.0,1.0,0.0,0.0038154986687004566,53,True,s_shaped,0.4504454972668738,398,geometry_fsm
1.0,1.0,0.0,0.0,0.0,0.17842845618724823,79,True,straight,0.873615105571611,399,geometry_fsm
0.0,0.0,0.0,0.0,0.0,0.12967777252197266,400,False,false_feasible,0.7025724879259627,400,geometry_fsm
1.0,1.0,0.0,0.0,0.0,0.13439519703388214,117,True,l_shaped,0.8690594978157582,401,geometry_fsm
1.0,1.0,0.0,0.0,0.0,0.14665402472019196,112,True,straight,0.8652889633163358,402,geometry_fsm
1.0,1.0,0.0,1.0,0.0,0.0407428964972496,203,True,s_shaped,0.7530811716263597,403,geometry_fsm
0.0,0.0,0.0,0.0,0.0,0.07022250443696976,400,False,false_feasible,0.590261420704985,404,geometry_fsm
1.0,1.0,0.0,0.0,0.0,0.05874714255332947,106,True,narrow_exit,0.5213643978453197,405,geometry_fsm
1.0,1.0,0.0,0.0,0.0,0.05436650291085243,71,True,straight,0.560082209741563,406,geometry_fsm
0.0,0.0,0.0,0.0,0.0,4.820000171661377,30,True,asymmetric,0.5258901968122404,407,geometry_fsm
0.0,0.0,0.0,0.0,0.0,4.820000171661377,53,True,straight,0.7995099043571807,408,geometry_fsm
1.0,1.0,0.0,0.0,0.0,0.051648858934640884,88,True,l_shaped,0.5206614738003867,409,geometry_fsm
1.0,1.0,0.0,1.0,0.0,0.03997731953859329,96,True,straight,0.7164804345775513,410,geometry_fsm
1.0,1.0,0.0,0.0,0.0,0.05213107541203499,100,True,l_shaped,0.7082303859110689,411,geometry_fsm
1.0,1.0,0.0,1.0,0.0,0.00985436886548996,213,True,s_shaped,0.818787587347954,412,geometry_fsm
1.0,1.0,0.0,0.0,0.0,0.17360562086105347,74,True,straight,0.7228127787525637,413,geometry_fsm
0.0,0.0,0.0,1.0,0.0,0.006446151994168758,109,True,s_shaped,0.5221521562242907,414,geometry_fsm
1.0,1.0,0.0,1.0,0.0,0.04601535573601723,152,True,s_shaped,0.7448012511411441,415,geometry_fsm
1.0,1.0,0.0,1.0,0.0,0.0263901948928833,77,True,narrow_entry,0.5593952102007809,416,geometry_fsm
1.0,1.0,0.0,0.0,0.0,0.10908471047878265,101,True,asymmetric,0.7929328594635792,417,geometry_fsm
1.0,1.0,0.0,0.0,0.0,0.07828792184591293,110,True,l_shaped,0.6269625604803,418,geometry_fsm
1.0,1.0,0.0,0.0,0.0,0.05628524720668793,134,True,l_shaped,0.8368561355588942,419,geometry_fsm
1.0,1.0,0.0,0.0,0.0,0.05623624101281166,133,True,l_shaped,0.8934140529757,420,geometry_fsm
1.0,1.0,0.0,0.0,0.0,0.13111841678619385,117,True,l_shaped,0.8659261726555774,421,geometry_fsm
1.0,1.0,0.0,0.0,0.0,0.08335595577955246,83,True,narrow_exit,0.5795804244599301,422,geometry_fsm
0.0,0.0,0.0,1.0,0.0,0.0302549097687006,97,True,s_shaped,0.7278061949665587,423,geometry_fsm
0.0,0.0,0.0,1.0,0.0,0.0016409250674769282,92,True,asymmetric,0.6182648281319505,424,geometry_fsm
0.0,0.0,0.0,0.0,0.0,0.14656534790992737,400,False,false_feasible,0.7308898385229509,425,geometry_fsm
0.0,0.0,0.0,0.0,0.0,4.820000171661377,24,True,l_shaped,0.5012582646685599,426,geometry_fsm
1.0,1.0,0.0,0.0,0.0,0.06526011973619461,143,True,s_shaped,0.6960660571082298,427,geometry_fsm
0.0,0.0,0.0,0.0,0.0,4.820000171661377,17,True,straight,0.4876029144668152,428,geometry_fsm
0.0,0.0,0.0,0.0,0.0,0.11024413257837296,400,False,false_feasible,0.7898448180788078,429,geometry_fsm
0.0,0.0,0.0,0.0,0.0,0.10925795882940292,400,False,false_feasible,0.6137966280733855,430,geometry_fsm
1.0,1.0,0.0,1.0,0.0,0.02832074649631977,96,True,l_shaped,0.5727761895044058,431,geometry_fsm
1.0,1.0,0.0,0.0,0.0,0.1174236312508583,79,True,straight,0.6937823572484527,432,geometry_fsm
0.0,0.0,0.0,0.0,0.0,0.18745535612106323,97,True,s_shaped,0.8554973909178045,433,geometry_fsm
0.0,0.0,0.0,0.0,0.0,4.820000171661377,29,True,narrow_entry,0.47460077388279576,434,geometry_fsm
1.0,1.0,0.0,0.0,0.0,0.0754343718290329,73,True,narrow_entry,0.5745182073131728,435,geometry_fsm
1.0,1.0,0.0,1.0,0.0,0.013165835291147232,78,True,straight,0.5992871906066504,436,geometry_fsm
1.0,1.0,0.0,1.0,0.0,0.027275463566184044,126,True,l_shaped,0.8920038138631132,437,geometry_fsm
1.0,1.0,0.0,0.0,0.0,0.06433826684951782,74,True,straight,0.5348520353855511,438,geometry_fsm
1.0,1.0,0.0,0.0,0.0,0.09060285985469818,72,True,narrow_exit,0.5420420797509233,439,geometry_fsm
1.0,1.0,0.0,0.0,0.0,0.10425917059183121,114,True,s_shaped,0.8716567503943187,440,geometry_fsm
0.0,0.0,0.0,0.0,0.0,4.820000171661377,23,True,asymmetric,0.514484477663621,441,geometry_fsm
1.0,1.0,0.0,1.0,0.0,0.04535336047410965,96,True,l_shaped,0.6997546106729574,442,geometry_fsm
0.0,0.0,0.0,0.0,0.0,0.1285899579524994,400,False,false_feasible,0.7820596620280413,443,geometry_fsm
0.0,0.0,0.0,0.0,0.0,4.820000171661377,23,True,narrow_entry,0.5262383893820324,444,geometry_fsm
1.0,1.0,0.0,0.0,0.0,0.07365711778402328,120,True,l_shaped,0.5734104908481463,445,geometry_fsm
1.0,1.0,0.0,0.0,0.0,0.0540723018348217,88,True,narrow_exit,0.5070320953806626,446,geometry_fsm
0.0,0.0,0.0,0.0,0.0,4.820000171661377,18,True,straight,0.5096458414236432,447,geometry_fsm
1.0,1.0,0.0,0.0,0.0,0.09835891425609589,133,True,l_shaped,0.8542127003301647,448,geometry_fsm
1.0,1.0,0.0,0.0,0.0,0.07655061781406403,128,True,l_shaped,0.8108580750708367,449,geometry_fsm
0.0,0.0,0.0,0.0,0.0,4.820000171661377,22,True,s_shaped,0.4667896315813174,450,geometry_fsm
1.0,1.0,0.0,1.0,0.0,0.03578898310661316,83,True,narrow_exit,0.48096521401573505,451,geometry_fsm
1.0,1.0,0.0,0.0,0.0,0.16471996903419495,100,True,straight,0.8818565486283572,452,geometry_fsm
0.0,0.0,0.0,0.0,0.0,4.820000171661377,17,True,narrow_entry,0.5070243572425855,453,geometry_fsm
0.0,0.0,0.0,0.0,0.0,4.820000171661377,24,True,l_shaped,0.4924034390007451,454,geometry_fsm
1.0,1.0,0.0,0.0,0.0,0.08874207735061646,131,True,s_shaped,0.6087351923362321,455,geometry_fsm
1.0,1.0,0.0,1.0,0.0,0.03773641586303711,166,True,s_shaped,0.6656501758000399,456,geometry_fsm
1.0,1.0,0.0,1.0,0.0,0.02673187106847763,72,True,straight,0.47784846466150943,457,geometry_fsm
0.0,0.0,0.0,0.0,0.0,4.820000171661377,33,False,false_feasible,0.68651351668702,458,geometry_fsm
0.0,0.0,0.0,0.0,0.0,4.820000171661377,19,True,l_shaped,0.4556095469270469,459,geometry_fsm
0.0,0.0,0.0,0.0,0.0,4.820000171661377,53,True,s_shaped,0.8319474382772145,460,geometry_fsm
1.0,1.0,0.0,0.0,0.0,0.05401793122291565,117,True,l_shaped,0.6081073574801689,461,geometry_fsm
0.0,0.0,0.0,1.0,0.0,0.0039617279544472694,52,True,asymmetric,0.5209206809798153,462,geometry_fsm
0.0,0.0,0.0,0.0,0.0,4.820000171661377,22,True,l_shaped,0.46479045161991106,463,geometry_fsm
1.0,1.0,0.0,0.0,0.0,0.06811340898275375,99,True,narrow_exit,0.5400531894414131,464,geometry_fsm
1.0,1.0,0.0,1.0,0.0,0.04842139407992363,118,True,l_shaped,0.5986430485989414,465,geometry_fsm
1.0,1.0,0.0,0.0,0.0,0.17069700360298157,79,True,straight,0.8348237759178962,466,geometry_fsm
1.0,1.0,0.0,0.0,0.0,0.16742289066314697,93,True,straight,0.8619286216903344,467,geometry_fsm
1.0,1.0,0.0,0.0,0.0,0.1498144268989563,95,True,asymmetric,0.8650753082980338,468,geometry_fsm
0.0,0.0,0.0,1.0,0.0,0.005968268029391766,297,True,l_shaped,0.5122291506723482,469,geometry_fsm
1.0,1.0,0.0,1.0,0.0,0.044279806315898895,98,True,straight,0.49957652029775995,470,geometry_fsm
0.0,0.0,0.0,0.0,0.0,0.07292590290307999,218,True,asymmetric,0.6855407315302016,471,geometry_fsm
1.0,1.0,0.0,0.0,0.0,0.14863261580467224,75,True,straight,0.7464807668130418,472,geometry_fsm
0.0,0.0,0.0,0.0,0.0,4.820000171661377,27,True,l_shaped,0.5544362073014045,473,geometry_fsm
1.0,1.0,0.0,0.0,0.0,0.10518977791070938,109,True,l_shaped,0.7465518296866449,474,geometry_fsm
0.0,0.0,0.0,0.0,0.0,0.13637438416481018,400,False,false_feasible,0.6906320301889947,475,geometry_fsm
0.0,0.0,0.0,0.0,0.0,4.820000171661377,27,True,l_shaped,0.45318840937647664,476,geometry_fsm
0.0,0.0,0.0,1.0,0.0,0.044737499207258224,400,True,asymmetric,0.6015018634188176,477,geometry_fsm
1.0,1.0,0.0,1.0,0.0,0.02704877033829689,113,True,straight,0.46579084466526366,478,geometry_fsm
0.0,0.0,0.0,0.0,0.0,0.15966558456420898,400,False,false_feasible,0.7479618224477685,479,geometry_fsm
1.0,1.0,0.0,0.0,0.0,0.10425311326980591,88,True,narrow_exit,0.5940175134555659,480,geometry_fsm
1.0,1.0,0.0,0.0,0.0,0.08916668593883514,109,True,narrow_exit,0.5836291835636911,481,geometry_fsm
0.0,0.0,0.0,0.0,0.0,0.12236492335796356,73,True,asymmetric,0.7033420089298698,482,geometry_fsm
1.0,1.0,0.0,0.0,0.0,0.06262869387865067,76,True,narrow_exit,0.5298044115200842,483,geometry_fsm
1.0,1.0,0.0,0.0,0.0,0.06999199092388153,143,True,l_shaped,0.8343911280127465,484,geometry_fsm
1.0,1.0,0.0,0.0,0.0,0.061567630618810654,88,True,narrow_exit,0.5426470890897435,485,geometry_fsm
0.0,0.0,0.0,0.0,0.0,0.09573184698820114,400,False,false_feasible,0.7388428853063269,486,geometry_fsm
1.0,1.0,0.0,1.0,0.0,0.046714022755622864,93,True,straight,0.6214231566218853,487,geometry_fsm
1.0,1.0,0.0,0.0,0.0,0.21966305375099182,93,True,straight,0.8269277817849692,488,geometry_fsm
1.0,1.0,0.0,1.0,0.0,0.042772866785526276,214,True,s_shaped,0.5239704266659997,489,geometry_fsm
1.0,1.0,0.0,0.0,0.0,0.059273045510053635,111,True,asymmetric,0.6948441411670399,490,geometry_fsm
1.0,1.0,0.0,0.0,0.0,0.08433850109577179,121,True,straight,0.8333842660207158,491,geometry_fsm
1.0,1.0,0.0,0.0,0.0,0.07496736943721771,149,True,s_shaped,0.5816104671629537,492,geometry_fsm
1.0,1.0,0.0,0.0,0.0,0.11796113848686218,128,True,s_shaped,0.8570278576887512,493,geometry_fsm
1.0,1.0,0.0,0.0,0.0,0.08659454435110092,98,True,l_shaped,0.7928766803538789,494,geometry_fsm
0.0,0.0,0.0,1.0,0.0,0.0027007919270545244,70,True,asymmetric,0.5655041514639754,495,geometry_fsm
0.0,0.0,0.0,0.0,0.0,0.06458425521850586,400,False,false_feasible,0.6476116275992401,496,geometry_fsm
0.0,0.0,0.0,0.0,0.0,4.820000171661377,17,True,straight,0.4699787836097656,497,geometry_fsm
0.0,0.0,0.0,0.0,0.0,0.1051725223660469,400,False,false_feasible,0.6217088886700382,498,geometry_fsm
1.0,1.0,0.0,0.0,0.0,0.05344593897461891,105,True,l_shaped,0.5395305202169378,499,geometry_fsm
1.0,1.0,0.0,0.0,0.0,0.08394130319356918,98,True,narrow_exit,0.5710582648519854,0,geometry_fsm
1.0,1.0,0.0,0.0,0.0,0.07470808923244476,121,True,s_shaped,0.652964124150499,1,geometry_fsm
1.0,1.0,0.0,0.0,0.0,0.05046549066901207,124,True,l_shaped,0.8782893074086265,2,geometry_fsm
0.0,0.0,0.0,1.0,0.0,0.03495952486991882,400,False,false_feasible,0.5584411635789241,3,geometry_fsm
1.0,1.0,0.0,0.0,0.0,0.07049505412578583,96,True,straight,0.6529366706973919,4,geometry_fsm
1.0,1.0,0.0,1.0,0.0,0.04114926978945732,142,True,s_shaped,0.5867842997575747,5,geometry_fsm
0.0,0.0,0.0,0.0,0.0,4.820000171661377,23,True,straight,0.6926057179448905,6,geometry_fsm
1.0,1.0,0.0,0.0,0.0,0.06064198911190033,104,True,l_shaped,0.641024637069327,7,geometry_fsm
1.0,1.0,0.0,0.0,0.0,0.07904847711324692,104,True,narrow_exit,0.5751481317269822,8,geometry_fsm
1.0,1.0,0.0,0.0,0.0,0.0834144577383995,109,True,narrow_exit,0.5690000981515544,9,geometry_fsm
1.0,1.0,0.0,1.0,0.0,0.004242562688887119,101,True,asymmetric,0.7533340169878787,10,geometry_fsm
1.0,1.0,0.0,0.0,0.0,0.11556428670883179,137,True,s_shaped,0.8467784545259844,11,geometry_fsm
1.0,1.0,0.0,0.0,0.0,0.12292110919952393,106,True,l_shaped,0.8671206311626448,12,geometry_fsm
1.0,1.0,0.0,0.0,0.0,0.0800916850566864,84,True,narrow_exit,0.5554771878876439,13,geometry_fsm
0.0,0.0,0.0,0.0,0.0,4.820000171661377,16,True,narrow_entry,0.45931545897200626,14,geometry_fsm
1.0,1.0,0.0,1.0,0.0,0.03788844496011734,157,True,s_shaped,0.7381262984950419,15,geometry_fsm
1.0,1.0,0.0,0.0,0.0,0.07171288132667542,121,True,narrow_exit,0.5556210466872824,16,geometry_fsm
1.0,1.0,0.0,0.0,0.0,0.0976557582616806,134,True,s_shaped,0.8714888457119387,17,geometry_fsm
0.0,0.0,0.0,0.0,0.0,4.820000171661377,56,True,straight,0.8316619965403942,18,geometry_fsm
1.0,1.0,0.0,0.0,0.0,0.08924589306116104,96,True,narrow_exit,0.5927660787447737,19,geometry_fsm
1.0,1.0,0.0,0.0,0.0,0.15081703662872314,105,True,straight,0.729399313589992,20,geometry_fsm
1.0,1.0,0.0,0.0,0.0,0.06937917321920395,109,True,narrow_exit,0.5449125023696004,21,geometry_fsm
0.0,0.0,0.0,0.0,0.0,0.08528002351522446,400,False,false_feasible,0.6104446834029358,22,geometry_fsm
0.0,0.0,0.0,1.0,0.0,0.010678005404770374,188,True,l_shaped,0.48670818841748326,23,geometry_fsm
1.0,1.0,0.0,1.0,0.0,0.044191960245370865,105,True,narrow_exit,0.49187134863125465,24,geometry_fsm
0.0,0.0,0.0,0.0,0.0,4.820000171661377,29,True,straight,0.516385663462141,25,geometry_fsm
1.0,1.0,0.0,0.0,0.0,0.08049335330724716,116,True,narrow_exit,0.5718317652961328,26,geometry_fsm
1.0,1.0,0.0,1.0,0.0,0.0024602001067250967,101,True,asymmetric,0.7348949872842581,27,geometry_fsm
1.0,1.0,0.0,0.0,0.0,0.06069931015372276,73,True,narrow_exit,0.5097848613170441,28,geometry_fsm
1.0,1.0,0.0,0.0,0.0,0.09224437177181244,98,True,straight,0.7366282068970579,29,geometry_fsm
1.0,1.0,0.0,0.0,0.0,0.14115801453590393,102,True,straight,0.818719622944998,30,geometry_fsm
1.0,1.0,0.0,0.0,0.0,0.19505304098129272,87,True,straight,0.8322641436824147,31,geometry_fsm
1.0,1.0,0.0,0.0,0.0,0.06478265672922134,104,True,l_shaped,0.8597137903906623,32,geometry_fsm
1.0,1.0,0.0,0.0,0.0,0.05444664880633354,111,True,narrow_exit,0.5162802672027167,33,geometry_fsm
0.0,0.0,0.0,0.0,0.0,4.820000171661377,18,True,l_shaped,0.4650086943738273,34,geometry_fsm
1.0,1.0,0.0,1.0,0.0,0.010309687815606594,136,True,s_shaped,0.6782832551113062,35,geometry_fsm
1.0,1.0,0.0,1.0,0.0,0.03303956240415573,111,True,narrow_exit,0.4521767951821585,36,geometry_fsm
1.0,1.0,0.0,0.0,0.0,0.0739709734916687,135,True,s_shaped,0.7220525353364851,37,geometry_fsm
1.0,1.0,0.0,0.0,0.0,0.12075373530387878,83,True,straight,0.6385777111886426,38,geometry_fsm
1.0,1.0,0.0,1.0,0.0,0.001792477210983634,124,True,narrow_entry,0.5635085739972248,39,geometry_fsm
0.0,0.0,0.0,0.0,0.0,4.820000171661377,16,True,asymmetric,0.5311685029450932,40,geometry_fsm
0.0,0.0,0.0,1.0,0.0,0.027178704738616943,400,True,s_shaped,0.8516901939820171,41,geometry_fsm
0.0,0.0,0.0,1.0,0.0,0.04249245673418045,70,True,asymmetric,0.6379951679448432,42,geometry_fsm
0.0,0.0,0.0,1.0,0.0,0.002100707497447729,400,True,l_shaped,0.47392200267452866,43,geometry_fsm
0.0,0.0,0.0,0.0,0.0,0.10115575045347214,400,False,false_feasible,0.6104048413884494,44,geometry_fsm
1.0,1.0,0.0,0.0,0.0,0.11194299161434174,113,True,s_shaped,0.7325260179829371,45,geometry_fsm
1.0,1.0,0.0,0.0,0.0,0.14080238342285156,95,True,straight,0.6756472425317169,46,geometry_fsm
0.0,0.0,0.0,0.0,0.0,4.820000171661377,22,True,l_shaped,0.4509992236788563,47,geometry_fsm
1.0,1.0,0.0,0.0,0.0,0.16158267855644226,98,True,straight,0.7157059602318465,48,geometry_fsm
1.0,1.0,0.0,1.0,0.0,0.03837992250919342,106,True,narrow_entry,0.45220143627404796,49,geometry_fsm
0.0,0.0,0.0,1.0,0.0,0.014172306284308434,103,True,l_shaped,0.5354481305345156,50,geometry_fsm
1.0,1.0,0.0,1.0,0.0,0.049561284482479095,85,True,narrow_exit,0.5236854286569477,51,geometry_fsm
0.0,0.0,0.0,1.0,0.0,0.008429521694779396,400,True,asymmetric,0.5322353577368969,52,geometry_fsm
0.0,0.0,0.0,1.0,0.0,0.03548647463321686,103,True,asymmetric,0.7083590484183258,53,geometry_fsm
1.0,1.0,0.0,1.0,0.0,0.020151372998952866,115,True,l_shaped,0.5869143392133543,54,geometry_fsm
0.0,0.0,0.0,1.0,0.0,0.01961340755224228,400,True,asymmetric,0.6340425908890464,55,geometry_fsm
0.0,0.0,0.0,0.0,0.0,0.11194049566984177,400,False,false_feasible,0.6538698884451754,56,geometry_fsm
1.0,1.0,0.0,0.0,0.0,0.06474220007658005,76,True,straight,0.6077660216430197,57,geometry_fsm
1.0,1.0,0.0,1.0,0.0,0.026220012456178665,112,True,l_shaped,0.5851490572837779,58,geometry_fsm
0.0,0.0,0.0,1.0,0.0,0.016795117408037186,400,False,false_feasible,0.6761837521697324,59,geometry_fsm
0.0,0.0,0.0,0.0,0.0,4.820000171661377,23,True,narrow_entry,0.4659306773122229,60,geometry_fsm
0.0,0.0,0.0,0.0,0.0,4.820000171661377,28,True,s_shaped,0.4892146942516627,61,geometry_fsm
1.0,1.0,0.0,1.0,0.0,0.034017182886600494,95,True,l_shaped,0.5589604652238328,62,geometry_fsm
1.0,1.0,0.0,0.0,0.0,0.07288230210542679,73,True,narrow_entry,0.5374282044417746,63,geometry_fsm
1.0,1.0,0.0,0.0,0.0,0.052762966603040695,76,True,narrow_exit,0.5090412185719464,64,geometry_fsm
0.0,0.0,0.0,0.0,0.0,4.820000171661377,22,True,asymmetric,0.47947870261541314,65,geometry_fsm
0.0,0.0,0.0,1.0,0.0,0.0016680710250511765,52,True,s_shaped,0.5838076732695612,66,geometry_fsm
1.0,1.0,0.0,0.0,0.0,0.07539333403110504,122,True,s_shaped,0.6835599996055097,67,geometry_fsm
1.0,1.0,0.0,0.0,0.0,0.11560370028018951,79,True,straight,0.7494698439736149,68,geometry_fsm
1.0,1.0,0.0,0.0,0.0,0.08660376071929932,132,True,s_shaped,0.8222998758555602,69,geometry_fsm
1.0,1.0,0.0,0.0,0.0,0.09284866601228714,104,True,narrow_exit,0.5992048790728135,70,geometry_fsm
0.0,0.0,0.0,0.0,0.0,4.820000171661377,16,True,narrow_entry,0.4532113017645904,71,geometry_fsm
0.0,0.0,0.0,0.0,0.0,4.820000171661377,19,True,l_shaped,0.5073243119818767,72,geometry_fsm
1.0,1.0,0.0,0.0,0.0,0.09029775112867355,111,True,narrow_exit,0.5941287592096245,73,geometry_fsm
1.0,1.0,0.0,0.0,0.0,0.09448965638875961,96,True,l_shaped,0.8053937013182472,74,geometry_fsm
1.0,1.0,0.0,1.0,0.0,0.018123826012015343,113,True,asymmetric,0.7609754890300231,75,geometry_fsm
1.0,1.0,0.0,1.0,0.0,0.03617998585104942,128,True,s_shaped,0.6973681875388464,76,geometry_fsm
0.0,0.0,0.0,1.0,0.0,0.002154780086129904,69,True,asymmetric,0.5953807639852614,77,geometry_fsm
0.0,0.0,0.0,0.0,0.0,4.820000171661377,17,True,asymmetric,0.4897928574693353,78,geometry_fsm
1.0,1.0,0.0,0.0,0.0,0.052001625299453735,181,True,s_shaped,0.8813317714985575,79,geometry_fsm
0.0,0.0,0.0,1.0,0.0,1.5909037756500766e-05,81,True,narrow_exit,0.4384300763093547,80,geometry_fsm
1.0,1.0,0.0,0.0,0.0,0.06739851087331772,104,True,l_shaped,0.6713262082395234,81,geometry_fsm
1.0,1.0,0.0,0.0,0.0,0.06919898092746735,93,True,l_shaped,0.6437512021987551,82,geometry_fsm
1.0,1.0,0.0,0.0,0.0,0.06746537983417511,113,True,l_shaped,0.800488748846451,83,geometry_fsm
0.0,0.0,0.0,1.0,0.0,0.004553365055471659,44,True,narrow_entry,0.5484743317708323,84,geometry_fsm
1.0,1.0,0.0,0.0,0.0,0.05166815593838692,124,True,s_shaped,0.7450297880618376,85,geometry_fsm
1.0,1.0,0.0,1.0,0.0,0.04131713882088661,75,True,narrow_entry,0.5975087551480068,86,geometry_fsm
1.0,1.0,0.0,1.0,0.0,0.03615138307213783,98,True,narrow_exit,0.4764226865040219,87,geometry_fsm
1.0,1.0,0.0,0.0,0.0,0.16019123792648315,88,True,straight,0.8555298091487255,88,geometry_fsm
0.0,0.0,0.0,0.0,0.0,4.820000171661377,24,True,straight,0.6275764418333523,89,geometry_fsm
0.0,0.0,0.0,0.0,0.0,0.09466848522424698,400,False,false_feasible,0.7395454622582365,90,geometry_fsm
1.0,1.0,0.0,0.0,0.0,0.058669883757829666,101,True,straight,0.5040516238782498,91,geometry_fsm
1.0,1.0,0.0,0.0,0.0,0.05196308717131615,119,True,l_shaped,0.6405268539004191,92,geometry_fsm
1.0,1.0,0.0,0.0,0.0,0.10383164882659912,110,True,l_shaped,0.8790036145816736,93,geometry_fsm
0.0,0.0,0.0,0.0,0.0,4.820000171661377,18,True,l_shaped,0.4880567739504174,94,geometry_fsm
0.0,0.0,0.0,0.0,0.0,4.820000171661377,15,True,narrow_entry,0.43457884398438446,95,geometry_fsm
1.0,1.0,0.0,1.0,0.0,0.0004343234468251467,174,True,s_shaped,0.48058592449365206,96,geometry_fsm
0.0,0.0,0.0,0.0,0.0,0.16818182170391083,400,False,false_feasible,0.7811593743228397,97,geometry_fsm
1.0,1.0,0.0,1.0,0.0,0.048809926956892014,73,True,straight,0.6098228162081836,98,geometry_fsm
0.0,0.0,0.0,0.0,0.0,0.1401294767856598,400,False,false_feasible,0.7627396634214578,99,geometry_fsm
1.0,1.0,0.0,0.0,0.0,0.05835879594087601,90,True,narrow_exit,0.4776188861935332,100,geometry_fsm
1.0,1.0,0.0,0.0,0.0,0.07622598111629486,114,True,l_shaped,0.6548922222120153,101,geometry_fsm
1.0,1.0,0.0,0.0,0.0,0.10783330351114273,114,True,l_shaped,0.8279212646952949,102,geometry_fsm
1.0,1.0,0.0,0.0,0.0,0.1294928640127182,92,True,straight,0.8431342114197551,103,geometry_fsm
0.0,0.0,0.0,0.0,0.0,4.820000171661377,18,True,narrow_entry,0.5203036528915176,104,geometry_fsm
1.0,1.0,0.0,0.0,0.0,0.11394999176263809,125,True,s_shaped,0.7624362201007542,105,geometry_fsm
0.0,0.0,0.0,0.0,0.0,0.1188315898180008,400,False,false_feasible,0.7151240949216233,106,geometry_fsm
1.0,1.0,0.0,0.0,0.0,0.05430341511964798,96,True,s_shaped,0.5455657257086408,107,geometry_fsm
1.0,1.0,0.0,1.0,0.0,0.03659284487366676,87,True,asymmetric,0.7480294391313413,108,geometry_fsm
1.0,1.0,0.0,1.0,0.0,0.04396272823214531,187,True,s_shaped,0.8429073689584783,109,geometry_fsm
1.0,1.0,0.0,0.0,0.0,0.13067348301410675,88,True,l_shaped,0.8827127243412478,110,geometry_fsm
0.0,0.0,0.0,0.0,0.0,4.820000171661377,33,True,narrow_entry,0.4566392679759318,111,geometry_fsm
0.0,0.0,0.0,0.0,0.0,0.10461512207984924,400,False,false_feasible,0.5978689533618424,112,geometry_fsm
1.0,1.0,0.0,1.0,0.0,0.0026278402656316757,155,True,straight,0.8883661299781374,113,geometry_fsm
0.0,0.0,0.0,0.0,0.0,4.820000171661377,15,True,narrow_entry,0.492510607415293,114,geometry_fsm
1.0,1.0,0.0,0.0,0.0,0.061357107013463974,114,True,s_shaped,0.6056992436048333,115,geometry_fsm
1.0,1.0,0.0,0.0,0.0,0.10329148918390274,85,True,straight,0.5849511063429882,116,geometry_fsm
1.0,1.0,0.0,0.0,0.0,0.08435926586389542,109,True,s_shaped,0.6661948958381584,117,geometry_fsm
1.0,1.0,0.0,1.0,0.0,0.036053914576768875,97,True,straight,0.6645478826451672,118,geometry_fsm
0.0,0.0,0.0,1.0,0.0,0.022303184494376183,158,True,s_shaped,0.6297104315254347,119,geometry_fsm
1.0,1.0,0.0,0.0,0.0,0.05723464488983154,100,True,narrow_exit,0.5285962086771152,120,geometry_fsm
0.0,0.0,0.0,0.0,0.0,4.820000171661377,29,True,asymmetric,0.5279299082265446,121,geometry_fsm
0.0,0.0,0.0,0.0,0.0,0.1399347484111786,400,False,false_feasible,0.7017620199147774,122,geometry_fsm
0.0,0.0,0.0,0.0,0.0,4.820000171661377,38,True,s_shaped,0.47126793503715586,123,geometry_fsm
1.0,1.0,0.0,0.0,0.0,0.07885496318340302,78,True,narrow_exit,0.5569393610904453,124,geometry_fsm
1.0,1.0,0.0,1.0,0.0,0.028162291273474693,191,True,s_shaped,0.7475362030318109,125,geometry_fsm
1.0,1.0,0.0,1.0,0.0,0.021496938541531563,91,True,asymmetric,0.622190248910083,126,geometry_fsm
1.0,1.0,0.0,1.0,0.0,0.043544262647628784,166,True,s_shaped,0.7959812189620142,127,geometry_fsm
1.0,1.0,0.0,0.0,0.0,0.104173444211483,91,True,asymmetric,0.8671723086817795,128,geometry_fsm
1.0,1.0,0.0,1.0,0.0,0.010636331513524055,155,True,straight,0.7486641010764564,129,geometry_fsm
1.0,1.0,0.0,0.0,0.0,0.05182427912950516,97,True,straight,0.6195445335547406,130,geometry_fsm
1.0,1.0,0.0,1.0,0.0,0.023696813732385635,98,True,narrow_exit,0.42817268207221243,131,geometry_fsm
1.0,1.0,0.0,0.0,0.0,0.09504693001508713,107,True,straight,0.5984157108799688,132,geometry_fsm
1.0,1.0,0.0,1.0,0.0,0.03765628859400749,178,True,s_shaped,0.7635787406536919,133,geometry_fsm
1.0,1.0,0.0,1.0,0.0,0.03381267935037613,130,True,l_shaped,0.6036274263186685,134,geometry_fsm
0.0,0.0,0.0,0.0,0.0,4.820000171661377,33,False,false_feasible,0.5835859777111073,135,geometry_fsm
1.0,1.0,0.0,0.0,0.0,0.11602083593606949,109,True,asymmetric,0.7980721201437451,136,geometry_fsm
1.0,1.0,0.0,0.0,0.0,0.16312460601329803,109,True,straight,0.8128322591865067,137,geometry_fsm
1.0,1.0,0.0,0.0,0.0,0.0678342878818512,81,True,narrow_exit,0.5584785333622208,138,geometry_fsm
1.0,1.0,0.0,0.0,0.0,0.10795892030000687,120,True,straight,0.8594753808861777,139,geometry_fsm
0.0,0.0,0.0,0.0,0.0,0.09503171592950821,400,False,false_feasible,0.658969380232167,140,geometry_fsm
1.0,1.0,0.0,0.0,0.0,0.051936425268650055,126,True,s_shaped,0.5515362607773387,141,geometry_fsm
1.0,1.0,0.0,0.0,0.0,0.09724309295415878,91,True,straight,0.8106497231757949,142,geometry_fsm
0.0,0.0,0.0,1.0,0.0,0.004716130439192057,52,True,s_shaped,0.5400958261483305,143,geometry_fsm
0.0,0.0,0.0,0.0,0.0,4.820000171661377,35,True,asymmetric,0.4863410758822878,144,geometry_fsm
1.0,1.0,0.0,0.0,0.0,0.1984330117702484,96,True,straight,0.8431977024409691,145,geometry_fsm
0.0,0.0,0.0,0.0,0.0,0.07980193942785263,400,False,false_feasible,0.6064712115015038,146,geometry_fsm
1.0,1.0,0.0,0.0,0.0,0.12402375787496567,102,True,straight,0.7333155357694331,147,geometry_fsm
0.0,0.0,0.0,0.0,0.0,0.13144579529762268,82,True,s_shaped,0.823148514562952,148,geometry_fsm
0.0,0.0,0.0,0.0,0.0,4.820000171661377,19,True,narrow_entry,0.5893469504807111,149,geometry_fsm
0.0,0.0,0.0,1.0,0.0,0.020712269470095634,400,False,false_feasible,0.6353705207864471,150,geometry_fsm
0.0,0.0,0.0,1.0,0.0,0.004468782339245081,124,True,s_shaped,0.8487322459542672,151,geometry_fsm
1.0,1.0,0.0,0.0,0.0,0.15298938751220703,112,True,straight,0.87882745843783,152,geometry_fsm
1.0,1.0,0.0,1.0,0.0,0.03716455027461052,147,True,s_shaped,0.7164912904061405,153,geometry_fsm
1.0,1.0,0.0,0.0,0.0,0.06527528911828995,161,True,s_shaped,0.7944023901867442,154,geometry_fsm
1.0,1.0,0.0,0.0,0.0,0.0955062210559845,73,True,narrow_exit,0.586225541692706,155,geometry_fsm
1.0,1.0,0.0,1.0,0.0,0.02085491456091404,155,True,l_shaped,0.5527040398032267,156,geometry_fsm
1.0,1.0,0.0,1.0,0.0,0.040924444794654846,98,True,narrow_exit,0.49502921425436586,157,geometry_fsm
1.0,1.0,0.0,1.0,0.0,0.04632209986448288,109,True,straight,0.5675254996337132,158,geometry_fsm
1.0,1.0,0.0,0.0,0.0,0.10953549295663834,93,True,straight,0.7393058243226308,159,geometry_fsm
0.0,0.0,0.0,0.0,0.0,0.06684957444667816,400,False,false_feasible,0.6773090122208592,160,geometry_fsm
0.0,0.0,0.0,1.0,0.0,0.03265216574072838,400,False,false_feasible,0.5767378581267396,161,geometry_fsm
1.0,1.0,0.0,0.0,0.0,0.140292689204216,95,True,straight,0.7059879791308835,162,geometry_fsm
0.0,0.0,0.0,1.0,0.0,0.01054193265736103,124,True,l_shaped,0.5165309046907133,163,geometry_fsm
1.0,1.0,0.0,0.0,0.0,0.10299462080001831,117,True,l_shaped,0.743122987285161,164,geometry_fsm
1.0,1.0,0.0,0.0,0.0,0.05026288703083992,107,True,narrow_exit,0.5047711183473821,165,geometry_fsm
0.0,0.0,0.0,0.0,0.0,0.09009376168251038,400,False,false_feasible,0.7522747759793658,166,geometry_fsm
1.0,1.0,0.0,0.0,0.0,0.05121437832713127,84,True,l_shaped,0.5175228274043074,167,geometry_fsm
1.0,1.0,0.0,1.0,0.0,0.03403976932168007,93,True,narrow_exit,0.45879602297308497,168,geometry_fsm
1.0,1.0,0.0,0.0,0.0,0.2168091982603073,77,True,straight,0.8946956765569211,169,geometry_fsm
0.0,0.0,0.0,0.0,0.0,0.11508089303970337,69,True,s_shaped,0.7480948721665568,170,geometry_fsm
0.0,0.0,0.0,0.0,0.0,4.820000171661377,39,True,straight,0.5245463692251295,171,geometry_fsm
0.0,0.0,0.0,0.0,0.0,4.820000171661377,29,True,straight,0.7144611838998676,172,geometry_fsm
0.0,0.0,0.0,0.0,0.0,4.820000171661377,14,True,straight,0.5286099284645797,173,geometry_fsm
1.0,1.0,0.0,0.0,0.0,0.11665482074022293,105,True,l_shaped,0.869700242156807,174,geometry_fsm
1.0,1.0,0.0,0.0,0.0,0.084665447473526,94,True,narrow_exit,0.5665250009140779,175,geometry_fsm
0.0,0.0,0.0,0.0,0.0,4.820000171661377,42,False,false_feasible,0.6069381404638259,176,geometry_fsm
1.0,1.0,0.0,0.0,0.0,0.0518883615732193,86,True,narrow_exit,0.4970019125976961,177,geometry_fsm
1.0,1.0,0.0,0.0,0.0,0.056240830570459366,87,True,straight,0.6196477774103286,178,geometry_fsm
0.0,0.0,0.0,0.0,0.0,0.10430978983640671,400,False,false_feasible,0.6406753058521475,179,geometry_fsm
0.0,0.0,0.0,1.0,0.0,0.03731711208820343,400,False,false_feasible,0.5923079713950523,180,geometry_fsm
1.0,1.0,0.0,0.0,0.0,0.10805197805166245,93,True,narrow_entry,0.5806730732633173,181,geometry_fsm
1.0,1.0,0.0,1.0,0.0,0.04874492436647415,122,True,l_shaped,0.6061090400242025,182,geometry_fsm
0.0,0.0,0.0,0.0,0.0,4.820000171661377,20,True,straight,0.5602977659576968,183,geometry_fsm
0.0,0.0,0.0,1.0,0.0,0.007652002852410078,76,True,l_shaped,0.5812933811281631,184,geometry_fsm
1.0,1.0,0.0,0.0,0.0,0.1103401929140091,119,True,l_shaped,0.7964465836414769,185,geometry_fsm
1.0,1.0,0.0,0.0,0.0,0.05578475818037987,104,True,narrow_exit,0.519293334114863,186,geometry_fsm
0.0,0.0,0.0,0.0,0.0,0.14138326048851013,400,False,false_feasible,0.7017904985145627,187,geometry_fsm
0.0,0.0,0.0,0.0,0.0,4.820000171661377,18,True,l_shaped,0.5145680476820349,188,geometry_fsm
0.0,0.0,0.0,1.0,0.0,0.00971943885087967,400,True,asymmetric,0.5386701683756236,189,geometry_fsm
1.0,1.0,0.0,1.0,0.0,0.015964660793542862,94,True,asymmetric,0.6150856638558374,190,geometry_fsm
1.0,1.0,0.0,0.0,0.0,0.07437074929475784,107,True,narrow_exit,0.5403348765314463,191,geometry_fsm
1.0,1.0,0.0,0.0,0.0,0.05308814346790314,116,True,l_shaped,0.6193758405344304,192,geometry_fsm
0.0,0.0,0.0,0.0,0.0,4.820000171661377,30,True,narrow_entry,0.4389059096656472,193,geometry_fsm
1.0,1.0,0.0,0.0,0.0,0.06805125623941422,111,True,l_shaped,0.7760951680462301,194,geometry_fsm
1.0,1.0,0.0,0.0,0.0,0.14834219217300415,86,True,asymmetric,0.8498773258824645,195,geometry_fsm
1.0,1.0,0.0,0.0,0.0,0.22433730959892273,99,True,straight,0.8404832597886098,196,geometry_fsm
0.0,0.0,0.0,0.0,0.0,4.820000171661377,26,True,straight,0.6078672204332506,197,geometry_fsm
0.0,0.0,0.0,0.0,0.0,4.820000171661377,52,True,s_shaped,0.6250792778337991,198,geometry_fsm
1.0,1.0,0.0,1.0,0.0,0.03937793895602226,90,True,narrow_entry,0.5945177721745487,199,geometry_fsm
1.0,1.0,0.0,0.0,0.0,0.10303571075201035,106,True,l_shaped,0.6834107654401841,200,geometry_fsm
1.0,1.0,0.0,1.0,0.0,0.012968260794878006,153,True,straight,0.569585317211088,201,geometry_fsm
1.0,1.0,0.0,0.0,0.0,0.206752747297287,87,True,straight,0.7798784029463359,202,geometry_fsm
0.0,0.0,0.0,1.0,0.0,0.0039000476244837046,25,True,straight,0.48635386791540325,203,geometry_fsm
0.0,0.0,0.0,0.0,0.0,0.1044611781835556,400,False,false_feasible,0.7798234164494087,204,geometry_fsm
1.0,1.0,0.0,1.0,0.0,0.049858417361974716,171,True,l_shaped,0.7684391441022229,205,geometry_fsm
1.0,1.0,0.0,1.0,0.0,0.02345690317451954,94,True,asymmetric,0.8537269591614179,206,geometry_fsm
0.0,0.0,0.0,1.0,0.0,0.007911564782261848,105,True,s_shaped,0.5261953508879972,207,geometry_fsm
1.0,1.0,0.0,1.0,0.0,0.041241347789764404,116,True,s_shaped,0.5775771755802008,208,geometry_fsm
0.0,0.0,0.0,1.0,0.0,0.005403908900916576,67,True,l_shaped,0.5798568046901935,209,geometry_fsm
1.0,1.0,0.0,0.0,0.0,0.09858273714780807,87,True,straight,0.8099312509662986,210,geometry_fsm
1.0,1.0,0.0,1.0,0.0,0.04067503660917282,115,True,narrow_exit,0.4634161604224683,211,geometry_fsm
1.0,1.0,0.0,1.0,0.0,0.04973684251308441,119,True,l_shaped,0.631936464011695,212,geometry_fsm
1.0,1.0,0.0,1.0,0.0,0.048542872071266174,92,True,narrow_exit,0.5067796597432906,213,geometry_fsm
1.0,1.0,0.0,0.0,0.0,0.05723494291305542,105,True,l_shaped,0.5175807395258908,214,geometry_fsm
0.0,0.0,0.0,0.0,0.0,4.820000171661377,28,True,l_shaped,0.5286860383239097,215,geometry_fsm
1.0,1.0,0.0,1.0,0.0,0.03666411712765694,122,True,s_shaped,0.768874266027186,216,geometry_fsm
1.0,1.0,0.0,1.0,0.0,0.011338548734784126,273,True,s_shaped,0.4795163513674487,217,geometry_fsm
0.0,0.0,0.0,0.0,0.0,4.820000171661377,42,False,false_feasible,0.5720842271471264,218,geometry_fsm
1.0,1.0,0.0,0.0,0.0,0.09744224697351456,78,True,narrow_exit,0.5961351610455341,219,geometry_fsm
1.0,1.0,0.0,0.0,0.0,0.096400685608387,106,True,narrow_exit,0.5880203091180899,220,geometry_fsm
0.0,0.0,0.0,1.0,0.0,0.03277638182044029,400,True,asymmetric,0.64796356092756,221,geometry_fsm
0.0,0.0,0.0,0.0,0.0,4.820000171661377,28,True,narrow_entry,0.5583102823268637,222,geometry_fsm
1.0,1.0,0.0,0.0,0.0,0.06125837564468384,95,True,narrow_exit,0.5420095490916605,223,geometry_fsm
1.0,1.0,0.0,1.0,0.0,0.03515118360519409,117,True,l_shaped,0.6397260167456981,224,geometry_fsm
1.0,1.0,0.0,0.0,0.0,0.09623810648918152,125,True,l_shaped,0.8784647002425949,225,geometry_fsm
1.0,1.0,0.0,1.0,0.0,0.009787590242922306,100,True,asymmetric,0.7068272094799302,226,geometry_fsm
0.0,0.0,0.0,1.0,0.0,0.01153253298252821,178,True,l_shaped,0.5321287426734469,227,geometry_fsm
1.0,1.0,0.0,0.0,0.0,0.05890151858329773,174,True,s_shaped,0.7436405007167548,228,geometry_fsm
0.0,0.0,0.0,0.0,0.0,4.820000171661377,23,True,narrow_entry,0.4211497381979191,229,geometry_fsm
1.0,1.0,0.0,0.0,0.0,0.0833602175116539,92,True,asymmetric,0.8665692132357029,230,geometry_fsm
1.0,1.0,0.0,0.0,0.0,0.07368680834770203,96,True,asymmetric,0.8826099813772423,231,geometry_fsm
1.0,1.0,0.0,1.0,0.0,0.02901494689285755,83,True,narrow_exit,0.43628836147329486,232,geometry_fsm
1.0,1.0,0.0,0.0,0.0,0.1639816015958786,73,True,straight,0.7385257985011596,233,geometry_fsm
1.0,1.0,0.0,0.0,0.0,0.05544309690594673,97,True,narrow_exit,0.5110875957473175,234,geometry_fsm
0.0,0.0,0.0,1.0,0.0,0.0031787704210728407,400,False,false_feasible,0.5796677230940048,235,geometry_fsm
0.0,0.0,0.0,0.0,0.0,4.820000171661377,52,True,l_shaped,0.5695275270211531,236,geometry_fsm
1.0,1.0,0.0,0.0,0.0,0.16012059152126312,105,True,straight,0.818052860304695,237,geometry_fsm
1.0,1.0,0.0,1.0,0.0,0.044181499630212784,138,True,s_shaped,0.76163035483547,238,geometry_fsm
0.0,0.0,0.0,0.0,0.0,0.09872563928365707,400,False,false_feasible,0.6301172596223104,239,geometry_fsm
0.0,0.0,0.0,0.0,0.0,0.20815691351890564,99,True,s_shaped,0.890881830504338,240,geometry_fsm
1.0,1.0,0.0,0.0,0.0,0.07364436239004135,77,True,narrow_exit,0.5504917298962243,241,geometry_fsm
1.0,1.0,0.0,1.0,0.0,0.03270859271287918,130,True,narrow_exit,0.4587304998684267,242,geometry_fsm
1.0,1.0,0.0,0.0,0.0,0.12250268459320068,72,True,straight,0.7051704061607378,243,geometry_fsm
1.0,1.0,0.0,1.0,0.0,0.00034424025216139853,105,True,asymmetric,0.6025044026546785,244,geometry_fsm
1.0,1.0,0.0,1.0,0.0,0.019518760964274406,73,True,asymmetric,0.7292219634296524,245,geometry_fsm
0.0,0.0,0.0,0.0,0.0,4.820000171661377,37,True,l_shaped,0.5406578850828053,246,geometry_fsm
1.0,1.0,0.0,1.0,0.0,0.03906954452395439,112,True,narrow_exit,0.46636233120317044,247,geometry_fsm
1.0,1.0,0.0,0.0,0.0,0.07314792275428772,270,True,s_shaped,0.873905654406495,248,geometry_fsm
1.0,1.0,0.0,0.0,0.0,0.1947253942489624,87,True,straight,0.8585250612174882,249,geometry_fsm
1.0,1.0,0.0,1.0,0.0,0.01339036226272583,117,True,narrow_entry,0.599919587305362,250,geometry_fsm
1.0,1.0,0.0,1.0,0.0,0.01678529568016529,129,True,l_shaped,0.6684264633818178,251,geometry_fsm
1.0,1.0,0.0,0.0,0.0,0.19227463006973267,112,True,straight,0.8625944137228939,252,geometry_fsm
1.0,1.0,0.0,0.0,0.0,0.05660472810268402,103,True,asymmetric,0.7046017161106493,253,geometry_fsm
0.0,0.0,0.0,0.0,0.0,4.820000171661377,25,True,narrow_entry,0.5053052623097247,254,geometry_fsm
0.0,0.0,0.0,0.0,0.0,4.820000171661377,29,True,asymmetric,0.7274682282826934,255,geometry_fsm
1.0,1.0,0.0,1.0,0.0,0.048868969082832336,111,True,narrow_exit,0.48544708053783375,256,geometry_fsm
1.0,1.0,0.0,0.0,0.0,0.21160246431827545,79,True,straight,0.8134797807818639,257,geometry_fsm
0.0,0.0,0.0,0.0,0.0,4.820000171661377,76,True,narrow_entry,0.5930471839426674,258,geometry_fsm
1.0,1.0,0.0,0.0,0.0,0.09698717296123505,134,True,s_shaped,0.780712827748614,259,geometry_fsm
0.0,0.0,0.0,0.0,0.0,4.820000171661377,16,True,narrow_entry,0.4531121551163466,260,geometry_fsm
1.0,1.0,0.0,0.0,0.0,0.150055930018425,87,True,straight,0.8315055918165302,261,geometry_fsm
1.0,1.0,0.0,1.0,0.0,0.047512464225292206,73,True,narrow_exit,0.4935488900495983,262,geometry_fsm
1.0,1.0,0.0,0.0,0.0,0.05948818847537041,106,True,narrow_exit,0.4790123422194553,263,geometry_fsm
1.0,1.0,0.0,0.0,0.0,0.060165923088788986,100,True,l_shaped,0.7326496041073036,264,geometry_fsm
1.0,1.0,0.0,0.0,0.0,0.09358306974172592,105,True,straight,0.778214686040262,265,geometry_fsm
0.0,0.0,0.0,0.0,0.0,4.820000171661377,29,True,asymmetric,0.745939735321991,266,geometry_fsm
0.0,0.0,0.0,0.0,0.0,4.820000171661377,36,False,false_feasible,0.6159753397461423,267,geometry_fsm
1.0,1.0,0.0,0.0,0.0,0.12582950294017792,119,True,l_shaped,0.8402285638548403,268,geometry_fsm
1.0,1.0,0.0,1.0,0.0,0.031196076422929764,93,True,asymmetric,0.7563183504838442,269,geometry_fsm
0.0,0.0,0.0,0.0,0.0,4.820000171661377,14,True,narrow_entry,0.4245375312598962,270,geometry_fsm
0.0,0.0,0.0,0.0,0.0,0.17692089080810547,400,False,false_feasible,0.7997045383401213,271,geometry_fsm
0.0,0.0,0.0,0.0,0.0,0.08296504616737366,69,True,asymmetric,0.5606720615226196,272,geometry_fsm
0.0,0.0,0.0,0.0,0.0,4.820000171661377,30,False,false_feasible,0.590221985533936,273,geometry_fsm
1.0,1.0,0.0,0.0,0.0,0.06981579214334488,97,True,l_shaped,0.8570122422594525,274,geometry_fsm
1.0,1.0,0.0,0.0,0.0,0.08617814630270004,106,True,narrow_exit,0.5374010652398328,275,geometry_fsm
1.0,1.0,0.0,1.0,0.0,0.009229802526533604,98,True,narrow_exit,0.47416590065285796,276,geometry_fsm
0.0,0.0,0.0,0.0,0.0,4.820000171661377,21,True,narrow_entry,0.5051300743510212,277,geometry_fsm
0.0,0.0,0.0,1.0,0.0,0.014607539400458336,400,False,false_feasible,0.5675461700777522,278,geometry_fsm
1.0,1.0,0.0,0.0,0.0,0.1050490289926529,111,True,asymmetric,0.8293404863457357,279,geometry_fsm
0.0,0.0,0.0,0.0,0.0,4.820000171661377,17,True,l_shaped,0.4764880703540573,280,geometry_fsm
1.0,1.0,0.0,1.0,0.0,0.038831066340208054,121,True,s_shaped,0.6716137093849427,281,geometry_fsm
1.0,1.0,0.0,0.0,0.0,0.15016698837280273,98,True,straight,0.8167531821224217,282,geometry_fsm
1.0,1.0,0.0,0.0,0.0,0.0580134317278862,77,True,straight,0.5597594596325514,283,geometry_fsm
0.0,0.0,0.0,0.0,0.0,4.820000171661377,29,True,straight,0.5011878748679137,284,geometry_fsm
1.0,1.0,0.0,0.0,0.0,0.07246612012386322,112,True,l_shaped,0.8216438904966257,285,geometry_fsm
0.0,0.0,0.0,1.0,0.0,0.004277488682419062,188,True,asymmetric,0.5418301795146526,286,geometry_fsm
1.0,1.0,0.0,1.0,0.0,0.02102058380842209,111,True,straight,0.45524900659388107,287,geometry_fsm
0.0,0.0,0.0,0.0,0.0,0.08251994103193283,400,False,false_feasible,0.5543594061168692,288,geometry_fsm
0.0,0.0,0.0,0.0,0.0,0.07996530830860138,400,False,false_feasible,0.6990874109472242,289,geometry_fsm
1.0,1.0,0.0,1.0,0.0,0.009752840735018253,122,True,straight,0.7149177962090505,290,geometry_fsm
1.0,1.0,0.0,1.0,0.0,0.009267536923289299,99,True,asymmetric,0.6856027646030275,291,geometry_fsm
1.0,1.0,0.0,1.0,0.0,0.044694747775793076,161,True,s_shaped,0.6620773042095032,292,geometry_fsm
0.0,0.0,0.0,0.0,0.0,4.820000171661377,29,True,l_shaped,0.4950408655292933,293,geometry_fsm
0.0,0.0,0.0,1.0,0.0,0.001928749610669911,72,False,false_feasible,0.5529238347691092,294,geometry_fsm
1.0,1.0,0.0,1.0,0.0,0.003173249773681164,94,True,straight,0.5617236558035832,295,geometry_fsm
1.0,1.0,0.0,0.0,0.0,0.06958689540624619,91,True,l_shaped,0.8301664344459914,296,geometry_fsm
0.0,0.0,0.0,0.0,0.0,0.12220851331949234,400,True,asymmetric,0.6447711340106367,297,geometry_fsm
1.0,1.0,0.0,0.0,0.0,0.12685136497020721,97,True,straight,0.6735889811874466,298,geometry_fsm
1.0,1.0,0.0,0.0,0.0,0.0569625087082386,97,True,narrow_exit,0.517834407810074,299,geometry_fsm
0.0,0.0,0.0,0.0,0.0,0.16071546077728271,400,False,false_feasible,0.754986004003612,300,geometry_fsm
1.0,1.0,0.0,1.0,0.0,0.005336119793355465,94,True,straight,0.6276016968116556,301,geometry_fsm
1.0,1.0,0.0,0.0,0.0,0.18972499668598175,101,True,straight,0.7480890850397051,302,geometry_fsm
1.0,1.0,0.0,0.0,0.0,0.07933159917593002,144,True,s_shaped,0.819900833234308,303,geometry_fsm
0.0,0.0,0.0,0.0,0.0,4.820000171661377,19,True,l_shaped,0.479577031723809,304,geometry_fsm
1.0,1.0,0.0,0.0,0.0,0.07704043388366699,82,True,asymmetric,0.8732327876022099,305,geometry_fsm
0.0,0.0,0.0,1.0,0.0,0.013407757505774498,400,True,l_shaped,0.5320161790183486,306,geometry_fsm
0.0,0.0,0.0,0.0,0.0,4.820000171661377,25,True,asymmetric,0.4717385419998652,307,geometry_fsm
0.0,0.0,0.0,0.0,0.0,0.10208199918270111,400,True,asymmetric,0.6412724080533323,308,geometry_fsm
1.0,1.0,0.0,0.0,0.0,0.10878103971481323,91,True,narrow_entry,0.5824131402729884,309,geometry_fsm
1.0,1.0,0.0,0.0,0.0,0.09642171859741211,74,True,asymmetric,0.7027199493567603,310,geometry_fsm
0.0,0.0,0.0,0.0,0.0,4.820000171661377,42,True,asymmetric,0.7337803953487817,311,geometry_fsm
0.0,0.0,0.0,0.0,0.0,0.14504964649677277,400,False,false_feasible,0.7627893946680496,312,geometry_fsm
1.0,1.0,0.0,1.0,0.0,0.049332574009895325,106,True,narrow_exit,0.4929224386106006,313,geometry_fsm
1.0,1.0,0.0,0.0,0.0,0.0600387267768383,133,True,l_shaped,0.7104756313889395,314,geometry_fsm
0.0,0.0,0.0,0.0,0.0,0.08495360612869263,60,True,s_shaped,0.7388123577640271,315,geometry_fsm
1.0,1.0,0.0,1.0,0.0,0.04502102732658386,185,True,s_shaped,0.7250478303159598,316,geometry_fsm
0.0,0.0,0.0,0.0,0.0,0.14637689292430878,400,False,false_feasible,0.7269558513069633,317,geometry_fsm
1.0,1.0,0.0,0.0,0.0,0.06812328100204468,76,True,straight,0.6111554943516184,318,geometry_fsm
0.0,0.0,0.0,1.0,0.0,0.04786992445588112,400,False,false_feasible,0.6166104299658068,319,geometry_fsm
1.0,1.0,0.0,0.0,0.0,0.08317627012729645,78,True,narrow_exit,0.5956202167804027,320,geometry_fsm
0.0,0.0,0.0,0.0,0.0,0.0656258687376976,400,False,false_feasible,0.6827266526381749,321,geometry_fsm
0.0,0.0,0.0,0.0,0.0,0.15118299424648285,400,False,false_feasible,0.7679798337368472,322,geometry_fsm
0.0,0.0,0.0,0.0,0.0,4.820000171661377,19,True,narrow_entry,0.5691297033375753,323,geometry_fsm
1.0,1.0,0.0,0.0,0.0,0.05943319573998451,112,True,s_shaped,0.695705782604756,324,geometry_fsm
0.0,0.0,0.0,1.0,0.0,0.04225049540400505,400,False,false_feasible,0.6037079587168848,325,geometry_fsm
0.0,0.0,0.0,0.0,0.0,0.06774553656578064,400,False,false_feasible,0.5986603206093624,326,geometry_fsm
0.0,0.0,0.0,1.0,0.0,0.008296828716993332,25,True,narrow_entry,0.49511737386334725,327,geometry_fsm
1.0,1.0,0.0,1.0,0.0,0.029500316828489304,98,True,asymmetric,0.7743708570226787,328,geometry_fsm
1.0,1.0,0.0,0.0,0.0,0.07465638220310211,223,True,l_shaped,0.855137402542847,329,geometry_fsm
1.0,1.0,0.0,0.0,0.0,0.07338480651378632,86,True,narrow_exit,0.5402173787499885,330,geometry_fsm
1.0,1.0,0.0,0.0,0.0,0.07366263121366501,90,True,narrow_exit,0.5659082655594128,331,geometry_fsm
1.0,1.0,0.0,1.0,0.0,0.04412412643432617,79,True,narrow_exit,0.4943002926801398,332,geometry_fsm
1.0,1.0,0.0,0.0,0.0,0.07217126339673996,90,True,narrow_entry,0.5849015205095279,333,geometry_fsm
1.0,1.0,0.0,0.0,0.0,0.06716413795948029,97,True,l_shaped,0.784783693048752,334,geometry_fsm
1.0,1.0,0.0,0.0,0.0,0.09590230882167816,78,True,l_shaped,0.6086827412288406,335,geometry_fsm
1.0,1.0,0.0,1.0,0.0,0.03745419159531593,96,True,narrow_entry,0.48439938692533735,336,geometry_fsm
1.0,1.0,0.0,0.0,0.0,0.056849632412195206,109,True,narrow_exit,0.5189223212358495,337,geometry_fsm
1.0,1.0,0.0,0.0,0.0,0.15837274491786957,75,True,straight,0.8045974586453615,338,geometry_fsm
0.0,0.0,0.0,1.0,0.0,0.0019397925352677703,131,True,s_shaped,0.535454311239284,339,geometry_fsm
1.0,1.0,0.0,1.0,0.0,0.03804386779665947,98,True,straight,0.6165217517649025,340,geometry_fsm
1.0,1.0,0.0,0.0,0.0,0.17215296626091003,74,True,straight,0.7147453509632772,341,geometry_fsm
1.0,1.0,0.0,0.0,0.0,0.07707863301038742,109,True,l_shaped,0.6648977503842792,342,geometry_fsm
1.0,1.0,0.0,1.0,0.0,0.002722629811614752,110,True,straight,0.7009784910946137,343,geometry_fsm
1.0,1.0,0.0,1.0,0.0,0.045901790261268616,181,True,s_shaped,0.8492554920765324,344,geometry_fsm
1.0,1.0,0.0,0.0,0.0,0.05508655309677124,155,True,l_shaped,0.5595096769127493,345,geometry_fsm
1.0,1.0,0.0,1.0,0.0,0.0032080875243991613,123,True,straight,0.6730124541457517,346,geometry_fsm
1.0,1.0,0.0,1.0,0.0,0.048268452286720276,158,True,l_shaped,0.7773505816114591,347,geometry_fsm
1.0,1.0,0.0,1.0,0.0,0.013479603454470634,92,True,straight,0.45477856389759985,348,geometry_fsm
0.0,0.0,0.0,0.0,0.0,0.17462797462940216,400,False,false_feasible,0.7846512108975894,349,geometry_fsm
1.0,1.0,0.0,0.0,0.0,0.0946052148938179,123,True,straight,0.7834788217300419,350,geometry_fsm
1.0,1.0,0.0,0.0,0.0,0.08405957370996475,105,True,l_shaped,0.7194729126126809,351,geometry_fsm
1.0,1.0,0.0,1.0,0.0,0.037131574004888535,77,True,narrow_exit,0.4634448038925577,352,geometry_fsm
1.0,1.0,0.0,0.0,0.0,0.05894295126199722,117,True,l_shaped,0.6721804722847302,353,geometry_fsm
1.0,1.0,0.0,0.0,0.0,0.07271813601255417,176,True,s_shaped,0.8718865312699862,354,geometry_fsm
1.0,1.0,0.0,1.0,0.0,0.031486112624406815,114,True,asymmetric,0.6211735010543226,355,geometry_fsm
1.0,1.0,0.0,0.0,0.0,0.08680830150842667,125,True,s_shaped,0.6590191254045346,356,geometry_fsm
1.0,1.0,0.0,0.0,0.0,0.1217692643404007,96,True,straight,0.7854340693479843,357,geometry_fsm
0.0,0.0,0.0,0.0,0.0,4.820000171661377,22,True,asymmetric,0.6292380604519123,358,geometry_fsm
0.0,0.0,0.0,0.0,0.0,4.820000171661377,38,True,l_shaped,0.49812010267372153,359,geometry_fsm
1.0,1.0,0.0,0.0,0.0,0.18369661271572113,97,True,straight,0.8934860548969821,360,geometry_fsm
0.0,0.0,0.0,0.0,0.0,4.820000171661377,14,True,asymmetric,0.5045624061316145,361,geometry_fsm
1.0,1.0,0.0,0.0,0.0,0.08043619245290756,75,True,straight,0.6655051061114889,362,geometry_fsm
0.0,0.0,0.0,0.0,0.0,0.11162488907575607,400,False,false_feasible,0.6913331522479829,363,geometry_fsm
1.0,1.0,0.0,1.0,0.0,0.018933717161417007,83,True,straight,0.5624077396743253,364,geometry_fsm
1.0,1.0,0.0,1.0,0.0,0.04374215751886368,106,True,l_shaped,0.6487135133830443,365,geometry_fsm
1.0,1.0,0.0,0.0,0.0,0.16624824702739716,113,True,straight,0.8702999166503842,366,geometry_fsm
0.0,0.0,0.0,0.0,0.0,4.820000171661377,22,True,narrow_entry,0.4384386502362506,367,geometry_fsm
0.0,0.0,0.0,0.0,0.0,4.820000171661377,26,True,narrow_entry,0.5036020293459074,368,geometry_fsm
0.0,0.0,0.0,0.0,0.0,4.820000171661377,16,True,straight,0.5058257306838063,369,geometry_fsm
0.0,0.0,0.0,0.0,0.0,4.820000171661377,15,True,narrow_entry,0.5259088041460114,370,geometry_fsm
1.0,1.0,0.0,0.0,0.0,0.10548711568117142,109,True,asymmetric,0.8335646892461521,371,geometry_fsm
0.0,0.0,0.0,0.0,0.0,0.10614097863435745,57,True,asymmetric,0.646146856802193,372,geometry_fsm
1.0,1.0,0.0,1.0,0.0,0.014908978715538979,81,True,narrow_entry,0.5903563995357339,373,geometry_fsm
0.0,0.0,0.0,1.0,0.0,0.0014019167283549905,77,True,asymmetric,0.5019889492010106,374,geometry_fsm
1.0,1.0,0.0,1.0,0.0,0.04729657992720604,77,True,straight,0.6076014085417744,375,geometry_fsm
1.0,1.0,0.0,1.0,0.0,0.029776476323604584,89,True,narrow_exit,0.44185448212933165,376,geometry_fsm
0.0,0.0,0.0,0.0,0.0,0.11801467835903168,400,False,false_feasible,0.7240862070769776,377,geometry_fsm
1.0,1.0,0.0,0.0,0.0,0.06409640610218048,112,True,s_shaped,0.5555934721026827,378,geometry_fsm
0.0,0.0,0.0,0.0,0.0,4.820000171661377,41,True,narrow_exit,0.42835438345705973,379,geometry_fsm
1.0,1.0,0.0,0.0,0.0,0.08249597251415253,76,True,asymmetric,0.7716258991255507,380,geometry_fsm
1.0,1.0,0.0,1.0,0.0,0.009696215391159058,118,True,s_shaped,0.5705908392749932,381,geometry_fsm
0.0,0.0,0.0,0.0,0.0,4.820000171661377,44,True,straight,0.7271978352153152,382,geometry_fsm
1.0,1.0,0.0,0.0,0.0,0.0679389014840126,93,True,asymmetric,0.7302456737231475,383,geometry_fsm
1.0,1.0,0.0,0.0,0.0,0.05988732725381851,119,True,s_shaped,0.5651800313364067,384,geometry_fsm
1.0,1.0,0.0,0.0,0.0,0.1087849885225296,96,True,asymmetric,0.8564505075616118,385,geometry_fsm
0.0,0.0,0.0,0.0,0.0,4.820000171661377,29,True,straight,0.49005041811184114,386,geometry_fsm
1.0,1.0,0.0,1.0,0.0,0.02707025781273842,77,True,narrow_exit,0.4368663456917262,387,geometry_fsm
0.0,0.0,0.0,0.0,0.0,4.820000171661377,22,True,narrow_entry,0.5361131842178595,388,geometry_fsm
0.0,0.0,0.0,0.0,0.0,4.820000171661377,15,True,asymmetric,0.49044188733941163,389,geometry_fsm
0.0,0.0,0.0,0.0,0.0,0.1681302934885025,400,False,false_feasible,0.7836843601151272,390,geometry_fsm
1.0,1.0,0.0,1.0,0.0,0.04305961728096008,114,True,narrow_exit,0.4718064113972221,391,geometry_fsm
1.0,1.0,0.0,0.0,0.0,0.09767599403858185,86,True,narrow_exit,0.5776799064188229,392,geometry_fsm
1.0,1.0,0.0,0.0,0.0,0.0534205436706543,105,True,l_shaped,0.870781964477952,393,geometry_fsm
1.0,1.0,0.0,0.0,0.0,0.09151086956262589,106,True,l_shaped,0.7548680609398359,394,geometry_fsm
1.0,1.0,0.0,0.0,0.0,0.09886405616998672,89,True,asymmetric,0.891714648772563,395,geometry_fsm
1.0,1.0,0.0,0.0,0.0,0.0996054857969284,99,True,narrow_exit,0.5754624922056365,396,geometry_fsm
1.0,1.0,0.0,1.0,0.0,0.04092539846897125,77,True,straight,0.5564181838467556,397,geometry_fsm
1.0,1.0,0.0,0.0,0.0,0.16531267762184143,117,True,straight,0.853399207905361,398,geometry_fsm
1.0,1.0,0.0,1.0,0.0,0.023314716294407845,131,True,s_shaped,0.8149141593352902,399,geometry_fsm
1.0,1.0,0.0,0.0,0.0,0.09693758934736252,116,True,l_shaped,0.6854332943612675,400,geometry_fsm
1.0,1.0,0.0,1.0,0.0,0.024402212351560593,98,True,narrow_exit,0.42586388788750956,401,geometry_fsm
1.0,1.0,0.0,0.0,0.0,0.12398891896009445,109,True,straight,0.8195512003675972,402,geometry_fsm
0.0,0.0,0.0,0.0,0.0,0.11989405751228333,400,True,asymmetric,0.6994770281635594,403,geometry_fsm
0.0,0.0,0.0,0.0,0.0,4.820000171661377,32,True,straight,0.5079750878612583,404,geometry_fsm
0.0,0.0,0.0,1.0,0.0,0.006188550498336554,79,True,asymmetric,0.5463309467697621,405,geometry_fsm
1.0,1.0,0.0,0.0,0.0,0.05745445564389229,99,True,narrow_exit,0.5108778960833361,406,geometry_fsm
0.0,0.0,0.0,0.0,0.0,4.820000171661377,27,True,l_shaped,0.5404169294868316,407,geometry_fsm
1.0,1.0,0.0,1.0,0.0,0.04021236300468445,86,True,straight,0.6298312095520335,408,geometry_fsm
1.0,1.0,0.0,1.0,0.0,0.04997073858976364,179,True,s_shaped,0.849105673480548,409,geometry_fsm
1.0,1.0,0.0,1.0,0.0,0.03654148802161217,133,True,s_shaped,0.59134806011485,410,geometry_fsm
1.0,1.0,0.0,0.0,0.0,0.07406392693519592,110,True,l_shaped,0.6037448255097739,411,geometry_fsm
0.0,0.0,0.0,0.0,0.0,4.820000171661377,16,True,l_shaped,0.45280743256369865,412,geometry_fsm
1.0,1.0,0.0,1.0,0.0,0.03171616420149803,90,True,narrow_exit,0.4322962058358565,413,geometry_fsm
1.0,1.0,0.0,1.0,0.0,0.018308788537979126,102,True,asymmetric,0.825888062322826,414,geometry_fsm
1.0,1.0,0.0,0.0,0.0,0.10145937651395798,115,True,s_shaped,0.7037997549515324,415,geometry_fsm
1.0,1.0,0.0,0.0,0.0,0.05236420780420303,77,True,asymmetric,0.6871454183331248,416,geometry_fsm
0.0,0.0,0.0,1.0,0.0,0.00023865466937422752,106,True,s_shaped,0.7051659860900208,417,geometry_fsm
0.0,0.0,0.0,0.0,0.0,4.820000171661377,18,True,s_shaped,0.5034655764910647,418,geometry_fsm
1.0,1.0,0.0,0.0,0.0,0.09161689132452011,116,True,l_shaped,0.8583514940418655,419,geometry_fsm
0.0,0.0,0.0,0.0,0.0,0.08031044900417328,400,False,false_feasible,0.6917537912333709,420,geometry_fsm
1.0,1.0,0.0,0.0,0.0,0.06318794935941696,95,True,narrow_exit,0.548193189980353,421,geometry_fsm
1.0,1.0,0.0,0.0,0.0,0.09108587354421616,97,True,narrow_exit,0.5698835120697903,422,geometry_fsm
0.0,0.0,0.0,0.0,0.0,0.1628721058368683,400,False,false_feasible,0.7657420414653151,423,geometry_fsm
0.0,0.0,0.0,0.0,0.0,4.820000171661377,15,True,straight,0.5021173467343687,424,geometry_fsm
1.0,1.0,0.0,1.0,0.0,0.04682965204119682,135,True,l_shaped,0.6872802453256228,425,geometry_fsm
1.0,1.0,0.0,0.0,0.0,0.055838827043771744,122,True,s_shaped,0.68367921013104,426,geometry_fsm
1.0,1.0,0.0,0.0,0.0,0.07528157532215118,97,True,l_shaped,0.5760127738192665,427,geometry_fsm
0.0,0.0,0.0,0.0,0.0,4.820000171661377,16,True,narrow_entry,0.44511048052830143,428,geometry_fsm
0.0,0.0,0.0,0.0,0.0,4.820000171661377,30,True,s_shaped,0.49550807500532484,429,geometry_fsm
1.0,1.0,0.0,1.0,0.0,0.0005993146332912147,83,True,narrow_entry,0.48023873852930504,430,geometry_fsm
0.0,0.0,0.0,1.0,0.0,0.0001243082369910553,140,True,l_shaped,0.5003934563637937,431,geometry_fsm
1.0,1.0,0.0,0.0,0.0,0.05107058584690094,115,True,narrow_exit,0.5060292410879816,432,geometry_fsm
0.0,0.0,0.0,0.0,0.0,4.820000171661377,34,True,narrow_entry,0.5515369094885471,433,geometry_fsm
0.0,0.0,0.0,0.0,0.0,4.820000171661377,30,True,narrow_entry,0.4571580777706371,434,geometry_fsm
0.0,0.0,0.0,0.0,0.0,4.820000171661377,18,True,l_shaped,0.45933006986733943,435,geometry_fsm
0.0,0.0,0.0,0.0,0.0,4.820000171661377,23,True,l_shaped,0.45255451221545645,436,geometry_fsm
1.0,1.0,0.0,1.0,0.0,0.017559152096509933,94,True,l_shaped,0.5621179882052608,437,geometry_fsm
0.0,0.0,0.0,0.0,0.0,0.14906592667102814,400,False,false_feasible,0.7286838489717035,438,geometry_fsm
1.0,1.0,0.0,0.0,0.0,0.08158936351537704,101,True,narrow_exit,0.5627132542187139,439,geometry_fsm
1.0,1.0,0.0,0.0,0.0,0.07513763010501862,103,True,narrow_exit,0.5745904524156771,440,geometry_fsm
1.0,1.0,0.0,0.0,0.0,0.13185448944568634,94,True,straight,0.6840786022553353,441,geometry_fsm
1.0,1.0,0.0,0.0,0.0,0.09451282769441605,109,True,narrow_exit,0.5612196823202605,442,geometry_fsm
1.0,1.0,0.0,0.0,0.0,0.05330998823046684,126,True,narrow_exit,0.5123040791951938,443,geometry_fsm
1.0,1.0,0.0,0.0,0.0,0.17756900191307068,89,True,straight,0.8767534935747161,444,geometry_fsm
1.0,1.0,0.0,0.0,0.0,0.15426616370677948,96,True,straight,0.7461273714269243,445,geometry_fsm
0.0,0.0,0.0,0.0,0.0,0.08824726939201355,400,False,false_feasible,0.7295294125388756,446,geometry_fsm
1.0,1.0,0.0,1.0,0.0,0.024041056632995605,114,True,straight,0.5853780206388963,447,geometry_fsm
1.0,1.0,0.0,0.0,0.0,0.11636192351579666,130,True,s_shaped,0.8933167755166438,448,geometry_fsm
1.0,1.0,0.0,0.0,0.0,0.07041703909635544,75,True,straight,0.6762941729478129,449,geometry_fsm
1.0,1.0,0.0,0.0,0.0,0.18404273688793182,80,True,straight,0.768111956803925,450,geometry_fsm
1.0,1.0,0.0,0.0,0.0,0.06784343719482422,73,True,narrow_entry,0.5565493445846378,451,geometry_fsm
1.0,1.0,0.0,0.0,0.0,0.08088510483503342,123,True,straight,0.8239964248444626,452,geometry_fsm
1.0,1.0,0.0,1.0,0.0,0.044437065720558167,101,True,narrow_exit,0.48814641065770825,453,geometry_fsm
1.0,1.0,0.0,1.0,0.0,0.017263932153582573,114,True,narrow_entry,0.5876406565426815,454,geometry_fsm
1.0,1.0,0.0,0.0,0.0,0.07813925296068192,90,True,narrow_exit,0.5684421479598019,455,geometry_fsm
0.0,0.0,0.0,0.0,0.0,0.12300871312618256,400,False,false_feasible,0.7597212081465654,456,geometry_fsm
0.0,0.0,0.0,0.0,0.0,4.820000171661377,31,True,straight,0.5203818218739407,457,geometry_fsm
1.0,1.0,0.0,0.0,0.0,0.05227229371666908,96,True,narrow_entry,0.5697373016490891,458,geometry_fsm
0.0,0.0,0.0,0.0,0.0,0.16808216273784637,400,False,false_feasible,0.7792971347671608,459,geometry_fsm
1.0,1.0,0.0,0.0,0.0,0.07090930640697479,95,True,narrow_exit,0.5491569295946165,460,geometry_fsm
0.0,0.0,0.0,0.0,0.0,0.07947875559329987,400,False,false_feasible,0.6349918117575468,461,geometry_fsm
1.0,1.0,0.0,0.0,0.0,0.07663415372371674,84,True,straight,0.6971321724941133,462,geometry_fsm
1.0,1.0,0.0,1.0,0.0,0.039009563624858856,149,True,l_shaped,0.5397580332977093,463,geometry_fsm
1.0,1.0,0.0,1.0,0.0,0.04039880633354187,175,True,s_shaped,0.544260760804875,464,geometry_fsm
1.0,1.0,0.0,1.0,0.0,0.0446244515478611,102,True,asymmetric,0.8596306324929981,465,geometry_fsm
1.0,1.0,0.0,1.0,0.0,0.02252631075680256,86,True,narrow_exit,0.42871615570433114,466,geometry_fsm
1.0,1.0,0.0,0.0,0.0,0.07020312547683716,132,True,s_shaped,0.6600048392488131,467,geometry_fsm
1.0,1.0,0.0,0.0,0.0,0.06477455794811249,122,True,l_shaped,0.744656699218429,468,geometry_fsm
0.0,0.0,0.0,1.0,0.0,0.032119765877723694,400,True,asymmetric,0.6056276234749134,469,geometry_fsm
1.0,1.0,0.0,0.0,0.0,0.05418825149536133,177,True,s_shaped,0.7972986830361148,470,geometry_fsm
1.0,1.0,0.0,1.0,0.0,0.02425939030945301,93,True,narrow_exit,0.4343310919222745,471,geometry_fsm
1.0,1.0,0.0,0.0,0.0,0.06847182661294937,106,True,l_shaped,0.6727334024513261,472,geometry_fsm
1.0,1.0,0.0,1.0,0.0,0.047589510679244995,131,True,s_shaped,0.5844835810348048,473,geometry_fsm
0.0,0.0,0.0,0.0,0.0,4.820000171661377,35,True,straight,0.4959249279328948,474,geometry_fsm
1.0,1.0,0.0,0.0,0.0,0.06285151094198227,112,True,l_shaped,0.8282714006808329,475,geometry_fsm
1.0,1.0,0.0,1.0,0.0,0.03404292091727257,99,True,l_shaped,0.5166847907398643,476,geometry_fsm
1.0,1.0,0.0,0.0,0.0,0.13205622136592865,96,True,straight,0.6785755236717885,477,geometry_fsm
1.0,1.0,0.0,1.0,0.0,0.02969319373369217,106,True,l_shaped,0.8635618096994966,478,geometry_fsm
1.0,1.0,0.0,1.0,0.0,0.019063597545027733,127,True,s_shaped,0.47439393932900775,479,geometry_fsm
1.0,1.0,0.0,0.0,0.0,0.06632553040981293,129,True,s_shaped,0.6166403908537974,480,geometry_fsm
1.0,1.0,0.0,1.0,0.0,0.020961392670869827,85,True,narrow_entry,0.47495747432733987,481,geometry_fsm
1.0,1.0,0.0,1.0,0.0,0.038459330797195435,94,True,l_shaped,0.7049323926352751,482,geometry_fsm
0.0,0.0,0.0,1.0,0.0,0.043505534529685974,400,True,l_shaped,0.4720198490214684,483,geometry_fsm
0.0,0.0,0.0,0.0,0.0,4.820000171661377,16,True,s_shaped,0.4589772985484778,484,geometry_fsm
1.0,1.0,0.0,1.0,0.0,0.03269890695810318,92,True,narrow_exit,0.46423369907326917,485,geometry_fsm
0.0,0.0,0.0,0.0,0.0,0.1151471734046936,400,True,asymmetric,0.6292677836442063,486,geometry_fsm
0.0,0.0,0.0,0.0,0.0,0.07042747735977173,400,False,false_feasible,0.7831479154810399,487,geometry_fsm
1.0,1.0,0.0,0.0,0.0,0.09708352386951447,109,True,straight,0.7255210533602207,488,geometry_fsm
1.0,1.0,0.0,0.0,0.0,0.09107547253370285,99,True,l_shaped,0.7142015728997486,489,geometry_fsm
1.0,1.0,0.0,0.0,0.0,0.10346835851669312,101,True,straight,0.8969927003287215,490,geometry_fsm
0.0,0.0,0.0,1.0,0.0,0.03708336502313614,78,True,asymmetric,0.71781498066591,491,geometry_fsm
1.0,1.0,0.0,0.0,0.0,0.08100603520870209,89,True,l_shaped,0.6015532407253592,492,geometry_fsm
0.0,0.0,0.0,1.0,0.0,0.04527830332517624,400,False,false_feasible,0.6270418631329638,493,geometry_fsm
1.0,1.0,0.0,0.0,0.0,0.14210139214992523,99,True,straight,0.7946697552207004,494,geometry_fsm
1.0,1.0,0.0,1.0,0.0,0.017864994704723358,82,True,narrow_entry,0.44833964817777244,495,geometry_fsm
0.0,0.0,0.0,0.0,0.0,4.820000171661377,18,True,asymmetric,0.4728980453152145,496,geometry_fsm
0.0,0.0,0.0,0.0,0.0,4.820000171661377,25,True,narrow_entry,0.4724707869962791,497,geometry_fsm
0.0,0.0,0.0,0.0,0.0,4.820000171661377,27,True,s_shaped,0.5062975618802955,498,geometry_fsm
1.0,1.0,0.0,1.0,0.0,0.03764922171831131,88,True,narrow_exit,0.45637615688314553,499,geometry_fsm
0.0,0.0,0.0,0.0,0.0,4.820000171661377,46,True,straight,0.5661508836477479,0,geometry_fsm
0.0,0.0,0.0,1.0,0.0,0.005682386923581362,400,True,asymmetric,0.5233703719819794,1,geometry_fsm
0.0,0.0,0.0,1.0,0.0,0.0013203785056248307,103,False,false_feasible,0.5548655277008361,2,geometry_fsm
1.0,1.0,0.0,0.0,0.0,0.08911671489477158,93,True,straight,0.6957928930785326,3,geometry_fsm
1.0,1.0,0.0,1.0,0.0,0.0468176007270813,110,True,l_shaped,0.757579555134595,4,geometry_fsm
0.0,0.0,0.0,1.0,0.0,0.009909368120133877,400,True,l_shaped,0.5452302690209478,5,geometry_fsm
1.0,1.0,0.0,1.0,0.0,0.040743637830019,113,True,l_shaped,0.8058334756689016,6,geometry_fsm
0.0,0.0,0.0,1.0,0.0,0.00031893420964479446,29,True,narrow_entry,0.5502667675315113,7,geometry_fsm
0.0,0.0,0.0,1.0,0.0,0.042879316955804825,400,True,asymmetric,0.5718687103432746,8,geometry_fsm
0.0,0.0,0.0,0.0,0.0,0.1358562707901001,400,False,false_feasible,0.7396065491823672,9,geometry_fsm
0.0,0.0,0.0,0.0,0.0,4.820000171661377,37,True,narrow_exit,0.42731652170425655,10,geometry_fsm
1.0,1.0,0.0,0.0,0.0,0.16397790610790253,92,True,straight,0.7655091961269462,11,geometry_fsm
1.0,1.0,0.0,0.0,0.0,0.15270790457725525,97,True,straight,0.8248007167804521,12,geometry_fsm
1.0,1.0,0.0,0.0,0.0,0.06469141691923141,104,True,straight,0.6529614191470621,13,geometry_fsm
0.0,0.0,0.0,1.0,0.0,0.03975657746195793,400,True,asymmetric,0.5730732880202507,14,geometry_fsm
1.0,1.0,0.0,0.0,0.0,0.13510940968990326,89,True,straight,0.7668419999727218,15,geometry_fsm
1.0,1.0,0.0,0.0,0.0,0.1382433921098709,75,True,straight,0.6583327266031102,16,geometry_fsm
1.0,1.0,0.0,1.0,0.0,0.039462871849536896,168,True,s_shaped,0.7288521800419325,17,geometry_fsm
0.0,0.0,0.0,0.0,0.0,4.820000171661377,24,True,straight,0.4879536286140265,18,geometry_fsm
1.0,1.0,0.0,0.0,0.0,0.1307743638753891,108,True,asymmetric,0.8309187254853225,19,geometry_fsm
0.0,0.0,0.0,0.0,0.0,0.1421675682067871,46,True,asymmetric,0.737249151791138,20,geometry_fsm
0.0,0.0,0.0,0.0,0.0,0.13803893327713013,400,False,false_feasible,0.7648383705995083,21,geometry_fsm
0.0,0.0,0.0,0.0,0.0,4.820000171661377,18,True,l_shaped,0.5036631430660587,22,geometry_fsm
1.0,1.0,0.0,0.0,0.0,0.0840117484331131,114,True,asymmetric,0.7585056527097924,23,geometry_fsm
1.0,1.0,0.0,1.0,0.0,0.040151163935661316,104,True,narrow_exit,0.4711872448542635,24,geometry_fsm
0.0,0.0,0.0,0.0,0.0,0.08667045831680298,400,False,false_feasible,0.605121494438039,25,geometry_fsm
0.0,0.0,0.0,1.0,0.0,0.0016153770266100764,104,True,asymmetric,0.5251225868876733,26,geometry_fsm
1.0,1.0,0.0,0.0,0.0,0.06492249667644501,95,True,straight,0.7385253553631994,27,geometry_fsm
1.0,1.0,0.0,0.0,0.0,0.05231211706995964,104,True,narrow_exit,0.5066640149633126,28,geometry_fsm
1.0,1.0,0.0,1.0,0.0,0.027027413249015808,101,True,narrow_exit,0.4435747585038711,29,geometry_fsm
1.0,1.0,0.0,0.0,0.0,0.1008625254034996,97,True,straight,0.7314161723109187,30,geometry_fsm
1.0,1.0,0.0,1.0,0.0,0.04917452856898308,95,True,l_shaped,0.6503494190686149,31,geometry_fsm
1.0,1.0,0.0,0.0,0.0,0.06763218343257904,148,True,s_shaped,0.5742652359234547,32,geometry_fsm
1.0,1.0,0.0,1.0,0.0,0.010466458275914192,99,True,l_shaped,0.5417950634861961,33,geometry_fsm
0.0,0.0,0.0,0.0,0.0,0.08921597898006439,400,False,false_feasible,0.6144019385100408,34,geometry_fsm
1.0,1.0,0.0,1.0,0.0,0.025661008432507515,90,True,narrow_exit,0.43723088091776874,35,geometry_fsm
1.0,1.0,0.0,0.0,0.0,0.15049752593040466,85,True,straight,0.8020838678910598,36,geometry_fsm
1.0,1.0,0.0,1.0,0.0,0.0013643737183883786,206,True,narrow_exit,0.43036622595646046,37,geometry_fsm
0.0,0.0,0.0,1.0,0.0,0.006064466666430235,44,True,asymmetric,0.4562633186059493,38,geometry_fsm
1.0,1.0,0.0,0.0,0.0,0.08666818588972092,110,True,narrow_exit,0.5988552398320051,39,geometry_fsm
1.0,1.0,0.0,0.0,0.0,0.09593901038169861,78,True,straight,0.725432522562784,40,geometry_fsm
1.0,1.0,0.0,0.0,0.0,0.09535589814186096,85,True,straight,0.6120095387645129,41,geometry_fsm
0.0,0.0,0.0,0.0,0.0,0.10000604391098022,400,True,asymmetric,0.5923198263419658,42,geometry_fsm
1.0,1.0,0.0,1.0,0.0,0.046517688781023026,124,True,s_shaped,0.8370483581668494,43,geometry_fsm
0.0,0.0,0.0,1.0,0.0,0.04618558660149574,400,True,l_shaped,0.8480578586931833,44,geometry_fsm
1.0,1.0,0.0,1.0,0.0,0.03529629483819008,253,True,s_shaped,0.8897573381136668,45,geometry_fsm
0.0,0.0,0.0,0.0,0.0,4.820000171661377,33,True,straight,0.5362229278359497,46,geometry_fsm
1.0,1.0,0.0,1.0,0.0,0.029202982783317566,105,True,narrow_exit,0.4425239822269924,47,geometry_fsm
1.0,1.0,0.0,0.0,0.0,0.06321248412132263,90,True,narrow_exit,0.5371511176055458,48,geometry_fsm
0.0,0.0,0.0,0.0,0.0,0.14717422425746918,400,False,false_feasible,0.7208835652826184,49,geometry_fsm
0.0,0.0,0.0,1.0,0.0,0.017296109348535538,400,False,false_feasible,0.7575371781441346,50,geometry_fsm
1.0,1.0,0.0,1.0,0.0,0.010190857574343681,89,True,asymmetric,0.6275231117261458,51,geometry_fsm
1.0,1.0,0.0,1.0,0.0,0.00795760191977024,110,True,narrow_entry,0.5528487465836486,52,geometry_fsm
1.0,1.0,0.0,1.0,0.0,0.025741901248693466,171,True,s_shaped,0.7099601420334767,53,geometry_fsm
1.0,1.0,0.0,0.0,0.0,0.06081678718328476,112,True,straight,0.6595208619747357,54,geometry_fsm
1.0,1.0,0.0,0.0,0.0,0.08214981108903885,108,True,l_shaped,0.8647340762751858,55,geometry_fsm
1.0,1.0,0.0,1.0,0.0,0.02362457476556301,79,True,narrow_exit,0.42929452031789417,56,geometry_fsm
1.0,1.0,0.0,0.0,0.0,0.09831058233976364,87,True,straight,0.5733647325970421,57,geometry_fsm
1.0,1.0,0.0,0.0,0.0,0.09049290418624878,74,True,narrow_entry,0.5753490242379482,58,geometry_fsm
0.0,0.0,0.0,0.0,0.0,4.820000171661377,36,True,s_shaped,0.5279457223978177,59,geometry_fsm
0.0,0.0,0.0,1.0,0.0,0.002140749478712678,25,True,narrow_entry,0.47364609790741546,60,geometry_fsm
0.0,0.0,0.0,0.0,0.0,4.820000171661377,30,True,narrow_entry,0.42744906383688636,61,geometry_fsm
0.0,0.0,0.0,0.0,0.0,4.820000171661377,36,True,s_shaped,0.5134542646008197,62,geometry_fsm
1.0,1.0,0.0,0.0,0.0,0.11041266471147537,90,True,narrow_exit,0.5968172602673276,63,geometry_fsm
1.0,1.0,0.0,0.0,0.0,0.07337836176156998,109,True,narrow_exit,0.5329603976495223,64,geometry_fsm
0.0,0.0,0.0,0.0,0.0,4.820000171661377,17,True,straight,0.5399964414642042,65,geometry_fsm
1.0,1.0,0.0,0.0,0.0,0.06407827883958817,106,True,straight,0.6046120577461381,66,geometry_fsm
0.0,0.0,0.0,0.0,0.0,4.820000171661377,43,True,narrow_entry,0.5912509352421983,67,geometry_fsm
1.0,1.0,0.0,0.0,0.0,0.05831516906619072,143,True,straight,0.8380217625407204,68,geometry_fsm
0.0,0.0,0.0,0.0,0.0,0.07722011208534241,400,False,false_feasible,0.6208171931233974,69,geometry_fsm
0.0,0.0,0.0,1.0,0.0,0.010157286189496517,400,False,false_feasible,0.5582930281617959,70,geometry_fsm
0.0,0.0,0.0,0.0,0.0,4.820000171661377,23,True,straight,0.46072278596289595,71,geometry_fsm
0.0,0.0,0.0,0.0,0.0,0.12494973838329315,400,False,false_feasible,0.7019815540116525,72,geometry_fsm
1.0,1.0,0.0,1.0,0.0,0.029735323041677475,142,True,s_shaped,0.4808379957565439,73,geometry_fsm
1.0,1.0,0.0,1.0,0.0,0.04981253668665886,123,True,l_shaped,0.6536879623358838,74,geometry_fsm
1.0,1.0,0.0,0.0,0.0,0.056731462478637695,100,True,narrow_entry,0.492269341530011,75,geometry_fsm
1.0,1.0,0.0,1.0,0.0,0.02558666281402111,172,True,s_shaped,0.674604594604723,76,geometry_fsm
1.0,1.0,0.0,1.0,0.0,0.024277636781334877,112,True,narrow_exit,0.4401594866180569,77,geometry_fsm
1.0,1.0,0.0,0.0,0.0,0.12815290689468384,81,True,straight,0.7194507433373412,78,geometry_fsm
0.0,0.0,0.0,0.0,0.0,4.820000171661377,36,True,straight,0.5457174553103382,79,geometry_fsm
1.0,1.0,0.0,0.0,0.0,0.09639184921979904,115,True,l_shaped,0.6335983812133983,80,geometry_fsm
0.0,0.0,0.0,0.0,0.0,0.1199701577425003,400,False,false_feasible,0.6428783819449548,81,geometry_fsm
0.0,0.0,0.0,1.0,0.0,0.006558343302458525,58,True,s_shaped,0.6977066367139615,82,geometry_fsm
1.0,1.0,0.0,1.0,0.0,0.04971495643258095,95,True,narrow_exit,0.48883414178158247,83,geometry_fsm
1.0,1.0,0.0,0.0,0.0,0.08625108003616333,77,True,narrow_entry,0.5883128762867891,84,geometry_fsm
0.0,0.0,0.0,0.0,0.0,4.820000171661377,24,True,narrow_entry,0.4426578434568448,85,geometry_fsm
1.0,1.0,0.0,0.0,0.0,0.1340452879667282,88,True,asymmetric,0.8955816314667235,86,geometry_fsm
1.0,1.0,0.0,1.0,0.0,0.049039941281080246,103,True,l_shaped,0.8429297884360163,87,geometry_fsm
1.0,1.0,0.0,1.0,0.0,0.03787296637892723,101,True,narrow_exit,0.4774908389276114,88,geometry_fsm
0.0,0.0,0.0,0.0,0.0,4.820000171661377,33,True,narrow_entry,0.5939268150156898,89,geometry_fsm
1.0,1.0,0.0,0.0,0.0,0.09566278755664825,132,True,l_shaped,0.7817166229793622,90,geometry_fsm
0.0,0.0,0.0,1.0,0.0,0.006261073052883148,27,True,narrow_entry,0.5489930514543779,91,geometry_fsm
1.0,1.0,0.0,0.0,0.0,0.07704026997089386,134,True,l_shaped,0.880295120694108,92,geometry_fsm
1.0,1.0,0.0,0.0,0.0,0.07464873045682907,103,True,narrow_exit,0.5720688978884574,93,geometry_fsm
1.0,1.0,0.0,0.0,0.0,0.15565823018550873,99,True,straight,0.7670449776704361,94,geometry_fsm
1.0,1.0,0.0,1.0,0.0,0.028529714792966843,161,True,s_shaped,0.6727968821332084,95,geometry_fsm
0.0,0.0,0.0,0.0,0.0,0.06097044050693512,400,True,asymmetric,0.5415595389622003,96,geometry_fsm
1.0,1.0,0.0,0.0,0.0,0.06858132779598236,112,True,narrow_exit,0.546897700493456,97,geometry_fsm
1.0,1.0,0.0,1.0,0.0,0.021575748920440674,84,True,straight,0.5434646894101032,98,geometry_fsm
1.0,1.0,0.0,1.0,0.0,0.011563654989004135,82,True,narrow_entry,0.4755888964779367,99,geometry_fsm
1.0,1.0,0.0,1.0,0.0,0.0008156850817613304,120,True,narrow_exit,0.482247543457469,100,geometry_fsm
1.0,1.0,0.0,0.0,0.0,0.07311996817588806,98,True,straight,0.598350569121542,101,geometry_fsm
1.0,1.0,0.0,0.0,0.0,0.1610579937696457,94,True,straight,0.8943075237273916,102,geometry_fsm
1.0,1.0,0.0,1.0,0.0,0.00897163525223732,88,True,asymmetric,0.683326348935434,103,geometry_fsm
1.0,1.0,0.0,0.0,0.0,0.13362343609333038,108,True,straight,0.8098065718061735,104,geometry_fsm
1.0,1.0,0.0,0.0,0.0,0.0944998562335968,74,True,asymmetric,0.8273907878270851,105,geometry_fsm
1.0,1.0,0.0,0.0,0.0,0.1446181982755661,103,True,straight,0.8798795126764676,106,geometry_fsm
1.0,1.0,0.0,1.0,0.0,0.03641646355390549,117,True,narrow_exit,0.45728279347440115,107,geometry_fsm
0.0,0.0,0.0,1.0,0.0,6.469141226261854e-05,22,True,narrow_entry,0.45302176139825867,108,geometry_fsm
1.0,1.0,0.0,0.0,0.0,0.05530755966901779,76,True,asymmetric,0.7813655294706134,109,geometry_fsm
0.0,0.0,0.0,1.0,0.0,0.009269645437598228,87,True,l_shaped,0.45775862446014204,110,geometry_fsm
0.0,0.0,0.0,0.0,0.0,4.820000171661377,30,True,narrow_entry,0.5740451723170577,111,geometry_fsm
0.0,0.0,0.0,1.0,0.0,0.0061085037887096405,85,True,s_shaped,0.4870435888323706,112,geometry_fsm
1.0,1.0,0.0,0.0,0.0,0.06830140203237534,140,True,l_shaped,0.7108643978748297,113,geometry_fsm
1.0,1.0,0.0,0.0,0.0,0.09159927070140839,76,True,narrow_exit,0.5438883470199346,114,geometry_fsm
0.0,0.0,0.0,0.0,0.0,0.051563698798418045,400,True,asymmetric,0.6137277089180454,115,geometry_fsm
1.0,1.0,0.0,1.0,0.0,0.0377182699739933,102,True,narrow_entry,0.5600922309347779,116,geometry_fsm
1.0,1.0,0.0,0.0,0.0,0.12374529242515564,92,True,straight,0.7558046891537344,117,geometry_fsm
0.0,0.0,0.0,0.0,0.0,4.820000171661377,48,True,straight,0.6375968725687111,118,geometry_fsm
1.0,1.0,0.0,1.0,0.0,0.04896017536520958,139,True,s_shaped,0.8976595910276768,119,geometry_fsm
0.0,0.0,0.0,0.0,0.0,4.820000171661377,36,True,straight,0.5695429946692852,120,geometry_fsm
1.0,1.0,0.0,0.0,0.0,0.05082421377301216,97,True,straight,0.5830578425978028,121,geometry_fsm
1.0,1.0,0.0,1.0,0.0,0.012387948110699654,77,True,straight,0.5053195402035809,122,geometry_fsm
1.0,1.0,0.0,1.0,0.0,0.021144872531294823,107,True,straight,0.636962545167263,123,geometry_fsm
1.0,1.0,0.0,0.0,0.0,0.05270596593618393,84,True,narrow_exit,0.49848253035124446,124,geometry_fsm
1.0,1.0,0.0,0.0,0.0,0.07001595944166183,122,True,s_shaped,0.6215824617763025,125,geometry_fsm
1.0,1.0,0.0,0.0,0.0,0.10646580904722214,87,True,l_shaped,0.6540366424282349,126,geometry_fsm
1.0,1.0,0.0,1.0,0.0,0.03851628303527832,128,True,narrow_exit,0.4663383831696767,127,geometry_fsm
1.0,1.0,0.0,0.0,0.0,0.05245652049779892,113,True,l_shaped,0.8425455487514439,128,geometry_fsm
1.0,1.0,0.0,1.0,0.0,0.04943909868597984,73,True,straight,0.5064877809019707,129,geometry_fsm
1.0,1.0,0.0,0.0,0.0,0.08189747482538223,100,True,l_shaped,0.6385316752431256,130,geometry_fsm
1.0,1.0,0.0,1.0,0.0,0.03810380771756172,105,True,l_shaped,0.6300370178623333,131,geometry_fsm
0.0,0.0,0.0,0.0,0.0,4.820000171661377,25,True,straight,0.482424741995065,132,geometry_fsm
1.0,1.0,0.0,1.0,0.0,0.04314790293574333,95,True,straight,0.5262578575925465,133,geometry_fsm
0.0,0.0,0.0,0.0,0.0,4.820000171661377,14,True,straight,0.45780458482793673,134,geometry_fsm
1.0,1.0,0.0,0.0,0.0,0.05194336548447609,105,True,narrow_exit,0.5190096445622917,135,geometry_fsm
1.0,1.0,0.0,1.0,0.0,0.022514397278428078,186,True,s_shaped,0.7595931446352189,136,geometry_fsm
1.0,1.0,0.0,0.0,0.0,0.06696604192256927,103,True,narrow_entry,0.5041725325449173,137,geometry_fsm
1.0,1.0,0.0,1.0,0.0,0.048675645142793655,106,True,l_shaped,0.8087794841954169,138,geometry_fsm
0.0,0.0,0.0,0.0,0.0,4.820000171661377,34,True,l_shaped,0.6019540267879364,139,geometry_fsm
0.0,0.0,0.0,0.0,0.0,4.820000171661377,18,True,narrow_entry,0.4813765278336673,140,geometry_fsm
0.0,0.0,0.0,0.0,0.0,4.820000171661377,15,True,narrow_entry,0.46491353265234264,141,geometry_fsm
1.0,1.0,0.0,0.0,0.0,0.1754026710987091,83,True,straight,0.8386640149975559,142,geometry_fsm
1.0,1.0,0.0,0.0,0.0,0.1772836297750473,71,True,straight,0.7569888452323249,143,geometry_fsm
1.0,1.0,0.0,1.0,0.0,0.0026928542647510767,109,True,asymmetric,0.6046745548658622,144,geometry_fsm
0.0,0.0,0.0,0.0,0.0,4.820000171661377,19,True,narrow_entry,0.495506592358284,145,geometry_fsm
1.0,1.0,0.0,0.0,0.0,0.10108335316181183,103,True,straight,0.6765939184855374,146,geometry_fsm
1.0,1.0,0.0,1.0,0.0,0.03759864717721939,75,True,narrow_exit,0.4773390076415287,147,geometry_fsm
0.0,0.0,0.0,0.0,0.0,4.820000171661377,30,False,false_feasible,0.568939979713289,148,geometry_fsm
1.0,1.0,0.0,1.0,0.0,0.025187253952026367,86,True,straight,0.45689926796611485,149,geometry_fsm
1.0,1.0,0.0,0.0,0.0,0.09058583527803421,88,True,l_shaped,0.6593707322100824,150,geometry_fsm
0.0,0.0,0.0,1.0,0.0,0.012064380571246147,142,True,l_shaped,0.5281615680526541,151,geometry_fsm
1.0,1.0,0.0,0.0,0.0,0.21238350868225098,80,True,straight,0.814488164950965,152,geometry_fsm
1.0,1.0,0.0,0.0,0.0,0.0873076543211937,82,True,narrow_entry,0.5516393054223531,153,geometry_fsm
1.0,1.0,0.0,1.0,0.0,0.041730087250471115,73,True,asymmetric,0.7063869923401409,154,geometry_fsm
1.0,1.0,0.0,0.0,0.0,0.0626777932047844,96,True,narrow_exit,0.5491354149219455,155,geometry_fsm
1.0,1.0,0.0,1.0,0.0,0.03366794064640999,100,True,narrow_exit,0.46785374890604176,156,geometry_fsm
1.0,1.0,0.0,0.0,0.0,0.056659579277038574,96,True,narrow_exit,0.5028478736920726,157,geometry_fsm
1.0,1.0,0.0,0.0,0.0,0.0819190964102745,111,True,narrow_exit,0.5845742350860054,158,geometry_fsm
1.0,1.0,0.0,0.0,0.0,0.10764776170253754,105,True,s_shaped,0.684994055835837,159,geometry_fsm
1.0,1.0,0.0,1.0,0.0,0.047582704573869705,160,True,l_shaped,0.7585458135003766,160,geometry_fsm
1.0,1.0,0.0,0.0,0.0,0.07808756083250046,100,True,l_shaped,0.7148924077108438,161,geometry_fsm
1.0,1.0,0.0,0.0,0.0,0.07495860010385513,81,True,narrow_exit,0.5558131453120774,162,geometry_fsm
0.0,0.0,0.0,0.0,0.0,4.820000171661377,31,True,narrow_entry,0.544851864380858,163,geometry_fsm
1.0,1.0,0.0,1.0,0.0,0.009751965291798115,91,True,straight,0.5027728321110996,164,geometry_fsm
1.0,1.0,0.0,0.0,0.0,0.07291700690984726,124,True,s_shaped,0.621666064237258,165,geometry_fsm
1.0,1.0,0.0,1.0,0.0,0.027700649574398994,89,True,narrow_exit,0.4446044127074401,166,geometry_fsm
0.0,0.0,0.0,0.0,0.0,4.820000171661377,41,True,s_shaped,0.530062356017301,167,geometry_fsm
0.0,0.0,0.0,0.0,0.0,0.06193378567695618,400,False,false_feasible,0.6972193117709262,168,geometry_fsm
0.0,0.0,0.0,0.0,0.0,0.09397350996732712,400,False,false_feasible,0.5691794624230437,169,geometry_fsm
0.0,0.0,0.0,0.0,0.0,0.14791759848594666,400,False,false_feasible,0.7250319800068078,170,geometry_fsm
1.0,1.0,0.0,0.0,0.0,0.10766857862472534,112,True,l_shaped,0.8863190006574062,171,geometry_fsm
0.0,0.0,0.0,0.0,0.0,0.0639919638633728,400,True,asymmetric,0.6373270935368666,172,geometry_fsm
0.0,0.0,0.0,1.0,0.0,0.008448267355561256,54,True,s_shaped,0.690824229142152,173,geometry_fsm
1.0,1.0,0.0,0.0,0.0,0.06112300977110863,124,True,straight,0.7597703150610327,174,geometry_fsm
1.0,1.0,0.0,0.0,0.0,0.11372291296720505,101,True,narrow_exit,0.5985662358586883,175,geometry_fsm
1.0,1.0,0.0,0.0,0.0,0.05743525177240372,126,True,l_shaped,0.8625231437667575,176,geometry_fsm
0.0,0.0,0.0,0.0,0.0,4.820000171661377,15,False,false_feasible,0.5607769620829026,177,geometry_fsm
1.0,1.0,0.0,1.0,0.0,0.034445978701114655,89,True,narrow_exit,0.46593736520372087,178,geometry_fsm
1.0,1.0,0.0,1.0,0.0,0.0222227293998003,109,True,narrow_entry,0.4241290121404686,179,geometry_fsm
1.0,1.0,0.0,0.0,0.0,0.059165939688682556,100,True,straight,0.6709767584367762,180,geometry_fsm
1.0,1.0,0.0,1.0,0.0,0.04256473854184151,75,True,narrow_exit,0.48039648826202497,181,geometry_fsm
0.0,0.0,0.0,0.0,0.0,4.820000171661377,24,True,straight,0.6555107863538845,182,geometry_fsm
0.0,0.0,0.0,0.0,0.0,4.820000171661377,24,True,narrow_entry,0.5339199705128345,183,geometry_fsm
1.0,1.0,0.0,0.0,0.0,0.13399477303028107,100,True,straight,0.8228727578091262,184,geometry_fsm
1.0,1.0,0.0,1.0,0.0,0.02895180694758892,77,True,straight,0.46836210199726036,185,geometry_fsm
1.0,1.0,0.0,0.0,0.0,0.0593392439186573,107,True,s_shaped,0.5895404018571003,186,geometry_fsm
1.0,1.0,0.0,0.0,0.0,0.11119328439235687,111,True,straight,0.6267418808582117,187,geometry_fsm
1.0,1.0,0.0,1.0,0.0,0.01383236050605774,90,True,asymmetric,0.8499380696396119,188,geometry_fsm
0.0,0.0,0.0,0.0,0.0,0.1070261001586914,400,False,false_feasible,0.6593489252265292,189,geometry_fsm
1.0,1.0,0.0,0.0,0.0,0.08518156409263611,162,True,l_shaped,0.8846573649966978,190,geometry_fsm
1.0,1.0,0.0,0.0,0.0,0.10565564781427383,116,True,l_shaped,0.6471237315463513,191,geometry_fsm
1.0,1.0,0.0,1.0,0.0,0.04220614582300186,123,True,l_shaped,0.8324970131757342,192,geometry_fsm
0.0,0.0,0.0,0.0,0.0,4.820000171661377,35,True,straight,0.5123739256704638,193,geometry_fsm
0.0,0.0,0.0,1.0,0.0,0.0219589676707983,400,True,asymmetric,0.583288190119579,194,geometry_fsm
1.0,1.0,0.0,0.0,0.0,0.07736600935459137,82,True,straight,0.661344212077978,195,geometry_fsm
1.0,1.0,0.0,0.0,0.0,0.11369705200195312,82,True,straight,0.7470306287893259,196,geometry_fsm
1.0,1.0,0.0,0.0,0.0,0.19116133451461792,109,True,straight,0.8108032894474879,197,geometry_fsm
1.0,1.0,0.0,0.0,0.0,0.07392539829015732,102,True,straight,0.6702472319162656,198,geometry_fsm
0.0,0.0,0.0,0.0,0.0,4.820000171661377,35,True,asymmetric,0.47359755603164005,199,geometry_fsm
1.0,1.0,0.0,1.0,0.0,0.012367961928248405,74,True,narrow_entry,0.46257503738018424,200,geometry_fsm
0.0,0.0,0.0,0.0,0.0,0.08745257556438446,400,False,false_feasible,0.7932155021506591,201,geometry_fsm
1.0,1.0,0.0,1.0,0.0,0.0010982524836435914,111,True,asymmetric,0.7255036456096886,202,geometry_fsm
1.0,1.0,0.0,0.0,0.0,0.053516387939453125,106,True,narrow_exit,0.47402333940722585,203,geometry_fsm
1.0,1.0,0.0,0.0,0.0,0.05627825856208801,104,True,l_shaped,0.6357084283012369,204,geometry_fsm
1.0,1.0,0.0,1.0,0.0,0.01395516749471426,113,True,asymmetric,0.7271459343440003,205,geometry_fsm
1.0,1.0,0.0,1.0,0.0,0.026557913050055504,85,True,narrow_exit,0.4278054630166245,206,geometry_fsm
1.0,1.0,0.0,0.0,0.0,0.0561317577958107,162,True,straight,0.6912388384985994,207,geometry_fsm
0.0,0.0,0.0,1.0,0.0,0.007049215491861105,91,True,s_shaped,0.5855585646486636,208,geometry_fsm
0.0,0.0,0.0,1.0,0.0,0.005456908605992794,31,True,narrow_entry,0.5495016711588436,209,geometry_fsm
1.0,1.0,0.0,1.0,0.0,0.0037050615064799786,145,True,l_shaped,0.6752585765988925,210,geometry_fsm
1.0,1.0,0.0,0.0,0.0,0.05512644350528717,155,True,straight,0.7022293039988456,211,geometry_fsm
1.0,1.0,0.0,1.0,0.0,0.016862032935023308,169,True,s_shaped,0.7700060944752454,212,geometry_fsm
0.0,0.0,0.0,0.0,0.0,4.820000171661377,38,True,s_shaped,0.5014385763157263,213,geometry_fsm
0.0,0.0,0.0,0.0,0.0,4.820000171661377,32,True,s_shaped,0.5950757831158703,214,geometry_fsm
0.0,0.0,0.0,0.0,0.0,0.10392894595861435,164,True,asymmetric,0.6854453793647753,215,geometry_fsm
1.0,1.0,0.0,0.0,0.0,0.0525398850440979,123,True,s_shaped,0.6094034074432924,216,geometry_fsm
1.0,1.0,0.0,0.0,0.0,0.0538155660033226,159,True,l_shaped,0.8948538911031467,217,geometry_fsm
1.0,1.0,0.0,0.0,0.0,0.0757608488202095,81,True,narrow_exit,0.5709331812458291,218,geometry_fsm
1.0,1.0,0.0,0.0,0.0,0.11532247066497803,131,True,l_shaped,0.8877556422645179,219,geometry_fsm
1.0,1.0,0.0,1.0,0.0,0.04382248595356941,85,True,narrow_entry,0.47633827962389347,220,geometry_fsm
0.0,0.0,0.0,1.0,0.0,0.0020269148517400026,81,True,l_shaped,0.508803321982123,221,geometry_fsm
0.0,0.0,0.0,0.0,0.0,4.820000171661377,18,True,narrow_entry,0.49890748799546136,222,geometry_fsm
0.0,0.0,0.0,0.0,0.0,4.820000171661377,28,True,narrow_entry,0.5645235110657127,223,geometry_fsm
1.0,1.0,0.0,0.0,0.0,0.08790208399295807,77,True,narrow_exit,0.5429246593333836,224,geometry_fsm
1.0,1.0,0.0,0.0,0.0,0.10307241976261139,72,True,narrow_entry,0.5680739504788275,225,geometry_fsm
0.0,0.0,0.0,0.0,0.0,4.820000171661377,33,True,l_shaped,0.5861931887560692,226,geometry_fsm
1.0,1.0,0.0,1.0,0.0,0.002731095999479294,138,True,asymmetric,0.8116674801962066,227,geometry_fsm
0.0,0.0,0.0,0.0,0.0,4.820000171661377,22,True,l_shaped,0.5025058767089599,228,geometry_fsm
1.0,1.0,0.0,1.0,0.0,0.028055628761649132,99,True,narrow_exit,0.445274760758701,229,geometry_fsm
0.0,0.0,0.0,0.0,0.0,4.820000171661377,15,True,straight,0.48518786514781254,230,geometry_fsm
1.0,1.0,0.0,0.0,0.0,0.07470782101154327,88,True,narrow_exit,0.5434588488907586,231,geometry_fsm
1.0,1.0,0.0,0.0,0.0,0.2199016958475113,85,True,straight,0.8478532110178382,232,geometry_fsm
0.0,0.0,0.0,0.0,0.0,0.07187929004430771,120,True,s_shaped,0.8231169852162152,233,geometry_fsm
0.0,0.0,0.0,0.0,0.0,4.820000171661377,34,True,narrow_entry,0.5286335037722145,234,geometry_fsm
1.0,1.0,0.0,0.0,0.0,0.1213216483592987,106,True,straight,0.7938707904490372,235,geometry_fsm
0.0,0.0,0.0,0.0,0.0,0.07129122316837311,400,False,false_feasible,0.7378029112128818,236,geometry_fsm
1.0,1.0,0.0,1.0,0.0,0.02428322471678257,91,True,narrow_entry,0.542545829099834,237,geometry_fsm
1.0,1.0,0.0,1.0,0.0,0.03963390365242958,96,True,narrow_exit,0.46260800782126443,238,geometry_fsm
0.0,0.0,0.0,0.0,0.0,0.13900630176067352,400,False,false_feasible,0.6941783641192707,239,geometry_fsm
1.0,1.0,0.0,0.0,0.0,0.06933057308197021,89,True,l_shaped,0.7271763004320317,240,geometry_fsm
0.0,0.0,0.0,0.0,0.0,4.820000171661377,31,True,l_shaped,0.7205153851916846,241,geometry_fsm
1.0,1.0,0.0,0.0,0.0,0.0843115895986557,96,True,narrow_exit,0.5917274410016289,242,geometry_fsm
1.0,1.0,0.0,1.0,0.0,0.04815373942255974,115,True,s_shaped,0.6135607650678738,243,geometry_fsm
1.0,1.0,0.0,0.0,0.0,0.16160784661769867,92,True,straight,0.7798916721531333,244,geometry_fsm
1.0,1.0,0.0,0.0,0.0,0.08028621971607208,109,True,narrow_exit,0.5693225041583595,245,geometry_fsm
1.0,1.0,0.0,1.0,0.0,0.03685980290174484,81,True,narrow_exit,0.47981232693166004,246,geometry_fsm
0.0,0.0,0.0,1.0,0.0,0.003306771395727992,130,True,l_shaped,0.714317969393873,247,geometry_fsm
1.0,1.0,0.0,0.0,0.0,0.08659016340970993,93,True,narrow_exit,0.5654314276872818,248,geometry_fsm
1.0,1.0,0.0,0.0,0.0,0.06607365608215332,99,True,straight,0.5846792757162791,249,geometry_fsm
1.0,1.0,0.0,0.0,0.0,0.09011061489582062,86,True,straight,0.6546702576690109,250,geometry_fsm
1.0,1.0,0.0,0.0,0.0,0.11113431304693222,89,True,straight,0.7000230371367061,251,geometry_fsm
0.0,0.0,0.0,0.0,0.0,4.820000171661377,15,True,narrow_entry,0.42899966908385145,252,geometry_fsm
0.0,0.0,0.0,1.0,0.0,0.0012304666452109814,76,True,asymmetric,0.7872374576745234,253,geometry_fsm
0.0,0.0,0.0,1.0,0.0,0.005991600453853607,400,False,false_feasible,0.6791604170683834,254,geometry_fsm
0.0,0.0,0.0,0.0,0.0,4.820000171661377,29,True,straight,0.5221009658040385,255,geometry_fsm
0.0,0.0,0.0,1.0,0.0,0.003688592929393053,148,True,s_shaped,0.5201275736502201,256,geometry_fsm
1.0,1.0,0.0,1.0,0.0,0.0393521673977375,88,True,asymmetric,0.6705579089001179,257,geometry_fsm
1.0,1.0,0.0,0.0,0.0,0.05616293475031853,83,True,straight,0.6060746072262289,258,geometry_fsm
0.0,0.0,0.0,0.0,0.0,4.820000171661377,24,True,straight,0.5762065757317139,259,geometry_fsm
0.0,0.0,0.0,0.0,0.0,4.820000171661377,14,True,straight,0.4906695374344866,260,geometry_fsm
0.0,0.0,0.0,0.0,0.0,0.1578858643770218,400,False,false_feasible,0.7594641686780483,261,geometry_fsm
1.0,1.0,0.0,1.0,0.0,0.022707022726535797,97,True,narrow_exit,0.4224338501381135,262,geometry_fsm
0.0,0.0,0.0,0.0,0.0,0.10708346962928772,400,False,false_feasible,0.725409096837252,263,geometry_fsm
0.0,0.0,0.0,0.0,0.0,0.07287196815013885,400,False,false_feasible,0.7160380264565838,264,geometry_fsm
0.0,0.0,0.0,0.0,0.0,4.820000171661377,28,True,narrow_entry,0.5855133183714907,265,geometry_fsm
1.0,1.0,0.0,0.0,0.0,0.059288397431373596,113,True,l_shaped,0.8475413930140507,266,geometry_fsm
1.0,1.0,0.0,1.0,0.0,0.012943780981004238,211,True,s_shaped,0.7095266997242662,267,geometry_fsm
1.0,1.0,0.0,0.0,0.0,0.10928081721067429,114,True,l_shaped,0.8722820543598859,268,geometry_fsm
0.0,0.0,0.0,0.0,0.0,4.820000171661377,14,True,narrow_entry,0.5069308303663955,269,geometry_fsm
1.0,1.0,0.0,1.0,0.0,0.03618195280432701,96,True,narrow_entry,0.597856038096571,270,geometry_fsm
0.0,0.0,0.0,0.0,0.0,4.820000171661377,28,True,narrow_entry,0.514985278167515,271,geometry_fsm
0.0,0.0,0.0,0.0,0.0,0.12222129106521606,48,True,asymmetric,0.6752973156244955,272,geometry_fsm
1.0,1.0,0.0,0.0,0.0,0.09057127684354782,101,True,l_shaped,0.8698628526575419,273,geometry_fsm
1.0,1.0,0.0,0.0,0.0,0.10330697149038315,107,True,l_shaped,0.7524464726237827,274,geometry_fsm
1.0,1.0,0.0,0.0,0.0,0.08737476170063019,96,True,straight,0.7669207441771506,275,geometry_fsm
1.0,1.0,0.0,0.0,0.0,0.13352110981941223,113,True,straight,0.7150150386706989,276,geometry_fsm
1.0,1.0,0.0,0.0,0.0,0.06364094465970993,121,True,s_shaped,0.5577864907283165,277,geometry_fsm
1.0,1.0,0.0,0.0,0.0,0.11001644283533096,121,True,l_shaped,0.8321948683971027,278,geometry_fsm
0.0,0.0,0.0,0.0,0.0,0.13889193534851074,400,False,false_feasible,0.6801051840521771,279,geometry_fsm
0.0,0.0,0.0,1.0,0.0,0.00513848289847374,93,True,s_shaped,0.48991319553790924,280,geometry_fsm
1.0,1.0,0.0,0.0,0.0,0.06746390461921692,95,True,narrow_exit,0.5341462060718538,281,geometry_fsm
1.0,1.0,0.0,1.0,0.0,0.044406116008758545,94,True,narrow_exit,0.4533857645129056,282,geometry_fsm
1.0,1.0,0.0,1.0,0.0,0.016360390931367874,177,True,s_shaped,0.7079848318219353,283,geometry_fsm
1.0,1.0,0.0,0.0,0.0,0.09622742235660553,90,True,asymmetric,0.8868931398485057,284,geometry_fsm
1.0,1.0,0.0,1.0,0.0,0.010027889162302017,101,True,narrow_entry,0.5046666414728542,285,geometry_fsm
1.0,1.0,0.0,0.0,0.0,0.08096771687269211,97,True,l_shaped,0.6662531847629556,286,geometry_fsm
1.0,1.0,0.0,0.0,0.0,0.17102067172527313,108,True,straight,0.7286022340234086,287,geometry_fsm
0.0,0.0,0.0,0.0,0.0,4.820000171661377,30,True,straight,0.4714423980854743,288,geometry_fsm
1.0,1.0,0.0,0.0,0.0,0.05791423097252846,119,True,l_shaped,0.702527174148475,289,geometry_fsm
1.0,1.0,0.0,1.0,0.0,0.049169499427080154,158,True,s_shaped,0.7107446685644123,290,geometry_fsm
0.0,0.0,0.0,0.0,0.0,4.820000171661377,16,True,l_shaped,0.47557852432406034,291,geometry_fsm
1.0,1.0,0.0,1.0,0.0,0.024710427969694138,86,True,narrow_exit,0.4300895657882317,292,geometry_fsm
0.0,0.0,0.0,0.0,0.0,0.14407788217067719,400,False,false_feasible,0.7117504012919573,293,geometry_fsm
0.0,0.0,0.0,0.0,0.0,4.820000171661377,49,True,straight,0.625419618052384,294,geometry_fsm
0.0,0.0,0.0,0.0,0.0,0.16384245455265045,400,False,false_feasible,0.7685074232152618,295,geometry_fsm
0.0,0.0,0.0,0.0,0.0,4.820000171661377,18,True,narrow_entry,0.4823221428564818,296,geometry_fsm
0.0,0.0,0.0,0.0,0.0,4.820000171661377,42,True,straight,0.5506367387585532,297,geometry_fsm
0.0,0.0,0.0,0.0,0.0,4.820000171661377,34,True,narrow_exit,0.5020667471832564,298,geometry_fsm
0.0,0.0,0.0,0.0,0.0,0.08764998614788055,400,False,false_feasible,0.6897108071896056,299,geometry_fsm
1.0,1.0,0.0,1.0,0.0,0.020898213610053062,108,True,l_shaped,0.5582414545201989,300,geometry_fsm
1.0,1.0,0.0,0.0,0.0,0.07962452620267868,108,True,l_shaped,0.6289406512846578,301,geometry_fsm
0.0,0.0,0.0,0.0,0.0,4.820000171661377,26,True,narrow_entry,0.44136442590735636,302,geometry_fsm
1.0,1.0,0.0,0.0,0.0,0.1641024351119995,118,True,straight,0.8661738624881904,303,geometry_fsm
1.0,1.0,0.0,1.0,0.0,0.031238384544849396,85,True,narrow_exit,0.4480013041689733,304,geometry_fsm
0.0,0.0,0.0,0.0,0.0,0.1655159443616867,82,True,s_shaped,0.7775312962331988,305,geometry_fsm
1.0,1.0,0.0,0.0,0.0,0.05948609858751297,90,True,asymmetric,0.7388786759305561,306,geometry_fsm
1.0,1.0,0.0,1.0,0.0,0.015205495059490204,128,True,s_shaped,0.5822124931701564,307,geometry_fsm
0.0,0.0,0.0,0.0,0.0,4.820000171661377,31,True,narrow_exit,0.5016232062800304,308,geometry_fsm
1.0,1.0,0.0,1.0,0.0,0.028705475851893425,89,True,narrow_entry,0.4635071265925246,309,geometry_fsm
1.0,1.0,0.0,0.0,0.0,0.10820692032575607,111,True,straight,0.8789425728914166,310,geometry_fsm
0.0,0.0,0.0,1.0,0.0,0.0309959314763546,400,False,false_feasible,0.5969467832429785,311,geometry_fsm
1.0,1.0,0.0,0.0,0.0,0.07815136015415192,100,True,l_shaped,0.6291971603060174,312,geometry_fsm
1.0,1.0,0.0,0.0,0.0,0.08385588228702545,85,True,narrow_exit,0.5974310734770286,313,geometry_fsm
1.0,1.0,0.0,0.0,0.0,0.055858999490737915,84,True,narrow_exit,0.5328892956651914,314,geometry_fsm
1.0,1.0,0.0,0.0,0.0,0.21087226271629333,81,True,straight,0.8231665887815531,315,geometry_fsm
0.0,0.0,0.0,0.0,0.0,0.08080162107944489,400,False,false_feasible,0.5912280968652435,316,geometry_fsm
0.0,0.0,0.0,1.0,0.0,0.004013906233012676,89,True,asymmetric,0.5761137069220625,317,geometry_fsm
0.0,0.0,0.0,0.0,0.0,0.1283404380083084,400,False,false_feasible,0.7292489277588412,318,geometry_fsm
0.0,0.0,0.0,0.0,0.0,4.820000171661377,18,True,narrow_entry,0.508758546807744,319,geometry_fsm
1.0,1.0,0.0,0.0,0.0,0.08304741978645325,98,True,l_shaped,0.6958785292128559,320,geometry_fsm
1.0,1.0,0.0,0.0,0.0,0.230728879570961,96,True,straight,0.8665713782649658,321,geometry_fsm
1.0,1.0,0.0,0.0,0.0,0.06477402150630951,104,True,l_shaped,0.762246701125311,322,geometry_fsm
1.0,1.0,0.0,0.0,0.0,0.052656229585409164,103,True,narrow_entry,0.5220977399863098,323,geometry_fsm
1.0,1.0,0.0,1.0,0.0,0.04724983870983124,81,True,narrow_entry,0.506188594644927,324,geometry_fsm
1.0,1.0,0.0,0.0,0.0,0.11996854841709137,98,True,straight,0.6948504472996953,325,geometry_fsm
1.0,1.0,0.0,1.0,0.0,0.04869138076901436,110,True,asymmetric,0.8757603163108129,326,geometry_fsm
1.0,1.0,0.0,0.0,0.0,0.11936157196760178,113,True,l_shaped,0.7437145120664848,327,geometry_fsm
1.0,1.0,0.0,0.0,0.0,0.09130720049142838,108,True,narrow_exit,0.5930373347889437,328,geometry_fsm
0.0,0.0,0.0,1.0,0.0,0.008148610591888428,295,True,l_shaped,0.48465800361830597,329,geometry_fsm
0.0,0.0,0.0,1.0,0.0,0.005621590185910463,26,True,straight,0.5388021041198569,330,geometry_fsm
0.0,0.0,0.0,0.0,0.0,4.820000171661377,31,True,l_shaped,0.5122599116577535,331,geometry_fsm
1.0,1.0,0.0,0.0,0.0,0.2516699433326721,95,True,straight,0.8879733804296143,332,geometry_fsm
0.0,0.0,0.0,0.0,0.0,4.820000171661377,29,True,straight,0.6088379375046895,333,geometry_fsm
1.0,1.0,0.0,0.0,0.0,0.06568987667560577,74,True,narrow_exit,0.5395145984455157,334,geometry_fsm
1.0,1.0,0.0,1.0,0.0,0.03618340939283371,80,True,asymmetric,0.7906213366026622,335,geometry_fsm
1.0,1.0,0.0,0.0,0.0,0.22743970155715942,92,True,straight,0.8256686591265201,336,geometry_fsm
1.0,1.0,0.0,1.0,0.0,0.039997734129428864,133,True,s_shaped,0.7798723707538546,337,geometry_fsm
1.0,1.0,0.0,0.0,0.0,0.061615340411663055,95,True,narrow_exit,0.5309231001240365,338,geometry_fsm
1.0,1.0,0.0,1.0,0.0,0.04500199854373932,119,True,s_shaped,0.6755564727055106,339,geometry_fsm
1.0,1.0,0.0,1.0,0.0,0.04228591546416283,74,True,straight,0.5558996745394418,340,geometry_fsm
1.0,1.0,0.0,0.0,0.0,0.09233499318361282,81,True,straight,0.687617405362166,341,geometry_fsm
0.0,0.0,0.0,0.0,0.0,4.820000171661377,32,False,false_feasible,0.596435436836294,342,geometry_fsm
0.0,0.0,0.0,0.0,0.0,4.820000171661377,24,True,narrow_entry,0.5132458505621796,343,geometry_fsm
1.0,1.0,0.0,1.0,0.0,0.030589057132601738,84,True,narrow_exit,0.4448462105512341,344,geometry_fsm
0.0,0.0,0.0,1.0,0.0,0.0010803996119648218,54,True,asymmetric,0.49641382419305524,345,geometry_fsm
0.0,0.0,0.0,0.0,0.0,0.07458467036485672,400,False,false_feasible,0.7002872187880077,346,geometry_fsm
1.0,1.0,0.0,1.0,0.0,0.029944175854325294,131,True,narrow_exit,0.4441182828076294,347,geometry_fsm
1.0,1.0,0.0,0.0,0.0,0.05716380476951599,80,True,narrow_exit,0.5184599079991126,348,geometry_fsm
1.0,1.0,0.0,0.0,0.0,0.09735860675573349,105,True,s_shaped,0.7176830131299876,349,geometry_fsm
0.0,0.0,0.0,0.0,0.0,0.16783404350280762,400,False,false_feasible,0.7678920937446353,350,geometry_fsm
0.0,0.0,0.0,1.0,0.0,0.013135891407728195,144,True,l_shaped,0.5156169164171034,351,geometry_fsm
1.0,1.0,0.0,1.0,0.0,0.03685622662305832,95,True,narrow_exit,0.4418791304607022,352,geometry_fsm
1.0,1.0,0.0,1.0,0.0,0.04936525598168373,98,True,l_shaped,0.8309334387021174,353,geometry_fsm
0.0,0.0,0.0,1.0,0.0,0.001387664582580328,73,True,asymmetric,0.6325355724787142,354,geometry_fsm
1.0,1.0,0.0,0.0,0.0,0.06470958143472672,125,True,asymmetric,0.769853736309047,355,geometry_fsm
0.0,0.0,0.0,0.0,0.0,4.820000171661377,15,True,narrow_entry,0.4442979320113952,356,geometry_fsm
0.0,0.0,0.0,0.0,0.0,0.11364129930734634,400,False,false_feasible,0.7220178129377571,357,geometry_fsm
0.0,0.0,0.0,0.0,0.0,4.820000171661377,20,True,asymmetric,0.5122639279256973,358,geometry_fsm
1.0,1.0,0.0,1.0,0.0,0.03667552024126053,96,True,straight,0.5963604019657109,359,geometry_fsm
1.0,1.0,0.0,0.0,0.0,0.0774502381682396,138,True,s_shaped,0.7531406494787242,360,geometry_fsm
1.0,1.0,0.0,0.0,0.0,0.09740056097507477,86,True,straight,0.7314355494648314,361,geometry_fsm
1.0,1.0,0.0,0.0,0.0,0.241047665476799,82,True,straight,0.8705735193751392,362,geometry_fsm
0.0,0.0,0.0,1.0,0.0,0.04647672921419144,400,False,false_feasible,0.6850875939252054,363,geometry_fsm
1.0,1.0,0.0,1.0,0.0,0.02618839032948017,124,True,asymmetric,0.7710180765352601,364,geometry_fsm
0.0,0.0,0.0,0.0,0.0,4.820000171661377,29,True,narrow_exit,0.4348439790688405,365,geometry_fsm
1.0,1.0,0.0,1.0,0.0,0.04831063002347946,106,True,straight,0.7902192468953859,366,geometry_fsm
1.0,1.0,0.0,1.0,0.0,0.013594629243016243,164,True,s_shaped,0.8335888218286462,367,geometry_fsm
0.0,0.0,0.0,0.0,0.0,4.820000171661377,28,True,narrow_exit,0.4381008243004151,368,geometry_fsm
1.0,1.0,0.0,0.0,0.0,0.1774555891752243,103,True,straight,0.8276510951348086,369,geometry_fsm
1.0,1.0,0.0,0.0,0.0,0.05932772159576416,92,True,narrow_exit,0.5391956786140941,370,geometry_fsm
1.0,1.0,0.0,0.0,0.0,0.07066906988620758,121,True,l_shaped,0.847110008824626,371,geometry_fsm
0.0,0.0,0.0,1.0,0.0,0.003409542143344879,51,True,l_shaped,0.4581934817591373,372,geometry_fsm
0.0,0.0,0.0,0.0,0.0,4.820000171661377,16,True,narrow_entry,0.4770782590610465,373,geometry_fsm
1.0,1.0,0.0,1.0,0.0,0.024848176166415215,110,True,narrow_exit,0.4350030436524524,374,geometry_fsm
0.0,0.0,0.0,0.0,0.0,4.820000171661377,33,True,s_shaped,0.5210959997474712,375,geometry_fsm
1.0,1.0,0.0,0.0,0.0,0.11834365129470825,109,True,l_shaped,0.7599771207534756,376,geometry_fsm
0.0,0.0,0.0,0.0,0.0,0.09649672359228134,400,False,false_feasible,0.5763959000903329,377,geometry_fsm
1.0,1.0,0.0,0.0,0.0,0.058670513331890106,124,True,asymmetric,0.8837715570461839,378,geometry_fsm
0.0,0.0,0.0,0.0,0.0,4.820000171661377,49,True,s_shaped,0.6107088674612805,379,geometry_fsm
1.0,1.0,0.0,0.0,0.0,0.09405937045812607,140,True,s_shaped,0.8665720663572564,380,geometry_fsm
0.0,0.0,0.0,1.0,0.0,0.034591104835271835,400,False,false_feasible,0.5545469136847588,381,geometry_fsm
0.0,0.0,0.0,0.0,0.0,0.0770140066742897,128,True,asymmetric,0.6157347958967578,382,geometry_fsm
0.0,0.0,0.0,0.0,0.0,4.820000171661377,39,True,asymmetric,0.8243683203342678,383,geometry_fsm
0.0,0.0,0.0,1.0,0.0,0.008619310334324837,50,True,s_shaped,0.49255097431141853,384,geometry_fsm
1.0,1.0,0.0,0.0,0.0,0.07456780970096588,76,True,narrow_entry,0.529213017611265,385,geometry_fsm
1.0,1.0,0.0,1.0,0.0,0.0021857316605746746,92,True,straight,0.5003285403847338,386,geometry_fsm
1.0,1.0,0.0,1.0,0.0,0.0033872276544570923,168,True,s_shaped,0.6375211634466684,387,geometry_fsm
0.0,0.0,0.0,0.0,0.0,0.13712477684020996,400,False,false_feasible,0.6893684559830444,388,geometry_fsm
1.0,1.0,0.0,1.0,0.0,0.038080211728811264,85,True,narrow_exit,0.4820052262399057,389,geometry_fsm
1.0,1.0,0.0,1.0,0.0,0.03859252110123634,195,True,s_shaped,0.8985314013551302,390,geometry_fsm
1.0,1.0,0.0,0.0,0.0,0.05453679710626602,181,True,s_shaped,0.8362736956670866,391,geometry_fsm
1.0,1.0,0.0,1.0,0.0,0.031026868149638176,88,True,narrow_exit,0.4274737393891623,392,geometry_fsm
1.0,1.0,0.0,0.0,0.0,0.0721442922949791,125,True,s_shaped,0.6570524091911358,393,geometry_fsm
1.0,1.0,0.0,1.0,0.0,0.04591921716928482,102,True,narrow_exit,0.48806207342713714,394,geometry_fsm
1.0,1.0,0.0,0.0,0.0,0.16836534440517426,84,True,straight,0.8341386340078032,395,geometry_fsm
1.0,1.0,0.0,0.0,0.0,0.06971784681081772,110,True,straight,0.6057526932596331,396,geometry_fsm
0.0,0.0,0.0,0.0,0.0,0.08896468579769135,62,True,asymmetric,0.7184018283443687,397,geometry_fsm
0.0,0.0,0.0,0.0,0.0,4.820000171661377,16,True,l_shaped,0.5257672548461756,398,geometry_fsm
0.0,0.0,0.0,1.0,0.0,0.039436183869838715,400,False,false_feasible,0.5843077481440224,399,geometry_fsm
1.0,1.0,0.0,0.0,0.0,0.050229888409376144,150,True,s_shaped,0.7658581927788515,400,geometry_fsm
1.0,1.0,0.0,0.0,0.0,0.060098376125097275,133,True,narrow_exit,0.5233998277867475,401,geometry_fsm
1.0,1.0,0.0,0.0,0.0,0.08824599534273148,112,True,l_shaped,0.8157214281345769,402,geometry_fsm
1.0,1.0,0.0,0.0,0.0,0.06218720227479935,99,True,l_shaped,0.6196972727808105,403,geometry_fsm
1.0,1.0,0.0,1.0,0.0,0.044391658157110214,108,True,s_shaped,0.5739880424521336,404,geometry_fsm
0.0,0.0,0.0,1.0,0.0,0.03301609307527542,400,True,asymmetric,0.5754713389353762,405,geometry_fsm
1.0,1.0,0.0,1.0,0.0,0.04923555999994278,129,True,l_shaped,0.6894611704819068,406,geometry_fsm
1.0,1.0,0.0,0.0,0.0,0.10100354999303818,102,True,narrow_exit,0.5718307171395534,407,geometry_fsm
0.0,0.0,0.0,0.0,0.0,4.820000171661377,15,True,straight,0.5354402950605919,408,geometry_fsm
0.0,0.0,0.0,1.0,0.0,0.0027418779209256172,113,True,s_shaped,0.541000741632369,409,geometry_fsm
1.0,1.0,0.0,0.0,0.0,0.06870479136705399,97,True,l_shaped,0.6719368886326066,410,geometry_fsm
1.0,1.0,0.0,0.0,0.0,0.10649462044239044,126,True,l_shaped,0.7757853337274119,411,geometry_fsm
1.0,1.0,0.0,1.0,0.0,0.049303483217954636,110,True,l_shaped,0.8242862266851365,412,geometry_fsm
1.0,1.0,0.0,1.0,0.0,0.0462711825966835,103,True,asymmetric,0.8030965248230605,413,geometry_fsm
0.0,0.0,0.0,0.0,0.0,4.820000171661377,14,True,narrow_entry,0.4572849318030954,414,geometry_fsm
1.0,1.0,0.0,0.0,0.0,0.05912891402840614,125,True,s_shaped,0.743024663743203,415,geometry_fsm
1.0,1.0,0.0,1.0,0.0,0.04723087698221207,89,True,narrow_exit,0.5054044202070527,416,geometry_fsm
1.0,1.0,0.0,1.0,0.0,0.04686775058507919,78,True,narrow_exit,0.46289233417751224,417,geometry_fsm
1.0,1.0,0.0,1.0,0.0,0.021384460851550102,112,True,l_shaped,0.7427339266538968,418,geometry_fsm
0.0,0.0,0.0,0.0,0.0,4.820000171661377,18,True,straight,0.4994120990101415,419,geometry_fsm
0.0,0.0,0.0,0.0,0.0,4.820000171661377,29,True,s_shaped,0.4794957070242279,420,geometry_fsm
0.0,0.0,0.0,1.0,0.0,0.0025468480307608843,31,True,narrow_entry,0.5121001182434277,421,geometry_fsm
0.0,0.0,0.0,0.0,0.0,4.820000171661377,27,True,s_shaped,0.533975671683138,422,geometry_fsm
0.0,0.0,0.0,0.0,0.0,0.13425636291503906,400,False,false_feasible,0.6957657756137586,423,geometry_fsm
0.0,0.0,0.0,1.0,0.0,0.005835920572280884,74,True,l_shaped,0.6194442011820822,424,geometry_fsm
1.0,1.0,0.0,1.0,0.0,0.04521727189421654,86,True,narrow_exit,0.4522407909989023,425,geometry_fsm
1.0,1.0,0.0,0.0,0.0,0.10409587621688843,113,True,l_shaped,0.7153903586441404,426,geometry_fsm
1.0,1.0,0.0,0.0,0.0,0.05744481459259987,113,True,l_shaped,0.7606359578464001,427,geometry_fsm
1.0,1.0,0.0,0.0,0.0,0.08321776986122131,103,True,narrow_exit,0.5692937255883069,428,geometry_fsm
1.0,1.0,0.0,0.0,0.0,0.08234530687332153,110,True,straight,0.667569585402912,429,geometry_fsm
0.0,0.0,0.0,0.0,0.0,4.820000171661377,18,True,s_shaped,0.46229221471488235,430,geometry_fsm
1.0,1.0,0.0,1.0,0.0,0.04430977627635002,84,True,narrow_entry,0.5662318067971783,431,geometry_fsm
1.0,1.0,0.0,0.0,0.0,0.06340646743774414,121,True,l_shaped,0.7151704433940544,432,geometry_fsm
0.0,0.0,0.0,0.0,0.0,4.820000171661377,54,True,l_shaped,0.6817014686813307,433,geometry_fsm
1.0,1.0,0.0,1.0,0.0,0.023656556382775307,93,True,narrow_entry,0.49704240832005486,434,geometry_fsm
0.0,0.0,0.0,0.0,0.0,0.1475522369146347,400,False,false_feasible,0.7231042539105264,435,geometry_fsm
1.0,1.0,0.0,0.0,0.0,0.08491217344999313,90,True,narrow_entry,0.5619788754499856,436,geometry_fsm
0.0,0.0,0.0,0.0,0.0,0.08293015509843826,400,True,asymmetric,0.6183184619723158,437,geometry_fsm
0.0,0.0,0.0,0.0,0.0,4.820000171661377,43,True,s_shaped,0.5873260168506701,438,geometry_fsm
1.0,1.0,0.0,0.0,0.0,0.0760561004281044,97,True,l_shaped,0.6319094461947308,439,geometry_fsm
1.0,1.0,0.0,1.0,0.0,0.012293984182178974,179,True,s_shaped,0.5641668563712667,440,geometry_fsm
1.0,1.0,0.0,0.0,0.0,0.1255560666322708,105,True,straight,0.7924514261034536,441,geometry_fsm
0.0,0.0,0.0,1.0,0.0,0.00010474151349626482,43,True,asymmetric,0.5394290418610502,442,geometry_fsm
1.0,1.0,0.0,0.0,0.0,0.08866768330335617,84,True,asymmetric,0.7669041006137016,443,geometry_fsm
0.0,0.0,0.0,0.0,0.0,4.820000171661377,26,True,narrow_entry,0.48507947475726276,444,geometry_fsm
1.0,1.0,0.0,1.0,0.0,0.004015642683953047,106,True,narrow_entry,0.4448377485215979,445,geometry_fsm
0.0,0.0,0.0,0.0,0.0,0.0918349027633667,400,False,false_feasible,0.66534121783125,446,geometry_fsm
1.0,1.0,0.0,0.0,0.0,0.05070425570011139,159,True,s_shaped,0.8212836740389787,447,geometry_fsm
1.0,1.0,0.0,0.0,0.0,0.07079176604747772,113,True,l_shaped,0.8343693759552385,448,geometry_fsm
0.0,0.0,0.0,1.0,0.0,0.0005670684622600675,52,True,s_shaped,0.47811239482201906,449,geometry_fsm
0.0,0.0,0.0,0.0,0.0,0.07502661645412445,160,True,asymmetric,0.6889928791886716,450,geometry_fsm
1.0,1.0,0.0,0.0,0.0,0.059888292104005814,112,True,l_shaped,0.8473823575317215,451,geometry_fsm
0.0,0.0,0.0,0.0,0.0,4.820000171661377,17,True,narrow_entry,0.4793145141253425,452,geometry_fsm
1.0,1.0,0.0,0.0,0.0,0.05193668231368065,104,True,l_shaped,0.7194534275892749,453,geometry_fsm
1.0,1.0,0.0,0.0,0.0,0.0529385507106781,81,True,narrow_exit,0.5008313913203086,454,geometry_fsm
1.0,1.0,0.0,0.0,0.0,0.11674676835536957,143,True,s_shaped,0.7729034384834741,455,geometry_fsm
1.0,1.0,0.0,0.0,0.0,0.11296991258859634,117,True,l_shaped,0.8403729584233337,456,geometry_fsm
1.0,1.0,0.0,0.0,0.0,0.08759491890668869,106,True,straight,0.7106544776033752,457,geometry_fsm
1.0,1.0,0.0,0.0,0.0,0.1911652535200119,84,True,straight,0.8419565890810181,458,geometry_fsm
0.0,0.0,0.0,0.0,0.0,0.09562771767377853,400,False,false_feasible,0.699712765526582,459,geometry_fsm
1.0,1.0,0.0,0.0,0.0,0.12351357191801071,102,True,l_shaped,0.8596122409195468,460,geometry_fsm
0.0,0.0,0.0,1.0,0.0,0.0017453217878937721,68,True,asymmetric,0.738572957484812,461,geometry_fsm
0.0,0.0,0.0,0.0,0.0,0.06619006395339966,400,False,false_feasible,0.5956817875528119,462,geometry_fsm
0.0,0.0,0.0,0.0,0.0,4.820000171661377,34,True,s_shaped,0.5127264132900573,463,geometry_fsm
1.0,1.0,0.0,0.0,0.0,0.0752706304192543,147,True,s_shaped,0.755607688339683,464,geometry_fsm
1.0,1.0,0.0,1.0,0.0,0.03619322553277016,101,True,straight,0.6098163806817445,465,geometry_fsm
1.0,1.0,0.0,0.0,0.0,0.09988560527563095,130,True,narrow_exit,0.5665171416124553,466,geometry_fsm
1.0,1.0,0.0,0.0,0.0,0.05366664007306099,100,True,straight,0.67675689707531,467,geometry_fsm
0.0,0.0,0.0,0.0,0.0,4.820000171661377,27,False,false_feasible,0.6659742760173044,468,geometry_fsm
0.0,0.0,0.0,1.0,0.0,0.04417656362056732,400,False,false_feasible,0.6379955262578458,469,geometry_fsm
1.0,1.0,0.0,1.0,0.0,0.04714835807681084,123,True,s_shaped,0.7659543705172558,470,geometry_fsm
0.0,0.0,0.0,0.0,0.0,0.10368765145540237,400,False,false_feasible,0.5994554950675489,471,geometry_fsm
1.0,1.0,0.0,1.0,0.0,0.04246395453810692,131,True,l_shaped,0.7194459474824384,472,geometry_fsm
1.0,1.0,0.0,1.0,0.0,0.007301025558263063,105,True,narrow_entry,0.4953063595030125,473,geometry_fsm
1.0,1.0,0.0,0.0,0.0,0.13111649453639984,105,True,l_shaped,0.8390071770842968,474,geometry_fsm
1.0,1.0,0.0,0.0,0.0,0.08109745383262634,127,True,s_shaped,0.8008481356740824,475,geometry_fsm
0.0,0.0,0.0,0.0,0.0,4.820000171661377,14,True,straight,0.45669538558625083,476,geometry_fsm
1.0,1.0,0.0,1.0,0.0,0.02433331497013569,102,True,asymmetric,0.7755399381886307,477,geometry_fsm
1.0,1.0,0.0,0.0,0.0,0.07315105199813843,86,True,narrow_exit,0.5429622343090762,478,geometry_fsm
1.0,1.0,0.0,0.0,0.0,0.11318740248680115,118,True,l_shaped,0.882291560851034,479,geometry_fsm
0.0,0.0,0.0,1.0,0.0,0.03788190335035324,400,True,asymmetric,0.5689488956035859,480,geometry_fsm
1.0,1.0,0.0,0.0,0.0,0.052654195576906204,95,True,l_shaped,0.533416030625003,481,geometry_fsm
1.0,1.0,0.0,1.0,0.0,0.03129509836435318,93,True,narrow_entry,0.45608961609163023,482,geometry_fsm
1.0,1.0,0.0,1.0,0.0,0.04393148049712181,73,True,straight,0.46005413463446826,483,geometry_fsm
1.0,1.0,0.0,0.0,0.0,0.24329540133476257,105,True,straight,0.8795550248747721,484,geometry_fsm
1.0,1.0,0.0,0.0,0.0,0.07030809670686722,78,True,narrow_exit,0.5009812265146899,485,geometry_fsm
0.0,0.0,0.0,0.0,0.0,4.820000171661377,18,True,l_shaped,0.548101919685828,486,geometry_fsm
1.0,1.0,0.0,1.0,0.0,0.04666014015674591,95,True,l_shaped,0.681719111660769,487,geometry_fsm
1.0,1.0,0.0,1.0,0.0,0.048164546489715576,114,True,s_shaped,0.6616720988573537,488,geometry_fsm
1.0,1.0,0.0,1.0,0.0,0.02384735271334648,88,True,asymmetric,0.7987479849360539,489,geometry_fsm
0.0,0.0,0.0,0.0,0.0,0.16743820905685425,400,False,false_feasible,0.7710663494109717,490,geometry_fsm
0.0,0.0,0.0,0.0,0.0,0.05014162138104439,400,True,asymmetric,0.5597360027771825,491,geometry_fsm
0.0,0.0,0.0,0.0,0.0,4.820000171661377,20,True,l_shaped,0.5024743256492846,492,geometry_fsm
0.0,0.0,0.0,1.0,0.0,0.004047537222504616,53,True,l_shaped,0.45249321789687336,493,geometry_fsm
1.0,1.0,0.0,0.0,0.0,0.12159928679466248,98,True,straight,0.78822288455471,494,geometry_fsm
0.0,0.0,0.0,0.0,0.0,4.820000171661377,41,True,narrow_exit,0.45400128804807605,495,geometry_fsm
0.0,0.0,0.0,0.0,0.0,4.820000171661377,37,True,l_shaped,0.5302308343152444,496,geometry_fsm
1.0,1.0,0.0,0.0,0.0,0.1392756998538971,90,True,straight,0.8141176441223474,497,geometry_fsm
1.0,1.0,0.0,0.0,0.0,0.10531490296125412,104,True,straight,0.783420860840579,498,geometry_fsm
1.0,1.0,0.0,0.0,0.0,0.11764274537563324,98,True,straight,0.7197207512753752,499,geometry_fsm
0.0,0.0,0.0,0.0,0.0,4.820000171661377,23,True,narrow_entry,0.5745476255840488,0,fsm_no_recovery
1.0,1.0,0.0,0.0,0.0,0.0796622708439827,87,True,straight,0.6526736720530052,1,fsm_no_recovery
0.0,0.0,0.0,0.0,0.0,0.057240769267082214,53,True,asymmetric,0.649536389472299,2,fsm_no_recovery
1.0,1.0,0.0,0.0,0.0,0.12803339958190918,125,True,l_shaped,0.8868141109777066,3,fsm_no_recovery
1.0,1.0,0.0,0.0,0.0,0.1437099426984787,101,True,straight,0.7573720289591046,4,fsm_no_recovery
1.0,1.0,0.0,0.0,0.0,0.06576113402843475,93,True,l_shaped,0.6613001150741136,5,fsm_no_recovery
1.0,1.0,0.0,1.0,0.0,0.04433371499180794,177,True,s_shaped,0.8247051882260268,6,fsm_no_recovery
1.0,1.0,0.0,1.0,0.0,0.02179514802992344,114,True,narrow_exit,0.42132520855518096,7,fsm_no_recovery
1.0,1.0,0.0,0.0,0.0,0.0803786963224411,120,True,s_shaped,0.7059335381788022,8,fsm_no_recovery
1.0,1.0,0.0,1.0,0.0,0.04629219323396683,83,True,narrow_exit,0.47471101765127016,9,fsm_no_recovery
0.0,0.0,0.0,0.0,0.0,0.07242540270090103,400,True,asymmetric,0.5552727686394033,10,fsm_no_recovery
1.0,1.0,0.0,1.0,0.0,0.030744079500436783,75,True,narrow_exit,0.4500551255833867,11,fsm_no_recovery
1.0,1.0,0.0,0.0,0.0,0.07019339501857758,87,True,straight,0.6754701487965136,12,fsm_no_recovery
1.0,1.0,0.0,1.0,0.0,0.040761008858680725,104,True,l_shaped,0.5856804401165445,13,fsm_no_recovery
0.0,0.0,0.0,1.0,0.0,0.032737188041210175,400,False,false_feasible,0.6164674903648799,14,fsm_no_recovery
0.0,0.0,0.0,0.0,0.0,0.09079239517450333,400,False,false_feasible,0.6005908411988077,15,fsm_no_recovery
1.0,1.0,0.0,1.0,0.0,0.03992848843336105,193,True,s_shaped,0.7322889783160995,16,fsm_no_recovery
0.0,0.0,0.0,1.0,0.0,0.00494158361107111,109,True,l_shaped,0.5150358849897211,17,fsm_no_recovery
1.0,1.0,0.0,0.0,0.0,0.07906677573919296,111,True,l_shaped,0.7159119711666375,18,fsm_no_recovery
1.0,1.0,0.0,0.0,0.0,0.05898284539580345,124,True,s_shaped,0.6708181474595345,19,fsm_no_recovery
0.0,0.0,0.0,0.0,0.0,4.820000171661377,19,True,s_shaped,0.4597254359461487,20,fsm_no_recovery
1.0,1.0,0.0,0.0,0.0,0.10642262548208237,122,True,l_shaped,0.7467401856113558,21,fsm_no_recovery
1.0,1.0,0.0,0.0,0.0,0.14927998185157776,86,True,straight,0.6996836112261675,22,fsm_no_recovery
1.0,1.0,0.0,0.0,0.0,0.07719048857688904,105,True,l_shaped,0.8788047277813853,23,fsm_no_recovery
1.0,1.0,0.0,0.0,0.0,0.10342524200677872,112,True,straight,0.645793677001367,24,fsm_no_recovery
1.0,1.0,0.0,0.0,0.0,0.08122747391462326,96,True,asymmetric,0.8520509878640384,25,fsm_no_recovery
1.0,1.0,0.0,1.0,0.0,0.027126921340823174,82,True,narrow_entry,0.5886263670960803,26,fsm_no_recovery
1.0,1.0,0.0,1.0,0.0,0.033214714378118515,105,True,narrow_exit,0.475858261122017,27,fsm_no_recovery
0.0,0.0,0.0,1.0,0.0,0.0034940140321850777,38,True,straight,0.5533452134994848,28,fsm_no_recovery
1.0,1.0,0.0,0.0,0.0,0.10474944114685059,123,True,s_shaped,0.762418096039299,29,fsm_no_recovery
1.0,1.0,0.0,0.0,0.0,0.23808898031711578,87,True,straight,0.8674031479529285,30,fsm_no_recovery
1.0,1.0,0.0,0.0,0.0,0.08516692370176315,86,True,narrow_exit,0.5864655172761648,31,fsm_no_recovery
1.0,1.0,0.0,0.0,0.0,0.050108615309000015,115,True,straight,0.6386014436923367,32,fsm_no_recovery
1.0,1.0,0.0,1.0,0.0,0.04473235085606575,117,True,asymmetric,0.6603217206998813,33,fsm_no_recovery
1.0,1.0,0.0,1.0,0.0,0.03756674379110336,142,True,s_shaped,0.722707119315005,34,fsm_no_recovery
1.0,1.0,0.0,1.0,0.0,0.019600484520196915,94,True,asymmetric,0.6542535969343349,35,fsm_no_recovery
1.0,1.0,0.0,1.0,0.0,0.038911763578653336,91,True,narrow_exit,0.47586024130633336,36,fsm_no_recovery
0.0,0.0,0.0,0.0,0.0,4.820000171661377,20,True,straight,0.5019705286494097,37,fsm_no_recovery
0.0,0.0,0.0,0.0,0.0,4.820000171661377,28,True,straight,0.7160147172499371,38,fsm_no_recovery
0.0,0.0,0.0,0.0,0.0,0.19184306263923645,75,True,s_shaped,0.8437522240055739,39,fsm_no_recovery
0.0,0.0,0.0,0.0,0.0,4.820000171661377,17,True,s_shaped,0.4721643539674173,40,fsm_no_recovery
1.0,1.0,0.0,0.0,0.0,0.08175469934940338,122,True,straight,0.8296087282189888,41,fsm_no_recovery
0.0,0.0,0.0,0.0,0.0,4.820000171661377,25,True,narrow_entry,0.5602193438240632,42,fsm_no_recovery
1.0,1.0,0.0,0.0,0.0,0.06195725500583649,104,True,l_shaped,0.7378034720566995,43,fsm_no_recovery
1.0,1.0,0.0,0.0,0.0,0.050192318856716156,92,True,l_shaped,0.6148766024218113,44,fsm_no_recovery
0.0,0.0,0.0,0.0,0.0,0.1025206670165062,400,False,false_feasible,0.6320903012511723,45,fsm_no_recovery
1.0,1.0,0.0,0.0,0.0,0.11599588394165039,108,True,l_shaped,0.7807019230396308,46,fsm_no_recovery
1.0,1.0,0.0,0.0,0.0,0.12151976674795151,74,True,straight,0.7765720327221421,47,fsm_no_recovery
0.0,0.0,0.0,0.0,0.0,0.12153855711221695,400,False,false_feasible,0.6984205011165886,48,fsm_no_recovery
1.0,1.0,0.0,0.0,0.0,0.05758190155029297,90,True,narrow_exit,0.5230374925260929,49,fsm_no_recovery
0.0,0.0,0.0,0.0,0.0,0.062110960483551025,400,True,s_shaped,0.7198170486851756,50,fsm_no_recovery
0.0,0.0,0.0,0.0,0.0,4.820000171661377,25,True,narrow_entry,0.48005479649908284,51,fsm_no_recovery
0.0,0.0,0.0,1.0,0.0,0.004649230744689703,29,True,straight,0.5165025176439862,52,fsm_no_recovery
1.0,1.0,0.0,0.0,0.0,0.08192513883113861,91,True,narrow_entry,0.5885051976309232,53,fsm_no_recovery
0.0,0.0,0.0,1.0,0.0,0.035595398396253586,400,False,false_feasible,0.7626334197976957,54,fsm_no_recovery
0.0,0.0,0.0,0.0,0.0,0.08291938155889511,400,True,asymmetric,0.5829115614048405,55,fsm_no_recovery
0.0,0.0,0.0,0.0,0.0,0.05662159249186516,400,False,false_feasible,0.6209771094660098,56,fsm_no_recovery
0.0,0.0,0.0,1.0,0.0,0.0097036836668849,59,True,asymmetric,0.46304977644201123,57,fsm_no_recovery
0.0,0.0,0.0,1.0,0.0,0.0010863860370591283,23,True,straight,0.4524434253579152,58,fsm_no_recovery
1.0,1.0,0.0,0.0,0.0,0.07036634534597397,105,True,l_shaped,0.8322339793153828,59,fsm_no_recovery
0.0,0.0,0.0,0.0,0.0,4.820000171661377,18,True,asymmetric,0.4680680847961799,60,fsm_no_recovery
1.0,1.0,0.0,0.0,0.0,0.09377531707286835,98,True,straight,0.7805794913708227,61,fsm_no_recovery
0.0,0.0,0.0,0.0,0.0,0.08862419426441193,400,False,false_feasible,0.563625078747824,62,fsm_no_recovery
1.0,1.0,0.0,0.0,0.0,0.20809613168239594,90,True,straight,0.8910122307993866,63,fsm_no_recovery
1.0,1.0,0.0,0.0,0.0,0.055199626833200455,98,True,narrow_exit,0.4742416738526492,64,fsm_no_recovery
0.0,0.0,0.0,0.0,0.0,4.820000171661377,24,True,straight,0.6787587323011239,65,fsm_no_recovery
0.0,0.0,0.0,0.0,0.0,4.820000171661377,30,True,straight,0.5751339956015659,66,fsm_no_recovery
1.0,1.0,0.0,1.0,0.0,0.0310845784842968,96,True,narrow_exit,0.45917313480545313,67,fsm_no_recovery
1.0,1.0,0.0,1.0,0.0,0.029685193672776222,128,True,s_shaped,0.551516790691895,68,fsm_no_recovery
1.0,1.0,0.0,1.0,0.0,0.04926610738039017,86,True,narrow_entry,0.49765527513238017,69,fsm_no_recovery
0.0,0.0,0.0,0.0,0.0,0.09457539021968842,400,False,false_feasible,0.6800687786851423,70,fsm_no_recovery
0.0,0.0,0.0,1.0,0.0,0.009887316264212132,47,True,asymmetric,0.47500556260809507,71,fsm_no_recovery
1.0,1.0,0.0,0.0,0.0,0.10128573328256607,87,True,asymmetric,0.8354466106085512,72,fsm_no_recovery
0.0,0.0,0.0,0.0,0.0,0.08614520728588104,400,False,false_feasible,0.6277403774801916,73,fsm_no_recovery
0.0,0.0,0.0,1.0,0.0,0.013632223010063171,193,True,s_shaped,0.5236880869162331,74,fsm_no_recovery
1.0,1.0,0.0,1.0,0.0,0.04566443711519241,89,True,straight,0.651710525964458,75,fsm_no_recovery
0.0,0.0,0.0,0.0,0.0,4.820000171661377,49,True,s_shaped,0.6611971203856806,76,fsm_no_recovery
0.0,0.0,0.0,0.0,0.0,0.05460015684366226,108,True,s_shaped,0.7139003278566582,77,fsm_no_recovery
1.0,1.0,0.0,1.0,0.0,0.024958953261375427,115,True,narrow_exit,0.4859895092878702,78,fsm_no_recovery
1.0,1.0,0.0,0.0,0.0,0.057637669146060944,94,True,narrow_entry,0.5108624669226296,79,fsm_no_recovery
0.0,0.0,0.0,1.0,0.0,0.011530263349413872,191,True,s_shaped,0.49724087215323176,80,fsm_no_recovery
1.0,1.0,0.0,0.0,0.0,0.1609804332256317,90,True,straight,0.867357206326812,81,fsm_no_recovery
1.0,1.0,0.0,1.0,0.0,0.011745059862732887,162,True,straight,0.5751099479703663,82,fsm_no_recovery
1.0,1.0,0.0,0.0,0.0,0.08728199452161789,100,True,narrow_exit,0.5825990169535296,83,fsm_no_recovery
1.0,1.0,0.0,0.0,0.0,0.14456456899642944,90,True,straight,0.7795860763472044,84,fsm_no_recovery
0.0,0.0,0.0,1.0,0.0,0.024265019223093987,400,False,false_feasible,0.6220570613719764,85,fsm_no_recovery
1.0,1.0,0.0,0.0,0.0,0.12289685755968094,128,True,s_shaped,0.8934930762727168,86,fsm_no_recovery
1.0,1.0,0.0,0.0,0.0,0.13153617084026337,104,True,asymmetric,0.8661157502489499,87,fsm_no_recovery
0.0,0.0,0.0,0.0,0.0,4.820000171661377,15,True,narrow_entry,0.5757821786500192,88,fsm_no_recovery
0.0,0.0,0.0,1.0,0.0,0.0018025933532044291,55,True,asymmetric,0.4520250562228466,89,fsm_no_recovery
1.0,1.0,0.0,0.0,0.0,0.07802979648113251,132,True,l_shaped,0.8337515083343607,90,fsm_no_recovery
1.0,1.0,0.0,0.0,0.0,0.06381596624851227,89,True,l_shaped,0.8489509029773412,91,fsm_no_recovery
0.0,0.0,0.0,0.0,0.0,0.07210016250610352,400,False,false_feasible,0.6519854877828206,92,fsm_no_recovery
0.0,0.0,0.0,0.0,0.0,0.07926850765943527,400,False,false_feasible,0.5835917283282654,93,fsm_no_recovery
1.0,1.0,0.0,0.0,0.0,0.05958082526922226,135,True,l_shaped,0.6391717971773747,94,fsm_no_recovery
1.0,1.0,0.0,0.0,0.0,0.05604484677314758,121,True,l_shaped,0.5964042287325046,95,fsm_no_recovery
1.0,1.0,0.0,0.0,0.0,0.052728071808815,89,True,l_shaped,0.5586174277319983,96,fsm_no_recovery
1.0,1.0,0.0,1.0,0.0,0.0024706164840608835,116,True,narrow_entry,0.4989095265451547,97,fsm_no_recovery
1.0,1.0,0.0,1.0,0.0,0.034125179052352905,98,True,narrow_entry,0.521190732072763,98,fsm_no_recovery
1.0,1.0,0.0,0.0,0.0,0.24524864554405212,76,True,straight,0.8818985350481492,99,fsm_no_recovery
1.0,1.0,0.0,0.0,0.0,0.14258615672588348,92,True,straight,0.6548030290852931,100,fsm_no_recovery
1.0,1.0,0.0,1.0,0.0,0.025189222767949104,77,True,straight,0.6230269700954676,101,fsm_no_recovery
1.0,1.0,0.0,1.0,0.0,0.027335530146956444,118,True,l_shaped,0.6273565997301439,102,fsm_no_recovery
1.0,1.0,0.0,1.0,0.0,0.01575479842722416,179,True,s_shaped,0.6702759029282437,103,fsm_no_recovery
1.0,1.0,0.0,1.0,0.0,0.0480116531252861,123,True,l_shaped,0.6659385302479793,104,fsm_no_recovery
0.0,0.0,0.0,1.0,0.0,0.003928470890969038,400,True,s_shaped,0.77020111871855,105,fsm_no_recovery
0.0,0.0,0.0,0.0,0.0,4.820000171661377,16,True,straight,0.4997832604029915,106,fsm_no_recovery
0.0,0.0,0.0,0.0,0.0,4.820000171661377,27,True,narrow_exit,0.5736065026816259,107,fsm_no_recovery
1.0,1.0,0.0,0.0,0.0,0.11871156096458435,107,True,l_shaped,0.8634571564062063,108,fsm_no_recovery
1.0,1.0,0.0,0.0,0.0,0.09654374420642853,108,True,l_shaped,0.809646085008671,109,fsm_no_recovery
1.0,1.0,0.0,1.0,0.0,0.03663479536771774,84,True,straight,0.6059153949332314,110,fsm_no_recovery
0.0,0.0,0.0,0.0,0.0,4.820000171661377,15,True,narrow_entry,0.47708757080339614,111,fsm_no_recovery
1.0,1.0,0.0,0.0,0.0,0.10718938708305359,113,True,straight,0.6782817157119195,112,fsm_no_recovery
0.0,0.0,0.0,0.0,0.0,0.07307490706443787,400,False,false_feasible,0.5817274938796283,113,fsm_no_recovery
1.0,1.0,0.0,0.0,0.0,0.08070539683103561,70,True,narrow_exit,0.5705241318316682,114,fsm_no_recovery
1.0,1.0,0.0,0.0,0.0,0.09370484948158264,107,True,l_shaped,0.7248465599559383,115,fsm_no_recovery
1.0,1.0,0.0,1.0,0.0,0.03123180754482746,72,True,narrow_entry,0.4954690298221449,116,fsm_no_recovery
1.0,1.0,0.0,0.0,0.0,0.16711395978927612,88,True,straight,0.8503453897539288,117,fsm_no_recovery
0.0,0.0,0.0,1.0,0.0,0.04431886598467827,400,False,false_feasible,0.5998854982248727,118,fsm_no_recovery
1.0,1.0,0.0,0.0,0.0,0.0786236822605133,120,True,l_shaped,0.6826587690822432,119,fsm_no_recovery
0.0,0.0,0.0,0.0,0.0,0.13531914353370667,400,False,false_feasible,0.7495243589545832,120,fsm_no_recovery
0.0,0.0,0.0,0.0,0.0,4.820000171661377,23,True,narrow_entry,0.4910333798670148,121,fsm_no_recovery
0.0,0.0,0.0,0.0,0.0,0.05997372046113014,400,False,false_feasible,0.5991855451876579,122,fsm_no_recovery
0.0,0.0,0.0,1.0,0.0,0.0157025009393692,400,False,false_feasible,0.5747311262762056,123,fsm_no_recovery
1.0,1.0,0.0,1.0,0.0,0.03861324116587639,149,True,s_shaped,0.5667479279345404,124,fsm_no_recovery
1.0,1.0,0.0,1.0,0.0,0.02529820054769516,125,True,l_shaped,0.5826482773085442,125,fsm_no_recovery
0.0,0.0,0.0,0.0,0.0,0.06357160955667496,400,False,false_feasible,0.5844483839819513,126,fsm_no_recovery
0.0,0.0,0.0,0.0,0.0,4.820000171661377,28,True,straight,0.5639649634800888,127,fsm_no_recovery
0.0,0.0,0.0,0.0,0.0,4.820000171661377,15,True,narrow_entry,0.4868254746758899,128,fsm_no_recovery
1.0,1.0,0.0,0.0,0.0,0.12987558543682098,79,True,straight,0.8532549370906337,129,fsm_no_recovery
0.0,0.0,0.0,0.0,0.0,4.820000171661377,24,True,straight,0.6361055690894865,130,fsm_no_recovery
1.0,1.0,0.0,0.0,0.0,0.08923067897558212,84,True,asymmetric,0.8435588129350073,131,fsm_no_recovery
1.0,1.0,0.0,0.0,0.0,0.08856195211410522,94,True,asymmetric,0.7998114209974616,132,fsm_no_recovery
1.0,1.0,0.0,0.0,0.0,0.15470413863658905,103,True,straight,0.8785123721305574,133,fsm_no_recovery
0.0,0.0,0.0,1.0,0.0,0.009270349517464638,69,True,narrow_exit,0.4254098241770122,134,fsm_no_recovery
0.0,0.0,0.0,1.0,0.0,0.006648308597505093,128,True,s_shaped,0.6302030603603752,135,fsm_no_recovery
1.0,1.0,0.0,0.0,0.0,0.16103346645832062,87,True,straight,0.8642996362231056,136,fsm_no_recovery
0.0,0.0,0.0,0.0,0.0,4.820000171661377,37,True,narrow_entry,0.5551509452540747,137,fsm_no_recovery
1.0,1.0,0.0,0.0,0.0,0.1018378883600235,105,True,straight,0.8970158242850301,138,fsm_no_recovery
1.0,1.0,0.0,0.0,0.0,0.054020896553993225,95,True,straight,0.5185470195709091,139,fsm_no_recovery
1.0,1.0,0.0,1.0,0.0,0.04118086397647858,118,True,l_shaped,0.7767810577727555,140,fsm_no_recovery
0.0,0.0,0.0,1.0,0.0,0.007051920052617788,116,True,l_shaped,0.5297559755621727,141,fsm_no_recovery
0.0,0.0,0.0,0.0,0.0,4.820000171661377,28,True,narrow_entry,0.5156544860875039,142,fsm_no_recovery
1.0,1.0,0.0,0.0,0.0,0.05925297364592552,170,True,s_shaped,0.7028185185283498,143,fsm_no_recovery
1.0,1.0,0.0,0.0,0.0,0.05892562121152878,112,True,s_shaped,0.6480225487050986,144,fsm_no_recovery
0.0,0.0,0.0,1.0,0.0,0.0040247151628136635,42,True,l_shaped,0.5390144312666386,145,fsm_no_recovery
0.0,0.0,0.0,1.0,0.0,0.007182376924902201,400,True,l_shaped,0.5123945233050388,146,fsm_no_recovery
0.0,0.0,0.0,0.0,0.0,4.820000171661377,53,True,narrow_entry,0.5298108869196912,147,fsm_no_recovery
1.0,1.0,0.0,0.0,0.0,0.0813383013010025,99,True,narrow_exit,0.5775193703980521,148,fsm_no_recovery
1.0,1.0,0.0,0.0,0.0,0.09093397110700607,112,True,l_shaped,0.6950467809186028,149,fsm_no_recovery
0.0,0.0,0.0,0.0,0.0,0.14359444379806519,400,False,false_feasible,0.7945511076911403,150,fsm_no_recovery
0.0,0.0,0.0,0.0,0.0,4.820000171661377,33,True,narrow_exit,0.5254730473372898,151,fsm_no_recovery
1.0,1.0,0.0,1.0,0.0,0.01342742145061493,89,True,straight,0.4533781647599999,152,fsm_no_recovery
1.0,1.0,0.0,0.0,0.0,0.08124912530183792,81,True,straight,0.798451155532373,153,fsm_no_recovery
1.0,1.0,0.0,1.0,0.0,0.019549960270524025,92,True,straight,0.5192836121599319,154,fsm_no_recovery
0.0,0.0,0.0,1.0,0.0,0.03978812322020531,400,False,false_feasible,0.5844993793369764,155,fsm_no_recovery
0.0,0.0,0.0,0.0,0.0,4.820000171661377,25,True,straight,0.6405729276058443,156,fsm_no_recovery
1.0,1.0,0.0,0.0,0.0,0.0734238252043724,75,True,narrow_exit,0.5129626924744154,157,fsm_no_recovery
0.0,0.0,0.0,1.0,0.0,0.0009764384594745934,54,True,s_shaped,0.6411496161669552,158,fsm_no_recovery
1.0,1.0,0.0,1.0,0.0,0.037401944398880005,134,True,s_shaped,0.5946955570084048,159,fsm_no_recovery
1.0,1.0,0.0,1.0,0.0,0.019900770857930183,99,True,straight,0.5190864849245762,160,fsm_no_recovery
1.0,1.0,0.0,1.0,0.0,0.045721862465143204,111,True,straight,0.6463424968624184,161,fsm_no_recovery
0.0,0.0,0.0,0.0,0.0,4.820000171661377,16,True,asymmetric,0.525600381860042,162,fsm_no_recovery
1.0,1.0,0.0,0.0,0.0,0.054348211735486984,111,True,l_shaped,0.7820089002478678,163,fsm_no_recovery
0.0,0.0,0.0,0.0,0.0,4.820000171661377,32,True,l_shaped,0.5486351474153845,164,fsm_no_recovery
1.0,1.0,0.0,0.0,0.0,0.15190806984901428,86,True,straight,0.8203984302631049,165,fsm_no_recovery
1.0,1.0,0.0,0.0,0.0,0.08681734651327133,110,True,narrow_exit,0.5775151558297348,166,fsm_no_recovery
1.0,1.0,0.0,0.0,0.0,0.05968615785241127,92,True,narrow_exit,0.5219557171457361,167,fsm_no_recovery
1.0,1.0,0.0,0.0,0.0,0.06231195107102394,108,True,straight,0.720701303605207,168,fsm_no_recovery
1.0,1.0,0.0,0.0,0.0,0.05633822828531265,82,True,narrow_entry,0.5210201522202079,169,fsm_no_recovery
1.0,1.0,0.0,1.0,0.0,0.02988383360207081,105,True,narrow_exit,0.4582098849913337,170,fsm_no_recovery
0.0,0.0,0.0,0.0,0.0,4.820000171661377,49,True,s_shaped,0.6642412905053974,171,fsm_no_recovery
0.0,0.0,0.0,0.0,0.0,4.820000171661377,35,True,l_shaped,0.49462063676946644,172,fsm_no_recovery
1.0,1.0,0.0,0.0,0.0,0.06592024862766266,94,True,l_shaped,0.6123414089332142,173,fsm_no_recovery
1.0,1.0,0.0,0.0,0.0,0.133222296833992,76,True,asymmetric,0.8683499794137999,174,fsm_no_recovery
1.0,1.0,0.0,1.0,0.0,0.049837347120046616,72,True,narrow_entry,0.5146908948394837,175,fsm_no_recovery
1.0,1.0,0.0,0.0,0.0,0.11210425943136215,90,True,narrow_exit,0.5961541459020789,176,fsm_no_recovery
1.0,1.0,0.0,0.0,0.0,0.06987366825342178,114,True,l_shaped,0.7131387162622216,177,fsm_no_recovery
1.0,1.0,0.0,0.0,0.0,0.051651481539011,106,True,narrow_exit,0.49767342066372383,178,fsm_no_recovery
0.0,0.0,0.0,1.0,0.0,0.0017335263546556234,72,True,l_shaped,0.6529709250833649,179,fsm_no_recovery
1.0,1.0,0.0,0.0,0.0,0.07712886482477188,83,True,l_shaped,0.6203667544018789,180,fsm_no_recovery
1.0,1.0,0.0,1.0,0.0,0.040274251252412796,117,True,narrow_exit,0.5688221787462739,181,fsm_no_recovery
0.0,0.0,0.0,0.0,0.0,0.17145909368991852,400,False,false_feasible,0.7809751001363575,182,fsm_no_recovery
1.0,1.0,0.0,1.0,0.0,0.04973725229501724,71,True,narrow_entry,0.5093551468390755,183,fsm_no_recovery
1.0,1.0,0.0,0.0,0.0,0.0729634165763855,89,True,l_shaped,0.7042850597838175,184,fsm_no_recovery
0.0,0.0,0.0,0.0,0.0,0.13611406087875366,400,False,false_feasible,0.7639105304256009,185,fsm_no_recovery
1.0,1.0,0.0,1.0,0.0,0.03476985916495323,161,True,s_shaped,0.7039767061616304,186,fsm_no_recovery
1.0,1.0,0.0,1.0,0.0,0.04161013290286064,106,True,narrow_entry,0.47119148422321355,187,fsm_no_recovery
1.0,1.0,0.0,1.0,0.0,0.0453466959297657,102,True,narrow_exit,0.48781212141747776,188,fsm_no_recovery
0.0,0.0,0.0,0.0,0.0,4.820000171661377,27,True,l_shaped,0.5128306443806043,189,fsm_no_recovery
1.0,1.0,0.0,0.0,0.0,0.0617828406393528,78,True,asymmetric,0.888487705398981,190,fsm_no_recovery
1.0,1.0,0.0,1.0,0.0,0.03420408070087433,115,True,straight,0.6905703380801739,191,fsm_no_recovery
1.0,1.0,0.0,0.0,0.0,0.09431807696819305,111,True,narrow_entry,0.5825380476131046,192,fsm_no_recovery
0.0,0.0,0.0,1.0,0.0,0.004159554373472929,71,True,asymmetric,0.5200909519385607,193,fsm_no_recovery
0.0,0.0,0.0,0.0,0.0,0.10452694445848465,400,False,false_feasible,0.5973408729182135,194,fsm_no_recovery
0.0,0.0,0.0,0.0,0.0,0.13651104271411896,400,False,false_feasible,0.7858455878194632,195,fsm_no_recovery
1.0,1.0,0.0,1.0,0.0,0.029066963121294975,87,True,narrow_entry,0.5021526944223321,196,fsm_no_recovery
1.0,1.0,0.0,1.0,0.0,0.007735706865787506,121,True,narrow_entry,0.5875232079380317,197,fsm_no_recovery
1.0,1.0,0.0,0.0,0.0,0.0798555463552475,133,True,l_shaped,0.6820900543296231,198,fsm_no_recovery
0.0,0.0,0.0,0.0,0.0,4.820000171661377,30,True,straight,0.5378059084915514,199,fsm_no_recovery
1.0,1.0,0.0,0.0,0.0,0.08252812176942825,106,True,narrow_exit,0.531202003531005,200,fsm_no_recovery
1.0,1.0,0.0,0.0,0.0,0.08579237014055252,111,True,l_shaped,0.6470287045541268,201,fsm_no_recovery
1.0,1.0,0.0,0.0,0.0,0.08503815531730652,110,True,l_shaped,0.7439363482602684,202,fsm_no_recovery
0.0,0.0,0.0,0.0,0.0,0.09542977064847946,400,False,false_feasible,0.5768280907081301,203,fsm_no_recovery
1.0,1.0,0.0,1.0,0.0,0.02195252664387226,157,True,s_shaped,0.6397947282215526,204,fsm_no_recovery
0.0,0.0,0.0,0.0,0.0,0.1706676483154297,52,True,s_shaped,0.8535399172158142,205,fsm_no_recovery
1.0,1.0,0.0,1.0,0.0,0.04425559192895889,121,True,narrow_exit,0.48258125427046256,206,fsm_no_recovery
1.0,1.0,0.0,0.0,0.0,0.05055529996752739,124,True,s_shaped,0.8154553325341767,207,fsm_no_recovery
1.0,1.0,0.0,0.0,0.0,0.08988581597805023,111,True,straight,0.7320712422528939,208,fsm_no_recovery
1.0,1.0,0.0,0.0,0.0,0.2213152050971985,78,True,straight,0.8802209967851831,209,fsm_no_recovery
1.0,1.0,0.0,1.0,0.0,0.04374062269926071,134,True,s_shaped,0.8472715047153352,210,fsm_no_recovery
1.0,1.0,0.0,1.0,0.0,0.04124390706419945,94,True,l_shaped,0.5887499417787799,211,fsm_no_recovery
1.0,1.0,0.0,1.0,0.0,0.008234799839556217,157,True,narrow_entry,0.5667131573193758,212,fsm_no_recovery
1.0,1.0,0.0,0.0,0.0,0.07128821313381195,109,True,s_shaped,0.6264270100869495,213,fsm_no_recovery
1.0,1.0,0.0,0.0,0.0,0.06870105117559433,103,True,l_shaped,0.6161727786034359,214,fsm_no_recovery
1.0,1.0,0.0,1.0,0.0,0.029419373720884323,98,True,asymmetric,0.8994733368001464,215,fsm_no_recovery
1.0,1.0,0.0,0.0,0.0,0.13314883410930634,91,True,straight,0.6647402849773161,216,fsm_no_recovery
1.0,1.0,0.0,1.0,0.0,0.03476503863930702,108,True,narrow_exit,0.4605319798989982,217,fsm_no_recovery
0.0,0.0,0.0,0.0,0.0,4.820000171661377,33,True,asymmetric,0.5914565741834572,218,fsm_no_recovery
1.0,1.0,0.0,1.0,0.0,0.008345076814293861,87,True,l_shaped,0.5264099881977184,219,fsm_no_recovery
1.0,1.0,0.0,0.0,0.0,0.07617847621440887,81,True,narrow_exit,0.5661578762718981,220,fsm_no_recovery
0.0,0.0,0.0,1.0,0.0,0.0031587169505655766,85,True,asymmetric,0.5558653747870402,221,fsm_no_recovery
1.0,1.0,0.0,1.0,0.0,0.029794298112392426,81,True,narrow_entry,0.4880972425602814,222,fsm_no_recovery
0.0,0.0,0.0,0.0,0.0,4.820000171661377,32,True,straight,0.5435991331688073,223,fsm_no_recovery
1.0,1.0,0.0,0.0,0.0,0.1039327085018158,102,True,l_shaped,0.7861841102834488,224,fsm_no_recovery
0.0,0.0,0.0,0.0,0.0,0.1134386658668518,60,True,asymmetric,0.739013588355597,225,fsm_no_recovery
0.0,0.0,0.0,0.0,0.0,4.820000171661377,41,True,narrow_entry,0.4376018395401797,226,fsm_no_recovery
1.0,1.0,0.0,0.0,0.0,0.08702795207500458,79,True,narrow_entry,0.5644897089519058,227,fsm_no_recovery
1.0,1.0,0.0,0.0,0.0,0.05091750994324684,134,True,s_shaped,0.5511102635456432,228,fsm_no_recovery
1.0,1.0,0.0,0.0,0.0,0.10369858145713806,125,True,l_shaped,0.862828015169764,229,fsm_no_recovery
1.0,1.0,0.0,1.0,0.0,0.03336406871676445,107,True,l_shaped,0.7285123715280867,230,fsm_no_recovery
1.0,1.0,0.0,0.0,0.0,0.11711765080690384,139,True,s_shaped,0.8445051624382662,231,fsm_no_recovery
1.0,1.0,0.0,0.0,0.0,0.08832713216543198,120,True,l_shaped,0.676293721641159,232,fsm_no_recovery
1.0,1.0,0.0,0.0,0.0,0.0610668808221817,117,True,l_shaped,0.7814354479658496,233,fsm_no_recovery
1.0,1.0,0.0,0.0,0.0,0.058820731937885284,95,True,narrow_entry,0.5971533476906399,234,fsm_no_recovery
1.0,1.0,0.0,0.0,0.0,0.07286658138036728,122,True,s_shaped,0.8439925700372564,235,fsm_no_recovery
1.0,1.0,0.0,0.0,0.0,0.08077691495418549,103,True,narrow_entry,0.5291453112387963,236,fsm_no_recovery
1.0,1.0,0.0,1.0,0.0,0.04076134413480759,106,True,narrow_exit,0.4826896590230621,237,fsm_no_recovery
1.0,1.0,0.0,0.0,0.0,0.210008442401886,82,True,straight,0.7873675879700865,238,fsm_no_recovery
0.0,0.0,0.0,0.0,0.0,4.820000171661377,26,True,asymmetric,0.5471661556940697,239,fsm_no_recovery
1.0,1.0,0.0,0.0,0.0,0.06574954837560654,89,True,narrow_entry,0.5539190500850983,240,fsm_no_recovery
1.0,1.0,0.0,0.0,0.0,0.07728733122348785,87,True,asymmetric,0.8152885670486694,241,fsm_no_recovery
1.0,1.0,0.0,1.0,0.0,0.014088056050240993,87,True,l_shaped,0.5261106183222851,242,fsm_no_recovery
0.0,0.0,0.0,1.0,0.0,0.006118868011981249,28,True,straight,0.5096439364281361,243,fsm_no_recovery
1.0,1.0,0.0,0.0,0.0,0.06195450946688652,112,True,narrow_exit,0.5139825167225671,244,fsm_no_recovery
1.0,1.0,0.0,0.0,0.0,0.17112265527248383,82,True,straight,0.8084572784112112,245,fsm_no_recovery
0.0,0.0,0.0,0.0,0.0,0.08607456833124161,400,True,asymmetric,0.5985905830189792,246,fsm_no_recovery
1.0,1.0,0.0,0.0,0.0,0.05671432614326477,83,True,narrow_exit,0.5223900849691774,247,fsm_no_recovery
1.0,1.0,0.0,0.0,0.0,0.05671306326985359,99,True,narrow_exit,0.5414550641484401,248,fsm_no_recovery
1.0,1.0,0.0,1.0,0.0,0.038465503603219986,90,True,straight,0.5500655675535648,249,fsm_no_recovery
0.0,0.0,0.0,0.0,0.0,4.820000171661377,45,True,asymmetric,0.6956092285827585,250,fsm_no_recovery
1.0,1.0,0.0,1.0,0.0,0.04919910430908203,127,True,s_shaped,0.7208986335873884,251,fsm_no_recovery
0.0,0.0,0.0,0.0,0.0,0.12353107333183289,400,True,s_shaped,0.8829899948406159,252,fsm_no_recovery
1.0,1.0,0.0,1.0,0.0,0.03207571059465408,76,True,narrow_entry,0.42578683580451304,253,fsm_no_recovery
1.0,1.0,0.0,0.0,0.0,0.08661900460720062,124,True,l_shaped,0.7387025966839585,254,fsm_no_recovery
1.0,1.0,0.0,1.0,0.0,0.0448012612760067,88,True,narrow_entry,0.5997891499718648,255,fsm_no_recovery
0.0,0.0,0.0,0.0,0.0,0.0715237557888031,400,False,false_feasible,0.6816933078405769,256,fsm_no_recovery
1.0,1.0,0.0,0.0,0.0,0.06466801464557648,129,True,l_shaped,0.64791406911621,257,fsm_no_recovery
1.0,1.0,0.0,0.0,0.0,0.06256560981273651,113,True,l_shaped,0.6962772785421936,258,fsm_no_recovery
1.0,1.0,0.0,0.0,0.0,0.06843453645706177,89,True,l_shaped,0.5988046486258587,259,fsm_no_recovery
1.0,1.0,0.0,1.0,0.0,0.005075535736978054,84,True,narrow_entry,0.4238080820561928,260,fsm_no_recovery
1.0,1.0,0.0,0.0,0.0,0.10074367374181747,79,True,straight,0.7117772840814217,261,fsm_no_recovery
1.0,1.0,0.0,1.0,0.0,0.027157042175531387,109,True,narrow_exit,0.43292348562480826,262,fsm_no_recovery
0.0,0.0,0.0,0.0,0.0,4.820000171661377,39,False,false_feasible,0.5875098945620526,263,fsm_no_recovery
1.0,1.0,0.0,0.0,0.0,0.11433354765176773,92,True,l_shaped,0.6647548094891085,264,fsm_no_recovery
1.0,1.0,0.0,0.0,0.0,0.11833193153142929,97,True,straight,0.6476303309426706,265,fsm_no_recovery
1.0,1.0,0.0,1.0,0.0,0.04183323681354523,79,True,asymmetric,0.7702676194137246,266,fsm_no_recovery
1.0,1.0,0.0,1.0,0.0,0.010990134440362453,178,True,s_shaped,0.6362686435745704,267,fsm_no_recovery
0.0,0.0,0.0,0.0,0.0,0.08235255628824234,400,False,false_feasible,0.5530129657539813,268,fsm_no_recovery
1.0,1.0,0.0,1.0,0.0,0.017544584348797798,97,True,asymmetric,0.7262227151140552,269,fsm_no_recovery
0.0,0.0,0.0,0.0,0.0,4.820000171661377,38,True,narrow_entry,0.5050443619616078,270,fsm_no_recovery
0.0,0.0,0.0,0.0,0.0,4.820000171661377,34,True,straight,0.5488108164909411,271,fsm_no_recovery
1.0,1.0,0.0,0.0,0.0,0.12729215621948242,120,True,l_shaped,0.8368025100385041,272,fsm_no_recovery
1.0,1.0,0.0,1.0,0.0,0.04654290899634361,112,True,l_shaped,0.7618169657636347,273,fsm_no_recovery
1.0,1.0,0.0,0.0,0.0,0.06883108615875244,102,True,straight,0.6638875280476219,274,fsm_no_recovery
1.0,1.0,0.0,1.0,0.0,0.012992622330784798,157,True,asymmetric,0.6840323605176697,275,fsm_no_recovery
1.0,1.0,0.0,1.0,0.0,0.009309771470725536,104,True,s_shaped,0.5137375355878072,276,fsm_no_recovery
0.0,0.0,0.0,1.0,0.0,0.007982401177287102,138,True,s_shaped,0.6848443956099852,277,fsm_no_recovery
1.0,1.0,0.0,0.0,0.0,0.05853794887661934,90,True,straight,0.5617324115483817,278,fsm_no_recovery
1.0,1.0,0.0,0.0,0.0,0.07750113308429718,101,True,l_shaped,0.6886985308213855,279,fsm_no_recovery
1.0,1.0,0.0,0.0,0.0,0.12476245313882828,110,True,straight,0.8022692545418904,280,fsm_no_recovery
0.0,0.0,0.0,0.0,0.0,4.820000171661377,23,True,narrow_entry,0.5617600052753791,281,fsm_no_recovery
0.0,0.0,0.0,0.0,0.0,4.820000171661377,36,True,s_shaped,0.5160344549434437,282,fsm_no_recovery
0.0,0.0,0.0,1.0,0.0,0.03855595365166664,400,True,s_shaped,0.8901205856045911,283,fsm_no_recovery
1.0,1.0,0.0,0.0,0.0,0.05475565791130066,112,True,straight,0.6406448042477723,284,fsm_no_recovery
1.0,1.0,0.0,0.0,0.0,0.07106150686740875,112,True,l_shaped,0.6770453578667718,285,fsm_no_recovery
1.0,1.0,0.0,0.0,0.0,0.054026976227760315,232,True,s_shaped,0.8894371798868155,286,fsm_no_recovery
1.0,1.0,0.0,0.0,0.0,0.1062556728720665,84,True,straight,0.7536657385826413,287,fsm_no_recovery
1.0,1.0,0.0,0.0,0.0,0.05233367532491684,93,True,narrow_entry,0.48503380179348293,288,fsm_no_recovery
1.0,1.0,0.0,0.0,0.0,0.06909488141536713,77,True,straight,0.6725701007885039,289,fsm_no_recovery
1.0,1.0,0.0,0.0,0.0,0.1762067973613739,109,True,straight,0.813124900959316,290,fsm_no_recovery
0.0,0.0,0.0,0.0,0.0,4.820000171661377,77,True,narrow_entry,0.4814768871962921,291,fsm_no_recovery
1.0,1.0,0.0,0.0,0.0,0.13859347999095917,92,True,straight,0.8674507811043997,292,fsm_no_recovery
1.0,1.0,0.0,0.0,0.0,0.07162270694971085,89,True,l_shaped,0.5732577758727204,293,fsm_no_recovery
1.0,1.0,0.0,0.0,0.0,0.07388868927955627,85,True,l_shaped,0.5975657475888168,294,fsm_no_recovery
0.0,0.0,0.0,0.0,0.0,4.820000171661377,41,False,false_feasible,0.6829559639444835,295,fsm_no_recovery
1.0,1.0,0.0,1.0,0.0,0.011578313075006008,75,True,narrow_entry,0.475522732049595,296,fsm_no_recovery
1.0,1.0,0.0,0.0,0.0,0.07984396815299988,97,True,narrow_exit,0.56386012589863,297,fsm_no_recovery
0.0,0.0,0.0,0.0,0.0,4.820000171661377,46,True,s_shaped,0.4691060787726442,298,fsm_no_recovery
0.0,0.0,0.0,0.0,0.0,0.11532583832740784,74,True,asymmetric,0.6416869341657822,299,fsm_no_recovery
1.0,1.0,0.0,0.0,0.0,0.10008226335048676,118,True,l_shaped,0.7046055987183408,300,fsm_no_recovery
0.0,0.0,0.0,1.0,0.0,0.0006999106844887137,71,False,false_feasible,0.5855259814629107,301,fsm_no_recovery
0.0,0.0,0.0,0.0,0.0,4.820000171661377,38,True,straight,0.7037380815620913,302,fsm_no_recovery
0.0,0.0,0.0,0.0,0.0,0.05180276185274124,400,True,asymmetric,0.48038729148812404,303,fsm_no_recovery
1.0,1.0,0.0,0.0,0.0,0.052998561412096024,96,True,straight,0.5954696479642971,304,fsm_no_recovery
1.0,1.0,0.0,1.0,0.0,0.005867999512702227,112,True,straight,0.4968681722112922,305,fsm_no_recovery
0.0,0.0,0.0,1.0,0.0,0.0027752937749028206,123,True,s_shaped,0.8650609373457014,306,fsm_no_recovery
1.0,1.0,0.0,0.0,0.0,0.07281826436519623,115,True,s_shaped,0.6372727560302809,307,fsm_no_recovery
1.0,1.0,0.0,1.0,0.0,0.000709749583620578,158,True,narrow_exit,0.43692381639038946,308,fsm_no_recovery
0.0,0.0,0.0,1.0,0.0,0.00011623687896644697,72,True,l_shaped,0.6157548738928549,309,fsm_no_recovery
1.0,1.0,0.0,1.0,0.0,0.023150859400629997,110,True,l_shaped,0.5386317941790119,310,fsm_no_recovery
1.0,1.0,0.0,0.0,0.0,0.07483109831809998,89,True,narrow_entry,0.5257535086600513,311,fsm_no_recovery
1.0,1.0,0.0,0.0,0.0,0.06130634993314743,118,True,s_shaped,0.7642432835408647,312,fsm_no_recovery
1.0,1.0,0.0,0.0,0.0,0.058132726699113846,179,True,s_shaped,0.7755441157697789,313,fsm_no_recovery
1.0,1.0,0.0,1.0,0.0,0.030287282541394234,134,True,straight,0.7002856335590052,314,fsm_no_recovery
0.0,0.0,0.0,1.0,0.0,0.00862991251051426,59,True,s_shaped,0.5346469026546081,315,fsm_no_recovery
0.0,0.0,0.0,0.0,0.0,4.820000171661377,33,True,straight,0.5815401945434963,316,fsm_no_recovery
1.0,1.0,0.0,1.0,0.0,0.02581045590341091,115,True,l_shaped,0.584606314874935,317,fsm_no_recovery
0.0,0.0,0.0,0.0,0.0,0.07977388054132462,400,False,false_feasible,0.6679100476560947,318,fsm_no_recovery
1.0,1.0,0.0,0.0,0.0,0.11063839495182037,74,True,asymmetric,0.8977542377957146,319,fsm_no_recovery
1.0,1.0,0.0,0.0,0.0,0.06589795649051666,76,True,narrow_entry,0.5854642047991006,320,fsm_no_recovery
0.0,0.0,0.0,1.0,0.0,0.045536939054727554,400,False,false_feasible,0.5995294353530227,321,fsm_no_recovery
0.0,0.0,0.0,0.0,0.0,4.820000171661377,37,True,s_shaped,0.7603928317998392,322,fsm_no_recovery
0.0,0.0,0.0,1.0,0.0,0.0006298512453213334,35,True,narrow_entry,0.5502741522345308,323,fsm_no_recovery
1.0,1.0,0.0,0.0,0.0,0.22245381772518158,80,True,straight,0.8341335779160304,324,fsm_no_recovery
0.0,0.0,0.0,0.0,0.0,4.820000171661377,32,True,narrow_entry,0.5101189513190285,325,fsm_no_recovery
1.0,1.0,0.0,0.0,0.0,0.05808611959218979,103,True,asymmetric,0.7493462845218546,326,fsm_no_recovery
1.0,1.0,0.0,0.0,0.0,0.07360758632421494,92,True,l_shaped,0.5874662755670266,327,fsm_no_recovery
1.0,1.0,0.0,0.0,0.0,0.09669364243745804,111,True,straight,0.7622367003940507,328,fsm_no_recovery
0.0,0.0,0.0,0.0,0.0,4.820000171661377,34,True,straight,0.4712626524854183,329,fsm_no_recovery
1.0,1.0,0.0,0.0,0.0,0.0781790167093277,85,True,narrow_entry,0.52658390848266,330,fsm_no_recovery
0.0,0.0,0.0,1.0,0.0,0.003991988487541676,80,True,l_shaped,0.5352710747342472,331,fsm_no_recovery
1.0,1.0,0.0,0.0,0.0,0.07904945313930511,83,True,asymmetric,0.8125977142540357,332,fsm_no_recovery
0.0,0.0,0.0,0.0,0.0,0.05629580095410347,400,False,false_feasible,0.6843593933384942,333,fsm_no_recovery
0.0,0.0,0.0,0.0,0.0,4.820000171661377,27,True,straight,0.5390913358876082,334,fsm_no_recovery
1.0,1.0,0.0,1.0,0.0,0.03515066206455231,103,True,narrow_entry,0.5445324710314174,335,fsm_no_recovery
1.0,1.0,0.0,0.0,0.0,0.09176686406135559,122,True,l_shaped,0.7637731478234682,336,fsm_no_recovery
0.0,0.0,0.0,0.0,0.0,0.09009676426649094,400,False,false_feasible,0.6006013198759406,337,fsm_no_recovery
1.0,1.0,0.0,0.0,0.0,0.06997857242822647,103,True,narrow_exit,0.5354784966013542,338,fsm_no_recovery
1.0,1.0,0.0,1.0,0.0,0.03247936815023422,94,True,straight,0.5729204433264841,339,fsm_no_recovery
1.0,1.0,0.0,0.0,0.0,0.17327600717544556,80,True,straight,0.716523727699982,340,fsm_no_recovery
1.0,1.0,0.0,1.0,0.0,0.046463608741760254,115,True,narrow_exit,0.5003250038090357,341,fsm_no_recovery
1.0,1.0,0.0,1.0,0.0,0.014158968813717365,81,True,straight,0.5143533305968733,342,fsm_no_recovery
0.0,0.0,0.0,1.0,0.0,0.003740041283890605,87,True,s_shaped,0.555678073466654,343,fsm_no_recovery
1.0,1.0,0.0,0.0,0.0,0.1499972641468048,110,True,straight,0.7238968886820527,344,fsm_no_recovery
0.0,0.0,0.0,0.0,0.0,0.13198792934417725,400,False,false_feasible,0.6805353618022505,345,fsm_no_recovery
0.0,0.0,0.0,1.0,0.0,0.001419002073816955,400,False,false_feasible,0.619299535052635,346,fsm_no_recovery
0.0,0.0,0.0,0.0,0.0,4.820000171661377,36,True,s_shaped,0.5037517961679152,347,fsm_no_recovery
0.0,0.0,0.0,0.0,0.0,4.820000171661377,16,True,l_shaped,0.5234430081230041,348,fsm_no_recovery
0.0,0.0,0.0,0.0,0.0,0.11008986085653305,400,False,false_feasible,0.7572718958339757,349,fsm_no_recovery
1.0,1.0,0.0,1.0,0.0,0.028656240552663803,91,True,narrow_exit,0.42223149850484326,350,fsm_no_recovery
1.0,1.0,0.0,0.0,0.0,0.08430042862892151,127,True,l_shaped,0.6873951935237322,351,fsm_no_recovery
1.0,1.0,0.0,1.0,0.0,0.031044980511069298,171,True,s_shaped,0.6746761156383666,352,fsm_no_recovery
0.0,0.0,0.0,1.0,0.0,0.0010044167283922434,147,True,s_shaped,0.4639476548165105,353,fsm_no_recovery
0.0,0.0,0.0,0.0,0.0,4.820000171661377,40,True,straight,0.4949783350985309,354,fsm_no_recovery
1.0,1.0,0.0,0.0,0.0,0.06286940723657608,133,True,narrow_exit,0.5181368822200751,355,fsm_no_recovery
0.0,0.0,0.0,0.0,0.0,0.13696910440921783,400,False,false_feasible,0.7590499377394438,356,fsm_no_recovery
1.0,1.0,0.0,0.0,0.0,0.0727916955947876,128,True,s_shaped,0.6310668974274827,357,fsm_no_recovery
0.0,0.0,0.0,0.0,0.0,4.820000171661377,36,True,straight,0.633085127725872,358,fsm_no_recovery
0.0,0.0,0.0,1.0,0.0,0.025993579998612404,400,True,narrow_exit,0.4256846395247397,359,fsm_no_recovery
1.0,1.0,0.0,0.0,0.0,0.1353750228881836,117,True,l_shaped,0.8489905011575196,360,fsm_no_recovery
1.0,1.0,0.0,0.0,0.0,0.19254766404628754,108,True,straight,0.8373987758344472,361,fsm_no_recovery
0.0,0.0,0.0,0.0,0.0,0.1416921466588974,400,False,false_feasible,0.7829560726988289,362,fsm_no_recovery
1.0,1.0,0.0,0.0,0.0,0.05690421536564827,109,True,straight,0.6734542037162343,363,fsm_no_recovery
1.0,1.0,0.0,0.0,0.0,0.10789597034454346,106,True,s_shaped,0.6589807318427364,364,fsm_no_recovery
0.0,0.0,0.0,0.0,0.0,4.820000171661377,27,True,asymmetric,0.5809726586027926,365,fsm_no_recovery
0.0,0.0,0.0,1.0,0.0,0.003231594804674387,111,True,s_shaped,0.8162620576693067,366,fsm_no_recovery
1.0,1.0,0.0,0.0,0.0,0.09725914150476456,102,True,l_shaped,0.8283132767401924,367,fsm_no_recovery
0.0,0.0,0.0,0.0,0.0,4.820000171661377,40,True,asymmetric,0.48155149441988276,368,fsm_no_recovery
1.0,1.0,0.0,0.0,0.0,0.0911664292216301,101,True,narrow_exit,0.5672103557924545,369,fsm_no_recovery
1.0,1.0,0.0,0.0,0.0,0.13545365631580353,82,True,straight,0.7122071077788414,370,fsm_no_recovery
1.0,1.0,0.0,0.0,0.0,0.09070483595132828,90,True,narrow_exit,0.5907563642249145,371,fsm_no_recovery
1.0,1.0,0.0,0.0,0.0,0.13940386474132538,74,True,straight,0.8188461987908233,372,fsm_no_recovery
1.0,1.0,0.0,0.0,0.0,0.09647129476070404,97,True,narrow_exit,0.5662134503646514,373,fsm_no_recovery
1.0,1.0,0.0,0.0,0.0,0.17680132389068604,110,True,straight,0.7392616939501118,374,fsm_no_recovery
1.0,1.0,0.0,0.0,0.0,0.20403215289115906,80,True,straight,0.8372535998731345,375,fsm_no_recovery
1.0,1.0,0.0,0.0,0.0,0.06895043700933456,94,True,straight,0.7004187407298574,376,fsm_no_recovery
0.0,0.0,0.0,1.0,0.0,0.004577300976961851,72,True,s_shaped,0.5255720912694887,377,fsm_no_recovery
1.0,1.0,0.0,1.0,0.0,0.026831965893507004,143,True,l_shaped,0.6997690282736465,378,fsm_no_recovery
0.0,0.0,0.0,0.0,0.0,4.820000171661377,33,True,narrow_entry,0.43675967955453554,379,fsm_no_recovery
1.0,1.0,0.0,1.0,0.0,0.0309583842754364,100,True,l_shaped,0.5339979466629434,380,fsm_no_recovery
1.0,1.0,0.0,0.0,0.0,0.18654505908489227,105,True,straight,0.8469349692471471,381,fsm_no_recovery
1.0,1.0,0.0,0.0,0.0,0.0838303416967392,100,True,narrow_exit,0.5854397396219889,382,fsm_no_recovery
1.0,1.0,0.0,1.0,0.0,0.025412477552890778,193,True,s_shaped,0.7539050118042848,383,fsm_no_recovery
1.0,1.0,0.0,0.0,0.0,0.06610672920942307,84,True,narrow_entry,0.5367474224646778,384,fsm_no_recovery
0.0,0.0,0.0,0.0,0.0,4.820000171661377,49,True,narrow_exit,0.5445393166870626,385,fsm_no_recovery
0.0,0.0,0.0,0.0,0.0,4.820000171661377,23,True,asymmetric,0.48381273356948834,386,fsm_no_recovery
1.0,1.0,0.0,0.0,0.0,0.07249472290277481,73,True,narrow_exit,0.5086433250600779,387,fsm_no_recovery
1.0,1.0,0.0,0.0,0.0,0.0926159918308258,100,True,l_shaped,0.7789634429167849,388,fsm_no_recovery
0.0,0.0,0.0,0.0,0.0,4.820000171661377,15,True,straight,0.46273153753715157,389,fsm_no_recovery
0.0,0.0,0.0,0.0,0.0,4.820000171661377,49,True,s_shaped,0.8654906530396146,390,fsm_no_recovery
1.0,1.0,0.0,1.0,0.0,0.008547485806047916,154,True,s_shaped,0.5489970476972676,391,fsm_no_recovery
1.0,1.0,0.0,1.0,0.0,0.03323432058095932,90,True,narrow_exit,0.46868461428884617,392,fsm_no_recovery
1.0,1.0,0.0,1.0,0.0,0.035882629454135895,111,True,s_shaped,0.5604103192201321,393,fsm_no_recovery
1.0,1.0,0.0,0.0,0.0,0.05433418229222298,117,True,l_shaped,0.6440932266821061,394,fsm_no_recovery
1.0,1.0,0.0,0.0,0.0,0.07881685346364975,139,True,s_shaped,0.7865053754159992,395,fsm_no_recovery
1.0,1.0,0.0,1.0,0.0,0.022158639505505562,115,True,straight,0.634698663099951,396,fsm_no_recovery
1.0,1.0,0.0,1.0,0.0,0.03197891265153885,78,True,narrow_exit,0.46491867166896966,397,fsm_no_recovery
0.0,0.0,0.0,0.0,0.0,4.820000171661377,45,True,s_shaped,0.4504454972668738,398,fsm_no_recovery
1.0,1.0,0.0,0.0,0.0,0.2480444312095642,76,True,straight,0.873615105571611,399,fsm_no_recovery
0.0,0.0,0.0,0.0,0.0,0.08358382433652878,400,False,false_feasible,0.7025724879259627,400,fsm_no_recovery
1.0,1.0,0.0,0.0,0.0,0.10520144551992416,115,True,l_shaped,0.8690594978157582,401,fsm_no_recovery
1.0,1.0,0.0,0.0,0.0,0.1470497101545334,111,True,straight,0.8652889633163358,402,fsm_no_recovery
1.0,1.0,0.0,0.0,0.0,0.05415799096226692,266,True,s_shaped,0.7530811716263597,403,fsm_no_recovery
0.0,0.0,0.0,0.0,0.0,0.07238277792930603,400,False,false_feasible,0.590261420704985,404,fsm_no_recovery
1.0,1.0,0.0,0.0,0.0,0.05161658301949501,107,True,narrow_exit,0.5213643978453197,405,fsm_no_recovery
0.0,0.0,0.0,0.0,0.0,4.820000171661377,21,True,straight,0.560082209741563,406,fsm_no_recovery
0.0,0.0,0.0,1.0,0.0,0.012922239489853382,400,True,asymmetric,0.5258901968122404,407,fsm_no_recovery
1.0,1.0,0.0,1.0,0.0,0.038204971700906754,105,True,straight,0.7995099043571807,408,fsm_no_recovery
0.0,0.0,0.0,1.0,0.0,0.011247985064983368,51,True,l_shaped,0.5206614738003867,409,fsm_no_recovery
1.0,1.0,0.0,0.0,0.0,0.08810263872146606,85,True,straight,0.7164804345775513,410,fsm_no_recovery
1.0,1.0,0.0,0.0,0.0,0.052936334162950516,115,True,l_shaped,0.7082303859110689,411,fsm_no_recovery
1.0,1.0,0.0,0.0,0.0,0.055218663066625595,185,True,s_shaped,0.818787587347954,412,fsm_no_recovery
1.0,1.0,0.0,0.0,0.0,0.05193909630179405,84,True,straight,0.7228127787525637,413,fsm_no_recovery
0.0,0.0,0.0,1.0,0.0,0.004200189374387264,155,True,s_shaped,0.5221521562242907,414,fsm_no_recovery
1.0,1.0,0.0,1.0,0.0,0.02347435988485813,149,True,s_shaped,0.7448012511411441,415,fsm_no_recovery
1.0,1.0,0.0,0.0,0.0,0.09023457020521164,74,True,narrow_entry,0.5593952102007809,416,fsm_no_recovery
1.0,1.0,0.0,0.0,0.0,0.05257265642285347,101,True,asymmetric,0.7929328594635792,417,fsm_no_recovery
1.0,1.0,0.0,0.0,0.0,0.0814269408583641,107,True,l_shaped,0.6269625604803,418,fsm_no_recovery
1.0,1.0,0.0,0.0,0.0,0.09280596673488617,113,True,l_shaped,0.8368561355588942,419,fsm_no_recovery
1.0,1.0,0.0,0.0,0.0,0.0894763171672821,117,True,l_shaped,0.8934140529757,420,fsm_no_recovery
1.0,1.0,0.0,1.0,0.0,0.017163394019007683,121,True,l_shaped,0.8659261726555774,421,fsm_no_recovery
1.0,1.0,0.0,0.0,0.0,0.07682991772890091,76,True,narrow_exit,0.5795804244599301,422,fsm_no_recovery
0.0,0.0,0.0,1.0,0.0,0.0006321162218227983,148,True,s_shaped,0.7278061949665587,423,fsm_no_recovery
1.0,1.0,0.0,1.0,0.0,0.0007471537683159113,114,True,asymmetric,0.6182648281319505,424,fsm_no_recovery
0.0,0.0,0.0,0.0,0.0,0.09728400409221649,400,False,false_feasible,0.7308898385229509,425,fsm_no_recovery
0.0,0.0,0.0,0.0,0.0,4.820000171661377,29,True,l_shaped,0.5012582646685599,426,fsm_no_recovery
1.0,1.0,0.0,1.0,0.0,0.040515776723623276,173,True,s_shaped,0.6960660571082298,427,fsm_no_recovery
1.0,1.0,0.0,1.0,0.0,0.03657154738903046,89,True,straight,0.4876029144668152,428,fsm_no_recovery
0.0,0.0,0.0,0.0,0.0,0.10890060663223267,400,False,false_feasible,0.7898448180788078,429,fsm_no_recovery
0.0,0.0,0.0,1.0,0.0,0.021737974137067795,400,False,false_feasible,0.6137966280733855,430,fsm_no_recovery
1.0,1.0,0.0,0.0,0.0,0.0658007487654686,94,True,l_shaped,0.5727761895044058,431,fsm_no_recovery
1.0,1.0,0.0,0.0,0.0,0.13308513164520264,78,True,straight,0.6937823572484527,432,fsm_no_recovery
0.0,0.0,0.0,1.0,0.0,0.007262416183948517,110,True,s_shaped,0.8554973909178045,433,fsm_no_recovery
0.0,0.0,0.0,1.0,0.0,0.002530919387936592,24,True,narrow_entry,0.47460077388279576,434,fsm_no_recovery
1.0,1.0,0.0,1.0,0.0,0.0388924777507782,75,True,narrow_entry,0.5745182073131728,435,fsm_no_recovery
1.0,1.0,0.0,1.0,0.0,0.041997190564870834,80,True,straight,0.5992871906066504,436,fsm_no_recovery
1.0,1.0,0.0,0.0,0.0,0.07202639430761337,113,True,l_shaped,0.8920038138631132,437,fsm_no_recovery
1.0,1.0,0.0,1.0,0.0,0.03560059517621994,75,True,straight,0.5348520353855511,438,fsm_no_recovery
1.0,1.0,0.0,0.0,0.0,0.08944191038608551,72,True,narrow_exit,0.5420420797509233,439,fsm_no_recovery
1.0,1.0,0.0,1.0,0.0,0.04179612174630165,143,True,s_shaped,0.8716567503943187,440,fsm_no_recovery
0.0,0.0,0.0,0.0,0.0,4.820000171661377,35,True,asymmetric,0.514484477663621,441,fsm_no_recovery
1.0,1.0,0.0,0.0,0.0,0.0591927245259285,97,True,l_shaped,0.6997546106729574,442,fsm_no_recovery
0.0,0.0,0.0,0.0,0.0,0.12218279391527176,400,False,false_feasible,0.7820596620280413,443,fsm_no_recovery
1.0,1.0,0.0,1.0,0.0,0.034850750118494034,103,True,narrow_entry,0.5262383893820324,444,fsm_no_recovery
1.0,1.0,0.0,1.0,0.0,0.04523473232984543,134,True,l_shaped,0.5734104908481463,445,fsm_no_recovery
1.0,1.0,0.0,0.0,0.0,0.052515171468257904,90,True,narrow_exit,0.5070320953806626,446,fsm_no_recovery
0.0,0.0,0.0,0.0,0.0,4.820000171661377,32,True,straight,0.5096458414236432,447,fsm_no_recovery
1.0,1.0,0.0,0.0,0.0,0.060362618416547775,160,True,l_shaped,0.8542127003301647,448,fsm_no_recovery
1.0,1.0,0.0,0.0,0.0,0.12335552275180817,116,True,l_shaped,0.8108580750708367,449,fsm_no_recovery
0.0,0.0,0.0,1.0,0.0,0.003421542001888156,148,True,s_shaped,0.4667896315813174,450,fsm_no_recovery
1.0,1.0,0.0,1.0,0.0,0.03937504440546036,81,True,narrow_exit,0.48096521401573505,451,fsm_no_recovery
1.0,1.0,0.0,0.0,0.0,0.11938902735710144,120,True,straight,0.8818565486283572,452,fsm_no_recovery
1.0,1.0,0.0,1.0,0.0,0.043871715664863586,83,True,narrow_entry,0.5070243572425855,453,fsm_no_recovery
0.0,0.0,0.0,1.0,0.0,0.006172428838908672,90,True,l_shaped,0.4924034390007451,454,fsm_no_recovery
0.0,0.0,0.0,0.0,0.0,4.820000171661377,35,True,s_shaped,0.6087351923362321,455,fsm_no_recovery
1.0,1.0,0.0,0.0,0.0,0.08757323771715164,117,True,s_shaped,0.6656501758000399,456,fsm_no_recovery
0.0,0.0,0.0,0.0,0.0,4.820000171661377,21,True,straight,0.47784846466150943,457,fsm_no_recovery
0.0,0.0,0.0,0.0,0.0,0.13491742312908173,400,False,false_feasible,0.68651351668702,458,fsm_no_recovery
0.0,0.0,0.0,1.0,0.0,0.004207924474030733,69,True,l_shaped,0.4556095469270469,459,fsm_no_recovery
1.0,1.0,0.0,0.0,0.0,0.061703167855739594,176,True,s_shaped,0.8319474382772145,460,fsm_no_recovery
1.0,1.0,0.0,1.0,0.0,0.027895696461200714,128,True,l_shaped,0.6081073574801689,461,fsm_no_recovery
0.0,0.0,0.0,0.0,0.0,0.06888100504875183,400,True,asymmetric,0.5209206809798153,462,fsm_no_recovery
0.0,0.0,0.0,0.0,0.0,4.820000171661377,28,True,l_shaped,0.46479045161991106,463,fsm_no_recovery
1.0,1.0,0.0,0.0,0.0,0.0716802328824997,96,True,narrow_exit,0.5400531894414131,464,fsm_no_recovery
1.0,1.0,0.0,1.0,0.0,0.04842640087008476,124,True,l_shaped,0.5986430485989414,465,fsm_no_recovery
1.0,1.0,0.0,0.0,0.0,0.23177891969680786,77,True,straight,0.8348237759178962,466,fsm_no_recovery
1.0,1.0,0.0,0.0,0.0,0.16380219161510468,97,True,straight,0.8619286216903344,467,fsm_no_recovery
1.0,1.0,0.0,0.0,0.0,0.0986197292804718,94,True,asymmetric,0.8650753082980338,468,fsm_no_recovery
0.0,0.0,0.0,0.0,0.0,4.820000171661377,23,True,l_shaped,0.5122291506723482,469,fsm_no_recovery
0.0,0.0,0.0,0.0,0.0,4.820000171661377,27,True,straight,0.49957652029775995,470,fsm_no_recovery
0.0,0.0,0.0,0.0,0.0,0.052283067256212234,129,True,asymmetric,0.6855407315302016,471,fsm_no_recovery
1.0,1.0,0.0,0.0,0.0,0.1687932312488556,76,True,straight,0.7464807668130418,472,fsm_no_recovery
1.0,1.0,0.0,1.0,0.0,0.045873649418354034,126,True,l_shaped,0.5544362073014045,473,fsm_no_recovery
1.0,1.0,0.0,0.0,0.0,0.1060304194688797,108,True,l_shaped,0.7465518296866449,474,fsm_no_recovery
0.0,0.0,0.0,0.0,0.0,0.07789653539657593,400,False,false_feasible,0.6906320301889947,475,fsm_no_recovery
0.0,0.0,0.0,0.0,0.0,4.820000171661377,29,True,l_shaped,0.45318840937647664,476,fsm_no_recovery
0.0,0.0,0.0,1.0,0.0,0.0307744350284338,400,True,asymmetric,0.6015018634188176,477,fsm_no_recovery
1.0,1.0,0.0,1.0,0.0,0.0025120035279542208,114,True,straight,0.46579084466526366,478,fsm_no_recovery
0.0,0.0,0.0,0.0,0.0,0.1425090879201889,400,False,false_feasible,0.7479618224477685,479,fsm_no_recovery
1.0,1.0,0.0,0.0,0.0,0.08762670308351517,95,True,narrow_exit,0.5940175134555659,480,fsm_no_recovery
1.0,1.0,0.0,0.0,0.0,0.07559158653020859,109,True,narrow_exit,0.5836291835636911,481,fsm_no_recovery
1.0,1.0,0.0,1.0,0.0,0.006920213811099529,118,True,asymmetric,0.7033420089298698,482,fsm_no_recovery
1.0,1.0,0.0,0.0,0.0,0.07261247932910919,76,True,narrow_exit,0.5298044115200842,483,fsm_no_recovery
1.0,1.0,0.0,0.0,0.0,0.05053362995386124,161,True,l_shaped,0.8343911280127465,484,fsm_no_recovery
1.0,1.0,0.0,0.0,0.0,0.06960329413414001,86,True,narrow_exit,0.5426470890897435,485,fsm_no_recovery
0.0,0.0,0.0,0.0,0.0,0.06012323126196861,400,False,false_feasible,0.7388428853063269,486,fsm_no_recovery
1.0,1.0,0.0,0.0,0.0,0.05994507670402527,95,True,straight,0.6214231566218853,487,fsm_no_recovery
1.0,1.0,0.0,0.0,0.0,0.2023916244506836,93,True,straight,0.8269277817849692,488,fsm_no_recovery
0.0,0.0,0.0,1.0,0.0,0.00945685151964426,83,True,s_shaped,0.5239704266659997,489,fsm_no_recovery
1.0,1.0,0.0,1.0,0.0,0.01978885382413864,108,True,asymmetric,0.6948441411670399,490,fsm_no_recovery
1.0,1.0,0.0,0.0,0.0,0.20135018229484558,106,True,straight,0.8333842660207158,491,fsm_no_recovery
0.0,0.0,0.0,1.0,0.0,0.005546863656491041,84,True,s_shaped,0.5816104671629537,492,fsm_no_recovery
1.0,1.0,0.0,1.0,0.0,0.043689340353012085,140,True,s_shaped,0.8570278576887512,493,fsm_no_recovery
1.0,1.0,0.0,0.0,0.0,0.07447787374258041,93,True,l_shaped,0.7928766803538789,494,fsm_no_recovery
0.0,0.0,0.0,1.0,0.0,0.0064845094457268715,70,True,asymmetric,0.5655041514639754,495,fsm_no_recovery
0.0,0.0,0.0,1.0,0.0,0.039802517741918564,400,False,false_feasible,0.6476116275992401,496,fsm_no_recovery
1.0,1.0,0.0,1.0,0.0,0.033347971737384796,114,True,straight,0.4699787836097656,497,fsm_no_recovery
0.0,0.0,0.0,0.0,0.0,0.11267493665218353,400,False,false_feasible,0.6217088886700382,498,fsm_no_recovery
1.0,1.0,0.0,0.0,0.0,0.058808211237192154,126,True,l_shaped,0.5395305202169378,499,fsm_no_recovery
1.0,1.0,0.0,1.0,0.0,0.006711889989674091,110,True,narrow_exit,0.5710582648519854,0,fsm_no_recovery
1.0,1.0,0.0,0.0,0.0,0.08946963399648666,120,True,s_shaped,0.652964124150499,1,fsm_no_recovery
1.0,1.0,0.0,1.0,0.0,0.04784980043768883,122,True,l_shaped,0.8782893074086265,2,fsm_no_recovery
0.0,0.0,0.0,1.0,0.0,0.02422954887151718,400,False,false_feasible,0.5584411635789241,3,fsm_no_recovery
1.0,1.0,0.0,0.0,0.0,0.06904453784227371,96,True,straight,0.6529366706973919,4,fsm_no_recovery
1.0,1.0,0.0,1.0,0.0,0.0371437706053257,110,True,s_shaped,0.5867842997575747,5,fsm_no_recovery
1.0,1.0,0.0,0.0,0.0,0.15408246219158173,105,True,straight,0.6926057179448905,6,fsm_no_recovery
1.0,1.0,0.0,0.0,0.0,0.0890418142080307,96,True,l_shaped,0.641024637069327,7,fsm_no_recovery
1.0,1.0,0.0,0.0,0.0,0.10632088035345078,84,True,narrow_exit,0.5751481317269822,8,fsm_no_recovery
1.0,1.0,0.0,0.0,0.0,0.09189329296350479,90,True,narrow_exit,0.5690000981515544,9,fsm_no_recovery
0.0,0.0,0.0,0.0,0.0,0.1719132959842682,55,True,asymmetric,0.7533340169878787,10,fsm_no_recovery
1.0,1.0,0.0,1.0,0.0,0.04350214824080467,189,True,s_shaped,0.8467784545259844,11,fsm_no_recovery
1.0,1.0,0.0,0.0,0.0,0.07548487186431885,103,True,l_shaped,0.8671206311626448,12,fsm_no_recovery
1.0,1.0,0.0,0.0,0.0,0.07854172587394714,104,True,narrow_exit,0.5554771878876439,13,fsm_no_recovery
0.0,0.0,0.0,0.0,0.0,4.820000171661377,15,True,narrow_entry,0.45931545897200626,14,fsm_no_recovery
1.0,1.0,0.0,1.0,0.0,0.03752819448709488,152,True,s_shaped,0.7381262984950419,15,fsm_no_recovery
1.0,1.0,0.0,0.0,0.0,0.07211949676275253,113,True,narrow_exit,0.5556210466872824,16,fsm_no_recovery
1.0,1.0,0.0,1.0,0.0,0.0193244107067585,217,True,s_shaped,0.8714888457119387,17,fsm_no_recovery
1.0,1.0,0.0,0.0,0.0,0.14771831035614014,81,True,straight,0.8316619965403942,18,fsm_no_recovery
1.0,1.0,0.0,0.0,0.0,0.09246670454740524,94,True,narrow_exit,0.5927660787447737,19,fsm_no_recovery
1.0,1.0,0.0,0.0,0.0,0.12138303369283676,104,True,straight,0.729399313589992,20,fsm_no_recovery
1.0,1.0,0.0,0.0,0.0,0.06876268982887268,106,True,narrow_exit,0.5449125023696004,21,fsm_no_recovery
0.0,0.0,0.0,0.0,0.0,0.10037108510732651,400,False,false_feasible,0.6104446834029358,22,fsm_no_recovery
0.0,0.0,0.0,1.0,0.0,0.0007893933798186481,117,True,l_shaped,0.48670818841748326,23,fsm_no_recovery
1.0,1.0,0.0,1.0,0.0,0.04170709103345871,122,True,narrow_exit,0.49187134863125465,24,fsm_no_recovery
1.0,1.0,0.0,1.0,0.0,0.03728225827217102,77,True,straight,0.516385663462141,25,fsm_no_recovery
1.0,1.0,0.0,0.0,0.0,0.08254684507846832,112,True,narrow_exit,0.5718317652961328,26,fsm_no_recovery
1.0,1.0,0.0,1.0,0.0,0.0009945143247023225,93,True,asymmetric,0.7348949872842581,27,fsm_no_recovery
1.0,1.0,0.0,0.0,0.0,0.06103716790676117,89,True,narrow_exit,0.5097848613170441,28,fsm_no_recovery
1.0,1.0,0.0,0.0,0.0,0.11085960268974304,93,True,straight,0.7366282068970579,29,fsm_no_recovery
1.0,1.0,0.0,0.0,0.0,0.17508789896965027,90,True,straight,0.818719622944998,30,fsm_no_recovery
1.0,1.0,0.0,0.0,0.0,0.17454831302165985,89,True,straight,0.8322641436824147,31,fsm_no_recovery
1.0,1.0,0.0,0.0,0.0,0.0945335403084755,139,True,l_shaped,0.8597137903906623,32,fsm_no_recovery
1.0,1.0,0.0,0.0,0.0,0.054080069065093994,110,True,narrow_exit,0.5162802672027167,33,fsm_no_recovery
0.0,0.0,0.0,0.0,0.0,4.820000171661377,20,True,l_shaped,0.4650086943738273,34,fsm_no_recovery
1.0,1.0,0.0,1.0,0.0,0.014475575648248196,137,True,s_shaped,0.6782832551113062,35,fsm_no_recovery
1.0,1.0,0.0,1.0,0.0,0.03661533072590828,109,True,narrow_exit,0.4521767951821585,36,fsm_no_recovery
1.0,1.0,0.0,1.0,0.0,0.0023167713079601526,181,True,s_shaped,0.7220525353364851,37,fsm_no_recovery
0.0,0.0,0.0,0.0,0.0,4.820000171661377,30,True,straight,0.6385777111886426,38,fsm_no_recovery
1.0,1.0,0.0,1.0,0.0,0.011181296780705452,123,True,narrow_entry,0.5635085739972248,39,fsm_no_recovery
0.0,0.0,0.0,0.0,0.0,4.820000171661377,18,True,asymmetric,0.5311685029450932,40,fsm_no_recovery
0.0,0.0,0.0,1.0,0.0,0.0361199714243412,400,True,s_shaped,0.8516901939820171,41,fsm_no_recovery
0.0,0.0,0.0,1.0,0.0,0.04190119355916977,400,True,asymmetric,0.6379951679448432,42,fsm_no_recovery
0.0,0.0,0.0,0.0,0.0,4.820000171661377,17,True,l_shaped,0.47392200267452866,43,fsm_no_recovery
0.0,0.0,0.0,0.0,0.0,4.820000171661377,34,False,false_feasible,0.6104048413884494,44,fsm_no_recovery
1.0,1.0,0.0,0.0,0.0,0.08800564706325531,117,True,s_shaped,0.7325260179829371,45,fsm_no_recovery
1.0,1.0,0.0,0.0,0.0,0.11079847067594528,95,True,straight,0.6756472425317169,46,fsm_no_recovery
0.0,0.0,0.0,0.0,0.0,4.820000171661377,25,True,l_shaped,0.4509992236788563,47,fsm_no_recovery
1.0,1.0,0.0,0.0,0.0,0.158456951379776,99,True,straight,0.7157059602318465,48,fsm_no_recovery
0.0,0.0,0.0,0.0,0.0,4.820000171661377,32,True,narrow_entry,0.45220143627404796,49,fsm_no_recovery
0.0,0.0,0.0,1.0,0.0,0.019535338506102562,400,True,l_shaped,0.5354481305345156,50,fsm_no_recovery
1.0,1.0,0.0,0.0,0.0,0.05417663976550102,83,True,narrow_exit,0.5236854286569477,51,fsm_no_recovery
0.0,0.0,0.0,0.0,0.0,4.820000171661377,37,True,asymmetric,0.5322353577368969,52,fsm_no_recovery
1.0,1.0,0.0,1.0,0.0,0.002771712141111493,96,True,asymmetric,0.7083590484183258,53,fsm_no_recovery
0.0,0.0,0.0,0.0,0.0,4.820000171661377,36,True,l_shaped,0.5869143392133543,54,fsm_no_recovery
0.0,0.0,0.0,0.0,0.0,4.820000171661377,27,True,asymmetric,0.6340425908890464,55,fsm_no_recovery
0.0,0.0,0.0,0.0,0.0,0.12044412642717361,400,False,false_feasible,0.6538698884451754,56,fsm_no_recovery
1.0,1.0,0.0,1.0,0.0,0.04012664034962654,80,True,straight,0.6077660216430197,57,fsm_no_recovery
0.0,0.0,0.0,0.0,0.0,4.820000171661377,27,True,l_shaped,0.5851490572837779,58,fsm_no_recovery
0.0,0.0,0.0,0.0,0.0,4.820000171661377,36,False,false_feasible,0.6761837521697324,59,fsm_no_recovery
0.0,0.0,0.0,0.0,0.0,4.820000171661377,15,True,narrow_entry,0.4659306773122229,60,fsm_no_recovery
0.0,0.0,0.0,0.0,0.0,4.820000171661377,32,True,s_shaped,0.4892146942516627,61,fsm_no_recovery
0.0,0.0,0.0,1.0,0.0,0.0058678449131548405,93,True,l_shaped,0.5589604652238328,62,fsm_no_recovery
0.0,0.0,0.0,1.0,0.0,0.008011968806385994,28,True,narrow_entry,0.5374282044417746,63,fsm_no_recovery
1.0,1.0,0.0,1.0,0.0,0.049266863614320755,93,True,narrow_exit,0.5090412185719464,64,fsm_no_recovery
0.0,0.0,0.0,0.0,0.0,4.820000171661377,20,True,asymmetric,0.47947870261541314,65,fsm_no_recovery
1.0,1.0,0.0,1.0,0.0,0.045301105827093124,124,True,s_shaped,0.5838076732695612,66,fsm_no_recovery
1.0,1.0,0.0,1.0,0.0,0.03237222135066986,159,True,s_shaped,0.6835599996055097,67,fsm_no_recovery
1.0,1.0,0.0,0.0,0.0,0.09966427087783813,91,True,straight,0.7494698439736149,68,fsm_no_recovery
1.0,1.0,0.0,0.0,0.0,0.12260037660598755,121,True,s_shaped,0.8222998758555602,69,fsm_no_recovery
1.0,1.0,0.0,0.0,0.0,0.08913819491863251,104,True,narrow_exit,0.5992048790728135,70,fsm_no_recovery
0.0,0.0,0.0,0.0,0.0,4.820000171661377,16,True,narrow_entry,0.4532113017645904,71,fsm_no_recovery
1.0,1.0,0.0,1.0,0.0,0.026086950674653053,115,True,l_shaped,0.5073243119818767,72,fsm_no_recovery
1.0,1.0,0.0,0.0,0.0,0.08110068738460541,105,True,narrow_exit,0.5941287592096245,73,fsm_no_recovery
1.0,1.0,0.0,0.0,0.0,0.1183684691786766,95,True,l_shaped,0.8053937013182472,74,fsm_no_recovery
1.0,1.0,0.0,1.0,0.0,0.04076116159558296,120,True,asymmetric,0.7609754890300231,75,fsm_no_recovery
1.0,1.0,0.0,0.0,0.0,0.08802977204322815,125,True,s_shaped,0.6973681875388464,76,fsm_no_recovery
0.0,0.0,0.0,1.0,0.0,0.0016656395746394992,62,True,asymmetric,0.5953807639852614,77,fsm_no_recovery
0.0,0.0,0.0,0.0,0.0,4.820000171661377,32,True,asymmetric,0.4897928574693353,78,fsm_no_recovery
1.0,1.0,0.0,1.0,0.0,0.04322579503059387,178,True,s_shaped,0.8813317714985575,79,fsm_no_recovery
0.0,0.0,0.0,1.0,0.0,0.0036424945574253798,97,True,narrow_exit,0.4384300763093547,80,fsm_no_recovery
1.0,1.0,0.0,1.0,0.0,0.04071260988712311,147,True,l_shaped,0.6713262082395234,81,fsm_no_recovery
1.0,1.0,0.0,0.0,0.0,0.08762548118829727,93,True,l_shaped,0.6437512021987551,82,fsm_no_recovery
1.0,1.0,0.0,0.0,0.0,0.053756073117256165,115,True,l_shaped,0.800488748846451,83,fsm_no_recovery
1.0,1.0,0.0,1.0,0.0,0.010543489828705788,85,True,narrow_entry,0.5484743317708323,84,fsm_no_recovery
1.0,1.0,0.0,0.0,0.0,0.09098971635103226,134,True,s_shaped,0.7450297880618376,85,fsm_no_recovery
1.0,1.0,0.0,0.0,0.0,0.0771057978272438,72,True,narrow_entry,0.5975087551480068,86,fsm_no_recovery
1.0,1.0,0.0,1.0,0.0,0.039387065917253494,118,True,narrow_exit,0.4764226865040219,87,fsm_no_recovery
1.0,1.0,0.0,0.0,0.0,0.2464318871498108,81,True,straight,0.8555298091487255,88,fsm_no_recovery
1.0,1.0,0.0,1.0,0.0,0.023830167949199677,100,True,straight,0.6275764418333523,89,fsm_no_recovery
0.0,0.0,0.0,0.0,0.0,0.09184474498033524,400,False,false_feasible,0.7395454622582365,90,fsm_no_recovery
0.0,0.0,0.0,0.0,0.0,4.820000171661377,16,True,straight,0.5040516238782498,91,fsm_no_recovery
1.0,1.0,0.0,0.0,0.0,0.050049763172864914,104,True,l_shaped,0.6405268539004191,92,fsm_no_recovery
1.0,1.0,0.0,0.0,0.0,0.09105241298675537,108,True,l_shaped,0.8790036145816736,93,fsm_no_recovery
0.0,0.0,0.0,1.0,0.0,0.0031525911763310432,147,True,l_shaped,0.4880567739504174,94,fsm_no_recovery
1.0,1.0,0.0,1.0,0.0,0.007386099547147751,102,True,narrow_entry,0.43457884398438446,95,fsm_no_recovery
1.0,1.0,0.0,1.0,0.0,0.009441151283681393,139,True,s_shaped,0.48058592449365206,96,fsm_no_recovery
0.0,0.0,0.0,0.0,0.0,0.12331535667181015,400,False,false_feasible,0.7811593743228397,97,fsm_no_recovery
1.0,1.0,0.0,0.0,0.0,0.08046874403953552,72,True,straight,0.6098228162081836,98,fsm_no_recovery
0.0,0.0,0.0,0.0,0.0,0.14722776412963867,400,False,false_feasible,0.7627396634214578,99,fsm_no_recovery
1.0,1.0,0.0,1.0,0.0,0.03507750481367111,97,True,narrow_exit,0.4776188861935332,100,fsm_no_recovery
1.0,1.0,0.0,0.0,0.0,0.09823878854513168,100,True,l_shaped,0.6548922222120153,101,fsm_no_recovery
1.0,1.0,0.0,0.0,0.0,0.11237049102783203,102,True,l_shaped,0.8279212646952949,102,fsm_no_recovery
1.0,1.0,0.0,0.0,0.0,0.21871663630008698,86,True,straight,0.8431342114197551,103,fsm_no_recovery
0.0,0.0,0.0,0.0,0.0,4.820000171661377,22,True,narrow_entry,0.5203036528915176,104,fsm_no_recovery
0.0,0.0,0.0,1.0,0.0,0.0004860526241827756,132,True,s_shaped,0.7624362201007542,105,fsm_no_recovery
0.0,0.0,0.0,0.0,0.0,0.13318389654159546,400,False,false_feasible,0.7151240949216233,106,fsm_no_recovery
0.0,0.0,0.0,0.0,0.0,4.820000171661377,24,True,s_shaped,0.5455657257086408,107,fsm_no_recovery
1.0,1.0,0.0,0.0,0.0,0.07582386583089828,93,True,asymmetric,0.7480294391313413,108,fsm_no_recovery
1.0,1.0,0.0,0.0,0.0,0.054434020072221756,161,True,s_shaped,0.8429073689584783,109,fsm_no_recovery
1.0,1.0,0.0,0.0,0.0,0.08779366314411163,98,True,l_shaped,0.8827127243412478,110,fsm_no_recovery
0.0,0.0,0.0,0.0,0.0,4.820000171661377,17,True,narrow_entry,0.4566392679759318,111,fsm_no_recovery
0.0,0.0,0.0,0.0,0.0,4.820000171661377,26,False,false_feasible,0.5978689533618424,112,fsm_no_recovery
1.0,1.0,0.0,0.0,0.0,0.16700661182403564,120,True,straight,0.8883661299781374,113,fsm_no_recovery
0.0,0.0,0.0,0.0,0.0,4.820000171661377,27,True,narrow_entry,0.492510607415293,114,fsm_no_recovery
1.0,1.0,0.0,0.0,0.0,0.06284989416599274,108,True,s_shaped,0.6056992436048333,115,fsm_no_recovery
0.0,0.0,0.0,0.0,0.0,4.820000171661377,24,True,straight,0.5849511063429882,116,fsm_no_recovery
1.0,1.0,0.0,0.0,0.0,0.0668245330452919,137,True,s_shaped,0.6661948958381584,117,fsm_no_recovery
1.0,1.0,0.0,0.0,0.0,0.14149664342403412,87,True,straight,0.6645478826451672,118,fsm_no_recovery
0.0,0.0,0.0,0.0,0.0,4.820000171661377,72,True,s_shaped,0.6297104315254347,119,fsm_no_recovery
1.0,1.0,0.0,0.0,0.0,0.05683838203549385,106,True,narrow_exit,0.5285962086771152,120,fsm_no_recovery
0.0,0.0,0.0,0.0,0.0,4.820000171661377,21,True,asymmetric,0.5279299082265446,121,fsm_no_recovery
0.0,0.0,0.0,0.0,0.0,4.820000171661377,49,False,false_feasible,0.7017620199147774,122,fsm_no_recovery
0.0,0.0,0.0,0.0,0.0,4.820000171661377,22,True,s_shaped,0.47126793503715586,123,fsm_no_recovery
1.0,1.0,0.0,0.0,0.0,0.07714405655860901,78,True,narrow_exit,0.5569393610904453,124,fsm_no_recovery
1.0,1.0,0.0,0.0,0.0,0.09078042954206467,122,True,s_shaped,0.7475362030318109,125,fsm_no_recovery
1.0,1.0,0.0,1.0,0.0,0.02129106968641281,91,True,asymmetric,0.622190248910083,126,fsm_no_recovery
1.0,1.0,0.0,0.0,0.0,0.05346223711967468,177,True,s_shaped,0.7959812189620142,127,fsm_no_recovery
1.0,1.0,0.0,0.0,0.0,0.055775295943021774,129,True,asymmetric,0.8671723086817795,128,fsm_no_recovery
1.0,1.0,0.0,0.0,0.0,0.05927807465195656,113,True,straight,0.7486641010764564,129,fsm_no_recovery
1.0,1.0,0.0,0.0,0.0,0.1001308336853981,94,True,straight,0.6195445335547406,130,fsm_no_recovery
0.0,0.0,0.0,1.0,0.0,0.007542287930846214,86,True,narrow_exit,0.42817268207221243,131,fsm_no_recovery
1.0,1.0,0.0,0.0,0.0,0.0833696648478508,107,True,straight,0.5984157108799688,132,fsm_no_recovery
1.0,1.0,0.0,1.0,0.0,0.022296449169516563,207,True,s_shaped,0.7635787406536919,133,fsm_no_recovery
1.0,1.0,0.0,0.0,0.0,0.05344849079847336,121,True,l_shaped,0.6036274263186685,134,fsm_no_recovery
0.0,0.0,0.0,0.0,0.0,0.09977056831121445,400,False,false_feasible,0.5835859777111073,135,fsm_no_recovery
1.0,1.0,0.0,0.0,0.0,0.11677348613739014,113,True,asymmetric,0.7980721201437451,136,fsm_no_recovery
1.0,1.0,0.0,0.0,0.0,0.17241083085536957,108,True,straight,0.8128322591865067,137,fsm_no_recovery
1.0,1.0,0.0,0.0,0.0,0.06467471271753311,92,True,narrow_exit,0.5584785333622208,138,fsm_no_recovery
1.0,1.0,0.0,0.0,0.0,0.19745148718357086,106,True,straight,0.8594753808861777,139,fsm_no_recovery
0.0,0.0,0.0,0.0,0.0,0.11638201028108597,400,False,false_feasible,0.658969380232167,140,fsm_no_recovery
0.0,0.0,0.0,1.0,0.0,0.0046192919835448265,61,True,s_shaped,0.5515362607773387,141,fsm_no_recovery
1.0,1.0,0.0,0.0,0.0,0.1761147528886795,82,True,straight,0.8106497231757949,142,fsm_no_recovery
1.0,1.0,0.0,0.0,0.0,0.05534050986170769,117,True,s_shaped,0.5400958261483305,143,fsm_no_recovery
0.0,0.0,0.0,0.0,0.0,4.820000171661377,35,True,asymmetric,0.4863410758822878,144,fsm_no_recovery
1.0,1.0,0.0,0.0,0.0,0.07585092633962631,120,True,straight,0.8431977024409691,145,fsm_no_recovery
0.0,0.0,0.0,0.0,0.0,0.10717075318098068,400,False,false_feasible,0.6064712115015038,146,fsm_no_recovery
1.0,1.0,0.0,0.0,0.0,0.1417030245065689,101,True,straight,0.7333155357694331,147,fsm_no_recovery
1.0,1.0,0.0,0.0,0.0,0.10775354504585266,114,True,s_shaped,0.823148514562952,148,fsm_no_recovery
1.0,1.0,0.0,0.0,0.0,0.0719466358423233,71,True,narrow_entry,0.5893469504807111,149,fsm_no_recovery
0.0,0.0,0.0,0.0,0.0,0.11519435048103333,400,False,false_feasible,0.6353705207864471,150,fsm_no_recovery
0.0,0.0,0.0,0.0,0.0,0.15827324986457825,102,True,s_shaped,0.8487322459542672,151,fsm_no_recovery
1.0,1.0,0.0,0.0,0.0,0.22861598432064056,96,True,straight,0.87882745843783,152,fsm_no_recovery
0.0,0.0,0.0,1.0,0.0,0.018847186118364334,400,True,s_shaped,0.7164912904061405,153,fsm_no_recovery
0.0,0.0,0.0,1.0,0.0,0.001242734375409782,98,True,s_shaped,0.7944023901867442,154,fsm_no_recovery
1.0,1.0,0.0,0.0,0.0,0.10874215513467789,73,True,narrow_exit,0.586225541692706,155,fsm_no_recovery
0.0,0.0,0.0,0.0,0.0,4.820000171661377,25,True,l_shaped,0.5527040398032267,156,fsm_no_recovery
1.0,1.0,0.0,1.0,0.0,0.04887121543288231,135,True,narrow_exit,0.49502921425436586,157,fsm_no_recovery
0.0,0.0,0.0,0.0,0.0,4.820000171661377,20,True,straight,0.5675254996337132,158,fsm_no_recovery
1.0,1.0,0.0,0.0,0.0,0.16049599647521973,92,True,straight,0.7393058243226308,159,fsm_no_recovery
0.0,0.0,0.0,0.0,0.0,0.08644784986972809,400,False,false_feasible,0.6773090122208592,160,fsm_no_recovery
0.0,0.0,0.0,0.0,0.0,0.07856732606887817,400,False,false_feasible,0.5767378581267396,161,fsm_no_recovery
1.0,1.0,0.0,0.0,0.0,0.1693153828382492,94,True,straight,0.7059879791308835,162,fsm_no_recovery
0.0,0.0,0.0,1.0,0.0,0.004682214464992285,169,True,l_shaped,0.5165309046907133,163,fsm_no_recovery
1.0,1.0,0.0,1.0,0.0,0.015757977962493896,124,True,l_shaped,0.743122987285161,164,fsm_no_recovery
1.0,1.0,0.0,1.0,0.0,0.04316919296979904,119,True,narrow_exit,0.5047711183473821,165,fsm_no_recovery
0.0,0.0,0.0,0.0,0.0,0.15952476859092712,400,False,false_feasible,0.7522747759793658,166,fsm_no_recovery
0.0,0.0,0.0,0.0,0.0,4.820000171661377,43,True,l_shaped,0.5175228274043074,167,fsm_no_recovery
1.0,1.0,0.0,1.0,0.0,0.0473933108150959,83,True,narrow_exit,0.45879602297308497,168,fsm_no_recovery
1.0,1.0,0.0,0.0,0.0,0.26540279388427734,76,True,straight,0.8946956765569211,169,fsm_no_recovery
0.0,0.0,0.0,0.0,0.0,0.07656640559434891,168,True,s_shaped,0.7480948721665568,170,fsm_no_recovery
0.0,0.0,0.0,0.0,0.0,4.820000171661377,22,True,straight,0.5245463692251295,171,fsm_no_recovery
1.0,1.0,0.0,0.0,0.0,0.09923714399337769,103,True,straight,0.7144611838998676,172,fsm_no_recovery
1.0,1.0,0.0,1.0,0.0,0.032974205911159515,107,True,straight,0.5286099284645797,173,fsm_no_recovery
1.0,1.0,0.0,0.0,0.0,0.11711878329515457,105,True,l_shaped,0.869700242156807,174,fsm_no_recovery
1.0,1.0,0.0,0.0,0.0,0.08150673657655716,108,True,narrow_exit,0.5665250009140779,175,fsm_no_recovery
0.0,0.0,0.0,1.0,0.0,0.025985926389694214,400,False,false_feasible,0.6069381404638259,176,fsm_no_recovery
1.0,1.0,0.0,1.0,0.0,0.04701419919729233,91,True,narrow_exit,0.4970019125976961,177,fsm_no_recovery
1.0,1.0,0.0,1.0,0.0,0.00042154925176873803,104,True,straight,0.6196477774103286,178,fsm_no_recovery
0.0,0.0,0.0,0.0,0.0,4.820000171661377,31,False,false_feasible,0.6406753058521475,179,fsm_no_recovery
0.0,0.0,0.0,1.0,0.0,0.0013039414770901203,400,False,false_feasible,0.5923079713950523,180,fsm_no_recovery
0.0,0.0,0.0,0.0,0.0,4.820000171661377,28,True,narrow_entry,0.5806730732633173,181,fsm_no_recovery
1.0,1.0,0.0,1.0,0.0,0.047583986073732376,135,True,l_shaped,0.6061090400242025,182,fsm_no_recovery
1.0,1.0,0.0,0.0,0.0,0.05384340509772301,85,True,straight,0.5602977659576968,183,fsm_no_recovery
1.0,1.0,0.0,0.0,0.0,0.06487903743982315,101,True,l_shaped,0.5812933811281631,184,fsm_no_recovery
1.0,1.0,0.0,0.0,0.0,0.09341581165790558,117,True,l_shaped,0.7964465836414769,185,fsm_no_recovery
1.0,1.0,0.0,0.0,0.0,0.057380687445402145,89,True,narrow_exit,0.519293334114863,186,fsm_no_recovery
0.0,0.0,0.0,0.0,0.0,0.13958702981472015,400,False,false_feasible,0.7017904985145627,187,fsm_no_recovery
0.0,0.0,0.0,1.0,0.0,0.0014256618451327085,224,True,l_shaped,0.5145680476820349,188,fsm_no_recovery
0.0,0.0,0.0,1.0,0.0,0.01096799224615097,400,True,asymmetric,0.5386701683756236,189,fsm_no_recovery
1.0,1.0,0.0,1.0,0.0,0.02245977520942688,90,True,asymmetric,0.6150856638558374,190,fsm_no_recovery
1.0,1.0,0.0,0.0,0.0,0.061600834131240845,109,True,narrow_exit,0.5403348765314463,191,fsm_no_recovery
0.0,0.0,0.0,1.0,0.0,0.0008257181034423411,74,True,l_shaped,0.6193758405344304,192,fsm_no_recovery
0.0,0.0,0.0,0.0,0.0,4.820000171661377,30,True,narrow_entry,0.4389059096656472,193,fsm_no_recovery
1.0,1.0,0.0,1.0,0.0,0.04833356663584709,152,True,l_shaped,0.7760951680462301,194,fsm_no_recovery
1.0,1.0,0.0,0.0,0.0,0.1141132265329361,88,True,asymmetric,0.8498773258824645,195,fsm_no_recovery
1.0,1.0,0.0,0.0,0.0,0.2306816279888153,99,True,straight,0.8404832597886098,196,fsm_no_recovery
1.0,1.0,0.0,0.0,0.0,0.08789768069982529,82,True,straight,0.6078672204332506,197,fsm_no_recovery
0.0,0.0,0.0,1.0,0.0,0.0005503237480297685,105,True,s_shaped,0.6250792778337991,198,fsm_no_recovery
1.0,1.0,0.0,0.0,0.0,0.0620126910507679,85,True,narrow_entry,0.5945177721745487,199,fsm_no_recovery
1.0,1.0,0.0,1.0,0.0,0.026301153004169464,164,True,l_shaped,0.6834107654401841,200,fsm_no_recovery
0.0,0.0,0.0,0.0,0.0,4.820000171661377,30,True,straight,0.569585317211088,201,fsm_no_recovery
1.0,1.0,0.0,0.0,0.0,0.13012205064296722,101,True,straight,0.7798784029463359,202,fsm_no_recovery
0.0,0.0,0.0,0.0,0.0,4.820000171661377,24,True,straight,0.48635386791540325,203,fsm_no_recovery
0.0,0.0,0.0,0.0,0.0,0.11548815667629242,400,False,false_feasible,0.7798234164494087,204,fsm_no_recovery
1.0,1.0,0.0,1.0,0.0,0.019239800050854683,130,True,l_shaped,0.7684391441022229,205,fsm_no_recovery
1.0,1.0,0.0,1.0,0.0,0.024709509685635567,92,True,asymmetric,0.8537269591614179,206,fsm_no_recovery
0.0,0.0,0.0,1.0,0.0,0.004084864165633917,59,True,s_shaped,0.5261953508879972,207,fsm_no_recovery
1.0,1.0,0.0,0.0,0.0,0.05752969905734062,115,True,s_shaped,0.5775771755802008,208,fsm_no_recovery
0.0,0.0,0.0,1.0,0.0,0.00583986472338438,68,True,l_shaped,0.5798568046901935,209,fsm_no_recovery
1.0,1.0,0.0,0.0,0.0,0.14550192654132843,78,True,straight,0.8099312509662986,210,fsm_no_recovery
1.0,1.0,0.0,1.0,0.0,0.03614697605371475,120,True,narrow_exit,0.4634161604224683,211,fsm_no_recovery
0.0,0.0,0.0,0.0,0.0,4.820000171661377,34,True,l_shaped,0.631936464011695,212,fsm_no_recovery
1.0,1.0,0.0,1.0,0.0,0.04869547486305237,89,True,narrow_exit,0.5067796597432906,213,fsm_no_recovery
1.0,1.0,0.0,1.0,0.0,0.006757344584912062,122,True,l_shaped,0.5175807395258908,214,fsm_no_recovery
1.0,1.0,0.0,1.0,0.0,0.013111564330756664,96,True,l_shaped,0.5286860383239097,215,fsm_no_recovery
1.0,1.0,0.0,0.0,0.0,0.05316643789410591,157,True,s_shaped,0.768874266027186,216,fsm_no_recovery
0.0,0.0,0.0,1.0,0.0,0.0027461268473416567,110,True,s_shaped,0.4795163513674487,217,fsm_no_recovery
0.0,0.0,0.0,1.0,0.0,0.04141543433070183,400,False,false_feasible,0.5720842271471264,218,fsm_no_recovery
1.0,1.0,0.0,0.0,0.0,0.09492702037096024,79,True,narrow_exit,0.5961351610455341,219,fsm_no_recovery
1.0,1.0,0.0,0.0,0.0,0.08675970882177353,113,True,narrow_exit,0.5880203091180899,220,fsm_no_recovery
0.0,0.0,0.0,1.0,0.0,0.034817781299352646,400,True,asymmetric,0.64796356092756,221,fsm_no_recovery
1.0,1.0,0.0,1.0,0.0,0.03479921817779541,86,True,narrow_entry,0.5583102823268637,222,fsm_no_recovery
1.0,1.0,0.0,0.0,0.0,0.06549181044101715,95,True,narrow_exit,0.5420095490916605,223,fsm_no_recovery
1.0,1.0,0.0,1.0,0.0,0.022536003962159157,138,True,l_shaped,0.6397260167456981,224,fsm_no_recovery
1.0,1.0,0.0,0.0,0.0,0.13087603449821472,99,True,l_shaped,0.8784647002425949,225,fsm_no_recovery
1.0,1.0,0.0,1.0,0.0,0.022160101681947708,80,True,asymmetric,0.7068272094799302,226,fsm_no_recovery
0.0,0.0,0.0,0.0,0.0,4.820000171661377,27,True,l_shaped,0.5321287426734469,227,fsm_no_recovery
1.0,1.0,0.0,1.0,0.0,0.04575201869010925,145,True,s_shaped,0.7436405007167548,228,fsm_no_recovery
0.0,0.0,0.0,0.0,0.0,4.820000171661377,15,True,narrow_entry,0.4211497381979191,229,fsm_no_recovery
1.0,1.0,0.0,0.0,0.0,0.06121199205517769,95,True,asymmetric,0.8665692132357029,230,fsm_no_recovery
1.0,1.0,0.0,0.0,0.0,0.06750532239675522,97,True,asymmetric,0.8826099813772423,231,fsm_no_recovery
1.0,1.0,0.0,1.0,0.0,0.024319253861904144,85,True,narrow_exit,0.43628836147329486,232,fsm_no_recovery
1.0,1.0,0.0,0.0,0.0,0.06027451530098915,93,True,straight,0.7385257985011596,233,fsm_no_recovery
1.0,1.0,0.0,0.0,0.0,0.07064885646104813,97,True,narrow_exit,0.5110875957473175,234,fsm_no_recovery
0.0,0.0,0.0,0.0,0.0,0.09542141854763031,400,False,false_feasible,0.5796677230940048,235,fsm_no_recovery
1.0,1.0,0.0,0.0,0.0,0.06532208621501923,97,True,l_shaped,0.5695275270211531,236,fsm_no_recovery
1.0,1.0,0.0,0.0,0.0,0.2160676270723343,104,True,straight,0.818052860304695,237,fsm_no_recovery
0.0,0.0,0.0,1.0,0.0,0.003172788769006729,60,True,s_shaped,0.76163035483547,238,fsm_no_recovery
0.0,0.0,0.0,0.0,0.0,0.08707617223262787,400,False,false_feasible,0.6301172596223104,239,fsm_no_recovery
1.0,1.0,0.0,0.0,0.0,0.06141340360045433,155,True,s_shaped,0.890881830504338,240,fsm_no_recovery
1.0,1.0,0.0,0.0,0.0,0.07026789337396622,92,True,narrow_exit,0.5504917298962243,241,fsm_no_recovery
1.0,1.0,0.0,1.0,0.0,0.03172314912080765,140,True,narrow_exit,0.4587304998684267,242,fsm_no_recovery
1.0,1.0,0.0,0.0,0.0,0.09095752239227295,73,True,straight,0.7051704061607378,243,fsm_no_recovery
1.0,1.0,0.0,1.0,0.0,0.011474835686385632,108,True,asymmetric,0.6025044026546785,244,fsm_no_recovery
0.0,0.0,0.0,1.0,0.0,0.007493708282709122,53,True,asymmetric,0.7292219634296524,245,fsm_no_recovery
1.0,1.0,0.0,1.0,0.0,0.046904079616069794,108,True,l_shaped,0.5406578850828053,246,fsm_no_recovery
1.0,1.0,0.0,1.0,0.0,0.03841983154416084,100,True,narrow_exit,0.46636233120317044,247,fsm_no_recovery
1.0,1.0,0.0,0.0,0.0,0.05389147996902466,149,True,s_shaped,0.873905654406495,248,fsm_no_recovery
1.0,1.0,0.0,0.0,0.0,0.2278696447610855,86,True,straight,0.8585250612174882,249,fsm_no_recovery
0.0,0.0,0.0,0.0,0.0,4.820000171661377,27,True,narrow_entry,0.599919587305362,250,fsm_no_recovery
1.0,1.0,0.0,1.0,0.0,0.014008315280079842,90,True,l_shaped,0.6684264633818178,251,fsm_no_recovery
1.0,1.0,0.0,0.0,0.0,0.16715343296527863,112,True,straight,0.8625944137228939,252,fsm_no_recovery
1.0,1.0,0.0,0.0,0.0,0.05670533701777458,122,True,asymmetric,0.7046017161106493,253,fsm_no_recovery
0.0,0.0,0.0,0.0,0.0,4.820000171661377,17,True,narrow_entry,0.5053052623097247,254,fsm_no_recovery
0.0,0.0,0.0,1.0,0.0,0.0005293291760608554,66,True,asymmetric,0.7274682282826934,255,fsm_no_recovery
1.0,1.0,0.0,1.0,0.0,0.04207933321595192,109,True,narrow_exit,0.48544708053783375,256,fsm_no_recovery
1.0,1.0,0.0,0.0,0.0,0.14506137371063232,82,True,straight,0.8134797807818639,257,fsm_no_recovery
1.0,1.0,0.0,1.0,0.0,0.011170430108904839,95,True,narrow_entry,0.5930471839426674,258,fsm_no_recovery
1.0,1.0,0.0,0.0,0.0,0.08958853781223297,135,True,s_shaped,0.780712827748614,259,fsm_no_recovery
0.0,0.0,0.0,0.0,0.0,4.820000171661377,25,True,narrow_entry,0.4531121551163466,260,fsm_no_recovery
1.0,1.0,0.0,0.0,0.0,0.19261319935321808,85,True,straight,0.8315055918165302,261,fsm_no_recovery
1.0,1.0,0.0,0.0,0.0,0.05015477538108826,83,True,narrow_exit,0.4935488900495983,262,fsm_no_recovery
1.0,1.0,0.0,0.0,0.0,0.059452056884765625,106,True,narrow_exit,0.4790123422194553,263,fsm_no_recovery
1.0,1.0,0.0,0.0,0.0,0.12726382911205292,112,True,l_shaped,0.7326496041073036,264,fsm_no_recovery
1.0,1.0,0.0,0.0,0.0,0.13207247853279114,94,True,straight,0.778214686040262,265,fsm_no_recovery
1.0,1.0,0.0,0.0,0.0,0.052749909460544586,89,True,asymmetric,0.745939735321991,266,fsm_no_recovery
0.0,0.0,0.0,1.0,0.0,0.04644571617245674,400,False,false_feasible,0.6159753397461423,267,fsm_no_recovery
1.0,1.0,0.0,0.0,0.0,0.12674932181835175,121,True,l_shaped,0.8402285638548403,268,fsm_no_recovery
1.0,1.0,0.0,1.0,0.0,0.03276367858052254,85,True,asymmetric,0.7563183504838442,269,fsm_no_recovery
0.0,0.0,0.0,0.0,0.0,4.820000171661377,25,True,narrow_entry,0.4245375312598962,270,fsm_no_recovery
0.0,0.0,0.0,0.0,0.0,0.16880325973033905,400,False,false_feasible,0.7997045383401213,271,fsm_no_recovery
0.0,0.0,0.0,0.0,0.0,4.820000171661377,16,True,asymmetric,0.5606720615226196,272,fsm_no_recovery
0.0,0.0,0.0,0.0,0.0,0.06457608193159103,400,False,false_feasible,0.590221985533936,273,fsm_no_recovery
1.0,1.0,0.0,0.0,0.0,0.1322367638349533,95,True,l_shaped,0.8570122422594525,274,fsm_no_recovery
1.0,1.0,0.0,0.0,0.0,0.08584941923618317,90,True,narrow_exit,0.5374010652398328,275,fsm_no_recovery
1.0,1.0,0.0,1.0,0.0,0.04334038496017456,75,True,narrow_exit,0.47416590065285796,276,fsm_no_recovery
1.0,1.0,0.0,1.0,0.0,0.030546799302101135,86,True,narrow_entry,0.5051300743510212,277,fsm_no_recovery
0.0,0.0,0.0,0.0,0.0,0.09519441425800323,400,False,false_feasible,0.5675461700777522,278,fsm_no_recovery
1.0,1.0,0.0,1.0,0.0,0.00438325759023428,136,True,asymmetric,0.8293404863457357,279,fsm_no_recovery
0.0,0.0,0.0,1.0,0.0,0.03742644563317299,400,True,l_shaped,0.4764880703540573,280,fsm_no_recovery
0.0,0.0,0.0,1.0,0.0,0.00040597986662760377,84,True,s_shaped,0.6716137093849427,281,fsm_no_recovery
1.0,1.0,0.0,0.0,0.0,0.1543591320514679,81,True,straight,0.8167531821224217,282,fsm_no_recovery
1.0,1.0,0.0,0.0,0.0,0.09093465656042099,76,True,straight,0.5597594596325514,283,fsm_no_recovery
1.0,1.0,0.0,1.0,0.0,0.030973784625530243,96,True,straight,0.5011878748679137,284,fsm_no_recovery
1.0,1.0,0.0,0.0,0.0,0.06504639983177185,143,True,l_shaped,0.8216438904966257,285,fsm_no_recovery
0.0,0.0,0.0,1.0,0.0,0.0030262304935604334,94,True,asymmetric,0.5418301795146526,286,fsm_no_recovery
0.0,0.0,0.0,0.0,0.0,4.820000171661377,18,True,straight,0.45524900659388107,287,fsm_no_recovery
0.0,0.0,0.0,0.0,0.0,0.08623021095991135,400,False,false_feasible,0.5543594061168692,288,fsm_no_recovery
0.0,0.0,0.0,0.0,0.0,0.09635414183139801,400,False,false_feasible,0.6990874109472242,289,fsm_no_recovery
1.0,1.0,0.0,0.0,0.0,0.05123069882392883,113,True,straight,0.7149177962090505,290,fsm_no_recovery
1.0,1.0,0.0,1.0,0.0,0.013822337612509727,101,True,asymmetric,0.6856027646030275,291,fsm_no_recovery
1.0,1.0,0.0,1.0,0.0,0.024111172184348106,178,True,s_shaped,0.6620773042095032,292,fsm_no_recovery
0.0,0.0,0.0,1.0,0.0,0.009802551008760929,118,True,l_shaped,0.4950408655292933,293,fsm_no_recovery
0.0,0.0,0.0,1.0,0.0,0.0011533304350450635,400,False,false_feasible,0.5529238347691092,294,fsm_no_recovery
1.0,1.0,0.0,0.0,0.0,0.06985799223184586,81,True,straight,0.5617236558035832,295,fsm_no_recovery
1.0,1.0,0.0,0.0,0.0,0.08856501430273056,88,True,l_shaped,0.8301664344459914,296,fsm_no_recovery
0.0,0.0,0.0,0.0,0.0,0.09779277443885803,59,True,asymmetric,0.6447711340106367,297,fsm_no_recovery
1.0,1.0,0.0,0.0,0.0,0.11468939483165741,96,True,straight,0.6735889811874466,298,fsm_no_recovery
1.0,1.0,0.0,0.0,0.0,0.06092774495482445,104,True,narrow_exit,0.517834407810074,299,fsm_no_recovery
0.0,0.0,0.0,0.0,0.0,0.12046008557081223,400,False,false_feasible,0.754986004003612,300,fsm_no_recovery
1.0,1.0,0.0,0.0,0.0,0.05196024477481842,85,True,straight,0.6276016968116556,301,fsm_no_recovery
1.0,1.0,0.0,0.0,0.0,0.15365102887153625,102,True,straight,0.7480890850397051,302,fsm_no_recovery
1.0,1.0,0.0,1.0,0.0,0.048921067267656326,174,True,s_shaped,0.819900833234308,303,fsm_no_recovery
0.0,0.0,0.0,0.0,0.0,4.820000171661377,19,True,l_shaped,0.479577031723809,304,fsm_no_recovery
1.0,1.0,0.0,1.0,0.0,0.034302935004234314,85,True,asymmetric,0.8732327876022099,305,fsm_no_recovery
0.0,0.0,0.0,0.0,0.0,4.820000171661377,16,True,l_shaped,0.5320161790183486,306,fsm_no_recovery
0.0,0.0,0.0,0.0,0.0,4.820000171661377,29,True,asymmetric,0.4717385419998652,307,fsm_no_recovery
0.0,0.0,0.0,0.0,0.0,0.09567022323608398,400,True,asymmetric,0.6412724080533323,308,fsm_no_recovery
1.0,1.0,0.0,0.0,0.0,0.06266497820615768,102,True,narrow_entry,0.5824131402729884,309,fsm_no_recovery
1.0,1.0,0.0,0.0,0.0,0.05164989084005356,75,True,asymmetric,0.7027199493567603,310,fsm_no_recovery
1.0,1.0,0.0,0.0,0.0,0.06561622023582458,89,True,asymmetric,0.7337803953487817,311,fsm_no_recovery
0.0,0.0,0.0,0.0,0.0,0.0843544527888298,400,False,false_feasible,0.7627893946680496,312,fsm_no_recovery
1.0,1.0,0.0,1.0,0.0,0.046355392783880234,106,True,narrow_exit,0.4929224386106006,313,fsm_no_recovery
1.0,1.0,0.0,0.0,0.0,0.12510889768600464,116,True,l_shaped,0.7104756313889395,314,fsm_no_recovery
0.0,0.0,0.0,0.0,0.0,4.820000171661377,64,True,s_shaped,0.7388123577640271,315,fsm_no_recovery
0.0,0.0,0.0,0.0,0.0,0.06346139311790466,116,True,s_shaped,0.7250478303159598,316,fsm_no_recovery
0.0,0.0,0.0,0.0,0.0,4.820000171661377,31,False,false_feasible,0.7269558513069633,317,fsm_no_recovery
1.0,1.0,0.0,0.0,0.0,0.05216343700885773,78,True,straight,0.6111554943516184,318,fsm_no_recovery
0.0,0.0,0.0,0.0,0.0,0.0797029435634613,400,False,false_feasible,0.6166104299658068,319,fsm_no_recovery
1.0,1.0,0.0,0.0,0.0,0.11092379689216614,74,True,narrow_exit,0.5956202167804027,320,fsm_no_recovery
0.0,0.0,0.0,0.0,0.0,4.820000171661377,37,False,false_feasible,0.6827266526381749,321,fsm_no_recovery
0.0,0.0,0.0,0.0,0.0,0.16576895117759705,400,False,false_feasible,0.7679798337368472,322,fsm_no_recovery
1.0,1.0,0.0,0.0,0.0,0.05564490705728531,97,True,narrow_entry,0.5691297033375753,323,fsm_no_recovery
1.0,1.0,0.0,1.0,0.0,0.01770547218620777,172,True,s_shaped,0.695705782604756,324,fsm_no_recovery
0.0,0.0,0.0,0.0,0.0,0.0633610412478447,400,False,false_feasible,0.6037079587168848,325,fsm_no_recovery
0.0,0.0,0.0,1.0,0.0,0.0457407608628273,400,False,false_feasible,0.5986603206093624,326,fsm_no_recovery
0.0,0.0,0.0,1.0,0.0,0.007914766669273376,25,True,narrow_entry,0.49511737386334725,327,fsm_no_recovery
1.0,1.0,0.0,1.0,0.0,0.020554102957248688,103,True,asymmetric,0.7743708570226787,328,fsm_no_recovery
1.0,1.0,0.0,0.0,0.0,0.10057609528303146,157,True,l_shaped,0.855137402542847,329,fsm_no_recovery
1.0,1.0,0.0,0.0,0.0,0.06531386077404022,79,True,narrow_exit,0.5402173787499885,330,fsm_no_recovery
1.0,1.0,0.0,0.0,0.0,0.07216371595859528,97,True,narrow_exit,0.5659082655594128,331,fsm_no_recovery
1.0,1.0,0.0,1.0,0.0,0.04418003559112549,78,True,narrow_exit,0.4943002926801398,332,fsm_no_recovery
1.0,1.0,0.0,0.0,0.0,0.09265724569559097,91,True,narrow_entry,0.5849015205095279,333,fsm_no_recovery
1.0,1.0,0.0,1.0,0.0,0.04815227910876274,108,True,l_shaped,0.784783693048752,334,fsm_no_recovery
1.0,1.0,0.0,1.0,0.0,0.017447302117943764,92,True,l_shaped,0.6086827412288406,335,fsm_no_recovery
1.0,1.0,0.0,0.0,0.0,0.05655130371451378,96,True,narrow_entry,0.48439938692533735,336,fsm_no_recovery
1.0,1.0,0.0,0.0,0.0,0.05693797394633293,122,True,narrow_exit,0.5189223212358495,337,fsm_no_recovery
1.0,1.0,0.0,0.0,0.0,0.1352722942829132,93,True,straight,0.8045974586453615,338,fsm_no_recovery
1.0,1.0,0.0,1.0,0.0,0.01896747760474682,174,True,s_shaped,0.535454311239284,339,fsm_no_recovery
1.0,1.0,0.0,0.0,0.0,0.12561655044555664,96,True,straight,0.6165217517649025,340,fsm_no_recovery
1.0,1.0,0.0,0.0,0.0,0.16119153797626495,74,True,straight,0.7147453509632772,341,fsm_no_recovery
1.0,1.0,0.0,0.0,0.0,0.09296589344739914,110,True,l_shaped,0.6648977503842792,342,fsm_no_recovery
1.0,1.0,0.0,0.0,0.0,0.15489566326141357,90,True,straight,0.7009784910946137,343,fsm_no_recovery
0.0,0.0,0.0,0.0,0.0,0.14672285318374634,59,True,s_shaped,0.8492554920765324,344,fsm_no_recovery
1.0,1.0,0.0,1.0,0.0,0.0480479933321476,125,True,l_shaped,0.5595096769127493,345,fsm_no_recovery
1.0,1.0,0.0,0.0,0.0,0.12803992629051208,109,True,straight,0.6730124541457517,346,fsm_no_recovery
1.0,1.0,0.0,0.0,0.0,0.09496726095676422,119,True,l_shaped,0.7773505816114591,347,fsm_no_recovery
1.0,1.0,0.0,1.0,0.0,0.01445603184401989,90,True,straight,0.45477856389759985,348,fsm_no_recovery
0.0,0.0,0.0,1.0,0.0,0.04613051190972328,400,False,false_feasible,0.7846512108975894,349,fsm_no_recovery
1.0,1.0,0.0,0.0,0.0,0.10615981370210648,116,True,straight,0.7834788217300419,350,fsm_no_recovery
1.0,1.0,0.0,0.0,0.0,0.07783303409814835,109,True,l_shaped,0.7194729126126809,351,fsm_no_recovery
1.0,1.0,0.0,1.0,0.0,0.03674636781215668,82,True,narrow_exit,0.4634448038925577,352,fsm_no_recovery
1.0,1.0,0.0,0.0,0.0,0.051923129707574844,119,True,l_shaped,0.6721804722847302,353,fsm_no_recovery
1.0,1.0,0.0,1.0,0.0,0.030006876215338707,149,True,s_shaped,0.8718865312699862,354,fsm_no_recovery
1.0,1.0,0.0,1.0,0.0,0.0038691568188369274,123,True,asymmetric,0.6211735010543226,355,fsm_no_recovery
1.0,1.0,0.0,0.0,0.0,0.1102253645658493,122,True,s_shaped,0.6590191254045346,356,fsm_no_recovery
1.0,1.0,0.0,0.0,0.0,0.1535775065422058,91,True,straight,0.7854340693479843,357,fsm_no_recovery
0.0,0.0,0.0,1.0,0.0,0.002394947223365307,76,True,asymmetric,0.6292380604519123,358,fsm_no_recovery
0.0,0.0,0.0,1.0,0.0,0.00821665395051241,170,True,l_shaped,0.49812010267372153,359,fsm_no_recovery
1.0,1.0,0.0,0.0,0.0,0.24869699776172638,90,True,straight,0.8934860548969821,360,fsm_no_recovery
0.0,0.0,0.0,0.0,0.0,4.820000171661377,11,True,asymmetric,0.5045624061316145,361,fsm_no_recovery
1.0,1.0,0.0,0.0,0.0,0.14092908799648285,72,True,straight,0.6655051061114889,362,fsm_no_recovery
0.0,0.0,0.0,0.0,0.0,0.10576362907886505,400,False,false_feasible,0.6913331522479829,363,fsm_no_recovery
1.0,1.0,0.0,0.0,0.0,0.08932159096002579,79,True,straight,0.5624077396743253,364,fsm_no_recovery
1.0,1.0,0.0,0.0,0.0,0.09579787403345108,93,True,l_shaped,0.6487135133830443,365,fsm_no_recovery
1.0,1.0,0.0,0.0,0.0,0.1971132606267929,105,True,straight,0.8702999166503842,366,fsm_no_recovery
0.0,0.0,0.0,0.0,0.0,4.820000171661377,40,True,narrow_entry,0.4384386502362506,367,fsm_no_recovery
0.0,0.0,0.0,0.0,0.0,4.820000171661377,32,True,narrow_entry,0.5036020293459074,368,fsm_no_recovery
0.0,0.0,0.0,0.0,0.0,4.820000171661377,15,True,straight,0.5058257306838063,369,fsm_no_recovery
1.0,1.0,0.0,0.0,0.0,0.06445838510990143,106,True,narrow_entry,0.5259088041460114,370,fsm_no_recovery
1.0,1.0,0.0,0.0,0.0,0.10730405896902084,108,True,asymmetric,0.8335646892461521,371,fsm_no_recovery
0.0,0.0,0.0,0.0,0.0,0.10994404554367065,56,True,asymmetric,0.646146856802193,372,fsm_no_recovery
1.0,1.0,0.0,0.0,0.0,0.0709589347243309,78,True,narrow_entry,0.5903563995357339,373,fsm_no_recovery
0.0,0.0,0.0,0.0,0.0,4.820000171661377,19,True,asymmetric,0.5019889492010106,374,fsm_no_recovery
1.0,1.0,0.0,1.0,0.0,0.017988035455346107,84,True,straight,0.6076014085417744,375,fsm_no_recovery
0.0,0.0,0.0,1.0,0.0,0.00646150391548872,60,True,narrow_exit,0.44185448212933165,376,fsm_no_recovery
0.0,0.0,0.0,0.0,0.0,0.06547553837299347,400,False,false_feasible,0.7240862070769776,377,fsm_no_recovery
0.0,0.0,0.0,0.0,0.0,4.820000171661377,33,True,s_shaped,0.5555934721026827,378,fsm_no_recovery
1.0,1.0,0.0,1.0,0.0,0.027069345116615295,105,True,narrow_exit,0.42835438345705973,379,fsm_no_recovery
1.0,1.0,0.0,0.0,0.0,0.085879847407341,76,True,asymmetric,0.7716258991255507,380,fsm_no_recovery
1.0,1.0,0.0,0.0,0.0,0.055615756660699844,129,True,s_shaped,0.5705908392749932,381,fsm_no_recovery
1.0,1.0,0.0,0.0,0.0,0.15968984365463257,88,True,straight,0.7271978352153152,382,fsm_no_recovery
1.0,1.0,0.0,0.0,0.0,0.10595757514238358,82,True,asymmetric,0.7302456737231475,383,fsm_no_recovery
1.0,1.0,0.0,1.0,0.0,0.02486983686685562,168,True,s_shaped,0.5651800313364067,384,fsm_no_recovery
1.0,1.0,0.0,0.0,0.0,0.15101222693920135,88,True,asymmetric,0.8564505075616118,385,fsm_no_recovery
1.0,1.0,0.0,0.0,0.0,0.06310006231069565,113,True,straight,0.49005041811184114,386,fsm_no_recovery
1.0,1.0,0.0,1.0,0.0,0.026797397062182426,82,True,narrow_exit,0.4368663456917262,387,fsm_no_recovery
0.0,0.0,0.0,1.0,0.0,0.004082163795828819,28,True,narrow_entry,0.5361131842178595,388,fsm_no_recovery
0.0,0.0,0.0,0.0,0.0,4.820000171661377,17,True,asymmetric,0.49044188733941163,389,fsm_no_recovery
0.0,0.0,0.0,0.0,0.0,0.06073060631752014,400,False,false_feasible,0.7836843601151272,390,fsm_no_recovery
1.0,1.0,0.0,1.0,0.0,0.03738933429121971,108,True,narrow_exit,0.4718064113972221,391,fsm_no_recovery
1.0,1.0,0.0,0.0,0.0,0.08431288599967957,94,True,narrow_exit,0.5776799064188229,392,fsm_no_recovery
1.0,1.0,0.0,0.0,0.0,0.07657098770141602,104,True,l_shaped,0.870781964477952,393,fsm_no_recovery
1.0,1.0,0.0,0.0,0.0,0.12513825297355652,99,True,l_shaped,0.7548680609398359,394,fsm_no_recovery
1.0,1.0,0.0,0.0,0.0,0.08937940001487732,80,True,asymmetric,0.891714648772563,395,fsm_no_recovery
1.0,1.0,0.0,0.0,0.0,0.0898035317659378,99,True,narrow_exit,0.5754624922056365,396,fsm_no_recovery
1.0,1.0,0.0,1.0,0.0,0.02358621545135975,79,True,straight,0.5564181838467556,397,fsm_no_recovery
1.0,1.0,0.0,0.0,0.0,0.15172995626926422,110,True,straight,0.853399207905361,398,fsm_no_recovery
1.0,1.0,0.0,0.0,0.0,0.062116529792547226,172,True,s_shaped,0.8149141593352902,399,fsm_no_recovery
1.0,1.0,0.0,0.0,0.0,0.09327393025159836,111,True,l_shaped,0.6854332943612675,400,fsm_no_recovery
0.0,0.0,0.0,1.0,0.0,0.002599588595330715,84,True,narrow_exit,0.42586388788750956,401,fsm_no_recovery
1.0,1.0,0.0,0.0,0.0,0.10144742578268051,130,True,straight,0.8195512003675972,402,fsm_no_recovery
0.0,0.0,0.0,0.0,0.0,0.08736207336187363,400,True,asymmetric,0.6994770281635594,403,fsm_no_recovery
0.0,0.0,0.0,0.0,0.0,4.820000171661377,24,True,straight,0.5079750878612583,404,fsm_no_recovery
0.0,0.0,0.0,1.0,0.0,0.0019550335127860308,80,True,asymmetric,0.5463309467697621,405,fsm_no_recovery
1.0,1.0,0.0,0.0,0.0,0.05259529873728752,99,True,narrow_exit,0.5108778960833361,406,fsm_no_recovery
1.0,1.0,0.0,1.0,0.0,0.02030758745968342,93,True,l_shaped,0.5404169294868316,407,fsm_no_recovery
1.0,1.0,0.0,1.0,0.0,0.04686877876520157,97,True,straight,0.6298312095520335,408,fsm_no_recovery
1.0,1.0,0.0,0.0,0.0,0.11598657816648483,139,True,s_shaped,0.849105673480548,409,fsm_no_recovery
0.0,0.0,0.0,1.0,0.0,0.0009321446414105594,83,True,s_shaped,0.59134806011485,410,fsm_no_recovery
1.0,1.0,0.0,0.0,0.0,0.05604170635342598,144,True,l_shaped,0.6037448255097739,411,fsm_no_recovery
0.0,0.0,0.0,0.0,0.0,4.820000171661377,32,True,l_shaped,0.45280743256369865,412,fsm_no_recovery
1.0,1.0,0.0,1.0,0.0,0.02579430118203163,119,True,narrow_exit,0.4322962058358565,413,fsm_no_recovery
1.0,1.0,0.0,1.0,0.0,0.023948909714818,85,True,asymmetric,0.825888062322826,414,fsm_no_recovery
1.0,1.0,0.0,0.0,0.0,0.10476703196763992,105,True,s_shaped,0.7037997549515324,415,fsm_no_recovery
1.0,1.0,0.0,1.0,0.0,0.02825336344540119,107,True,asymmetric,0.6871454183331248,416,fsm_no_recovery
1.0,1.0,0.0,1.0,0.0,0.041853949427604675,114,True,s_shaped,0.7051659860900208,417,fsm_no_recovery
0.0,0.0,0.0,0.0,0.0,4.820000171661377,18,True,s_shaped,0.5034655764910647,418,fsm_no_recovery
1.0,1.0,0.0,0.0,0.0,0.05559398978948593,117,True,l_shaped,0.8583514940418655,419,fsm_no_recovery
0.0,0.0,0.0,0.0,0.0,0.1366877555847168,400,False,false_feasible,0.6917537912333709,420,fsm_no_recovery
1.0,1.0,0.0,0.0,0.0,0.0727827399969101,86,True,narrow_exit,0.548193189980353,421,fsm_no_recovery
1.0,1.0,0.0,0.0,0.0,0.07961150258779526,97,True,narrow_exit,0.5698835120697903,422,fsm_no_recovery
0.0,0.0,0.0,0.0,0.0,0.07364771515130997,400,False,false_feasible,0.7657420414653151,423,fsm_no_recovery
0.0,0.0,0.0,0.0,0.0,4.820000171661377,18,True,straight,0.5021173467343687,424,fsm_no_recovery
1.0,1.0,0.0,0.0,0.0,0.08832884579896927,136,True,l_shaped,0.6872802453256228,425,fsm_no_recovery
1.0,1.0,0.0,1.0,0.0,0.033317312598228455,176,True,s_shaped,0.68367921013104,426,fsm_no_recovery
1.0,1.0,0.0,1.0,0.0,0.04788743704557419,101,True,l_shaped,0.5760127738192665,427,fsm_no_recovery
0.0,0.0,0.0,0.0,0.0,4.820000171661377,33,True,narrow_entry,0.44511048052830143,428,fsm_no_recovery
0.0,0.0,0.0,0.0,0.0,4.820000171661377,32,True,s_shaped,0.49550807500532484,429,fsm_no_recovery
1.0,1.0,0.0,0.0,0.0,0.05688535422086716,80,True,narrow_entry,0.48023873852930504,430,fsm_no_recovery
0.0,0.0,0.0,0.0,0.0,4.820000171661377,18,True,l_shaped,0.5003934563637937,431,fsm_no_recovery
1.0,1.0,0.0,1.0,0.0,0.048335328698158264,109,True,narrow_exit,0.5060292410879816,432,fsm_no_recovery
0.0,0.0,0.0,0.0,0.0,4.820000171661377,25,True,narrow_entry,0.5515369094885471,433,fsm_no_recovery
0.0,0.0,0.0,0.0,0.0,4.820000171661377,16,True,narrow_entry,0.4571580777706371,434,fsm_no_recovery
0.0,0.0,0.0,0.0,0.0,4.820000171661377,17,True,l_shaped,0.45933006986733943,435,fsm_no_recovery
0.0,0.0,0.0,1.0,0.0,0.007309874054044485,89,True,l_shaped,0.45255451221545645,436,fsm_no_recovery
1.0,1.0,0.0,1.0,0.0,0.030619386583566666,98,True,l_shaped,0.5621179882052608,437,fsm_no_recovery
0.0,0.0,0.0,0.0,0.0,0.14402110874652863,400,False,false_feasible,0.7286838489717035,438,fsm_no_recovery
1.0,1.0,0.0,0.0,0.0,0.07800135016441345,105,True,narrow_exit,0.5627132542187139,439,fsm_no_recovery
1.0,1.0,0.0,0.0,0.0,0.07740327715873718,101,True,narrow_exit,0.5745904524156771,440,fsm_no_recovery
1.0,1.0,0.0,0.0,0.0,0.0691741481423378,96,True,straight,0.6840786022553353,441,fsm_no_recovery
0.0,0.0,0.0,0.0,0.0,4.820000171661377,23,True,narrow_exit,0.5612196823202605,442,fsm_no_recovery
1.0,1.0,0.0,0.0,0.0,0.055764392018318176,120,True,narrow_exit,0.5123040791951938,443,fsm_no_recovery
1.0,1.0,0.0,0.0,0.0,0.18540027737617493,81,True,straight,0.8767534935747161,444,fsm_no_recovery
1.0,1.0,0.0,0.0,0.0,0.1540178656578064,96,True,straight,0.7461273714269243,445,fsm_no_recovery
0.0,0.0,0.0,0.0,0.0,0.13238881528377533,400,False,false_feasible,0.7295294125388756,446,fsm_no_recovery
1.0,1.0,0.0,1.0,0.0,0.03530089557170868,111,True,straight,0.5853780206388963,447,fsm_no_recovery
0.0,0.0,0.0,0.0,0.0,0.10037269443273544,159,True,s_shaped,0.8933167755166438,448,fsm_no_recovery
1.0,1.0,0.0,0.0,0.0,0.13388969004154205,73,True,straight,0.6762941729478129,449,fsm_no_recovery
1.0,1.0,0.0,0.0,0.0,0.20141860842704773,80,True,straight,0.768111956803925,450,fsm_no_recovery
1.0,1.0,0.0,1.0,0.0,0.01932547427713871,82,True,narrow_entry,0.5565493445846378,451,fsm_no_recovery
1.0,1.0,0.0,0.0,0.0,0.15011797845363617,99,True,straight,0.8239964248444626,452,fsm_no_recovery
1.0,1.0,0.0,1.0,0.0,0.0413200818002224,99,True,narrow_exit,0.48814641065770825,453,fsm_no_recovery
1.0,1.0,0.0,1.0,0.0,0.01462144311517477,114,True,narrow_entry,0.5876406565426815,454,fsm_no_recovery
1.0,1.0,0.0,0.0,0.0,0.07246574759483337,91,True,narrow_exit,0.5684421479598019,455,fsm_no_recovery
0.0,0.0,0.0,0.0,0.0,0.15408557653427124,400,False,false_feasible,0.7597212081465654,456,fsm_no_recovery
0.0,0.0,0.0,0.0,0.0,4.820000171661377,26,True,straight,0.5203818218739407,457,fsm_no_recovery
1.0,1.0,0.0,0.0,0.0,0.08893027156591415,94,True,narrow_entry,0.5697373016490891,458,fsm_no_recovery
0.0,0.0,0.0,0.0,0.0,0.17222434282302856,400,False,false_feasible,0.7792971347671608,459,fsm_no_recovery
1.0,1.0,0.0,0.0,0.0,0.08979946374893188,86,True,narrow_exit,0.5491569295946165,460,fsm_no_recovery
0.0,0.0,0.0,0.0,0.0,0.0669216439127922,400,False,false_feasible,0.6349918117575468,461,fsm_no_recovery
1.0,1.0,0.0,0.0,0.0,0.08002462238073349,85,True,straight,0.6971321724941133,462,fsm_no_recovery
1.0,1.0,0.0,0.0,0.0,0.06796804070472717,120,True,l_shaped,0.5397580332977093,463,fsm_no_recovery
0.0,0.0,0.0,1.0,0.0,0.01879890449345112,400,True,s_shaped,0.544260760804875,464,fsm_no_recovery
1.0,1.0,0.0,1.0,0.0,0.04626540467143059,102,True,asymmetric,0.8596306324929981,465,fsm_no_recovery
1.0,1.0,0.0,1.0,0.0,0.02588196098804474,82,True,narrow_exit,0.42871615570433114,466,fsm_no_recovery
1.0,1.0,0.0,1.0,0.0,0.0306783989071846,141,True,s_shaped,0.6600048392488131,467,fsm_no_recovery
1.0,1.0,0.0,0.0,0.0,0.11494382470846176,106,True,l_shaped,0.744656699218429,468,fsm_no_recovery
0.0,0.0,0.0,0.0,0.0,4.820000171661377,29,True,asymmetric,0.6056276234749134,469,fsm_no_recovery
1.0,1.0,0.0,0.0,0.0,0.05576688051223755,135,True,s_shaped,0.7972986830361148,470,fsm_no_recovery
1.0,1.0,0.0,1.0,0.0,0.024819156154990196,102,True,narrow_exit,0.4343310919222745,471,fsm_no_recovery
1.0,1.0,0.0,0.0,0.0,0.11293032765388489,99,True,l_shaped,0.6727334024513261,472,fsm_no_recovery
1.0,1.0,0.0,0.0,0.0,0.07299970835447311,134,True,s_shaped,0.5844835810348048,473,fsm_no_recovery
0.0,0.0,0.0,0.0,0.0,4.820000171661377,18,True,straight,0.4959249279328948,474,fsm_no_recovery
1.0,1.0,0.0,0.0,0.0,0.0685017928481102,133,True,l_shaped,0.8282714006808329,475,fsm_no_recovery
1.0,1.0,0.0,1.0,0.0,0.0377177968621254,107,True,l_shaped,0.5166847907398643,476,fsm_no_recovery
1.0,1.0,0.0,1.0,0.0,0.04089954122900963,102,True,straight,0.6785755236717885,477,fsm_no_recovery
1.0,1.0,0.0,1.0,0.0,0.035695143043994904,106,True,l_shaped,0.8635618096994966,478,fsm_no_recovery
0.0,0.0,0.0,1.0,0.0,0.0033803503029048443,136,True,s_shaped,0.47439393932900775,479,fsm_no_recovery
1.0,1.0,0.0,0.0,0.0,0.07835625112056732,119,True,s_shaped,0.6166403908537974,480,fsm_no_recovery
1.0,1.0,0.0,1.0,0.0,0.04715733230113983,81,True,narrow_entry,0.47495747432733987,481,fsm_no_recovery
1.0,1.0,0.0,1.0,0.0,0.03345957398414612,131,True,l_shaped,0.7049323926352751,482,fsm_no_recovery
0.0,0.0,0.0,0.0,0.0,4.820000171661377,19,True,l_shaped,0.4720198490214684,483,fsm_no_recovery
0.0,0.0,0.0,0.0,0.0,4.820000171661377,18,True,s_shaped,0.4589772985484778,484,fsm_no_recovery
1.0,1.0,0.0,1.0,0.0,0.031260620802640915,101,True,narrow_exit,0.46423369907326917,485,fsm_no_recovery
0.0,0.0,0.0,0.0,0.0,0.11512250453233719,400,True,asymmetric,0.6292677836442063,486,fsm_no_recovery
0.0,0.0,0.0,0.0,0.0,0.11935725063085556,400,False,false_feasible,0.7831479154810399,487,fsm_no_recovery
1.0,1.0,0.0,0.0,0.0,0.10173147916793823,110,True,straight,0.7255210533602207,488,fsm_no_recovery
1.0,1.0,0.0,0.0,0.0,0.08369582146406174,104,True,l_shaped,0.7142015728997486,489,fsm_no_recovery
1.0,1.0,0.0,0.0,0.0,0.2329767644405365,79,True,straight,0.8969927003287215,490,fsm_no_recovery
1.0,1.0,0.0,1.0,0.0,0.00047276460099965334,78,True,asymmetric,0.71781498066591,491,fsm_no_recovery
0.0,0.0,0.0,0.0,0.0,4.820000171661377,35,True,l_shaped,0.6015532407253592,492,fsm_no_recovery
0.0,0.0,0.0,0.0,0.0,0.053357385098934174,400,False,false_feasible,0.6270418631329638,493,fsm_no_recovery
1.0,1.0,0.0,0.0,0.0,0.12916971743106842,95,True,straight,0.7946697552207004,494,fsm_no_recovery
0.0,0.0,0.0,0.0,0.0,4.820000171661377,33,True,narrow_entry,0.44833964817777244,495,fsm_no_recovery
0.0,0.0,0.0,0.0,0.0,4.820000171661377,15,True,asymmetric,0.4728980453152145,496,fsm_no_recovery
1.0,1.0,0.0,1.0,0.0,0.006443126127123833,80,True,narrow_entry,0.4724707869962791,497,fsm_no_recovery
0.0,0.0,0.0,1.0,0.0,0.0010358928702771664,165,True,s_shaped,0.5062975618802955,498,fsm_no_recovery
1.0,1.0,0.0,1.0,0.0,0.03401944041252136,105,True,narrow_exit,0.45637615688314553,499,fsm_no_recovery
1.0,1.0,0.0,1.0,0.0,0.003062126226723194,126,True,straight,0.5661508836477479,0,fsm_no_recovery
0.0,0.0,0.0,1.0,0.0,0.006078012753278017,72,True,asymmetric,0.5233703719819794,1,fsm_no_recovery
0.0,0.0,0.0,0.0,0.0,4.820000171661377,17,False,false_feasible,0.5548655277008361,2,fsm_no_recovery
1.0,1.0,0.0,0.0,0.0,0.07088380306959152,83,True,straight,0.6957928930785326,3,fsm_no_recovery
0.0,0.0,0.0,0.0,0.0,4.820000171661377,52,True,l_shaped,0.757579555134595,4,fsm_no_recovery
1.0,1.0,0.0,1.0,0.0,0.02836225926876068,158,True,l_shaped,0.5452302690209478,5,fsm_no_recovery
1.0,1.0,0.0,1.0,0.0,0.045263100415468216,118,True,l_shaped,0.8058334756689016,6,fsm_no_recovery
1.0,1.0,0.0,0.0,0.0,0.08509822189807892,83,True,narrow_entry,0.5502667675315113,7,fsm_no_recovery
0.0,0.0,0.0,1.0,0.0,0.01940068230032921,400,True,asymmetric,0.5718687103432746,8,fsm_no_recovery
0.0,0.0,0.0,0.0,0.0,0.050894591957330704,400,False,false_feasible,0.7396065491823672,9,fsm_no_recovery
1.0,1.0,0.0,1.0,0.0,0.027723265811800957,102,True,narrow_exit,0.42731652170425655,10,fsm_no_recovery
1.0,1.0,0.0,0.0,0.0,0.06292880326509476,118,True,straight,0.7655091961269462,11,fsm_no_recovery
1.0,1.0,0.0,0.0,0.0,0.08022214472293854,102,True,straight,0.8248007167804521,12,fsm_no_recovery
0.0,0.0,0.0,0.0,0.0,4.820000171661377,27,True,straight,0.6529614191470621,13,fsm_no_recovery
0.0,0.0,0.0,0.0,0.0,4.820000171661377,20,True,asymmetric,0.5730732880202507,14,fsm_no_recovery
1.0,1.0,0.0,0.0,0.0,0.18338647484779358,85,True,straight,0.7668419999727218,15,fsm_no_recovery
1.0,1.0,0.0,0.0,0.0,0.1264675110578537,76,True,straight,0.6583327266031102,16,fsm_no_recovery
1.0,1.0,0.0,0.0,0.0,0.06679541617631912,137,True,s_shaped,0.7288521800419325,17,fsm_no_recovery
0.0,0.0,0.0,0.0,0.0,4.820000171661377,19,True,straight,0.4879536286140265,18,fsm_no_recovery
1.0,1.0,0.0,0.0,0.0,0.1479341834783554,109,True,asymmetric,0.8309187254853225,19,fsm_no_recovery
0.0,0.0,0.0,0.0,0.0,4.820000171661377,41,True,asymmetric,0.737249151791138,20,fsm_no_recovery
0.0,0.0,0.0,0.0,0.0,0.15476177632808685,400,False,false_feasible,0.7648383705995083,21,fsm_no_recovery
0.0,0.0,0.0,1.0,0.0,0.003765011904761195,123,True,l_shaped,0.5036631430660587,22,fsm_no_recovery
1.0,1.0,0.0,0.0,0.0,0.0956198200583458,91,True,asymmetric,0.7585056527097924,23,fsm_no_recovery
1.0,1.0,0.0,1.0,0.0,0.03811526671051979,119,True,narrow_exit,0.4711872448542635,24,fsm_no_recovery
0.0,0.0,0.0,0.0,0.0,0.1050640195608139,400,False,false_feasible,0.605121494438039,25,fsm_no_recovery
0.0,0.0,0.0,1.0,0.0,0.0008087994647212327,87,True,asymmetric,0.5251225868876733,26,fsm_no_recovery
1.0,1.0,0.0,0.0,0.0,0.10010199248790741,92,True,straight,0.7385253553631994,27,fsm_no_recovery
1.0,1.0,0.0,0.0,0.0,0.06840034574270248,86,True,narrow_exit,0.5066640149633126,28,fsm_no_recovery
1.0,1.0,0.0,1.0,0.0,0.031021421775221825,107,True,narrow_exit,0.4435747585038711,29,fsm_no_recovery
1.0,1.0,0.0,0.0,0.0,0.10419809818267822,97,True,straight,0.7314161723109187,30,fsm_no_recovery
1.0,1.0,0.0,0.0,0.0,0.10626465827226639,87,True,l_shaped,0.6503494190686149,31,fsm_no_recovery
1.0,1.0,0.0,1.0,0.0,0.028743121773004532,149,True,s_shaped,0.5742652359234547,32,fsm_no_recovery
0.0,0.0,0.0,1.0,0.0,0.003292836481705308,85,True,l_shaped,0.5417950634861961,33,fsm_no_recovery
0.0,0.0,0.0,1.0,0.0,0.03196897357702255,400,False,false_feasible,0.6144019385100408,34,fsm_no_recovery
1.0,1.0,0.0,1.0,0.0,0.026623012498021126,100,True,narrow_exit,0.43723088091776874,35,fsm_no_recovery
1.0,1.0,0.0,0.0,0.0,0.12733635306358337,86,True,straight,0.8020838678910598,36,fsm_no_recovery
1.0,1.0,0.0,1.0,0.0,0.024941379204392433,116,True,narrow_exit,0.43036622595646046,37,fsm_no_recovery
0.0,0.0,0.0,1.0,0.0,0.007718830835074186,50,True,asymmetric,0.4562633186059493,38,fsm_no_recovery
1.0,1.0,0.0,0.0,0.0,0.08772259950637817,105,True,narrow_exit,0.5988552398320051,39,fsm_no_recovery
1.0,1.0,0.0,0.0,0.0,0.1117669865489006,82,True,straight,0.725432522562784,40,fsm_no_recovery
0.0,0.0,0.0,0.0,0.0,4.820000171661377,33,True,straight,0.6120095387645129,41,fsm_no_recovery
0.0,0.0,0.0,1.0,0.0,0.04671723023056984,400,True,asymmetric,0.5923198263419658,42,fsm_no_recovery
1.0,1.0,0.0,0.0,0.0,0.11812568455934525,108,True,s_shaped,0.8370483581668494,43,fsm_no_recovery
1.0,1.0,0.0,1.0,0.0,0.04654137045145035,115,True,l_shaped,0.8480578586931833,44,fsm_no_recovery
0.0,0.0,0.0,0.0,0.0,0.11319120973348618,67,True,s_shaped,0.8897573381136668,45,fsm_no_recovery
0.0,0.0,0.0,0.0,0.0,4.820000171661377,21,True,straight,0.5362229278359497,46,fsm_no_recovery
1.0,1.0,0.0,1.0,0.0,0.02391243353486061,106,True,narrow_exit,0.4425239822269924,47,fsm_no_recovery
1.0,1.0,0.0,0.0,0.0,0.06749749183654785,94,True,narrow_exit,0.5371511176055458,48,fsm_no_recovery
0.0,0.0,0.0,0.0,0.0,0.14717477560043335,400,False,false_feasible,0.7208835652826184,49,fsm_no_recovery
0.0,0.0,0.0,0.0,0.0,0.1544078141450882,400,False,false_feasible,0.7575371781441346,50,fsm_no_recovery
0.0,0.0,0.0,0.0,0.0,0.08588696271181107,52,True,asymmetric,0.6275231117261458,51,fsm_no_recovery
1.0,1.0,0.0,0.0,0.0,0.09172707051038742,97,True,narrow_entry,0.5528487465836486,52,fsm_no_recovery
1.0,1.0,0.0,1.0,0.0,0.04324440658092499,189,True,s_shaped,0.7099601420334767,53,fsm_no_recovery
0.0,0.0,0.0,0.0,0.0,4.820000171661377,38,True,straight,0.6595208619747357,54,fsm_no_recovery
1.0,1.0,0.0,0.0,0.0,0.06864196807146072,106,True,l_shaped,0.8647340762751858,55,fsm_no_recovery
1.0,1.0,0.0,1.0,0.0,0.02455698698759079,94,True,narrow_exit,0.42929452031789417,56,fsm_no_recovery
1.0,1.0,0.0,0.0,0.0,0.08298370987176895,87,True,straight,0.5733647325970421,57,fsm_no_recovery
1.0,1.0,0.0,1.0,0.0,0.02894490584731102,84,True,narrow_entry,0.5753490242379482,58,fsm_no_recovery
0.0,0.0,0.0,1.0,0.0,0.005338300950825214,111,True,s_shaped,0.5279457223978177,59,fsm_no_recovery
1.0,1.0,0.0,1.0,0.0,0.019370947033166885,90,True,narrow_entry,0.47364609790741546,60,fsm_no_recovery
0.0,0.0,0.0,0.0,0.0,4.820000171661377,15,True,narrow_entry,0.42744906383688636,61,fsm_no_recovery
0.0,0.0,0.0,0.0,0.0,4.820000171661377,19,True,s_shaped,0.5134542646008197,62,fsm_no_recovery
1.0,1.0,0.0,0.0,0.0,0.09073152393102646,90,True,narrow_exit,0.5968172602673276,63,fsm_no_recovery
1.0,1.0,0.0,0.0,0.0,0.06588158011436462,109,True,narrow_exit,0.5329603976495223,64,fsm_no_recovery
1.0,1.0,0.0,0.0,0.0,0.051897499710321426,86,True,straight,0.5399964414642042,65,fsm_no_recovery
1.0,1.0,0.0,0.0,0.0,0.10287134349346161,106,True,straight,0.6046120577461381,66,fsm_no_recovery
1.0,1.0,0.0,0.0,0.0,0.08794763684272766,86,True,narrow_entry,0.5912509352421983,67,fsm_no_recovery
1.0,1.0,0.0,0.0,0.0,0.2349408119916916,106,True,straight,0.8380217625407204,68,fsm_no_recovery
0.0,0.0,0.0,0.0,0.0,4.820000171661377,33,False,false_feasible,0.6208171931233974,69,fsm_no_recovery
0.0,0.0,0.0,1.0,0.0,0.04605366289615631,400,False,false_feasible,0.5582930281617959,70,fsm_no_recovery
0.0,0.0,0.0,0.0,0.0,4.820000171661377,13,True,straight,0.46072278596289595,71,fsm_no_recovery
0.0,0.0,0.0,0.0,0.0,0.09030115604400635,400,False,false_feasible,0.7019815540116525,72,fsm_no_recovery
0.0,0.0,0.0,0.0,0.0,4.820000171661377,20,True,s_shaped,0.4808379957565439,73,fsm_no_recovery
1.0,1.0,0.0,0.0,0.0,0.06019412353634834,120,True,l_shaped,0.6536879623358838,74,fsm_no_recovery
0.0,0.0,0.0,0.0,0.0,4.820000171661377,40,True,narrow_entry,0.492269341530011,75,fsm_no_recovery
1.0,1.0,0.0,1.0,0.0,0.04737144708633423,145,True,s_shaped,0.674604594604723,76,fsm_no_recovery
1.0,1.0,0.0,1.0,0.0,0.024411939084529877,110,True,narrow_exit,0.4401594866180569,77,fsm_no_recovery
1.0,1.0,0.0,0.0,0.0,0.1744988113641739,81,True,straight,0.7194507433373412,78,fsm_no_recovery
0.0,0.0,0.0,0.0,0.0,4.820000171661377,21,True,straight,0.5457174553103382,79,fsm_no_recovery
1.0,1.0,0.0,0.0,0.0,0.09954588860273361,117,True,l_shaped,0.6335983812133983,80,fsm_no_recovery
0.0,0.0,0.0,0.0,0.0,4.820000171661377,40,False,false_feasible,0.6428783819449548,81,fsm_no_recovery
1.0,1.0,0.0,1.0,0.0,0.04471592605113983,154,True,s_shaped,0.6977066367139615,82,fsm_no_recovery
1.0,1.0,0.0,1.0,0.0,0.04774164408445358,82,True,narrow_exit,0.48883414178158247,83,fsm_no_recovery
0.0,0.0,0.0,0.0,0.0,4.820000171661377,35,True,narrow_entry,0.5883128762867891,84,fsm_no_recovery
0.0,0.0,0.0,0.0,0.0,4.820000171661377,23,True,narrow_entry,0.4426578434568448,85,fsm_no_recovery
1.0,1.0,0.0,0.0,0.0,0.16043128073215485,89,True,asymmetric,0.8955816314667235,86,fsm_no_recovery
1.0,1.0,0.0,0.0,0.0,0.07542798668146133,137,True,l_shaped,0.8429297884360163,87,fsm_no_recovery
1.0,1.0,0.0,1.0,0.0,0.037529706954956055,103,True,narrow_exit,0.4774908389276114,88,fsm_no_recovery
0.0,0.0,0.0,0.0,0.0,4.820000171661377,35,True,narrow_entry,0.5939268150156898,89,fsm_no_recovery
1.0,1.0,0.0,0.0,0.0,0.09513147175312042,122,True,l_shaped,0.7817166229793622,90,fsm_no_recovery
0.0,0.0,0.0,0.0,0.0,4.820000171661377,25,True,narrow_entry,0.5489930514543779,91,fsm_no_recovery
1.0,1.0,0.0,0.0,0.0,0.05824406072497368,129,True,l_shaped,0.880295120694108,92,fsm_no_recovery
1.0,1.0,0.0,0.0,0.0,0.09135974943637848,93,True,narrow_exit,0.5720688978884574,93,fsm_no_recovery
1.0,1.0,0.0,0.0,0.0,0.10737058520317078,106,True,straight,0.7670449776704361,94,fsm_no_recovery
1.0,1.0,0.0,0.0,0.0,0.082994744181633,113,True,s_shaped,0.6727968821332084,95,fsm_no_recovery
0.0,0.0,0.0,1.0,0.0,0.00021279907377902418,96,True,asymmetric,0.5415595389622003,96,fsm_no_recovery
1.0,1.0,0.0,0.0,0.0,0.07034430652856827,111,True,narrow_exit,0.546897700493456,97,fsm_no_recovery
0.0,0.0,0.0,0.0,0.0,4.820000171661377,43,True,straight,0.5434646894101032,98,fsm_no_recovery
0.0,0.0,0.0,1.0,0.0,0.001499139005318284,34,True,narrow_entry,0.4755888964779367,99,fsm_no_recovery
1.0,1.0,0.0,1.0,0.0,0.04138845205307007,81,True,narrow_exit,0.482247543457469,100,fsm_no_recovery
1.0,1.0,0.0,1.0,0.0,0.0036909575574100018,106,True,straight,0.598350569121542,101,fsm_no_recovery
1.0,1.0,0.0,0.0,0.0,0.18952935934066772,81,True,straight,0.8943075237273916,102,fsm_no_recovery
1.0,1.0,0.0,1.0,0.0,0.007419738452881575,116,True,asymmetric,0.683326348935434,103,fsm_no_recovery
1.0,1.0,0.0,0.0,0.0,0.09515650570392609,112,True,straight,0.8098065718061735,104,fsm_no_recovery
1.0,1.0,0.0,0.0,0.0,0.0880710780620575,74,True,asymmetric,0.8273907878270851,105,fsm_no_recovery
1.0,1.0,0.0,0.0,0.0,0.20799146592617035,93,True,straight,0.8798795126764676,106,fsm_no_recovery
1.0,1.0,0.0,1.0,0.0,0.033657465130090714,116,True,narrow_exit,0.45728279347440115,107,fsm_no_recovery
1.0,1.0,0.0,1.0,0.0,0.013684650883078575,77,True,narrow_entry,0.45302176139825867,108,fsm_no_recovery
0.0,0.0,0.0,0.0,0.0,4.820000171661377,41,True,asymmetric,0.7813655294706134,109,fsm_no_recovery
0.0,0.0,0.0,0.0,0.0,4.820000171661377,19,True,l_shaped,0.45775862446014204,110,fsm_no_recovery
0.0,0.0,0.0,0.0,0.0,4.820000171661377,36,True,narrow_entry,0.5740451723170577,111,fsm_no_recovery
0.0,0.0,0.0,1.0,0.0,0.0025040204636752605,71,True,s_shaped,0.4870435888323706,112,fsm_no_recovery
1.0,1.0,0.0,1.0,0.0,0.04952593892812729,151,True,l_shaped,0.7108643978748297,113,fsm_no_recovery
1.0,1.0,0.0,0.0,0.0,0.08911068737506866,85,True,narrow_exit,0.5438883470199346,114,fsm_no_recovery
0.0,0.0,0.0,0.0,0.0,4.820000171661377,31,True,asymmetric,0.6137277089180454,115,fsm_no_recovery
0.0,0.0,0.0,0.0,0.0,4.820000171661377,14,True,narrow_entry,0.5600922309347779,116,fsm_no_recovery
1.0,1.0,0.0,0.0,0.0,0.17209941148757935,91,True,straight,0.7558046891537344,117,fsm_no_recovery
1.0,1.0,0.0,0.0,0.0,0.10026850551366806,111,True,straight,0.6375968725687111,118,fsm_no_recovery
0.0,0.0,0.0,0.0,0.0,0.21375668048858643,91,True,s_shaped,0.8976595910276768,119,fsm_no_recovery
1.0,1.0,0.0,1.0,0.0,0.0002171496453229338,121,True,straight,0.5695429946692852,120,fsm_no_recovery
1.0,1.0,0.0,0.0,0.0,0.09097521752119064,94,True,straight,0.5830578425978028,121,fsm_no_recovery
1.0,1.0,0.0,1.0,0.0,0.0007838104502297938,96,True,straight,0.5053195402035809,122,fsm_no_recovery
1.0,1.0,0.0,0.0,0.0,0.13727299869060516,94,True,straight,0.636962545167263,123,fsm_no_recovery
1.0,1.0,0.0,0.0,0.0,0.054183479398489,84,True,narrow_exit,0.49848253035124446,124,fsm_no_recovery
1.0,1.0,0.0,0.0,0.0,0.056238166987895966,125,True,s_shaped,0.6215824617763025,125,fsm_no_recovery
1.0,1.0,0.0,0.0,0.0,0.094772569835186,86,True,l_shaped,0.6540366424282349,126,fsm_no_recovery
1.0,1.0,0.0,1.0,0.0,0.03521711379289627,115,True,narrow_exit,0.4663383831696767,127,fsm_no_recovery
1.0,1.0,0.0,0.0,0.0,0.1258798986673355,109,True,l_shaped,0.8425455487514439,128,fsm_no_recovery
0.0,0.0,0.0,0.0,0.0,4.820000171661377,18,True,straight,0.5064877809019707,129,fsm_no_recovery
0.0,0.0,0.0,1.0,0.0,0.003060417715460062,70,True,l_shaped,0.6385316752431256,130,fsm_no_recovery
1.0,1.0,0.0,0.0,0.0,0.061833418905735016,116,True,l_shaped,0.6300370178623333,131,fsm_no_recovery
0.0,0.0,0.0,0.0,0.0,4.820000171661377,17,True,straight,0.482424741995065,132,fsm_no_recovery
1.0,1.0,0.0,1.0,0.0,0.03268327936530113,95,True,straight,0.5262578575925465,133,fsm_no_recovery
0.0,0.0,0.0,0.0,0.0,4.820000171661377,14,True,straight,0.45780458482793673,134,fsm_no_recovery
1.0,1.0,0.0,0.0,0.0,0.057066626846790314,105,True,narrow_exit,0.5190096445622917,135,fsm_no_recovery
1.0,1.0,0.0,1.0,0.0,0.023141438141465187,180,True,s_shaped,0.7595931446352189,136,fsm_no_recovery
1.0,1.0,0.0,1.0,0.0,0.01762957125902176,105,True,narrow_entry,0.5041725325449173,137,fsm_no_recovery
1.0,1.0,0.0,1.0,0.0,0.04855989292263985,106,True,l_shaped,0.8087794841954169,138,fsm_no_recovery
1.0,1.0,0.0,0.0,0.0,0.050086602568626404,89,True,l_shaped,0.6019540267879364,139,fsm_no_recovery
1.0,1.0,0.0,1.0,0.0,0.04307238757610321,106,True,narrow_entry,0.4813765278336673,140,fsm_no_recovery
0.0,0.0,0.0,0.0,0.0,4.820000171661377,31,True,narrow_entry,0.46491353265234264,141,fsm_no_recovery
1.0,1.0,0.0,0.0,0.0,0.09751126170158386,95,True,straight,0.8386640149975559,142,fsm_no_recovery
1.0,1.0,0.0,0.0,0.0,0.11879798024892807,80,True,straight,0.7569888452323249,143,fsm_no_recovery
0.0,0.0,0.0,1.0,0.0,0.004263866227120161,75,True,asymmetric,0.6046745548658622,144,fsm_no_recovery
0.0,0.0,0.0,0.0,0.0,4.820000171661377,32,True,narrow_entry,0.495506592358284,145,fsm_no_recovery
1.0,1.0,0.0,0.0,0.0,0.08669714629650116,103,True,straight,0.6765939184855374,146,fsm_no_recovery
1.0,1.0,0.0,1.0,0.0,0.044235698878765106,70,True,narrow_exit,0.4773390076415287,147,fsm_no_recovery
0.0,0.0,0.0,0.0,0.0,0.09066864848136902,400,False,false_feasible,0.568939979713289,148,fsm_no_recovery
0.0,0.0,0.0,0.0,0.0,4.820000171661377,29,True,straight,0.45689926796611485,149,fsm_no_recovery
1.0,1.0,0.0,0.0,0.0,0.07697412371635437,93,True,l_shaped,0.6593707322100824,150,fsm_no_recovery
0.0,0.0,0.0,1.0,0.0,0.0015577137237414718,105,True,l_shaped,0.5281615680526541,151,fsm_no_recovery
1.0,1.0,0.0,0.0,0.0,0.1833091825246811,82,True,straight,0.814488164950965,152,fsm_no_recovery
1.0,1.0,0.0,0.0,0.0,0.06382500380277634,83,True,narrow_entry,0.5516393054223531,153,fsm_no_recovery
1.0,1.0,0.0,0.0,0.0,0.05359850451350212,84,True,asymmetric,0.7063869923401409,154,fsm_no_recovery
1.0,1.0,0.0,0.0,0.0,0.09450272470712662,95,True,narrow_exit,0.5491354149219455,155,fsm_no_recovery
1.0,1.0,0.0,1.0,0.0,0.038286443799734116,110,True,narrow_exit,0.46785374890604176,156,fsm_no_recovery
1.0,1.0,0.0,0.0,0.0,0.05730165168642998,104,True,narrow_exit,0.5028478736920726,157,fsm_no_recovery
1.0,1.0,0.0,0.0,0.0,0.08179684728384018,112,True,narrow_exit,0.5845742350860054,158,fsm_no_recovery
1.0,1.0,0.0,1.0,0.0,0.031204361468553543,143,True,s_shaped,0.684994055835837,159,fsm_no_recovery
1.0,1.0,0.0,0.0,0.0,0.06777524203062057,111,True,l_shaped,0.7585458135003766,160,fsm_no_recovery
1.0,1.0,0.0,0.0,0.0,0.10827802866697311,109,True,l_shaped,0.7148924077108438,161,fsm_no_recovery
1.0,1.0,0.0,0.0,0.0,0.06490309536457062,96,True,narrow_exit,0.5558131453120774,162,fsm_no_recovery
1.0,1.0,0.0,1.0,0.0,0.014227566309273243,85,True,narrow_entry,0.544851864380858,163,fsm_no_recovery
1.0,1.0,0.0,1.0,0.0,0.007959944196045399,84,True,straight,0.5027728321110996,164,fsm_no_recovery
1.0,1.0,0.0,0.0,0.0,0.08348408341407776,125,True,s_shaped,0.621666064237258,165,fsm_no_recovery
1.0,1.0,0.0,1.0,0.0,0.031452663242816925,90,True,narrow_exit,0.4446044127074401,166,fsm_no_recovery
1.0,1.0,0.0,1.0,0.0,0.024478960782289505,122,True,s_shaped,0.530062356017301,167,fsm_no_recovery
0.0,0.0,0.0,0.0,0.0,0.12929357588291168,400,False,false_feasible,0.6972193117709262,168,fsm_no_recovery
0.0,0.0,0.0,1.0,0.0,0.0002899921964854002,400,False,false_feasible,0.5691794624230437,169,fsm_no_recovery
0.0,0.0,0.0,0.0,0.0,0.13245241343975067,400,False,false_feasible,0.7250319800068078,170,fsm_no_recovery
1.0,1.0,0.0,1.0,0.0,0.042195022106170654,118,True,l_shaped,0.8863190006574062,171,fsm_no_recovery
0.0,0.0,0.0,0.0,0.0,0.07922658324241638,390,True,asymmetric,0.6373270935368666,172,fsm_no_recovery
1.0,1.0,0.0,0.0,0.0,0.0561676025390625,133,True,s_shaped,0.690824229142152,173,fsm_no_recovery
1.0,1.0,0.0,0.0,0.0,0.09900540113449097,105,True,straight,0.7597703150610327,174,fsm_no_recovery
1.0,1.0,0.0,0.0,0.0,0.08650613576173782,104,True,narrow_exit,0.5985662358586883,175,fsm_no_recovery
1.0,1.0,0.0,0.0,0.0,0.0563192144036293,133,True,l_shaped,0.8625231437667575,176,fsm_no_recovery
0.0,0.0,0.0,1.0,0.0,0.0015610966365784407,78,False,false_feasible,0.5607769620829026,177,fsm_no_recovery
1.0,1.0,0.0,1.0,0.0,0.032859161496162415,79,True,narrow_exit,0.46593736520372087,178,fsm_no_recovery
0.0,0.0,0.0,0.0,0.0,4.820000171661377,14,True,narrow_entry,0.4241290121404686,179,fsm_no_recovery
1.0,1.0,0.0,0.0,0.0,0.08761530369520187,96,True,straight,0.6709767584367762,180,fsm_no_recovery
1.0,1.0,0.0,1.0,0.0,0.04680396243929863,75,True,narrow_exit,0.48039648826202497,181,fsm_no_recovery
1.0,1.0,0.0,0.0,0.0,0.10560604184865952,101,True,straight,0.6555107863538845,182,fsm_no_recovery
1.0,1.0,0.0,0.0,0.0,0.061905357986688614,85,True,narrow_entry,0.5339199705128345,183,fsm_no_recovery
1.0,1.0,0.0,0.0,0.0,0.1425837129354477,98,True,straight,0.8228727578091262,184,fsm_no_recovery
0.0,0.0,0.0,0.0,0.0,4.820000171661377,16,True,straight,0.46836210199726036,185,fsm_no_recovery
0.0,0.0,0.0,1.0,0.0,0.005116735585033894,67,True,s_shaped,0.5895404018571003,186,fsm_no_recovery
1.0,1.0,0.0,0.0,0.0,0.0665912926197052,121,True,straight,0.6267418808582117,187,fsm_no_recovery
1.0,1.0,0.0,1.0,0.0,0.01905314438045025,86,True,asymmetric,0.8499380696396119,188,fsm_no_recovery
0.0,0.0,0.0,0.0,0.0,0.1113571971654892,400,False,false_feasible,0.6593489252265292,189,fsm_no_recovery
1.0,1.0,0.0,0.0,0.0,0.0727599561214447,145,True,l_shaped,0.8846573649966978,190,fsm_no_recovery
1.0,1.0,0.0,0.0,0.0,0.10481808334589005,116,True,l_shaped,0.6471237315463513,191,fsm_no_recovery
1.0,1.0,0.0,1.0,0.0,0.04406557232141495,123,True,l_shaped,0.8324970131757342,192,fsm_no_recovery
0.0,0.0,0.0,0.0,0.0,4.820000171661377,14,True,straight,0.5123739256704638,193,fsm_no_recovery
0.0,0.0,0.0,0.0,0.0,0.07945014536380768,400,True,asymmetric,0.583288190119579,194,fsm_no_recovery
1.0,1.0,0.0,0.0,0.0,0.13853420317173004,78,True,straight,0.661344212077978,195,fsm_no_recovery
1.0,1.0,0.0,0.0,0.0,0.10596346855163574,92,True,straight,0.7470306287893259,196,fsm_no_recovery
1.0,1.0,0.0,0.0,0.0,0.10964547842741013,114,True,straight,0.8108032894474879,197,fsm_no_recovery
1.0,1.0,0.0,0.0,0.0,0.11686915159225464,103,True,straight,0.6702472319162656,198,fsm_no_recovery
0.0,0.0,0.0,0.0,0.0,4.820000171661377,27,True,asymmetric,0.47359755603164005,199,fsm_no_recovery
0.0,0.0,0.0,0.0,0.0,4.820000171661377,51,True,narrow_entry,0.46257503738018424,200,fsm_no_recovery
0.0,0.0,0.0,0.0,0.0,0.09902580827474594,400,False,false_feasible,0.7932155021506591,201,fsm_no_recovery
0.0,0.0,0.0,0.0,0.0,4.820000171661377,31,True,asymmetric,0.7255036456096886,202,fsm_no_recovery
1.0,1.0,0.0,0.0,0.0,0.05573070049285889,109,True,narrow_exit,0.47402333940722585,203,fsm_no_recovery
1.0,1.0,0.0,0.0,0.0,0.05938941612839699,96,True,l_shaped,0.6357084283012369,204,fsm_no_recovery
1.0,1.0,0.0,1.0,0.0,0.010316929779946804,114,True,asymmetric,0.7271459343440003,205,fsm_no_recovery
1.0,1.0,0.0,1.0,0.0,0.02343265898525715,98,True,narrow_exit,0.4278054630166245,206,fsm_no_recovery
1.0,1.0,0.0,0.0,0.0,0.09362542629241943,110,True,straight,0.6912388384985994,207,fsm_no_recovery
1.0,1.0,0.0,0.0,0.0,0.06652523577213287,118,True,s_shaped,0.5855585646486636,208,fsm_no_recovery
0.0,0.0,0.0,0.0,0.0,4.820000171661377,34,True,narrow_entry,0.5495016711588436,209,fsm_no_recovery
1.0,1.0,0.0,0.0,0.0,0.05986551567912102,94,True,l_shaped,0.6752585765988925,210,fsm_no_recovery
1.0,1.0,0.0,0.0,0.0,0.0844755545258522,112,True,straight,0.7022293039988456,211,fsm_no_recovery
1.0,1.0,0.0,0.0,0.0,0.07098722457885742,121,True,s_shaped,0.7700060944752454,212,fsm_no_recovery
0.0,0.0,0.0,0.0,0.0,4.820000171661377,33,True,s_shaped,0.5014385763157263,213,fsm_no_recovery
0.0,0.0,0.0,0.0,0.0,4.820000171661377,28,True,s_shaped,0.5950757831158703,214,fsm_no_recovery
1.0,1.0,0.0,1.0,0.0,0.006845287047326565,153,True,asymmetric,0.6854453793647753,215,fsm_no_recovery
1.0,1.0,0.0,1.0,0.0,0.029130982235074043,138,True,s_shaped,0.6094034074432924,216,fsm_no_recovery
1.0,1.0,0.0,0.0,0.0,0.05408807843923569,141,True,l_shaped,0.8948538911031467,217,fsm_no_recovery
1.0,1.0,0.0,0.0,0.0,0.07842106372117996,111,True,narrow_exit,0.5709331812458291,218,fsm_no_recovery
1.0,1.0,0.0,0.0,0.0,0.07122409343719482,135,True,l_shaped,0.8877556422645179,219,fsm_no_recovery
0.0,0.0,0.0,0.0,0.0,4.820000171661377,32,True,narrow_entry,0.47633827962389347,220,fsm_no_recovery
0.0,0.0,0.0,1.0,0.0,0.04753238707780838,400,True,l_shaped,0.508803321982123,221,fsm_no_recovery
1.0,1.0,0.0,1.0,0.0,0.04798825830221176,85,True,narrow_entry,0.49890748799546136,222,fsm_no_recovery
1.0,1.0,0.0,1.0,0.0,0.025227751582860947,76,True,narrow_entry,0.5645235110657127,223,fsm_no_recovery
1.0,1.0,0.0,0.0,0.0,0.052629802376031876,112,True,narrow_exit,0.5429246593333836,224,fsm_no_recovery
1.0,1.0,0.0,0.0,0.0,0.057610008865594864,73,True,narrow_entry,0.5680739504788275,225,fsm_no_recovery
1.0,1.0,0.0,0.0,0.0,0.08678263425827026,119,True,l_shaped,0.5861931887560692,226,fsm_no_recovery
1.0,1.0,0.0,1.0,0.0,0.024732382968068123,96,True,asymmetric,0.8116674801962066,227,fsm_no_recovery
0.0,0.0,0.0,0.0,0.0,4.820000171661377,28,True,l_shaped,0.5025058767089599,228,fsm_no_recovery
1.0,1.0,0.0,1.0,0.0,0.032446008175611496,95,True,narrow_exit,0.445274760758701,229,fsm_no_recovery
1.0,1.0,0.0,1.0,0.0,0.03865478187799454,74,True,straight,0.48518786514781254,230,fsm_no_recovery
1.0,1.0,0.0,0.0,0.0,0.06123698502779007,88,True,narrow_exit,0.5434588488907586,231,fsm_no_recovery
1.0,1.0,0.0,0.0,0.0,0.2078445553779602,86,True,straight,0.8478532110178382,232,fsm_no_recovery
1.0,1.0,0.0,1.0,0.0,0.037610504776239395,185,True,s_shaped,0.8231169852162152,233,fsm_no_recovery
1.0,1.0,0.0,1.0,0.0,0.027090338990092278,104,True,narrow_entry,0.5286335037722145,234,fsm_no_recovery
1.0,1.0,0.0,0.0,0.0,0.14451000094413757,101,True,straight,0.7938707904490372,235,fsm_no_recovery
0.0,0.0,0.0,0.0,0.0,0.14306730031967163,400,False,false_feasible,0.7378029112128818,236,fsm_no_recovery
1.0,1.0,0.0,1.0,0.0,0.009952830150723457,92,True,narrow_entry,0.542545829099834,237,fsm_no_recovery
1.0,1.0,0.0,0.0,0.0,0.050228919833898544,95,True,narrow_exit,0.46260800782126443,238,fsm_no_recovery
0.0,0.0,0.0,0.0,0.0,0.13889500498771667,400,False,false_feasible,0.6941783641192707,239,fsm_no_recovery
1.0,1.0,0.0,1.0,0.0,0.043857574462890625,124,True,l_shaped,0.7271763004320317,240,fsm_no_recovery
1.0,1.0,0.0,0.0,0.0,0.0928795114159584,125,True,l_shaped,0.7205153851916846,241,fsm_no_recovery
1.0,1.0,0.0,0.0,0.0,0.09702862054109573,91,True,narrow_exit,0.5917274410016289,242,fsm_no_recovery
1.0,1.0,0.0,0.0,0.0,0.05843331664800644,107,True,s_shaped,0.6135607650678738,243,fsm_no_recovery
1.0,1.0,0.0,0.0,0.0,0.0926542803645134,105,True,straight,0.7798916721531333,244,fsm_no_recovery
1.0,1.0,0.0,0.0,0.0,0.07197615504264832,95,True,narrow_exit,0.5693225041583595,245,fsm_no_recovery
1.0,1.0,0.0,1.0,0.0,0.04227590933442116,98,True,narrow_exit,0.47981232693166004,246,fsm_no_recovery
1.0,1.0,0.0,0.0,0.0,0.08968967944383621,123,True,l_shaped,0.714317969393873,247,fsm_no_recovery
1.0,1.0,0.0,0.0,0.0,0.0958191379904747,92,True,narrow_exit,0.5654314276872818,248,fsm_no_recovery
1.0,1.0,0.0,0.0,0.0,0.09798789769411087,99,True,straight,0.5846792757162791,249,fsm_no_recovery
1.0,1.0,0.0,1.0,0.0,0.01820858009159565,93,True,straight,0.6546702576690109,250,fsm_no_recovery
1.0,1.0,0.0,0.0,0.0,0.09465909749269485,90,True,straight,0.7000230371367061,251,fsm_no_recovery
0.0,0.0,0.0,1.0,0.0,0.004437488969415426,28,True,narrow_entry,0.42899966908385145,252,fsm_no_recovery
0.0,0.0,0.0,1.0,0.0,2.1326861315174028e-05,73,True,asymmetric,0.7872374576745234,253,fsm_no_recovery
0.0,0.0,0.0,0.0,0.0,0.06375385075807571,400,False,false_feasible,0.6791604170683834,254,fsm_no_recovery
0.0,0.0,0.0,0.0,0.0,4.820000171661377,35,True,straight,0.5221009658040385,255,fsm_no_recovery
1.0,1.0,0.0,1.0,0.0,0.046752095222473145,131,True,s_shaped,0.5201275736502201,256,fsm_no_recovery
1.0,1.0,0.0,1.0,0.0,0.016873065382242203,93,True,asymmetric,0.6705579089001179,257,fsm_no_recovery
1.0,1.0,0.0,0.0,0.0,0.11903552711009979,75,True,straight,0.6060746072262289,258,fsm_no_recovery
0.0,0.0,0.0,0.0,0.0,4.820000171661377,25,True,straight,0.5762065757317139,259,fsm_no_recovery
1.0,1.0,0.0,0.0,0.0,0.06147773936390877,105,True,straight,0.4906695374344866,260,fsm_no_recovery
0.0,0.0,0.0,0.0,0.0,0.1458863615989685,400,False,false_feasible,0.7594641686780483,261,fsm_no_recovery
1.0,1.0,0.0,1.0,0.0,0.02163999155163765,97,True,narrow_exit,0.4224338501381135,262,fsm_no_recovery
0.0,0.0,0.0,0.0,0.0,0.05536096915602684,400,False,false_feasible,0.725409096837252,263,fsm_no_recovery
0.0,0.0,0.0,0.0,0.0,0.14516806602478027,400,False,false_feasible,0.7160380264565838,264,fsm_no_recovery
1.0,1.0,0.0,0.0,0.0,0.061096593737602234,74,True,narrow_entry,0.5855133183714907,265,fsm_no_recovery
1.0,1.0,0.0,1.0,0.0,0.017033949494361877,118,True,l_shaped,0.8475413930140507,266,fsm_no_recovery
0.0,0.0,0.0,1.0,0.0,0.005879796575754881,48,True,s_shaped,0.7095266997242662,267,fsm_no_recovery
1.0,1.0,0.0,0.0,0.0,0.05293416231870651,121,True,l_shaped,0.8722820543598859,268,fsm_no_recovery
0.0,0.0,0.0,0.0,0.0,4.820000171661377,15,True,narrow_entry,0.5069308303663955,269,fsm_no_recovery
1.0,1.0,0.0,0.0,0.0,0.1038067564368248,93,True,narrow_entry,0.597856038096571,270,fsm_no_recovery
0.0,0.0,0.0,0.0,0.0,4.820000171661377,22,True,narrow_entry,0.514985278167515,271,fsm_no_recovery
1.0,1.0,0.0,1.0,0.0,0.0031293141655623913,173,True,asymmetric,0.6752973156244955,272,fsm_no_recovery
1.0,1.0,0.0,0.0,0.0,0.05284499377012253,116,True,l_shaped,0.8698628526575419,273,fsm_no_recovery
1.0,1.0,0.0,0.0,0.0,0.06123252958059311,108,True,l_shaped,0.7524464726237827,274,fsm_no_recovery
1.0,1.0,0.0,0.0,0.0,0.19244398176670074,89,True,straight,0.7669207441771506,275,fsm_no_recovery
1.0,1.0,0.0,1.0,0.0,0.022815361618995667,129,True,straight,0.7150150386706989,276,fsm_no_recovery
1.0,1.0,0.0,1.0,0.0,0.04049672186374664,157,True,s_shaped,0.5577864907283165,277,fsm_no_recovery
1.0,1.0,0.0,0.0,0.0,0.09431291371583939,99,True,l_shaped,0.8321948683971027,278,fsm_no_recovery
0.0,0.0,0.0,0.0,0.0,0.12527558207511902,400,False,false_feasible,0.6801051840521771,279,fsm_no_recovery
0.0,0.0,0.0,1.0,0.0,0.004692673217505217,90,True,s_shaped,0.48991319553790924,280,fsm_no_recovery
1.0,1.0,0.0,0.0,0.0,0.06432835757732391,110,True,narrow_exit,0.5341462060718538,281,fsm_no_recovery
1.0,1.0,0.0,1.0,0.0,0.029895145446062088,109,True,narrow_exit,0.4533857645129056,282,fsm_no_recovery
1.0,1.0,0.0,1.0,0.0,0.04301656782627106,129,True,s_shaped,0.7079848318219353,283,fsm_no_recovery
1.0,1.0,0.0,0.0,0.0,0.11219481378793716,85,True,asymmetric,0.8868931398485057,284,fsm_no_recovery
1.0,1.0,0.0,0.0,0.0,0.06510693579912186,100,True,narrow_entry,0.5046666414728542,285,fsm_no_recovery
1.0,1.0,0.0,0.0,0.0,0.05730730667710304,99,True,l_shaped,0.6662531847629556,286,fsm_no_recovery
1.0,1.0,0.0,0.0,0.0,0.0783616378903389,116,True,straight,0.7286022340234086,287,fsm_no_recovery
0.0,0.0,0.0,0.0,0.0,4.820000171661377,18,True,straight,0.4714423980854743,288,fsm_no_recovery
1.0,1.0,0.0,0.0,0.0,0.0952276885509491,131,True,l_shaped,0.702527174148475,289,fsm_no_recovery
1.0,1.0,0.0,0.0,0.0,0.1076679602265358,122,True,s_shaped,0.7107446685644123,290,fsm_no_recovery
0.0,0.0,0.0,0.0,0.0,4.820000171661377,21,True,l_shaped,0.47557852432406034,291,fsm_no_recovery
1.0,1.0,0.0,1.0,0.0,0.025955915451049805,72,True,narrow_exit,0.4300895657882317,292,fsm_no_recovery
0.0,0.0,0.0,0.0,0.0,0.12479755282402039,400,False,false_feasible,0.7117504012919573,293,fsm_no_recovery
1.0,1.0,0.0,1.0,0.0,0.038207247853279114,114,True,straight,0.625419618052384,294,fsm_no_recovery
0.0,0.0,0.0,0.0,0.0,0.06577696651220322,400,False,false_feasible,0.7685074232152618,295,fsm_no_recovery
1.0,1.0,0.0,1.0,0.0,0.0491371676325798,71,True,narrow_entry,0.4823221428564818,296,fsm_no_recovery
1.0,1.0,0.0,1.0,0.0,0.016408398747444153,104,True,straight,0.5506367387585532,297,fsm_no_recovery
1.0,1.0,0.0,1.0,0.0,0.04687776044011116,95,True,narrow_exit,0.5020667471832564,298,fsm_no_recovery
0.0,0.0,0.0,0.0,0.0,0.10039913654327393,400,False,false_feasible,0.6897108071896056,299,fsm_no_recovery
1.0,1.0,0.0,0.0,0.0,0.06873013824224472,101,True,l_shaped,0.5582414545201989,300,fsm_no_recovery
0.0,0.0,0.0,1.0,0.0,0.0012399672996252775,65,True,l_shaped,0.6289406512846578,301,fsm_no_recovery
0.0,0.0,0.0,0.0,0.0,4.820000171661377,16,True,narrow_entry,0.44136442590735636,302,fsm_no_recovery
1.0,1.0,0.0,0.0,0.0,0.14268219470977783,112,True,straight,0.8661738624881904,303,fsm_no_recovery
1.0,1.0,0.0,1.0,0.0,0.03363071009516716,76,True,narrow_exit,0.4480013041689733,304,fsm_no_recovery
0.0,0.0,0.0,1.0,0.0,0.04409007355570793,400,True,s_shaped,0.7775312962331988,305,fsm_no_recovery
1.0,1.0,0.0,0.0,0.0,0.1064048781991005,73,True,asymmetric,0.7388786759305561,306,fsm_no_recovery
1.0,1.0,0.0,0.0,0.0,0.06896498054265976,112,True,s_shaped,0.5822124931701564,307,fsm_no_recovery
1.0,1.0,0.0,1.0,0.0,0.046335749328136444,98,True,narrow_exit,0.5016232062800304,308,fsm_no_recovery
0.0,0.0,0.0,0.0,0.0,4.820000171661377,21,True,narrow_entry,0.4635071265925246,309,fsm_no_recovery
1.0,1.0,0.0,0.0,0.0,0.23872464895248413,99,True,straight,0.8789425728914166,310,fsm_no_recovery
0.0,0.0,0.0,0.0,0.0,0.09236117452383041,400,False,false_feasible,0.5969467832429785,311,fsm_no_recovery
1.0,1.0,0.0,0.0,0.0,0.09173370897769928,101,True,l_shaped,0.6291971603060174,312,fsm_no_recovery
1.0,1.0,0.0,0.0,0.0,0.09623599797487259,82,True,narrow_exit,0.5974310734770286,313,fsm_no_recovery
1.0,1.0,0.0,0.0,0.0,0.06458904594182968,82,True,narrow_exit,0.5328892956651914,314,fsm_no_recovery
1.0,1.0,0.0,0.0,0.0,0.19036224484443665,83,True,straight,0.8231665887815531,315,fsm_no_recovery
0.0,0.0,0.0,0.0,0.0,0.09322331845760345,400,False,false_feasible,0.5912280968652435,316,fsm_no_recovery
0.0,0.0,0.0,1.0,0.0,0.00945038627833128,400,True,asymmetric,0.5761137069220625,317,fsm_no_recovery
0.0,0.0,0.0,1.0,0.0,0.020095139741897583,400,False,false_feasible,0.7292489277588412,318,fsm_no_recovery
0.0,0.0,0.0,0.0,0.0,4.820000171661377,16,True,narrow_entry,0.508758546807744,319,fsm_no_recovery
1.0,1.0,0.0,0.0,0.0,0.10494273155927658,96,True,l_shaped,0.6958785292128559,320,fsm_no_recovery
1.0,1.0,0.0,0.0,0.0,0.16603249311447144,98,True,straight,0.8665713782649658,321,fsm_no_recovery
1.0,1.0,0.0,0.0,0.0,0.1212845891714096,105,True,l_shaped,0.762246701125311,322,fsm_no_recovery
1.0,1.0,0.0,1.0,0.0,0.02414676733314991,105,True,narrow_entry,0.5220977399863098,323,fsm_no_recovery
1.0,1.0,0.0,1.0,0.0,0.038605596870183945,80,True,narrow_entry,0.506188594644927,324,fsm_no_recovery
1.0,1.0,0.0,1.0,0.0,0.026884282007813454,118,True,straight,0.6948504472996953,325,fsm_no_recovery
1.0,1.0,0.0,1.0,0.0,0.02491685561835766,108,True,asymmetric,0.8757603163108129,326,fsm_no_recovery
1.0,1.0,0.0,0.0,0.0,0.11534290760755539,120,True,l_shaped,0.7437145120664848,327,fsm_no_recovery
1.0,1.0,0.0,0.0,0.0,0.09304232895374298,107,True,narrow_exit,0.5930373347889437,328,fsm_no_recovery
0.0,0.0,0.0,1.0,0.0,0.0015586355002596974,109,True,l_shaped,0.48465800361830597,329,fsm_no_recovery
1.0,1.0,0.0,1.0,0.0,0.037502020597457886,106,True,straight,0.5388021041198569,330,fsm_no_recovery
1.0,1.0,0.0,1.0,0.0,0.0019328491762280464,216,True,l_shaped,0.5122599116577535,331,fsm_no_recovery
1.0,1.0,0.0,0.0,0.0,0.22765830159187317,96,True,straight,0.8879733804296143,332,fsm_no_recovery
1.0,1.0,0.0,0.0,0.0,0.12167317420244217,83,True,straight,0.6088379375046895,333,fsm_no_recovery
1.0,1.0,0.0,0.0,0.0,0.07370743900537491,74,True,narrow_exit,0.5395145984455157,334,fsm_no_recovery
1.0,1.0,0.0,1.0,0.0,0.0160429235547781,132,True,asymmetric,0.7906213366026622,335,fsm_no_recovery
1.0,1.0,0.0,0.0,0.0,0.18107004463672638,92,True,straight,0.8256686591265201,336,fsm_no_recovery
1.0,1.0,0.0,1.0,0.0,0.0493525005877018,176,True,s_shaped,0.7798723707538546,337,fsm_no_recovery
1.0,1.0,0.0,0.0,0.0,0.06043130159378052,94,True,narrow_exit,0.5309231001240365,338,fsm_no_recovery
1.0,1.0,0.0,1.0,0.0,0.025453392416238785,153,True,s_shaped,0.6755564727055106,339,fsm_no_recovery
1.0,1.0,0.0,0.0,0.0,0.07943442463874817,72,True,straight,0.5558996745394418,340,fsm_no_recovery
1.0,1.0,0.0,0.0,0.0,0.10780002176761627,78,True,straight,0.687617405362166,341,fsm_no_recovery
0.0,0.0,0.0,0.0,0.0,0.0664847195148468,400,False,false_feasible,0.596435436836294,342,fsm_no_recovery
0.0,0.0,0.0,0.0,0.0,4.820000171661377,44,True,narrow_entry,0.5132458505621796,343,fsm_no_recovery
1.0,1.0,0.0,1.0,0.0,0.02943253330886364,82,True,narrow_exit,0.4448462105512341,344,fsm_no_recovery
0.0,0.0,0.0,0.0,0.0,0.05575835704803467,400,True,asymmetric,0.49641382419305524,345,fsm_no_recovery
0.0,0.0,0.0,0.0,0.0,0.09380097687244415,400,False,false_feasible,0.7002872187880077,346,fsm_no_recovery
1.0,1.0,0.0,1.0,0.0,0.0367131307721138,105,True,narrow_exit,0.4441182828076294,347,fsm_no_recovery
1.0,1.0,0.0,0.0,0.0,0.05365181714296341,83,True,narrow_exit,0.5184599079991126,348,fsm_no_recovery
1.0,1.0,0.0,1.0,0.0,0.015789425000548363,158,True,s_shaped,0.7176830131299876,349,fsm_no_recovery
0.0,0.0,0.0,0.0,0.0,0.11359070986509323,400,False,false_feasible,0.7678920937446353,350,fsm_no_recovery
0.0,0.0,0.0,1.0,0.0,0.001236427458934486,133,True,l_shaped,0.5156169164171034,351,fsm_no_recovery
1.0,1.0,0.0,1.0,0.0,0.029976192861795425,105,True,narrow_exit,0.4418791304607022,352,fsm_no_recovery
1.0,1.0,0.0,0.0,0.0,0.05879661813378334,102,True,l_shaped,0.8309334387021174,353,fsm_no_recovery
0.0,0.0,0.0,1.0,0.0,0.03164544329047203,92,True,asymmetric,0.6325355724787142,354,fsm_no_recovery
1.0,1.0,0.0,0.0,0.0,0.06460409611463547,122,True,asymmetric,0.769853736309047,355,fsm_no_recovery
0.0,0.0,0.0,0.0,0.0,4.820000171661377,28,True,narrow_entry,0.4442979320113952,356,fsm_no_recovery
0.0,0.0,0.0,0.0,0.0,0.1415543556213379,400,False,false_feasible,0.7220178129377571,357,fsm_no_recovery
0.0,0.0,0.0,0.0,0.0,4.820000171661377,25,True,asymmetric,0.5122639279256973,358,fsm_no_recovery
0.0,0.0,0.0,0.0,0.0,4.820000171661377,39,True,straight,0.5963604019657109,359,fsm_no_recovery
1.0,1.0,0.0,0.0,0.0,0.08431001752614975,151,True,s_shaped,0.7531406494787242,360,fsm_no_recovery
0.0,0.0,0.0,0.0,0.0,4.820000171661377,40,True,straight,0.7314355494648314,361,fsm_no_recovery
1.0,1.0,0.0,0.0,0.0,0.1803615689277649,87,True,straight,0.8705735193751392,362,fsm_no_recovery
0.0,0.0,0.0,0.0,0.0,0.08114136755466461,400,False,false_feasible,0.6850875939252054,363,fsm_no_recovery
1.0,1.0,0.0,0.0,0.0,0.09578113257884979,96,True,asymmetric,0.7710180765352601,364,fsm_no_recovery
1.0,1.0,0.0,1.0,0.0,0.03123667649924755,97,True,narrow_exit,0.4348439790688405,365,fsm_no_recovery
1.0,1.0,0.0,1.0,0.0,0.04673857241868973,107,True,straight,0.7902192468953859,366,fsm_no_recovery
0.0,0.0,0.0,0.0,0.0,0.1648162454366684,68,True,s_shaped,0.8335888218286462,367,fsm_no_recovery
1.0,1.0,0.0,1.0,0.0,0.027815604582428932,73,True,narrow_exit,0.4381008243004151,368,fsm_no_recovery
1.0,1.0,0.0,0.0,0.0,0.12034305930137634,106,True,straight,0.8276510951348086,369,fsm_no_recovery
1.0,1.0,0.0,0.0,0.0,0.058434516191482544,92,True,narrow_exit,0.5391956786140941,370,fsm_no_recovery
1.0,1.0,0.0,0.0,0.0,0.11218513548374176,125,True,l_shaped,0.847110008824626,371,fsm_no_recovery
0.0,0.0,0.0,0.0,0.0,4.820000171661377,19,True,l_shaped,0.4581934817591373,372,fsm_no_recovery
0.0,0.0,0.0,0.0,0.0,4.820000171661377,37,True,narrow_entry,0.4770782590610465,373,fsm_no_recovery
1.0,1.0,0.0,1.0,0.0,0.02790565975010395,111,True,narrow_exit,0.4350030436524524,374,fsm_no_recovery
0.0,0.0,0.0,0.0,0.0,4.820000171661377,35,True,s_shaped,0.5210959997474712,375,fsm_no_recovery
1.0,1.0,0.0,0.0,0.0,0.07089239358901978,123,True,l_shaped,0.7599771207534756,376,fsm_no_recovery
0.0,0.0,0.0,0.0,0.0,0.07409181445837021,400,False,false_feasible,0.5763959000903329,377,fsm_no_recovery
1.0,1.0,0.0,0.0,0.0,0.07745267450809479,109,True,asymmetric,0.8837715570461839,378,fsm_no_recovery
1.0,1.0,0.0,0.0,0.0,0.06929118931293488,116,True,s_shaped,0.6107088674612805,379,fsm_no_recovery
1.0,1.0,0.0,0.0,0.0,0.06103852018713951,167,True,s_shaped,0.8665720663572564,380,fsm_no_recovery
0.0,0.0,0.0,1.0,0.0,0.011294844560325146,400,False,false_feasible,0.5545469136847588,381,fsm_no_recovery
0.0,0.0,0.0,1.0,0.0,0.00540925282984972,93,True,asymmetric,0.6157347958967578,382,fsm_no_recovery
1.0,1.0,0.0,0.0,0.0,0.10320477932691574,109,True,asymmetric,0.8243683203342678,383,fsm_no_recovery
0.0,0.0,0.0,0.0,0.0,4.820000171661377,18,True,s_shaped,0.49255097431141853,384,fsm_no_recovery
0.0,0.0,0.0,0.0,0.0,4.820000171661377,27,True,narrow_entry,0.529213017611265,385,fsm_no_recovery
0.0,0.0,0.0,0.0,0.0,4.820000171661377,18,True,straight,0.5003285403847338,386,fsm_no_recovery
1.0,1.0,0.0,0.0,0.0,0.08781126141548157,113,True,s_shaped,0.6375211634466684,387,fsm_no_recovery
0.0,0.0,0.0,0.0,0.0,0.08615396916866302,400,False,false_feasible,0.6893684559830444,388,fsm_no_recovery
1.0,1.0,0.0,1.0,0.0,0.037233006209135056,85,True,narrow_exit,0.4820052262399057,389,fsm_no_recovery
1.0,1.0,0.0,0.0,0.0,0.11618584394454956,144,True,s_shaped,0.8985314013551302,390,fsm_no_recovery
1.0,1.0,0.0,1.0,0.0,0.02603979967534542,258,True,s_shaped,0.8362736956670866,391,fsm_no_recovery
1.0,1.0,0.0,1.0,0.0,0.03346307575702667,86,True,narrow_exit,0.4274737393891623,392,fsm_no_recovery
1.0,1.0,0.0,0.0,0.0,0.054534342139959335,131,True,s_shaped,0.6570524091911358,393,fsm_no_recovery
1.0,1.0,0.0,0.0,0.0,0.06356794387102127,75,True,narrow_exit,0.48806207342713714,394,fsm_no_recovery
1.0,1.0,0.0,0.0,0.0,0.21233420073986053,77,True,straight,0.8341386340078032,395,fsm_no_recovery
1.0,1.0,0.0,0.0,0.0,0.05984014272689819,110,True,straight,0.6057526932596331,396,fsm_no_recovery
0.0,0.0,0.0,0.0,0.0,0.12971095740795135,59,True,asymmetric,0.7184018283443687,397,fsm_no_recovery
1.0,1.0,0.0,1.0,0.0,0.048933081328868866,102,True,l_shaped,0.5257672548461756,398,fsm_no_recovery
0.0,0.0,0.0,0.0,0.0,0.05569038167595863,400,False,false_feasible,0.5843077481440224,399,fsm_no_recovery
1.0,1.0,0.0,0.0,0.0,0.096847765147686,147,True,s_shaped,0.7658581927788515,400,fsm_no_recovery
1.0,1.0,0.0,0.0,0.0,0.05953582748770714,107,True,narrow_exit,0.5233998277867475,401,fsm_no_recovery
1.0,1.0,0.0,0.0,0.0,0.08496058732271194,111,True,l_shaped,0.8157214281345769,402,fsm_no_recovery
1.0,1.0,0.0,0.0,0.0,0.05166133865714073,98,True,l_shaped,0.6196972727808105,403,fsm_no_recovery
1.0,1.0,0.0,0.0,0.0,0.06977148354053497,104,True,s_shaped,0.5739880424521336,404,fsm_no_recovery
0.0,0.0,0.0,0.0,0.0,0.05096893012523651,400,True,asymmetric,0.5754713389353762,405,fsm_no_recovery
1.0,1.0,0.0,0.0,0.0,0.10542942583560944,94,True,l_shaped,0.6894611704819068,406,fsm_no_recovery
1.0,1.0,0.0,0.0,0.0,0.10573650151491165,101,True,narrow_exit,0.5718307171395534,407,fsm_no_recovery
0.0,0.0,0.0,0.0,0.0,4.820000171661377,14,True,straight,0.5354402950605919,408,fsm_no_recovery
1.0,1.0,0.0,1.0,0.0,0.04543454572558403,121,True,s_shaped,0.541000741632369,409,fsm_no_recovery
1.0,1.0,0.0,0.0,0.0,0.10420436412096024,92,True,l_shaped,0.6719368886326066,410,fsm_no_recovery
1.0,1.0,0.0,0.0,0.0,0.05383963882923126,132,True,l_shaped,0.7757853337274119,411,fsm_no_recovery
1.0,1.0,0.0,1.0,0.0,0.04176897928118706,110,True,l_shaped,0.8242862266851365,412,fsm_no_recovery
1.0,1.0,0.0,1.0,0.0,0.04319300875067711,100,True,asymmetric,0.8030965248230605,413,fsm_no_recovery
0.0,0.0,0.0,0.0,0.0,4.820000171661377,39,True,narrow_entry,0.4572849318030954,414,fsm_no_recovery
1.0,1.0,0.0,0.0,0.0,0.08500019460916519,150,True,s_shaped,0.743024663743203,415,fsm_no_recovery
1.0,1.0,0.0,1.0,0.0,0.027140406891703606,121,True,narrow_exit,0.5054044202070527,416,fsm_no_recovery
1.0,1.0,0.0,0.0,0.0,0.05005170404911041,76,True,narrow_exit,0.46289233417751224,417,fsm_no_recovery
1.0,1.0,0.0,1.0,0.0,0.03093288652598858,141,True,l_shaped,0.7427339266538968,418,fsm_no_recovery
0.0,0.0,0.0,0.0,0.0,4.820000171661377,17,True,straight,0.4994120990101415,419,fsm_no_recovery
0.0,0.0,0.0,0.0,0.0,4.820000171661377,48,True,s_shaped,0.4794957070242279,420,fsm_no_recovery
0.0,0.0,0.0,0.0,0.0,4.820000171661377,30,True,narrow_entry,0.5121001182434277,421,fsm_no_recovery
0.0,0.0,0.0,0.0,0.0,4.820000171661377,29,True,s_shaped,0.533975671683138,422,fsm_no_recovery
0.0,0.0,0.0,0.0,0.0,0.06905707716941833,400,False,false_feasible,0.6957657756137586,423,fsm_no_recovery
0.0,0.0,0.0,1.0,0.0,0.0011894077761098742,71,True,l_shaped,0.6194442011820822,424,fsm_no_recovery
1.0,1.0,0.0,1.0,0.0,0.042011406272649765,127,True,narrow_exit,0.4522407909989023,425,fsm_no_recovery
1.0,1.0,0.0,0.0,0.0,0.09435470402240753,113,True,l_shaped,0.7153903586441404,426,fsm_no_recovery
1.0,1.0,0.0,1.0,0.0,0.02500939555466175,150,True,l_shaped,0.7606359578464001,427,fsm_no_recovery
1.0,1.0,0.0,0.0,0.0,0.07487335056066513,104,True,narrow_exit,0.5692937255883069,428,fsm_no_recovery
1.0,1.0,0.0,1.0,0.0,0.02441064640879631,131,True,straight,0.667569585402912,429,fsm_no_recovery
0.0,0.0,0.0,0.0,0.0,4.820000171661377,26,True,s_shaped,0.46229221471488235,430,fsm_no_recovery
1.0,1.0,0.0,1.0,0.0,0.008079761639237404,126,True,narrow_entry,0.5662318067971783,431,fsm_no_recovery
1.0,1.0,0.0,0.0,0.0,0.06129144877195358,130,True,l_shaped,0.7151704433940544,432,fsm_no_recovery
1.0,1.0,0.0,0.0,0.0,0.07380909472703934,118,True,l_shaped,0.6817014686813307,433,fsm_no_recovery
1.0,1.0,0.0,0.0,0.0,0.05908603593707085,92,True,narrow_entry,0.49704240832005486,434,fsm_no_recovery
0.0,0.0,0.0,0.0,0.0,0.14788557589054108,400,False,false_feasible,0.7231042539105264,435,fsm_no_recovery
0.0,0.0,0.0,0.0,0.0,4.820000171661377,26,True,narrow_entry,0.5619788754499856,436,fsm_no_recovery
0.0,0.0,0.0,0.0,0.0,0.06248742714524269,400,True,asymmetric,0.6183184619723158,437,fsm_no_recovery
1.0,1.0,0.0,1.0,0.0,0.04914068803191185,124,True,s_shaped,0.5873260168506701,438,fsm_no_recovery
0.0,0.0,0.0,0.0,0.0,4.820000171661377,41,True,l_shaped,0.6319094461947308,439,fsm_no_recovery
1.0,1.0,0.0,1.0,0.0,0.029371537268161774,138,True,s_shaped,0.5641668563712667,440,fsm_no_recovery
1.0,1.0,0.0,0.0,0.0,0.06254255771636963,122,True,straight,0.7924514261034536,441,fsm_no_recovery
0.0,0.0,0.0,1.0,0.0,0.019177766516804695,400,True,asymmetric,0.5394290418610502,442,fsm_no_recovery
1.0,1.0,0.0,0.0,0.0,0.08051468431949615,107,True,asymmetric,0.7669041006137016,443,fsm_no_recovery
0.0,0.0,0.0,0.0,0.0,4.820000171661377,42,True,narrow_entry,0.48507947475726276,444,fsm_no_recovery
0.0,0.0,0.0,0.0,0.0,4.820000171661377,30,True,narrow_entry,0.4448377485215979,445,fsm_no_recovery
0.0,0.0,0.0,0.0,0.0,0.13527865707874298,400,False,false_feasible,0.66534121783125,446,fsm_no_recovery
1.0,1.0,0.0,0.0,0.0,0.057423487305641174,130,True,s_shaped,0.8212836740389787,447,fsm_no_recovery
1.0,1.0,0.0,1.0,0.0,0.02197776734828949,120,True,l_shaped,0.8343693759552385,448,fsm_no_recovery
0.0,0.0,0.0,0.0,0.0,4.820000171661377,14,True,s_shaped,0.47811239482201906,449,fsm_no_recovery
0.0,0.0,0.0,0.0,0.0,0.1128043681383133,62,True,asymmetric,0.6889928791886716,450,fsm_no_recovery
1.0,1.0,0.0,0.0,0.0,0.05971961095929146,122,True,l_shaped,0.8473823575317215,451,fsm_no_recovery
0.0,0.0,0.0,0.0,0.0,4.820000171661377,15,True,narrow_entry,0.4793145141253425,452,fsm_no_recovery
1.0,1.0,0.0,0.0,0.0,0.07730668038129807,105,True,l_shaped,0.7194534275892749,453,fsm_no_recovery
1.0,1.0,0.0,0.0,0.0,0.051258813589811325,84,True,narrow_exit,0.5008313913203086,454,fsm_no_recovery
1.0,1.0,0.0,1.0,0.0,0.04005418345332146,178,True,s_shaped,0.7729034384834741,455,fsm_no_recovery
1.0,1.0,0.0,1.0,0.0,0.04330400750041008,136,True,l_shaped,0.8403729584233337,456,fsm_no_recovery
1.0,1.0,0.0,0.0,0.0,0.1377924680709839,84,True,straight,0.7106544776033752,457,fsm_no_recovery
1.0,1.0,0.0,0.0,0.0,0.20502503216266632,81,True,straight,0.8419565890810181,458,fsm_no_recovery
0.0,0.0,0.0,0.0,0.0,0.11889483034610748,400,False,false_feasible,0.699712765526582,459,fsm_no_recovery
1.0,1.0,0.0,0.0,0.0,0.08916329592466354,101,True,l_shaped,0.8596122409195468,460,fsm_no_recovery
0.0,0.0,0.0,1.0,0.0,0.0021143341436982155,63,True,asymmetric,0.738572957484812,461,fsm_no_recovery
0.0,0.0,0.0,1.0,0.0,0.0011181237641721964,85,False,false_feasible,0.5956817875528119,462,fsm_no_recovery
1.0,1.0,0.0,1.0,0.0,0.01628272980451584,126,True,s_shaped,0.5127264132900573,463,fsm_no_recovery
1.0,1.0,0.0,0.0,0.0,0.06934131681919098,191,True,s_shaped,0.755607688339683,464,fsm_no_recovery
1.0,1.0,0.0,0.0,0.0,0.09053274989128113,91,True,straight,0.6098163806817445,465,fsm_no_recovery
1.0,1.0,0.0,0.0,0.0,0.10201157629489899,113,True,narrow_exit,0.5665171416124553,466,fsm_no_recovery
1.0,1.0,0.0,0.0,0.0,0.13571619987487793,94,True,straight,0.67675689707531,467,fsm_no_recovery
0.0,0.0,0.0,0.0,0.0,4.820000171661377,28,False,false_feasible,0.6659742760173044,468,fsm_no_recovery
0.0,0.0,0.0,0.0,0.0,0.07305209338665009,400,False,false_feasible,0.6379955262578458,469,fsm_no_recovery
1.0,1.0,0.0,0.0,0.0,0.05186260864138603,162,True,s_shaped,0.7659543705172558,470,fsm_no_recovery
0.0,0.0,0.0,0.0,0.0,0.10537457466125488,400,False,false_feasible,0.5994554950675489,471,fsm_no_recovery
1.0,1.0,0.0,1.0,0.0,0.020953712984919548,128,True,l_shaped,0.7194459474824384,472,fsm_no_recovery
0.0,0.0,0.0,0.0,0.0,4.820000171661377,21,True,narrow_entry,0.4953063595030125,473,fsm_no_recovery
1.0,1.0,0.0,0.0,0.0,0.09534989297389984,108,True,l_shaped,0.8390071770842968,474,fsm_no_recovery
1.0,1.0,0.0,1.0,0.0,0.04918487370014191,132,True,s_shaped,0.8008481356740824,475,fsm_no_recovery
0.0,0.0,0.0,0.0,0.0,4.820000171661377,22,True,straight,0.45669538558625083,476,fsm_no_recovery
1.0,1.0,0.0,1.0,0.0,0.012611924670636654,99,True,asymmetric,0.7755399381886307,477,fsm_no_recovery
1.0,1.0,0.0,0.0,0.0,0.060792937874794006,100,True,narrow_exit,0.5429622343090762,478,fsm_no_recovery
1.0,1.0,0.0,0.0,0.0,0.09421393275260925,113,True,l_shaped,0.882291560851034,479,fsm_no_recovery
0.0,0.0,0.0,0.0,0.0,4.820000171661377,42,True,asymmetric,0.5689488956035859,480,fsm_no_recovery
1.0,1.0,0.0,0.0,0.0,0.062129344791173935,96,True,l_shaped,0.533416030625003,481,fsm_no_recovery
1.0,1.0,0.0,1.0,0.0,0.039805494248867035,93,True,narrow_entry,0.45608961609163023,482,fsm_no_recovery
0.0,0.0,0.0,0.0,0.0,4.820000171661377,30,True,straight,0.46005413463446826,483,fsm_no_recovery
1.0,1.0,0.0,0.0,0.0,0.24704107642173767,105,True,straight,0.8795550248747721,484,fsm_no_recovery
1.0,1.0,0.0,0.0,0.0,0.0637504830956459,87,True,narrow_exit,0.5009812265146899,485,fsm_no_recovery
0.0,0.0,0.0,0.0,0.0,4.820000171661377,37,True,l_shaped,0.548101919685828,486,fsm_no_recovery
1.0,1.0,0.0,0.0,0.0,0.11422529816627502,89,True,l_shaped,0.681719111660769,487,fsm_no_recovery
1.0,1.0,0.0,1.0,0.0,0.022631460800766945,158,True,s_shaped,0.6616720988573537,488,fsm_no_recovery
1.0,1.0,0.0,1.0,0.0,0.024479340761899948,87,True,asymmetric,0.7987479849360539,489,fsm_no_recovery
0.0,0.0,0.0,0.0,0.0,0.16804948449134827,400,False,false_feasible,0.7710663494109717,490,fsm_no_recovery
0.0,0.0,0.0,0.0,0.0,4.820000171661377,21,True,asymmetric,0.5597360027771825,491,fsm_no_recovery
0.0,0.0,0.0,1.0,0.0,5.254256393527612e-05,134,True,l_shaped,0.5024743256492846,492,fsm_no_recovery
0.0,0.0,0.0,1.0,0.0,0.007361596450209618,62,True,l_shaped,0.45249321789687336,493,fsm_no_recovery
1.0,1.0,0.0,0.0,0.0,0.19846715033054352,94,True,straight,0.78822288455471,494,fsm_no_recovery
1.0,1.0,0.0,1.0,0.0,0.033550892025232315,80,True,narrow_exit,0.45400128804807605,495,fsm_no_recovery
1.0,1.0,0.0,1.0,0.0,0.04135121777653694,90,True,l_shaped,0.5302308343152444,496,fsm_no_recovery
1.0,1.0,0.0,0.0,0.0,0.1159653291106224,92,True,straight,0.8141176441223474,497,fsm_no_recovery
1.0,1.0,0.0,0.0,0.0,0.05933328717947006,125,True,straight,0.783420860840579,498,fsm_no_recovery
1.0,1.0,0.0,0.0,0.0,0.1342899203300476,96,True,straight,0.7197207512753752,499,fsm_no_recovery
1.0,1.0,0.0,0.0,0.0,0.06883294880390167,75,True,narrow_entry,0.5745476255840488,0,fsm_no_alignment
1.0,1.0,0.0,0.0,0.0,0.08080870658159256,86,True,straight,0.6526736720530052,1,fsm_no_alignment
0.0,0.0,0.0,0.0,0.0,4.820000171661377,17,True,asymmetric,0.649536389472299,2,fsm_no_alignment
1.0,1.0,0.0,1.0,0.0,0.034882307052612305,114,True,l_shaped,0.8868141109777066,3,fsm_no_alignment
0.0,0.0,0.0,0.0,0.0,4.820000171661377,15,True,straight,0.7573720289591046,4,fsm_no_alignment
0.0,0.0,0.0,0.0,0.0,4.820000171661377,16,True,l_shaped,0.6613001150741136,5,fsm_no_alignment
0.0,0.0,0.0,0.0,0.0,0.18691106140613556,400,True,s_shaped,0.8247051882260268,6,fsm_no_alignment
0.0,0.0,0.0,0.0,0.0,4.820000171661377,13,True,narrow_exit,0.42132520855518096,7,fsm_no_alignment
0.0,0.0,0.0,1.0,0.0,0.00010899861808866262,65,True,s_shaped,0.7059335381788022,8,fsm_no_alignment
1.0,1.0,0.0,1.0,0.0,0.022724121809005737,72,True,narrow_exit,0.47471101765127016,9,fsm_no_alignment
0.0,0.0,0.0,0.0,0.0,4.820000171661377,17,True,asymmetric,0.5552727686394033,10,fsm_no_alignment
0.0,0.0,0.0,0.0,0.0,4.820000171661377,400,True,narrow_exit,0.4500551255833867,11,fsm_no_alignment
0.0,0.0,0.0,0.0,0.0,4.820000171661377,16,True,straight,0.6754701487965136,12,fsm_no_alignment
0.0,0.0,0.0,0.0,0.0,4.820000171661377,17,True,l_shaped,0.5856804401165445,13,fsm_no_alignment
0.0,0.0,0.0,0.0,0.0,0.058548957109451294,48,False,false_feasible,0.6164674903648799,14,fsm_no_alignment
0.0,0.0,0.0,0.0,0.0,4.820000171661377,15,False,false_feasible,0.6005908411988077,15,fsm_no_alignment
0.0,0.0,0.0,1.0,0.0,0.0256635881960392,47,True,s_shaped,0.7322889783160995,16,fsm_no_alignment
0.0,0.0,0.0,1.0,0.0,0.02788010612130165,47,True,l_shaped,0.5150358849897211,17,fsm_no_alignment
0.0,0.0,0.0,0.0,0.0,4.820000171661377,38,True,l_shaped,0.7159119711666375,18,fsm_no_alignment
0.0,0.0,0.0,1.0,0.0,0.009039062075316906,52,True,s_shaped,0.6708181474595345,19,fsm_no_alignment
0.0,0.0,0.0,1.0,0.0,0.034070614725351334,46,True,s_shaped,0.4597254359461487,20,fsm_no_alignment
0.0,0.0,0.0,0.0,0.0,4.820000171661377,54,True,l_shaped,0.7467401856113558,21,fsm_no_alignment
1.0,1.0,0.0,0.0,0.0,0.05823265388607979,88,True,straight,0.6996836112261675,22,fsm_no_alignment
0.0,0.0,0.0,0.0,0.0,4.820000171661377,12,True,l_shaped,0.8788047277813853,23,fsm_no_alignment
0.0,0.0,0.0,0.0,0.0,4.820000171661377,14,True,straight,0.645793677001367,24,fsm_no_alignment
0.0,0.0,0.0,0.0,0.0,0.059505559504032135,49,True,asymmetric,0.8520509878640384,25,fsm_no_alignment
1.0,1.0,0.0,0.0,0.0,0.051949385553598404,77,True,narrow_entry,0.5886263670960803,26,fsm_no_alignment
0.0,0.0,0.0,0.0,0.0,4.820000171661377,400,True,narrow_exit,0.475858261122017,27,fsm_no_alignment
1.0,1.0,0.0,1.0,0.0,0.029407283291220665,75,True,straight,0.5533452134994848,28,fsm_no_alignment
0.0,0.0,0.0,0.0,0.0,0.11875352263450623,400,True,s_shaped,0.762418096039299,29,fsm_no_alignment
1.0,1.0,0.0,0.0,0.0,0.2463284432888031,86,True,straight,0.8674031479529285,30,fsm_no_alignment
0.0,0.0,0.0,1.0,0.0,0.003778420854359865,46,True,narrow_exit,0.5864655172761648,31,fsm_no_alignment
1.0,1.0,0.0,1.0,0.0,0.036964599043130875,108,True,straight,0.6386014436923367,32,fsm_no_alignment
0.0,0.0,0.0,0.0,0.0,4.820000171661377,15,True,asymmetric,0.6603217206998813,33,fsm_no_alignment
0.0,0.0,0.0,0.0,0.0,0.09374027699232101,400,True,s_shaped,0.722707119315005,34,fsm_no_alignment
0.0,0.0,0.0,0.0,0.0,4.820000171661377,13,True,asymmetric,0.6542535969343349,35,fsm_no_alignment
0.0,0.0,0.0,1.0,0.0,0.0071289800107479095,51,True,narrow_exit,0.47586024130633336,36,fsm_no_alignment
0.0,0.0,0.0,0.0,0.0,4.820000171661377,17,True,straight,0.5019705286494097,37,fsm_no_alignment
0.0,0.0,0.0,0.0,0.0,4.820000171661377,16,True,straight,0.7160147172499371,38,fsm_no_alignment
1.0,1.0,0.0,1.0,0.0,0.03132903575897217,83,True,s_shaped,0.8437522240055739,39,fsm_no_alignment
0.0,0.0,0.0,0.0,0.0,4.820000171661377,17,True,s_shaped,0.4721643539674173,40,fsm_no_alignment
0.0,0.0,0.0,0.0,0.0,4.820000171661377,18,True,straight,0.8296087282189888,41,fsm_no_alignment
1.0,1.0,0.0,0.0,0.0,0.06269478797912598,92,True,narrow_entry,0.5602193438240632,42,fsm_no_alignment
0.0,0.0,0.0,1.0,0.0,0.005991748068481684,58,True,l_shaped,0.7378034720566995,43,fsm_no_alignment
0.0,0.0,0.0,0.0,0.0,4.820000171661377,47,True,l_shaped,0.6148766024218113,44,fsm_no_alignment
0.0,0.0,0.0,1.0,0.0,0.019005440175533295,42,False,false_feasible,0.6320903012511723,45,fsm_no_alignment
0.0,0.0,0.0,1.0,0.0,0.02596878819167614,52,True,l_shaped,0.7807019230396308,46,fsm_no_alignment
0.0,0.0,0.0,0.0,0.0,4.820000171661377,400,True,straight,0.7765720327221421,47,fsm_no_alignment
0.0,0.0,0.0,0.0,0.0,0.11399110406637192,42,False,false_feasible,0.6984205011165886,48,fsm_no_alignment
0.0,0.0,0.0,1.0,0.0,0.017824066802859306,54,True,narrow_exit,0.5230374925260929,49,fsm_no_alignment
0.0,0.0,0.0,0.0,0.0,4.820000171661377,18,True,s_shaped,0.7198170486851756,50,fsm_no_alignment
0.0,0.0,0.0,0.0,0.0,4.820000171661377,15,True,narrow_entry,0.48005479649908284,51,fsm_no_alignment
0.0,0.0,0.0,0.0,0.0,4.820000171661377,14,True,straight,0.5165025176439862,52,fsm_no_alignment
1.0,1.0,0.0,0.0,0.0,0.06502443552017212,91,True,narrow_entry,0.5885051976309232,53,fsm_no_alignment
0.0,0.0,0.0,0.0,0.0,4.820000171661377,15,False,false_feasible,0.7626334197976957,54,fsm_no_alignment
0.0,0.0,0.0,0.0,0.0,4.820000171661377,15,True,asymmetric,0.5829115614048405,55,fsm_no_alignment
0.0,0.0,0.0,0.0,0.0,4.820000171661377,400,False,false_feasible,0.6209771094660098,56,fsm_no_alignment
0.0,0.0,0.0,0.0,0.0,4.820000171661377,15,True,asymmetric,0.46304977644201123,57,fsm_no_alignment
0.0,0.0,0.0,0.0,0.0,4.820000171661377,15,True,straight,0.4524434253579152,58,fsm_no_alignment
0.0,0.0,0.0,0.0,0.0,0.1292426735162735,400,True,l_shaped,0.8322339793153828,59,fsm_no_alignment
0.0,0.0,0.0,0.0,0.0,4.820000171661377,18,True,asymmetric,0.4680680847961799,60,fsm_no_alignment
1.0,1.0,0.0,0.0,0.0,0.15119948983192444,77,True,straight,0.7805794913708227,61,fsm_no_alignment
0.0,0.0,0.0,0.0,0.0,4.820000171661377,18,False,false_feasible,0.563625078747824,62,fsm_no_alignment
1.0,1.0,0.0,0.0,0.0,0.12838414311408997,90,True,straight,0.8910122307993866,63,fsm_no_alignment
0.0,0.0,0.0,1.0,0.0,0.02068883553147316,63,True,narrow_exit,0.4742416738526492,64,fsm_no_alignment
1.0,1.0,0.0,0.0,0.0,0.08985244482755661,87,True,straight,0.6787587323011239,65,fsm_no_alignment
0.0,0.0,0.0,0.0,0.0,4.820000171661377,16,True,straight,0.5751339956015659,66,fsm_no_alignment
1.0,1.0,0.0,1.0,0.0,0.046291738748550415,94,True,narrow_exit,0.45917313480545313,67,fsm_no_alignment
0.0,0.0,0.0,0.0,0.0,4.820000171661377,18,True,s_shaped,0.551516790691895,68,fsm_no_alignment
0.0,0.0,0.0,0.0,0.0,4.820000171661377,17,True,narrow_entry,0.49765527513238017,69,fsm_no_alignment
0.0,0.0,0.0,0.0,0.0,0.13674519956111908,38,False,false_feasible,0.6800687786851423,70,fsm_no_alignment
0.0,0.0,0.0,0.0,0.0,4.820000171661377,15,True,asymmetric,0.47500556260809507,71,fsm_no_alignment
1.0,1.0,0.0,0.0,0.0,0.05618886649608612,83,True,asymmetric,0.8354466106085512,72,fsm_no_alignment
0.0,0.0,0.0,0.0,0.0,4.820000171661377,400,False,false_feasible,0.6277403774801916,73,fsm_no_alignment
0.0,0.0,0.0,1.0,0.0,0.024903103709220886,40,True,s_shaped,0.5236880869162331,74,fsm_no_alignment
1.0,1.0,0.0,0.0,0.0,0.06475738435983658,85,True,straight,0.651710525964458,75,fsm_no_alignment
0.0,0.0,0.0,1.0,0.0,0.0025047357194125652,42,True,s_shaped,0.6611971203856806,76,fsm_no_alignment
0.0,0.0,0.0,1.0,0.0,0.011236302554607391,400,True,s_shaped,0.7139003278566582,77,fsm_no_alignment
1.0,1.0,0.0,1.0,0.0,0.0018296565394848585,92,True,narrow_exit,0.4859895092878702,78,fsm_no_alignment
1.0,1.0,0.0,1.0,0.0,0.028216639533638954,94,True,narrow_entry,0.5108624669226296,79,fsm_no_alignment
0.0,0.0,0.0,0.0,0.0,4.820000171661377,400,True,s_shaped,0.49724087215323176,80,fsm_no_alignment
1.0,1.0,0.0,0.0,0.0,0.152282252907753,88,True,straight,0.867357206326812,81,fsm_no_alignment
1.0,1.0,0.0,0.0,0.0,0.07744160294532776,99,True,straight,0.5751099479703663,82,fsm_no_alignment
0.0,0.0,0.0,0.0,0.0,4.820000171661377,19,True,narrow_exit,0.5825990169535296,83,fsm_no_alignment
1.0,1.0,0.0,0.0,0.0,0.12560324370861053,88,True,straight,0.7795860763472044,84,fsm_no_alignment
0.0,0.0,0.0,0.0,0.0,4.820000171661377,12,False,false_feasible,0.6220570613719764,85,fsm_no_alignment
1.0,1.0,0.0,1.0,0.0,0.04825187847018242,97,True,s_shaped,0.8934930762727168,86,fsm_no_alignment
1.0,1.0,0.0,0.0,0.0,0.09037332981824875,104,True,asymmetric,0.8661157502489499,87,fsm_no_alignment
1.0,1.0,0.0,1.0,0.0,0.033641666173934937,102,True,narrow_entry,0.5757821786500192,88,fsm_no_alignment
0.0,0.0,0.0,0.0,0.0,4.820000171661377,400,True,asymmetric,0.4520250562228466,89,fsm_no_alignment
0.0,0.0,0.0,0.0,0.0,0.11411148309707642,400,True,l_shaped,0.8337515083343607,90,fsm_no_alignment
1.0,1.0,0.0,0.0,0.0,0.05169977620244026,74,True,l_shaped,0.8489509029773412,91,fsm_no_alignment
0.0,0.0,0.0,0.0,0.0,4.820000171661377,15,False,false_feasible,0.6519854877828206,92,fsm_no_alignment
0.0,0.0,0.0,1.0,0.0,0.037197843194007874,31,False,false_feasible,0.5835917283282654,93,fsm_no_alignment
0.0,0.0,0.0,0.0,0.0,4.820000171661377,62,True,l_shaped,0.6391717971773747,94,fsm_no_alignment
0.0,0.0,0.0,1.0,0.0,0.02933093160390854,69,True,l_shaped,0.5964042287325046,95,fsm_no_alignment
0.0,0.0,0.0,0.0,0.0,4.820000171661377,17,True,l_shaped,0.5586174277319983,96,fsm_no_alignment
0.0,0.0,0.0,0.0,0.0,4.820000171661377,13,True,narrow_entry,0.4989095265451547,97,fsm_no_alignment
1.0,1.0,0.0,0.0,0.0,0.07042484730482101,97,True,narrow_entry,0.521190732072763,98,fsm_no_alignment
1.0,1.0,0.0,0.0,0.0,0.17445731163024902,76,True,straight,0.8818985350481492,99,fsm_no_alignment
0.0,0.0,0.0,0.0,0.0,4.820000171661377,18,True,straight,0.6548030290852931,100,fsm_no_alignment
0.0,0.0,0.0,0.0,0.0,4.820000171661377,16,True,straight,0.6230269700954676,101,fsm_no_alignment
0.0,0.0,0.0,0.0,0.0,4.820000171661377,17,True,l_shaped,0.6273565997301439,102,fsm_no_alignment
0.0,0.0,0.0,1.0,0.0,0.036202941089868546,400,True,s_shaped,0.6702759029282437,103,fsm_no_alignment
0.0,0.0,0.0,0.0,0.0,4.820000171661377,17,True,l_shaped,0.6659385302479793,104,fsm_no_alignment
1.0,1.0,0.0,1.0,0.0,0.006292323581874371,72,True,s_shaped,0.77020111871855,105,fsm_no_alignment
0.0,0.0,0.0,0.0,0.0,4.820000171661377,15,True,straight,0.4997832604029915,106,fsm_no_alignment
0.0,0.0,0.0,0.0,0.0,4.820000171661377,14,True,narrow_exit,0.5736065026816259,107,fsm_no_alignment
1.0,1.0,0.0,1.0,0.0,0.033797357231378555,97,True,l_shaped,0.8634571564062063,108,fsm_no_alignment
1.0,1.0,0.0,1.0,0.0,0.04670974612236023,90,True,l_shaped,0.809646085008671,109,fsm_no_alignment
0.0,0.0,0.0,0.0,0.0,4.820000171661377,400,True,straight,0.6059153949332314,110,fsm_no_alignment
0.0,0.0,0.0,0.0,0.0,4.820000171661377,47,True,narrow_entry,0.47708757080339614,111,fsm_no_alignment
0.0,0.0,0.0,0.0,0.0,4.820000171661377,12,True,straight,0.6782817157119195,112,fsm_no_alignment
0.0,0.0,0.0,0.0,0.0,4.820000171661377,18,False,false_feasible,0.5817274938796283,113,fsm_no_alignment
0.0,0.0,0.0,0.0,0.0,4.820000171661377,17,True,narrow_exit,0.5705241318316682,114,fsm_no_alignment
0.0,0.0,0.0,0.0,0.0,4.820000171661377,17,True,l_shaped,0.7248465599559383,115,fsm_no_alignment
1.0,1.0,0.0,1.0,0.0,0.04875664785504341,71,True,narrow_entry,0.4954690298221449,116,fsm_no_alignment
0.0,0.0,0.0,0.0,0.0,4.820000171661377,10,True,straight,0.8503453897539288,117,fsm_no_alignment
0.0,0.0,0.0,0.0,0.0,4.820000171661377,12,False,false_feasible,0.5998854982248727,118,fsm_no_alignment
0.0,0.0,0.0,0.0,0.0,4.820000171661377,19,True,l_shaped,0.6826587690822432,119,fsm_no_alignment
0.0,0.0,0.0,0.0,0.0,4.820000171661377,16,False,false_feasible,0.7495243589545832,120,fsm_no_alignment
1.0,1.0,0.0,1.0,0.0,0.013312609866261482,95,True,narrow_entry,0.4910333798670148,121,fsm_no_alignment
0.0,0.0,0.0,1.0,0.0,0.025808723643422127,34,False,false_feasible,0.5991855451876579,122,fsm_no_alignment
0.0,0.0,0.0,0.0,0.0,4.820000171661377,16,False,false_feasible,0.5747311262762056,123,fsm_no_alignment
0.0,0.0,0.0,1.0,0.0,0.03507295250892639,36,True,s_shaped,0.5667479279345404,124,fsm_no_alignment
0.0,0.0,0.0,0.0,0.0,4.820000171661377,400,True,l_shaped,0.5826482773085442,125,fsm_no_alignment
0.0,0.0,0.0,0.0,0.0,4.820000171661377,17,False,false_feasible,0.5844483839819513,126,fsm_no_alignment
0.0,0.0,0.0,0.0,0.0,4.820000171661377,16,True,straight,0.5639649634800888,127,fsm_no_alignment
1.0,1.0,0.0,1.0,0.0,0.0437234565615654,98,True,narrow_entry,0.4868254746758899,128,fsm_no_alignment
1.0,1.0,0.0,0.0,0.0,0.11518654227256775,75,True,straight,0.8532549370906337,129,fsm_no_alignment
0.0,0.0,0.0,0.0,0.0,4.820000171661377,16,True,straight,0.6361055690894865,130,fsm_no_alignment
0.0,0.0,0.0,0.0,0.0,0.16607683897018433,33,True,asymmetric,0.8435588129350073,131,fsm_no_alignment
0.0,0.0,0.0,0.0,0.0,4.820000171661377,17,True,asymmetric,0.7998114209974616,132,fsm_no_alignment
1.0,1.0,0.0,1.0,0.0,0.003082217648625374,92,True,straight,0.8785123721305574,133,fsm_no_alignment
0.0,0.0,0.0,0.0,0.0,4.820000171661377,17,True,narrow_exit,0.4254098241770122,134,fsm_no_alignment
0.0,0.0,0.0,0.0,0.0,4.820000171661377,400,True,s_shaped,0.6302030603603752,135,fsm_no_alignment
0.0,0.0,0.0,0.0,0.0,4.820000171661377,15,True,straight,0.8642996362231056,136,fsm_no_alignment
0.0,0.0,0.0,0.0,0.0,4.820000171661377,55,True,narrow_entry,0.5551509452540747,137,fsm_no_alignment
0.0,0.0,0.0,0.0,0.0,4.820000171661377,15,True,straight,0.8970158242850301,138,fsm_no_alignment
0.0,0.0,0.0,0.0,0.0,4.820000171661377,15,True,straight,0.5185470195709091,139,fsm_no_alignment
0.0,0.0,0.0,0.0,0.0,0.08151601999998093,400,True,l_shaped,0.7767810577727555,140,fsm_no_alignment
0.0,0.0,0.0,0.0,0.0,4.820000171661377,400,True,l_shaped,0.5297559755621727,141,fsm_no_alignment
0.0,0.0,0.0,0.0,0.0,4.820000171661377,16,True,narrow_entry,0.5156544860875039,142,fsm_no_alignment
0.0,0.0,0.0,0.0,0.0,4.820000171661377,18,True,s_shaped,0.7028185185283498,143,fsm_no_alignment
0.0,0.0,0.0,0.0,0.0,4.820000171661377,400,True,s_shaped,0.6480225487050986,144,fsm_no_alignment
0.0,0.0,0.0,0.0,0.0,4.820000171661377,59,True,l_shaped,0.5390144312666386,145,fsm_no_alignment
0.0,0.0,0.0,1.0,0.0,0.039262235164642334,51,True,l_shaped,0.5123945233050388,146,fsm_no_alignment
0.0,0.0,0.0,0.0,0.0,4.820000171661377,49,True,narrow_entry,0.5298108869196912,147,fsm_no_alignment
0.0,0.0,0.0,1.0,0.0,0.011462601833045483,59,True,narrow_exit,0.5775193703980521,148,fsm_no_alignment
0.0,0.0,0.0,0.0,0.0,0.08293723315000534,400,True,l_shaped,0.6950467809186028,149,fsm_no_alignment
0.0,0.0,0.0,0.0,0.0,4.820000171661377,21,False,false_feasible,0.7945511076911403,150,fsm_no_alignment
1.0,1.0,0.0,1.0,0.0,0.012800144031643867,87,True,narrow_exit,0.5254730473372898,151,fsm_no_alignment
0.0,0.0,0.0,0.0,0.0,4.820000171661377,17,True,straight,0.4533781647599999,152,fsm_no_alignment
1.0,1.0,0.0,0.0,0.0,0.09089983254671097,72,True,straight,0.798451155532373,153,fsm_no_alignment
0.0,0.0,0.0,0.0,0.0,4.820000171661377,13,True,straight,0.5192836121599319,154,fsm_no_alignment
0.0,0.0,0.0,0.0,0.0,4.820000171661377,15,False,false_feasible,0.5844993793369764,155,fsm_no_alignment
1.0,1.0,0.0,0.0,0.0,0.10545390099287033,92,True,straight,0.6405729276058443,156,fsm_no_alignment
0.0,0.0,0.0,1.0,0.0,0.024896686896681786,54,True,narrow_exit,0.5129626924744154,157,fsm_no_alignment
0.0,0.0,0.0,0.0,0.0,4.820000171661377,17,True,s_shaped,0.6411496161669552,158,fsm_no_alignment
0.0,0.0,0.0,1.0,0.0,0.024089420214295387,46,True,s_shaped,0.5946955570084048,159,fsm_no_alignment
1.0,1.0,0.0,0.0,0.0,0.07696159929037094,94,True,straight,0.5190864849245762,160,fsm_no_alignment
0.0,0.0,0.0,0.0,0.0,4.820000171661377,14,True,straight,0.6463424968624184,161,fsm_no_alignment
0.0,0.0,0.0,0.0,0.0,4.820000171661377,17,True,asymmetric,0.525600381860042,162,fsm_no_alignment
0.0,0.0,0.0,0.0,0.0,4.820000171661377,400,True,l_shaped,0.7820089002478678,163,fsm_no_alignment
0.0,0.0,0.0,0.0,0.0,4.820000171661377,16,True,l_shaped,0.5486351474153845,164,fsm_no_alignment
1.0,1.0,0.0,0.0,0.0,0.06937846541404724,86,True,straight,0.8203984302631049,165,fsm_no_alignment
0.0,0.0,0.0,1.0,0.0,0.002609090181067586,71,True,narrow_exit,0.5775151558297348,166,fsm_no_alignment
1.0,1.0,0.0,1.0,0.0,0.007327245082706213,91,True,narrow_exit,0.5219557171457361,167,fsm_no_alignment
0.0,0.0,0.0,0.0,0.0,4.820000171661377,21,True,straight,0.720701303605207,168,fsm_no_alignment
0.0,0.0,0.0,0.0,0.0,4.820000171661377,15,True,narrow_entry,0.5210201522202079,169,fsm_no_alignment
0.0,0.0,0.0,0.0,0.0,4.820000171661377,400,True,narrow_exit,0.4582098849913337,170,fsm_no_alignment
0.0,0.0,0.0,1.0,0.0,0.01135481707751751,51,True,s_shaped,0.6642412905053974,171,fsm_no_alignment
0.0,0.0,0.0,1.0,0.0,0.023202236741781235,400,True,l_shaped,0.49462063676946644,172,fsm_no_alignment
0.0,0.0,0.0,0.0,0.0,0.08664996176958084,400,True,l_shaped,0.6123414089332142,173,fsm_no_alignment
0.0,0.0,0.0,0.0,0.0,0.10412876307964325,30,True,asymmetric,0.8683499794137999,174,fsm_no_alignment
0.0,0.0,0.0,0.0,0.0,4.820000171661377,13,True,narrow_entry,0.5146908948394837,175,fsm_no_alignment
0.0,0.0,0.0,0.0,0.0,4.820000171661377,400,True,narrow_exit,0.5961541459020789,176,fsm_no_alignment
0.0,0.0,0.0,0.0,0.0,4.820000171661377,400,True,l_shaped,0.7131387162622216,177,fsm_no_alignment
0.0,0.0,0.0,1.0,0.0,0.011860804632306099,67,True,narrow_exit,0.49767342066372383,178,fsm_no_alignment
0.0,0.0,0.0,0.0,0.0,4.820000171661377,17,True,l_shaped,0.6529709250833649,179,fsm_no_alignment
0.0,0.0,0.0,0.0,0.0,4.820000171661377,16,True,l_shaped,0.6203667544018789,180,fsm_no_alignment
0.0,0.0,0.0,1.0,0.0,0.00715757068246603,67,True,narrow_exit,0.5688221787462739,181,fsm_no_alignment
0.0,0.0,0.0,1.0,0.0,0.015400698408484459,31,False,false_feasible,0.7809751001363575,182,fsm_no_alignment
0.0,0.0,0.0,0.0,0.0,4.820000171661377,13,True,narrow_entry,0.5093551468390755,183,fsm_no_alignment
0.0,0.0,0.0,0.0,0.0,4.820000171661377,17,True,l_shaped,0.7042850597838175,184,fsm_no_alignment
0.0,0.0,0.0,0.0,0.0,4.820000171661377,15,False,false_feasible,0.7639105304256009,185,fsm_no_alignment
0.0,0.0,0.0,0.0,0.0,0.1533612459897995,400,True,s_shaped,0.7039767061616304,186,fsm_no_alignment
0.0,0.0,0.0,0.0,0.0,4.820000171661377,14,True,narrow_entry,0.47119148422321355,187,fsm_no_alignment
0.0,0.0,0.0,1.0,0.0,0.019881097599864006,51,True,narrow_exit,0.48781212141747776,188,fsm_no_alignment
0.0,0.0,0.0,0.0,0.0,0.07484905421733856,400,True,l_shaped,0.5128306443806043,189,fsm_no_alignment
1.0,1.0,0.0,0.0,0.0,0.09916075319051743,74,True,asymmetric,0.888487705398981,190,fsm_no_alignment
0.0,0.0,0.0,0.0,0.0,4.820000171661377,12,True,straight,0.6905703380801739,191,fsm_no_alignment
1.0,1.0,0.0,1.0,0.0,0.037168387323617935,109,True,narrow_entry,0.5825380476131046,192,fsm_no_alignment
0.0,0.0,0.0,0.0,0.0,4.820000171661377,400,True,asymmetric,0.5200909519385607,193,fsm_no_alignment
0.0,0.0,0.0,0.0,0.0,0.11103681474924088,40,False,false_feasible,0.5973408729182135,194,fsm_no_alignment
0.0,0.0,0.0,0.0,0.0,4.820000171661377,14,False,false_feasible,0.7858455878194632,195,fsm_no_alignment
0.0,0.0,0.0,0.0,0.0,4.820000171661377,15,True,narrow_entry,0.5021526944223321,196,fsm_no_alignment
0.0,0.0,0.0,0.0,0.0,4.820000171661377,19,True,narrow_entry,0.5875232079380317,197,fsm_no_alignment
0.0,0.0,0.0,0.0,0.0,4.820000171661377,16,True,l_shaped,0.6820900543296231,198,fsm_no_alignment
0.0,0.0,0.0,0.0,0.0,4.820000171661377,400,True,straight,0.5378059084915514,199,fsm_no_alignment
1.0,1.0,0.0,0.0,0.0,0.05897993594408035,105,True,narrow_exit,0.531202003531005,200,fsm_no_alignment
0.0,0.0,0.0,1.0,0.0,0.0017815324245020747,70,True,l_shaped,0.6470287045541268,201,fsm_no_alignment
0.0,0.0,0.0,0.0,0.0,4.820000171661377,13,True,l_shaped,0.7439363482602684,202,fsm_no_alignment
0.0,0.0,0.0,0.0,0.0,0.09279748052358627,37,False,false_feasible,0.5768280907081301,203,fsm_no_alignment
0.0,0.0,0.0,0.0,0.0,4.820000171661377,29,True,s_shaped,0.6397947282215526,204,fsm_no_alignment
1.0,1.0,0.0,1.0,0.0,0.048109766095876694,91,True,s_shaped,0.8535399172158142,205,fsm_no_alignment
0.0,0.0,0.0,1.0,0.0,0.011434943415224552,64,True,narrow_exit,0.48258125427046256,206,fsm_no_alignment
0.0,0.0,0.0,1.0,0.0,0.024462196975946426,45,True,s_shaped,0.8154553325341767,207,fsm_no_alignment
1.0,1.0,0.0,0.0,0.0,0.08969905972480774,100,True,straight,0.7320712422528939,208,fsm_no_alignment
1.0,1.0,0.0,0.0,0.0,0.23684825003147125,77,True,straight,0.8802209967851831,209,fsm_no_alignment
0.0,0.0,0.0,0.0,0.0,4.820000171661377,19,True,s_shaped,0.8472715047153352,210,fsm_no_alignment
0.0,0.0,0.0,0.0,0.0,4.820000171661377,17,True,l_shaped,0.5887499417787799,211,fsm_no_alignment
0.0,0.0,0.0,0.0,0.0,4.820000171661377,53,True,narrow_entry,0.5667131573193758,212,fsm_no_alignment
0.0,0.0,0.0,0.0,0.0,4.820000171661377,17,True,s_shaped,0.6264270100869495,213,fsm_no_alignment
0.0,0.0,0.0,1.0,0.0,0.03619208186864853,51,True,l_shaped,0.6161727786034359,214,fsm_no_alignment
0.0,0.0,0.0,0.0,0.0,4.820000171661377,17,True,asymmetric,0.8994733368001464,215,fsm_no_alignment
0.0,0.0,0.0,0.0,0.0,4.820000171661377,14,True,straight,0.6647402849773161,216,fsm_no_alignment
1.0,1.0,0.0,1.0,0.0,0.005221034865826368,104,True,narrow_exit,0.4605319798989982,217,fsm_no_alignment
1.0,1.0,0.0,1.0,0.0,0.015055468305945396,87,True,asymmetric,0.5914565741834572,218,fsm_no_alignment
0.0,0.0,0.0,0.0,0.0,4.820000171661377,18,True,l_shaped,0.5264099881977184,219,fsm_no_alignment
0.0,0.0,0.0,1.0,0.0,0.0033407832961529493,59,True,narrow_exit,0.5661578762718981,220,fsm_no_alignment
0.0,0.0,0.0,1.0,0.0,0.010492874309420586,39,True,asymmetric,0.5558653747870402,221,fsm_no_alignment
1.0,1.0,0.0,1.0,0.0,0.03872758522629738,79,True,narrow_entry,0.4880972425602814,222,fsm_no_alignment
0.0,0.0,0.0,0.0,0.0,4.820000171661377,400,True,straight,0.5435991331688073,223,fsm_no_alignment
1.0,1.0,0.0,0.0,0.0,0.05025169253349304,81,True,l_shaped,0.7861841102834488,224,fsm_no_alignment
0.0,0.0,0.0,0.0,0.0,4.820000171661377,400,True,asymmetric,0.739013588355597,225,fsm_no_alignment
0.0,0.0,0.0,0.0,0.0,4.820000171661377,17,True,narrow_entry,0.4376018395401797,226,fsm_no_alignment
0.0,0.0,0.0,0.0,0.0,4.820000171661377,14,True,narrow_entry,0.5644897089519058,227,fsm_no_alignment
0.0,0.0,0.0,0.0,0.0,4.820000171661377,19,True,s_shaped,0.5511102635456432,228,fsm_no_alignment
0.0,0.0,0.0,0.0,0.0,4.820000171661377,17,True,l_shaped,0.862828015169764,229,fsm_no_alignment
0.0,0.0,0.0,1.0,0.0,0.01576591469347477,68,True,l_shaped,0.7285123715280867,230,fsm_no_alignment
0.0,0.0,0.0,0.0,0.0,4.820000171661377,13,True,s_shaped,0.8445051624382662,231,fsm_no_alignment
0.0,0.0,0.0,0.0,0.0,0.08976171910762787,400,True,l_shaped,0.676293721641159,232,fsm_no_alignment
0.0,0.0,0.0,0.0,0.0,0.18647965788841248,400,True,l_shaped,0.7814354479658496,233,fsm_no_alignment
0.0,0.0,0.0,0.0,0.0,4.820000171661377,400,True,narrow_entry,0.5971533476906399,234,fsm_no_alignment
0.0,0.0,0.0,0.0,0.0,0.12520375847816467,400,True,s_shaped,0.8439925700372564,235,fsm_no_alignment
0.0,0.0,0.0,0.0,0.0,4.820000171661377,15,True,narrow_entry,0.5291453112387963,236,fsm_no_alignment
0.0,0.0,0.0,1.0,0.0,0.007278511766344309,58,True,narrow_exit,0.4826896590230621,237,fsm_no_alignment
0.0,0.0,0.0,0.0,0.0,4.820000171661377,15,True,straight,0.7873675879700865,238,fsm_no_alignment
0.0,0.0,0.0,0.0,0.0,4.820000171661377,400,True,asymmetric,0.5471661556940697,239,fsm_no_alignment
0.0,0.0,0.0,0.0,0.0,4.820000171661377,15,True,narrow_entry,0.5539190500850983,240,fsm_no_alignment
0.0,0.0,0.0,0.0,0.0,4.820000171661377,12,True,asymmetric,0.8152885670486694,241,fsm_no_alignment
0.0,0.0,0.0,0.0,0.0,4.820000171661377,400,True,l_shaped,0.5261106183222851,242,fsm_no_alignment
0.0,0.0,0.0,0.0,0.0,4.820000171661377,15,True,straight,0.5096439364281361,243,fsm_no_alignment
0.0,0.0,0.0,1.0,0.0,0.017933407798409462,64,True,narrow_exit,0.5139825167225671,244,fsm_no_alignment
1.0,1.0,0.0,1.0,0.0,0.046132732182741165,82,True,straight,0.8084572784112112,245,fsm_no_alignment
0.0,0.0,0.0,0.0,0.0,0.09999717026948929,42,True,asymmetric,0.5985905830189792,246,fsm_no_alignment
0.0,0.0,0.0,1.0,0.0,0.00974320899695158,52,True,narrow_exit,0.5223900849691774,247,fsm_no_alignment
0.0,0.0,0.0,0.0,0.0,4.820000171661377,14,True,narrow_exit,0.5414550641484401,248,fsm_no_alignment
0.0,0.0,0.0,0.0,0.0,4.820000171661377,15,True,straight,0.5500655675535648,249,fsm_no_alignment
0.0,0.0,0.0,0.0,0.0,4.820000171661377,14,True,asymmetric,0.6956092285827585,250,fsm_no_alignment
0.0,0.0,0.0,1.0,0.0,0.006434053182601929,51,True,s_shaped,0.7208986335873884,251,fsm_no_alignment
0.0,0.0,0.0,0.0,0.0,4.820000171661377,17,True,s_shaped,0.8829899948406159,252,fsm_no_alignment
0.0,0.0,0.0,0.0,0.0,4.820000171661377,400,True,narrow_entry,0.42578683580451304,253,fsm_no_alignment
0.0,0.0,0.0,1.0,0.0,0.003409731900319457,62,True,l_shaped,0.7387025966839585,254,fsm_no_alignment
0.0,0.0,0.0,0.0,0.0,4.820000171661377,15,True,narrow_entry,0.5997891499718648,255,fsm_no_alignment
0.0,0.0,0.0,1.0,0.0,0.04544259235262871,44,False,false_feasible,0.6816933078405769,256,fsm_no_alignment
0.0,0.0,0.0,1.0,0.0,0.031230241060256958,400,True,l_shaped,0.64791406911621,257,fsm_no_alignment
0.0,0.0,0.0,1.0,0.0,0.005087229888886213,63,True,l_shaped,0.6962772785421936,258,fsm_no_alignment
0.0,0.0,0.0,0.0,0.0,4.820000171661377,16,True,l_shaped,0.5988046486258587,259,fsm_no_alignment
0.0,0.0,0.0,0.0,0.0,4.820000171661377,16,True,narrow_entry,0.4238080820561928,260,fsm_no_alignment
0.0,0.0,0.0,0.0,0.0,4.820000171661377,400,True,straight,0.7117772840814217,261,fsm_no_alignment
0.0,0.0,0.0,1.0,0.0,0.009580465033650398,70,True,narrow_exit,0.43292348562480826,262,fsm_no_alignment
0.0,0.0,0.0,0.0,0.0,4.820000171661377,400,False,false_feasible,0.5875098945620526,263,fsm_no_alignment
0.0,0.0,0.0,0.0,0.0,4.820000171661377,400,True,l_shaped,0.6647548094891085,264,fsm_no_alignment
0.0,0.0,0.0,0.0,0.0,4.820000171661377,400,True,straight,0.6476303309426706,265,fsm_no_alignment
0.0,0.0,0.0,0.0,0.0,4.820000171661377,14,True,asymmetric,0.7702676194137246,266,fsm_no_alignment
0.0,0.0,0.0,0.0,0.0,4.820000171661377,31,True,s_shaped,0.6362686435745704,267,fsm_no_alignment
0.0,0.0,0.0,0.0,0.0,4.820000171661377,11,False,false_feasible,0.5530129657539813,268,fsm_no_alignment
0.0,0.0,0.0,0.0,0.0,4.820000171661377,400,True,asymmetric,0.7262227151140552,269,fsm_no_alignment
0.0,0.0,0.0,0.0,0.0,4.820000171661377,15,True,narrow_entry,0.5050443619616078,270,fsm_no_alignment
0.0,0.0,0.0,0.0,0.0,4.820000171661377,400,True,straight,0.5488108164909411,271,fsm_no_alignment
0.0,0.0,0.0,1.0,0.0,0.015002129599452019,58,True,l_shaped,0.8368025100385041,272,fsm_no_alignment
0.0,0.0,0.0,1.0,0.0,0.021667268127202988,73,True,l_shaped,0.7618169657636347,273,fsm_no_alignment
1.0,1.0,0.0,0.0,0.0,0.14147421717643738,101,True,straight,0.6638875280476219,274,fsm_no_alignment
0.0,0.0,0.0,0.0,0.0,4.820000171661377,15,True,asymmetric,0.6840323605176697,275,fsm_no_alignment
0.0,0.0,0.0,0.0,0.0,4.820000171661377,18,True,s_shaped,0.5137375355878072,276,fsm_no_alignment
0.0,0.0,0.0,1.0,0.0,0.003979602362960577,59,True,s_shaped,0.6848443956099852,277,fsm_no_alignment
0.0,0.0,0.0,0.0,0.0,4.820000171661377,13,True,straight,0.5617324115483817,278,fsm_no_alignment
0.0,0.0,0.0,0.0,0.0,4.820000171661377,16,True,l_shaped,0.6886985308213855,279,fsm_no_alignment
1.0,1.0,0.0,0.0,0.0,0.18021513521671295,108,True,straight,0.8022692545418904,280,fsm_no_alignment
1.0,1.0,0.0,1.0,0.0,0.036386117339134216,108,True,narrow_entry,0.5617600052753791,281,fsm_no_alignment
0.0,0.0,0.0,0.0,0.0,4.820000171661377,33,True,s_shaped,0.5160344549434437,282,fsm_no_alignment
0.0,0.0,0.0,0.0,0.0,0.23986300826072693,400,True,s_shaped,0.8901205856045911,283,fsm_no_alignment
1.0,1.0,0.0,0.0,0.0,0.10217831283807755,107,True,straight,0.6406448042477723,284,fsm_no_alignment
0.0,0.0,0.0,0.0,0.0,4.820000171661377,16,True,l_shaped,0.6770453578667718,285,fsm_no_alignment
0.0,0.0,0.0,0.0,0.0,4.820000171661377,19,True,s_shaped,0.8894371798868155,286,fsm_no_alignment
0.0,0.0,0.0,0.0,0.0,4.820000171661377,15,True,straight,0.7536657385826413,287,fsm_no_alignment
0.0,0.0,0.0,0.0,0.0,4.820000171661377,47,True,narrow_entry,0.48503380179348293,288,fsm_no_alignment
1.0,1.0,0.0,1.0,0.0,0.04961928352713585,74,True,straight,0.6725701007885039,289,fsm_no_alignment
1.0,1.0,0.0,0.0,0.0,0.10309750586748123,108,True,straight,0.813124900959316,290,fsm_no_alignment
1.0,1.0,0.0,1.0,0.0,0.004329248331487179,91,True,narrow_entry,0.4814768871962921,291,fsm_no_alignment
0.0,0.0,0.0,0.0,0.0,4.820000171661377,14,True,straight,0.8674507811043997,292,fsm_no_alignment
0.0,0.0,0.0,1.0,0.0,0.012817840091884136,46,True,l_shaped,0.5732577758727204,293,fsm_no_alignment
0.0,0.0,0.0,0.0,0.0,4.820000171661377,21,True,l_shaped,0.5975657475888168,294,fsm_no_alignment
0.0,0.0,0.0,0.0,0.0,4.820000171661377,400,False,false_feasible,0.6829559639444835,295,fsm_no_alignment
0.0,0.0,0.0,0.0,0.0,4.820000171661377,53,True,narrow_entry,0.475522732049595,296,fsm_no_alignment
0.0,0.0,0.0,1.0,0.0,0.020648201927542686,65,True,narrow_exit,0.56386012589863,297,fsm_no_alignment
0.0,0.0,0.0,0.0,0.0,4.820000171661377,16,True,s_shaped,0.4691060787726442,298,fsm_no_alignment
0.0,0.0,0.0,0.0,0.0,0.12689892947673798,42,True,asymmetric,0.6416869341657822,299,fsm_no_alignment
0.0,0.0,0.0,0.0,0.0,4.820000171661377,17,True,l_shaped,0.7046055987183408,300,fsm_no_alignment
0.0,0.0,0.0,1.0,0.0,0.04457448795437813,32,False,false_feasible,0.5855259814629107,301,fsm_no_alignment
0.0,0.0,0.0,0.0,0.0,4.820000171661377,400,True,straight,0.7037380815620913,302,fsm_no_alignment
0.0,0.0,0.0,0.0,0.0,4.820000171661377,18,True,asymmetric,0.48038729148812404,303,fsm_no_alignment
0.0,0.0,0.0,0.0,0.0,4.820000171661377,15,True,straight,0.5954696479642971,304,fsm_no_alignment
0.0,0.0,0.0,0.0,0.0,4.820000171661377,400,True,straight,0.4968681722112922,305,fsm_no_alignment
0.0,0.0,0.0,0.0,0.0,0.17554809153079987,400,True,s_shaped,0.8650609373457014,306,fsm_no_alignment
0.0,0.0,0.0,1.0,0.0,0.0068472628481686115,42,True,s_shaped,0.6372727560302809,307,fsm_no_alignment
0.0,0.0,0.0,1.0,0.0,0.00035942159593105316,72,True,narrow_exit,0.43692381639038946,308,fsm_no_alignment
0.0,0.0,0.0,0.0,0.0,4.820000171661377,20,True,l_shaped,0.6157548738928549,309,fsm_no_alignment
0.0,0.0,0.0,0.0,0.0,4.820000171661377,17,True,l_shaped,0.5386317941790119,310,fsm_no_alignment
0.0,0.0,0.0,0.0,0.0,4.820000171661377,62,True,narrow_entry,0.5257535086600513,311,fsm_no_alignment
1.0,1.0,0.0,1.0,0.0,0.027062205597758293,88,True,s_shaped,0.7642432835408647,312,fsm_no_alignment
0.0,0.0,0.0,0.0,0.0,4.820000171661377,21,True,s_shaped,0.7755441157697789,313,fsm_no_alignment
0.0,0.0,0.0,0.0,0.0,4.820000171661377,15,True,straight,0.7002856335590052,314,fsm_no_alignment
0.0,0.0,0.0,0.0,0.0,4.820000171661377,30,True,s_shaped,0.5346469026546081,315,fsm_no_alignment
0.0,0.0,0.0,0.0,0.0,4.820000171661377,15,True,straight,0.5815401945434963,316,fsm_no_alignment
0.0,0.0,0.0,0.0,0.0,4.820000171661377,400,True,l_shaped,0.584606314874935,317,fsm_no_alignment
0.0,0.0,0.0,0.0,0.0,4.820000171661377,18,False,false_feasible,0.6679100476560947,318,fsm_no_alignment
1.0,1.0,0.0,0.0,0.0,0.18500196933746338,74,True,asymmetric,0.8977542377957146,319,fsm_no_alignment
0.0,0.0,0.0,0.0,0.0,4.820000171661377,16,True,narrow_entry,0.5854642047991006,320,fsm_no_alignment
0.0,0.0,0.0,0.0,0.0,4.820000171661377,15,False,false_feasible,0.5995294353530227,321,fsm_no_alignment
0.0,0.0,0.0,0.0,0.0,0.056250110268592834,400,True,s_shaped,0.7603928317998392,322,fsm_no_alignment
0.0,0.0,0.0,0.0,0.0,4.820000171661377,13,True,narrow_entry,0.5502741522345308,323,fsm_no_alignment
1.0,1.0,0.0,0.0,0.0,0.1434369832277298,80,True,straight,0.8341335779160304,324,fsm_no_alignment
0.0,0.0,0.0,0.0,0.0,4.820000171661377,16,True,narrow_entry,0.5101189513190285,325,fsm_no_alignment
0.0,0.0,0.0,0.0,0.0,4.820000171661377,15,True,asymmetric,0.7493462845218546,326,fsm_no_alignment
0.0,0.0,0.0,0.0,0.0,4.820000171661377,17,True,l_shaped,0.5874662755670266,327,fsm_no_alignment
0.0,0.0,0.0,0.0,0.0,4.820000171661377,12,True,straight,0.7622367003940507,328,fsm_no_alignment
0.0,0.0,0.0,0.0,0.0,4.820000171661377,13,True,straight,0.4712626524854183,329,fsm_no_alignment
1.0,1.0,0.0,1.0,0.0,0.0032729345839470625,84,True,narrow_entry,0.52658390848266,330,fsm_no_alignment
0.0,0.0,0.0,0.0,0.0,4.820000171661377,17,True,l_shaped,0.5352710747342472,331,fsm_no_alignment
0.0,0.0,0.0,0.0,0.0,4.820000171661377,15,True,asymmetric,0.8125977142540357,332,fsm_no_alignment
0.0,0.0,0.0,0.0,0.0,4.820000171661377,400,False,false_feasible,0.6843593933384942,333,fsm_no_alignment
0.0,0.0,0.0,0.0,0.0,4.820000171661377,400,True,straight,0.5390913358876082,334,fsm_no_alignment
0.0,0.0,0.0,0.0,0.0,4.820000171661377,15,True,narrow_entry,0.5445324710314174,335,fsm_no_alignment
0.0,0.0,0.0,1.0,0.0,0.005397113040089607,74,True,l_shaped,0.7637731478234682,336,fsm_no_alignment
0.0,0.0,0.0,0.0,0.0,4.820000171661377,16,False,false_feasible,0.6006013198759406,337,fsm_no_alignment
1.0,1.0,0.0,1.0,0.0,0.04709723964333534,102,True,narrow_exit,0.5354784966013542,338,fsm_no_alignment
0.0,0.0,0.0,0.0,0.0,4.820000171661377,15,True,straight,0.5729204433264841,339,fsm_no_alignment
1.0,1.0,0.0,1.0,0.0,0.04711915925145149,79,True,straight,0.716523727699982,340,fsm_no_alignment
0.0,0.0,0.0,1.0,0.0,0.008412409573793411,69,True,narrow_exit,0.5003250038090357,341,fsm_no_alignment
0.0,0.0,0.0,0.0,0.0,4.820000171661377,15,True,straight,0.5143533305968733,342,fsm_no_alignment
0.0,0.0,0.0,0.0,0.0,4.820000171661377,26,True,s_shaped,0.555678073466654,343,fsm_no_alignment
1.0,1.0,0.0,0.0,0.0,0.06899627298116684,110,True,straight,0.7238968886820527,344,fsm_no_alignment
0.0,0.0,0.0,0.0,0.0,4.820000171661377,17,False,false_feasible,0.6805353618022505,345,fsm_no_alignment
0.0,0.0,0.0,0.0,0.0,0.0657675564289093,36,False,false_feasible,0.619299535052635,346,fsm_no_alignment
0.0,0.0,0.0,0.0,0.0,4.820000171661377,18,True,s_shaped,0.5037517961679152,347,fsm_no_alignment
0.0,0.0,0.0,0.0,0.0,4.820000171661377,17,True,l_shaped,0.5234430081230041,348,fsm_no_alignment
0.0,0.0,0.0,0.0,0.0,0.07115985453128815,36,False,false_feasible,0.7572718958339757,349,fsm_no_alignment
0.0,0.0,0.0,0.0,0.0,4.820000171661377,17,True,narrow_exit,0.42223149850484326,350,fsm_no_alignment
0.0,0.0,0.0,0.0,0.0,0.12981675565242767,400,True,l_shaped,0.6873951935237322,351,fsm_no_alignment
0.0,0.0,0.0,0.0,0.0,4.820000171661377,20,True,s_shaped,0.6746761156383666,352,fsm_no_alignment
0.0,0.0,0.0,0.0,0.0,4.820000171661377,17,True,s_shaped,0.4639476548165105,353,fsm_no_alignment
0.0,0.0,0.0,0.0,0.0,4.820000171661377,400,True,straight,0.4949783350985309,354,fsm_no_alignment
0.0,0.0,0.0,1.0,0.0,0.0025493749417364597,61,True,narrow_exit,0.5181368822200751,355,fsm_no_alignment
0.0,0.0,0.0,0.0,0.0,0.08255275338888168,29,False,false_feasible,0.7590499377394438,356,fsm_no_alignment
0.0,0.0,0.0,0.0,0.0,4.820000171661377,20,True,s_shaped,0.6310668974274827,357,fsm_no_alignment
1.0,1.0,0.0,1.0,0.0,0.04140179231762886,108,True,straight,0.633085127725872,358,fsm_no_alignment
0.0,0.0,0.0,1.0,0.0,0.011427796445786953,54,True,narrow_exit,0.4256846395247397,359,fsm_no_alignment
0.0,0.0,0.0,1.0,0.0,0.049881286919116974,400,True,l_shaped,0.8489905011575196,360,fsm_no_alignment
1.0,1.0,0.0,0.0,0.0,0.15712720155715942,106,True,straight,0.8373987758344472,361,fsm_no_alignment
0.0,0.0,0.0,0.0,0.0,0.13869865238666534,35,False,false_feasible,0.7829560726988289,362,fsm_no_alignment
0.0,0.0,0.0,0.0,0.0,4.820000171661377,14,True,straight,0.6734542037162343,363,fsm_no_alignment
0.0,0.0,0.0,0.0,0.0,4.820000171661377,17,True,s_shaped,0.6589807318427364,364,fsm_no_alignment
0.0,0.0,0.0,0.0,0.0,4.820000171661377,400,True,asymmetric,0.5809726586027926,365,fsm_no_alignment
0.0,0.0,0.0,0.0,0.0,4.820000171661377,20,True,s_shaped,0.8162620576693067,366,fsm_no_alignment
0.0,0.0,0.0,1.0,0.0,0.04736931622028351,400,True,l_shaped,0.8283132767401924,367,fsm_no_alignment
0.0,0.0,0.0,0.0,0.0,4.820000171661377,15,True,asymmetric,0.48155149441988276,368,fsm_no_alignment
0.0,0.0,0.0,0.0,0.0,4.820000171661377,13,True,narrow_exit,0.5672103557924545,369,fsm_no_alignment
0.0,0.0,0.0,0.0,0.0,4.820000171661377,13,True,straight,0.7122071077788414,370,fsm_no_alignment
0.0,0.0,0.0,0.0,0.0,4.820000171661377,13,True,narrow_exit,0.5907563642249145,371,fsm_no_alignment
1.0,1.0,0.0,0.0,0.0,0.05272851139307022,74,True,straight,0.8188461987908233,372,fsm_no_alignment
0.0,0.0,0.0,1.0,0.0,0.008232282474637032,61,True,narrow_exit,0.5662134503646514,373,fsm_no_alignment
1.0,1.0,0.0,0.0,0.0,0.12597309052944183,110,True,straight,0.7392616939501118,374,fsm_no_alignment
1.0,1.0,0.0,0.0,0.0,0.09875569492578506,77,True,straight,0.8372535998731345,375,fsm_no_alignment
1.0,1.0,0.0,1.0,0.0,0.012617252767086029,92,True,straight,0.7004187407298574,376,fsm_no_alignment
0.0,0.0,0.0,0.0,0.0,4.820000171661377,18,True,s_shaped,0.5255720912694887,377,fsm_no_alignment
0.0,0.0,0.0,0.0,0.0,4.820000171661377,400,True,l_shaped,0.6997690282736465,378,fsm_no_alignment
0.0,0.0,0.0,0.0,0.0,4.820000171661377,15,True,narrow_entry,0.43675967955453554,379,fsm_no_alignment
0.0,0.0,0.0,0.0,0.0,4.820000171661377,19,True,l_shaped,0.5339979466629434,380,fsm_no_alignment
1.0,1.0,0.0,1.0,0.0,0.024056216701865196,104,True,straight,0.8469349692471471,381,fsm_no_alignment
0.0,0.0,0.0,0.0,0.0,4.820000171661377,400,True,narrow_exit,0.5854397396219889,382,fsm_no_alignment
0.0,0.0,0.0,0.0,0.0,4.820000171661377,17,True,s_shaped,0.7539050118042848,383,fsm_no_alignment
0.0,0.0,0.0,0.0,0.0,4.820000171661377,18,True,narrow_entry,0.5367474224646778,384,fsm_no_alignment
0.0,0.0,0.0,0.0,0.0,4.820000171661377,15,True,narrow_exit,0.5445393166870626,385,fsm_no_alignment
0.0,0.0,0.0,0.0,0.0,4.820000171661377,17,True,asymmetric,0.48381273356948834,386,fsm_no_alignment
0.0,0.0,0.0,1.0,0.0,0.0069558266550302505,48,True,narrow_exit,0.5086433250600779,387,fsm_no_alignment
0.0,0.0,0.0,0.0,0.0,4.820000171661377,16,True,l_shaped,0.7789634429167849,388,fsm_no_alignment
0.0,0.0,0.0,0.0,0.0,4.820000171661377,400,True,straight,0.46273153753715157,389,fsm_no_alignment
0.0,0.0,0.0,0.0,0.0,0.10129847377538681,400,True,s_shaped,0.8654906530396146,390,fsm_no_alignment
0.0,0.0,0.0,0.0,0.0,4.820000171661377,14,True,s_shaped,0.5489970476972676,391,fsm_no_alignment
1.0,1.0,0.0,1.0,0.0,0.035391490906476974,85,True,narrow_exit,0.46868461428884617,392,fsm_no_alignment
0.0,0.0,0.0,0.0,0.0,4.820000171661377,18,True,s_shaped,0.5604103192201321,393,fsm_no_alignment
0.0,0.0,0.0,0.0,0.0,4.820000171661377,16,True,l_shaped,0.6440932266821061,394,fsm_no_alignment
0.0,0.0,0.0,0.0,0.0,4.820000171661377,18,True,s_shaped,0.7865053754159992,395,fsm_no_alignment
0.0,0.0,0.0,0.0,0.0,4.820000171661377,400,True,straight,0.634698663099951,396,fsm_no_alignment
1.0,1.0,0.0,1.0,0.0,0.04366828128695488,75,True,narrow_exit,0.46491867166896966,397,fsm_no_alignment
0.0,0.0,0.0,0.0,0.0,4.820000171661377,15,True,s_shaped,0.4504454972668738,398,fsm_no_alignment
1.0,1.0,0.0,0.0,0.0,0.12487006187438965,78,True,straight,0.873615105571611,399,fsm_no_alignment
0.0,0.0,0.0,0.0,0.0,4.820000171661377,14,False,false_feasible,0.7025724879259627,400,fsm_no_alignment
0.0,0.0,0.0,0.0,0.0,0.20409011840820312,400,True,l_shaped,0.8690594978157582,401,fsm_no_alignment
1.0,1.0,0.0,0.0,0.0,0.11569218337535858,94,True,straight,0.8652889633163358,402,fsm_no_alignment
0.0,0.0,0.0,0.0,0.0,0.12267378717660904,400,True,s_shaped,0.7530811716263597,403,fsm_no_alignment
0.0,0.0,0.0,0.0,0.0,4.820000171661377,16,False,false_feasible,0.590261420704985,404,fsm_no_alignment
0.0,0.0,0.0,1.0,0.0,0.011803947389125824,71,True,narrow_exit,0.5213643978453197,405,fsm_no_alignment
1.0,1.0,0.0,1.0,0.0,0.035618945956230164,70,True,straight,0.560082209741563,406,fsm_no_alignment
0.0,0.0,0.0,0.0,0.0,4.820000171661377,400,True,asymmetric,0.5258901968122404,407,fsm_no_alignment
1.0,1.0,0.0,1.0,0.0,0.020091135054826736,78,True,straight,0.7995099043571807,408,fsm_no_alignment
0.0,0.0,0.0,0.0,0.0,4.820000171661377,17,True,l_shaped,0.5206614738003867,409,fsm_no_alignment
1.0,1.0,0.0,1.0,0.0,0.010246895253658295,81,True,straight,0.7164804345775513,410,fsm_no_alignment
0.0,0.0,0.0,0.0,0.0,4.820000171661377,17,True,l_shaped,0.7082303859110689,411,fsm_no_alignment
0.0,0.0,0.0,0.0,0.0,4.820000171661377,14,True,s_shaped,0.818787587347954,412,fsm_no_alignment
1.0,1.0,0.0,0.0,0.0,0.17340035736560822,74,True,straight,0.7228127787525637,413,fsm_no_alignment
0.0,0.0,0.0,0.0,0.0,4.820000171661377,17,True,s_shaped,0.5221521562242907,414,fsm_no_alignment
0.0,0.0,0.0,0.0,0.0,4.820000171661377,19,True,s_shaped,0.7448012511411441,415,fsm_no_alignment
0.0,0.0,0.0,0.0,0.0,4.820000171661377,14,True,narrow_entry,0.5593952102007809,416,fsm_no_alignment
0.0,0.0,0.0,0.0,0.0,0.07616661489009857,55,True,asymmetric,0.7929328594635792,417,fsm_no_alignment
0.0,0.0,0.0,0.0,0.0,0.10669344663619995,400,True,l_shaped,0.6269625604803,418,fsm_no_alignment
0.0,0.0,0.0,0.0,0.0,4.820000171661377,45,True,l_shaped,0.8368561355588942,419,fsm_no_alignment
0.0,0.0,0.0,1.0,0.0,0.02379266358911991,400,True,l_shaped,0.8934140529757,420,fsm_no_alignment
0.0,0.0,0.0,0.0,0.0,0.17551296949386597,400,True,l_shaped,0.8659261726555774,421,fsm_no_alignment
0.0,0.0,0.0,0.0,0.0,4.820000171661377,15,True,narrow_exit,0.5795804244599301,422,fsm_no_alignment
0.0,0.0,0.0,1.0,0.0,0.013472506776452065,41,True,s_shaped,0.7278061949665587,423,fsm_no_alignment
0.0,0.0,0.0,0.0,0.0,4.820000171661377,13,True,asymmetric,0.6182648281319505,424,fsm_no_alignment
0.0,0.0,0.0,0.0,0.0,4.820000171661377,16,False,false_feasible,0.7308898385229509,425,fsm_no_alignment
0.0,0.0,0.0,0.0,0.0,0.052102960646152496,400,True,l_shaped,0.5012582646685599,426,fsm_no_alignment
0.0,0.0,0.0,0.0,0.0,0.0980684831738472,400,True,s_shaped,0.6960660571082298,427,fsm_no_alignment
0.0,0.0,0.0,0.0,0.0,4.820000171661377,18,True,straight,0.4876029144668152,428,fsm_no_alignment
0.0,0.0,0.0,1.0,0.0,0.004799987655133009,42,False,false_feasible,0.7898448180788078,429,fsm_no_alignment
0.0,0.0,0.0,0.0,0.0,4.820000171661377,15,False,false_feasible,0.6137966280733855,430,fsm_no_alignment
0.0,0.0,0.0,1.0,0.0,0.04145653173327446,400,True,l_shaped,0.5727761895044058,431,fsm_no_alignment
0.0,0.0,0.0,0.0,0.0,4.820000171661377,13,True,straight,0.6937823572484527,432,fsm_no_alignment
0.0,0.0,0.0,0.0,0.0,4.820000171661377,20,True,s_shaped,0.8554973909178045,433,fsm_no_alignment
0.0,0.0,0.0,0.0,0.0,4.820000171661377,15,True,narrow_entry,0.47460077388279576,434,fsm_no_alignment
1.0,1.0,0.0,1.0,0.0,0.007053011562675238,70,True,narrow_entry,0.5745182073131728,435,fsm_no_alignment
0.0,0.0,0.0,0.0,0.0,4.820000171661377,400,True,straight,0.5992871906066504,436,fsm_no_alignment
1.0,1.0,0.0,0.0,0.0,0.05642404034733772,98,True,l_shaped,0.8920038138631132,437,fsm_no_alignment
1.0,1.0,0.0,0.0,0.0,0.07969816029071808,73,True,straight,0.5348520353855511,438,fsm_no_alignment
0.0,0.0,0.0,1.0,0.0,0.01590259186923504,56,True,narrow_exit,0.5420420797509233,439,fsm_no_alignment
0.0,0.0,0.0,0.0,0.0,0.06702599674463272,400,True,s_shaped,0.8716567503943187,440,fsm_no_alignment
0.0,0.0,0.0,0.0,0.0,4.820000171661377,15,True,asymmetric,0.514484477663621,441,fsm_no_alignment
0.0,0.0,0.0,0.0,0.0,4.820000171661377,14,True,l_shaped,0.6997546106729574,442,fsm_no_alignment
0.0,0.0,0.0,0.0,0.0,0.20775236189365387,29,False,false_feasible,0.7820596620280413,443,fsm_no_alignment
1.0,1.0,0.0,0.0,0.0,0.05070996284484863,101,True,narrow_entry,0.5262383893820324,444,fsm_no_alignment
0.0,0.0,0.0,0.0,0.0,4.820000171661377,58,True,l_shaped,0.5734104908481463,445,fsm_no_alignment
0.0,0.0,0.0,1.0,0.0,0.0008846527780406177,49,True,narrow_exit,0.5070320953806626,446,fsm_no_alignment
1.0,1.0,0.0,1.0,0.0,0.011798175983130932,109,True,straight,0.5096458414236432,447,fsm_no_alignment
0.0,0.0,0.0,0.0,0.0,4.820000171661377,17,True,l_shaped,0.8542127003301647,448,fsm_no_alignment
0.0,0.0,0.0,0.0,0.0,0.13328216969966888,400,True,l_shaped,0.8108580750708367,449,fsm_no_alignment
0.0,0.0,0.0,0.0,0.0,4.820000171661377,16,True,s_shaped,0.4667896315813174,450,fsm_no_alignment
1.0,1.0,0.0,1.0,0.0,0.027062203735113144,81,True,narrow_exit,0.48096521401573505,451,fsm_no_alignment
1.0,1.0,0.0,0.0,0.0,0.18133056163787842,94,True,straight,0.8818565486283572,452,fsm_no_alignment
0.0,0.0,0.0,0.0,0.0,4.820000171661377,14,True,narrow_entry,0.5070243572425855,453,fsm_no_alignment
0.0,0.0,0.0,0.0,0.0,0.06528116762638092,400,True,l_shaped,0.4924034390007451,454,fsm_no_alignment
0.0,0.0,0.0,0.0,0.0,4.820000171661377,35,True,s_shaped,0.6087351923362321,455,fsm_no_alignment
0.0,0.0,0.0,0.0,0.0,4.820000171661377,17,True,s_shaped,0.6656501758000399,456,fsm_no_alignment
0.0,0.0,0.0,0.0,0.0,4.820000171661377,14,True,straight,0.47784846466150943,457,fsm_no_alignment
0.0,0.0,0.0,0.0,0.0,0.15180674195289612,35,False,false_feasible,0.68651351668702,458,fsm_no_alignment
0.0,0.0,0.0,0.0,0.0,4.820000171661377,19,True,l_shaped,0.4556095469270469,459,fsm_no_alignment
0.0,0.0,0.0,0.0,0.0,0.0681041032075882,400,True,s_shaped,0.8319474382772145,460,fsm_no_alignment
0.0,0.0,0.0,1.0,0.0,0.0385986790060997,400,True,l_shaped,0.6081073574801689,461,fsm_no_alignment
0.0,0.0,0.0,0.0,0.0,4.820000171661377,15,True,asymmetric,0.5209206809798153,462,fsm_no_alignment
0.0,0.0,0.0,0.0,0.0,4.820000171661377,40,True,l_shaped,0.46479045161991106,463,fsm_no_alignment
0.0,0.0,0.0,0.0,0.0,4.820000171661377,15,True,narrow_exit,0.5400531894414131,464,fsm_no_alignment
0.0,0.0,0.0,0.0,0.0,4.820000171661377,18,True,l_shaped,0.5986430485989414,465,fsm_no_alignment
1.0,1.0,0.0,1.0,0.0,0.007905634120106697,80,True,straight,0.8348237759178962,466,fsm_no_alignment
0.0,0.0,0.0,0.0,0.0,4.820000171661377,15,True,straight,0.8619286216903344,467,fsm_no_alignment
0.0,0.0,0.0,0.0,0.0,4.820000171661377,400,True,asymmetric,0.8650753082980338,468,fsm_no_alignment
0.0,0.0,0.0,0.0,0.0,4.820000171661377,18,True,l_shaped,0.5122291506723482,469,fsm_no_alignment
1.0,1.0,0.0,1.0,0.0,0.042462222278118134,96,True,straight,0.49957652029775995,470,fsm_no_alignment
0.0,0.0,0.0,0.0,0.0,4.820000171661377,14,True,asymmetric,0.6855407315302016,471,fsm_no_alignment
0.0,0.0,0.0,0.0,0.0,4.820000171661377,12,True,straight,0.7464807668130418,472,fsm_no_alignment
0.0,0.0,0.0,0.0,0.0,4.820000171661377,400,True,l_shaped,0.5544362073014045,473,fsm_no_alignment
0.0,0.0,0.0,0.0,0.0,4.820000171661377,17,True,l_shaped,0.7465518296866449,474,fsm_no_alignment
0.0,0.0,0.0,0.0,0.0,4.820000171661377,16,False,false_feasible,0.6906320301889947,475,fsm_no_alignment
0.0,0.0,0.0,0.0,0.0,4.820000171661377,17,True,l_shaped,0.45318840937647664,476,fsm_no_alignment
0.0,0.0,0.0,0.0,0.0,4.820000171661377,15,True,asymmetric,0.6015018634188176,477,fsm_no_alignment
1.0,1.0,0.0,1.0,0.0,0.008801496587693691,111,True,straight,0.46579084466526366,478,fsm_no_alignment
0.0,0.0,0.0,0.0,0.0,0.09396373480558395,39,False,false_feasible,0.7479618224477685,479,fsm_no_alignment
1.0,1.0,0.0,0.0,0.0,0.0794902890920639,88,True,narrow_exit,0.5940175134555659,480,fsm_no_alignment
1.0,1.0,0.0,1.0,0.0,0.04533905163407326,107,True,narrow_exit,0.5836291835636911,481,fsm_no_alignment
0.0,0.0,0.0,1.0,0.0,0.044464483857154846,55,True,asymmetric,0.7033420089298698,482,fsm_no_alignment
0.0,0.0,0.0,1.0,0.0,0.023445259779691696,52,True,narrow_exit,0.5298044115200842,483,fsm_no_alignment
0.0,0.0,0.0,0.0,0.0,0.16293349862098694,400,True,l_shaped,0.8343911280127465,484,fsm_no_alignment
1.0,1.0,0.0,0.0,0.0,0.06551804393529892,82,True,narrow_exit,0.5426470890897435,485,fsm_no_alignment
0.0,0.0,0.0,0.0,0.0,4.820000171661377,12,False,false_feasible,0.7388428853063269,486,fsm_no_alignment
0.0,0.0,0.0,0.0,0.0,4.820000171661377,400,True,straight,0.6214231566218853,487,fsm_no_alignment
1.0,1.0,0.0,0.0,0.0,0.08906470984220505,91,True,straight,0.8269277817849692,488,fsm_no_alignment
0.0,0.0,0.0,0.0,0.0,0.07269858568906784,400,True,s_shaped,0.5239704266659997,489,fsm_no_alignment
0.0,0.0,0.0,0.0,0.0,4.820000171661377,16,True,asymmetric,0.6948441411670399,490,fsm_no_alignment
1.0,1.0,0.0,0.0,0.0,0.11450006812810898,105,True,straight,0.8333842660207158,491,fsm_no_alignment
0.0,0.0,0.0,0.0,0.0,4.820000171661377,400,True,s_shaped,0.5816104671629537,492,fsm_no_alignment
0.0,0.0,0.0,0.0,0.0,4.820000171661377,15,True,s_shaped,0.8570278576887512,493,fsm_no_alignment
0.0,0.0,0.0,0.0,0.0,4.820000171661377,17,True,l_shaped,0.7928766803538789,494,fsm_no_alignment
0.0,0.0,0.0,0.0,0.0,4.820000171661377,15,True,asymmetric,0.5655041514639754,495,fsm_no_alignment
0.0,0.0,0.0,0.0,0.0,0.07515012472867966,39,False,false_feasible,0.6476116275992401,496,fsm_no_alignment
0.0,0.0,0.0,0.0,0.0,4.820000171661377,17,True,straight,0.4699787836097656,497,fsm_no_alignment
0.0,0.0,0.0,0.0,0.0,4.820000171661377,16,False,false_feasible,0.6217088886700382,498,fsm_no_alignment
0.0,0.0,0.0,1.0,0.0,0.01676786132156849,50,True,l_shaped,0.5395305202169378,499,fsm_no_alignment
0.0,0.0,0.0,0.0,0.0,4.820000171661377,15,True,narrow_exit,0.5710582648519854,0,fsm_no_alignment
0.0,0.0,0.0,0.0,0.0,4.820000171661377,13,True,s_shaped,0.652964124150499,1,fsm_no_alignment
0.0,0.0,0.0,0.0,0.0,4.820000171661377,16,True,l_shaped,0.8782893074086265,2,fsm_no_alignment
0.0,0.0,0.0,0.0,0.0,4.820000171661377,400,False,false_feasible,0.5584411635789241,3,fsm_no_alignment
1.0,1.0,0.0,0.0,0.0,0.08391273021697998,93,True,straight,0.6529366706973919,4,fsm_no_alignment
0.0,0.0,0.0,1.0,0.0,0.045513514429330826,400,True,s_shaped,0.5867842997575747,5,fsm_no_alignment
0.0,0.0,0.0,0.0,0.0,4.820000171661377,18,True,straight,0.6926057179448905,6,fsm_no_alignment
0.0,0.0,0.0,0.0,0.0,4.820000171661377,17,True,l_shaped,0.641024637069327,7,fsm_no_alignment
0.0,0.0,0.0,1.0,0.0,0.019492316991090775,51,True,narrow_exit,0.5751481317269822,8,fsm_no_alignment
1.0,1.0,0.0,0.0,0.0,0.07833316922187805,90,True,narrow_exit,0.5690000981515544,9,fsm_no_alignment
0.0,0.0,0.0,0.0,0.0,4.820000171661377,15,True,asymmetric,0.7533340169878787,10,fsm_no_alignment
1.0,1.0,0.0,1.0,0.0,0.01626073569059372,99,True,s_shaped,0.8467784545259844,11,fsm_no_alignment
0.0,0.0,0.0,0.0,0.0,0.1612643450498581,400,True,l_shaped,0.8671206311626448,12,fsm_no_alignment
0.0,0.0,0.0,0.0,0.0,4.820000171661377,17,True,narrow_exit,0.5554771878876439,13,fsm_no_alignment
0.0,0.0,0.0,0.0,0.0,4.820000171661377,52,True,narrow_entry,0.45931545897200626,14,fsm_no_alignment
0.0,0.0,0.0,0.0,0.0,4.820000171661377,43,True,s_shaped,0.7381262984950419,15,fsm_no_alignment
0.0,0.0,0.0,0.0,0.0,4.820000171661377,15,True,narrow_exit,0.5556210466872824,16,fsm_no_alignment
0.0,0.0,0.0,0.0,0.0,0.09982431679964066,400,True,s_shaped,0.8714888457119387,17,fsm_no_alignment
0.0,0.0,0.0,0.0,0.0,4.820000171661377,16,True,straight,0.8316619965403942,18,fsm_no_alignment
0.0,0.0,0.0,0.0,0.0,4.820000171661377,400,True,narrow_exit,0.5927660787447737,19,fsm_no_alignment
1.0,1.0,0.0,1.0,0.0,0.0046804421581327915,103,True,straight,0.729399313589992,20,fsm_no_alignment
1.0,1.0,0.0,1.0,0.0,0.007223173975944519,105,True,narrow_exit,0.5449125023696004,21,fsm_no_alignment
0.0,0.0,0.0,1.0,0.0,0.006544874515384436,40,False,false_feasible,0.6104446834029358,22,fsm_no_alignment
0.0,0.0,0.0,0.0,0.0,4.820000171661377,18,True,l_shaped,0.48670818841748326,23,fsm_no_alignment
0.0,0.0,0.0,1.0,0.0,0.023192524909973145,63,True,narrow_exit,0.49187134863125465,24,fsm_no_alignment
0.0,0.0,0.0,0.0,0.0,4.820000171661377,15,True,straight,0.516385663462141,25,fsm_no_alignment
0.0,0.0,0.0,1.0,0.0,0.01757526583969593,66,True,narrow_exit,0.5718317652961328,26,fsm_no_alignment
0.0,0.0,0.0,0.0,0.0,0.11499373614788055,36,True,asymmetric,0.7348949872842581,27,fsm_no_alignment
0.0,0.0,0.0,0.0,0.0,4.820000171661377,400,True,narrow_exit,0.5097848613170441,28,fsm_no_alignment
1.0,1.0,0.0,0.0,0.0,0.06863252073526382,89,True,straight,0.7366282068970579,29,fsm_no_alignment
0.0,0.0,0.0,0.0,0.0,4.820000171661377,400,True,straight,0.818719622944998,30,fsm_no_alignment
1.0,1.0,0.0,0.0,0.0,0.14642225205898285,87,True,straight,0.8322641436824147,31,fsm_no_alignment
0.0,0.0,0.0,0.0,0.0,0.2269064337015152,400,True,l_shaped,0.8597137903906623,32,fsm_no_alignment
0.0,0.0,0.0,0.0,0.0,4.820000171661377,10,True,narrow_exit,0.5162802672027167,33,fsm_no_alignment
0.0,0.0,0.0,1.0,0.0,0.0036098784767091274,49,True,l_shaped,0.4650086943738273,34,fsm_no_alignment
0.0,0.0,0.0,0.0,0.0,0.15353071689605713,400,True,s_shaped,0.6782832551113062,35,fsm_no_alignment
1.0,1.0,0.0,1.0,0.0,0.012558888643980026,109,True,narrow_exit,0.4521767951821585,36,fsm_no_alignment
0.0,0.0,0.0,0.0,0.0,0.1328016072511673,400,True,s_shaped,0.7220525353364851,37,fsm_no_alignment
1.0,1.0,0.0,0.0,0.0,0.101439468562603,82,True,straight,0.6385777111886426,38,fsm_no_alignment
1.0,1.0,0.0,0.0,0.0,0.0854450911283493,83,True,narrow_entry,0.5635085739972248,39,fsm_no_alignment
0.0,0.0,0.0,0.0,0.0,4.820000171661377,400,True,asymmetric,0.5311685029450932,40,fsm_no_alignment
0.0,0.0,0.0,1.0,0.0,0.0377386249601841,400,True,s_shaped,0.8516901939820171,41,fsm_no_alignment
0.0,0.0,0.0,0.0,0.0,4.820000171661377,400,True,asymmetric,0.6379951679448432,42,fsm_no_alignment
0.0,0.0,0.0,0.0,0.0,4.820000171661377,400,True,l_shaped,0.47392200267452866,43,fsm_no_alignment
0.0,0.0,0.0,0.0,0.0,0.08202321082353592,43,False,false_feasible,0.6104048413884494,44,fsm_no_alignment
0.0,0.0,0.0,0.0,0.0,4.820000171661377,19,True,s_shaped,0.7325260179829371,45,fsm_no_alignment
1.0,1.0,0.0,1.0,0.0,0.042879559099674225,95,True,straight,0.6756472425317169,46,fsm_no_alignment
0.0,0.0,0.0,1.0,0.0,0.016334518790245056,400,True,l_shaped,0.4509992236788563,47,fsm_no_alignment
1.0,1.0,0.0,0.0,0.0,0.16319774091243744,98,True,straight,0.7157059602318465,48,fsm_no_alignment
0.0,0.0,0.0,0.0,0.0,4.820000171661377,12,True,narrow_entry,0.45220143627404796,49,fsm_no_alignment
0.0,0.0,0.0,0.0,0.0,4.820000171661377,16,True,l_shaped,0.5354481305345156,50,fsm_no_alignment
0.0,0.0,0.0,0.0,0.0,4.820000171661377,400,True,narrow_exit,0.5236854286569477,51,fsm_no_alignment
0.0,0.0,0.0,0.0,0.0,4.820000171661377,400,True,asymmetric,0.5322353577368969,52,fsm_no_alignment
0.0,0.0,0.0,0.0,0.0,4.820000171661377,16,True,asymmetric,0.7083590484183258,53,fsm_no_alignment
0.0,0.0,0.0,0.0,0.0,4.820000171661377,16,True,l_shaped,0.5869143392133543,54,fsm_no_alignment
0.0,0.0,0.0,0.0,0.0,4.820000171661377,14,True,asymmetric,0.6340425908890464,55,fsm_no_alignment
0.0,0.0,0.0,0.0,0.0,4.820000171661377,16,False,false_feasible,0.6538698884451754,56,fsm_no_alignment
0.0,0.0,0.0,0.0,0.0,4.820000171661377,18,True,straight,0.6077660216430197,57,fsm_no_alignment
0.0,0.0,0.0,0.0,0.0,0.09253137558698654,400,True,l_shaped,0.5851490572837779,58,fsm_no_alignment
0.0,0.0,0.0,0.0,0.0,4.820000171661377,15,False,false_feasible,0.6761837521697324,59,fsm_no_alignment
0.0,0.0,0.0,0.0,0.0,4.820000171661377,400,True,narrow_entry,0.4659306773122229,60,fsm_no_alignment
0.0,0.0,0.0,0.0,0.0,4.820000171661377,17,True,s_shaped,0.4892146942516627,61,fsm_no_alignment
0.0,0.0,0.0,0.0,0.0,4.820000171661377,58,True,l_shaped,0.5589604652238328,62,fsm_no_alignment
0.0,0.0,0.0,0.0,0.0,4.820000171661377,400,True,narrow_entry,0.5374282044417746,63,fsm_no_alignment
0.0,0.0,0.0,0.0,0.0,4.820000171661377,16,True,narrow_exit,0.5090412185719464,64,fsm_no_alignment
0.0,0.0,0.0,0.0,0.0,4.820000171661377,16,True,asymmetric,0.47947870261541314,65,fsm_no_alignment
0.0,0.0,0.0,0.0,0.0,4.820000171661377,19,True,s_shaped,0.5838076732695612,66,fsm_no_alignment
0.0,0.0,0.0,0.0,0.0,4.820000171661377,18,True,s_shaped,0.6835599996055097,67,fsm_no_alignment
0.0,0.0,0.0,0.0,0.0,4.820000171661377,17,True,straight,0.7494698439736149,68,fsm_no_alignment
0.0,0.0,0.0,1.0,0.0,0.02242302894592285,54,True,s_shaped,0.8222998758555602,69,fsm_no_alignment
1.0,1.0,0.0,0.0,0.0,0.08927051723003387,99,True,narrow_exit,0.5992048790728135,70,fsm_no_alignment
0.0,0.0,0.0,0.0,0.0,4.820000171661377,45,True,narrow_entry,0.4532113017645904,71,fsm_no_alignment
0.0,0.0,0.0,0.0,0.0,4.820000171661377,18,True,l_shaped,0.5073243119818767,72,fsm_no_alignment
0.0,0.0,0.0,0.0,0.0,4.820000171661377,17,True,narrow_exit,0.5941287592096245,73,fsm_no_alignment
1.0,1.0,0.0,1.0,0.0,0.034040533006191254,84,True,l_shaped,0.8053937013182472,74,fsm_no_alignment
1.0,1.0,0.0,1.0,0.0,0.005093285348266363,107,True,asymmetric,0.7609754890300231,75,fsm_no_alignment
0.0,0.0,0.0,1.0,0.0,0.003243672661483288,49,True,s_shaped,0.6973681875388464,76,fsm_no_alignment
0.0,0.0,0.0,0.0,0.0,0.055733680725097656,52,True,asymmetric,0.5953807639852614,77,fsm_no_alignment
0.0,0.0,0.0,1.0,0.0,0.014813719317317009,44,True,asymmetric,0.4897928574693353,78,fsm_no_alignment
1.0,1.0,0.0,1.0,0.0,0.03650203347206116,93,True,s_shaped,0.8813317714985575,79,fsm_no_alignment
0.0,0.0,0.0,0.0,0.0,4.820000171661377,400,True,narrow_exit,0.4384300763093547,80,fsm_no_alignment
0.0,0.0,0.0,0.0,0.0,0.12569546699523926,400,True,l_shaped,0.6713262082395234,81,fsm_no_alignment
0.0,0.0,0.0,0.0,0.0,4.820000171661377,20,True,l_shaped,0.6437512021987551,82,fsm_no_alignment
0.0,0.0,0.0,0.0,0.0,4.820000171661377,20,True,l_shaped,0.800488748846451,83,fsm_no_alignment
0.0,0.0,0.0,0.0,0.0,4.820000171661377,56,True,narrow_entry,0.5484743317708323,84,fsm_no_alignment
0.0,0.0,0.0,0.0,0.0,0.17741726338863373,400,True,s_shaped,0.7450297880618376,85,fsm_no_alignment
0.0,0.0,0.0,0.0,0.0,4.820000171661377,18,True,narrow_entry,0.5975087551480068,86,fsm_no_alignment
0.0,0.0,0.0,0.0,0.0,4.820000171661377,17,True,narrow_exit,0.4764226865040219,87,fsm_no_alignment
1.0,1.0,0.0,1.0,0.0,0.0130580710247159,84,True,straight,0.8555298091487255,88,fsm_no_alignment
0.0,0.0,0.0,0.0,0.0,4.820000171661377,400,True,straight,0.6275764418333523,89,fsm_no_alignment
0.0,0.0,0.0,1.0,0.0,0.038083337247371674,29,False,false_feasible,0.7395454622582365,90,fsm_no_alignment
0.0,0.0,0.0,0.0,0.0,4.820000171661377,400,True,straight,0.5040516238782498,91,fsm_no_alignment
0.0,0.0,0.0,0.0,0.0,4.820000171661377,40,True,l_shaped,0.6405268539004191,92,fsm_no_alignment
0.0,0.0,0.0,0.0,0.0,4.820000171661377,16,True,l_shaped,0.8790036145816736,93,fsm_no_alignment
0.0,0.0,0.0,0.0,0.0,4.820000171661377,18,True,l_shaped,0.4880567739504174,94,fsm_no_alignment
0.0,0.0,0.0,0.0,0.0,4.820000171661377,16,True,narrow_entry,0.43457884398438446,95,fsm_no_alignment
0.0,0.0,0.0,0.0,0.0,4.820000171661377,17,True,s_shaped,0.48058592449365206,96,fsm_no_alignment
0.0,0.0,0.0,0.0,0.0,4.820000171661377,16,False,false_feasible,0.7811593743228397,97,fsm_no_alignment
0.0,0.0,0.0,0.0,0.0,4.820000171661377,400,True,straight,0.6098228162081836,98,fsm_no_alignment
0.0,0.0,0.0,0.0,0.0,4.820000171661377,400,False,false_feasible,0.7627396634214578,99,fsm_no_alignment
0.0,0.0,0.0,1.0,0.0,0.024958714842796326,62,True,narrow_exit,0.4776188861935332,100,fsm_no_alignment
0.0,0.0,0.0,1.0,0.0,0.03069692850112915,400,True,l_shaped,0.6548922222120153,101,fsm_no_alignment
1.0,1.0,0.0,1.0,0.0,0.049525145441293716,90,True,l_shaped,0.8279212646952949,102,fsm_no_alignment
0.0,0.0,0.0,0.0,0.0,4.820000171661377,400,True,straight,0.8431342114197551,103,fsm_no_alignment
0.0,0.0,0.0,0.0,0.0,4.820000171661377,17,True,narrow_entry,0.5203036528915176,104,fsm_no_alignment
0.0,0.0,0.0,0.0,0.0,4.820000171661377,19,True,s_shaped,0.7624362201007542,105,fsm_no_alignment
0.0,0.0,0.0,0.0,0.0,0.1577291488647461,36,False,false_feasible,0.7151240949216233,106,fsm_no_alignment
0.0,0.0,0.0,0.0,0.0,4.820000171661377,16,True,s_shaped,0.5455657257086408,107,fsm_no_alignment
0.0,0.0,0.0,1.0,0.0,0.007462731562554836,38,True,asymmetric,0.7480294391313413,108,fsm_no_alignment
0.0,0.0,0.0,0.0,0.0,4.820000171661377,16,True,s_shaped,0.8429073689584783,109,fsm_no_alignment
0.0,0.0,0.0,0.0,0.0,0.2117278277873993,400,True,l_shaped,0.8827127243412478,110,fsm_no_alignment
0.0,0.0,0.0,0.0,0.0,4.820000171661377,17,True,narrow_entry,0.4566392679759318,111,fsm_no_alignment
0.0,0.0,0.0,0.0,0.0,4.820000171661377,400,False,false_feasible,0.5978689533618424,112,fsm_no_alignment
1.0,1.0,0.0,1.0,0.0,0.018172388896346092,113,True,straight,0.8883661299781374,113,fsm_no_alignment
0.0,0.0,0.0,0.0,0.0,4.820000171661377,400,True,narrow_entry,0.492510607415293,114,fsm_no_alignment
0.0,0.0,0.0,0.0,0.0,0.10648486018180847,400,True,s_shaped,0.6056992436048333,115,fsm_no_alignment
0.0,0.0,0.0,0.0,0.0,4.820000171661377,400,True,straight,0.5849511063429882,116,fsm_no_alignment
0.0,0.0,0.0,1.0,0.0,0.01701776310801506,38,True,s_shaped,0.6661948958381584,117,fsm_no_alignment
0.0,0.0,0.0,0.0,0.0,4.820000171661377,13,True,straight,0.6645478826451672,118,fsm_no_alignment
0.0,0.0,0.0,0.0,0.0,0.10891949385404587,400,True,s_shaped,0.6297104315254347,119,fsm_no_alignment
1.0,1.0,0.0,1.0,0.0,0.01966720074415207,95,True,narrow_exit,0.5285962086771152,120,fsm_no_alignment
0.0,0.0,0.0,0.0,0.0,4.820000171661377,16,True,asymmetric,0.5279299082265446,121,fsm_no_alignment
0.0,0.0,0.0,0.0,0.0,0.05671433359384537,34,False,false_feasible,0.7017620199147774,122,fsm_no_alignment
0.0,0.0,0.0,0.0,0.0,4.820000171661377,400,True,s_shaped,0.47126793503715586,123,fsm_no_alignment
0.0,0.0,0.0,1.0,0.0,0.0007502937223762274,55,True,narrow_exit,0.5569393610904453,124,fsm_no_alignment
0.0,0.0,0.0,0.0,0.0,4.820000171661377,400,True,s_shaped,0.7475362030318109,125,fsm_no_alignment
1.0,1.0,0.0,0.0,0.0,0.06716658920049667,90,True,asymmetric,0.622190248910083,126,fsm_no_alignment
0.0,0.0,0.0,0.0,0.0,4.820000171661377,18,True,s_shaped,0.7959812189620142,127,fsm_no_alignment
1.0,1.0,0.0,0.0,0.0,0.08997700363397598,83,True,asymmetric,0.8671723086817795,128,fsm_no_alignment
1.0,1.0,0.0,0.0,0.0,0.16391417384147644,104,True,straight,0.7486641010764564,129,fsm_no_alignment
0.0,0.0,0.0,0.0,0.0,4.820000171661377,17,True,straight,0.6195445335547406,130,fsm_no_alignment
0.0,0.0,0.0,1.0,0.0,0.011224430054426193,64,True,narrow_exit,0.42817268207221243,131,fsm_no_alignment
0.0,0.0,0.0,0.0,0.0,4.820000171661377,16,True,straight,0.5984157108799688,132,fsm_no_alignment
0.0,0.0,0.0,0.0,0.0,0.09424600005149841,400,True,s_shaped,0.7635787406536919,133,fsm_no_alignment
0.0,0.0,0.0,0.0,0.0,4.820000171661377,400,True,l_shaped,0.6036274263186685,134,fsm_no_alignment
0.0,0.0,0.0,0.0,0.0,4.820000171661377,15,False,false_feasible,0.5835859777111073,135,fsm_no_alignment
1.0,1.0,0.0,0.0,0.0,0.12351436913013458,108,True,asymmetric,0.7980721201437451,136,fsm_no_alignment
1.0,1.0,0.0,0.0,0.0,0.06701330840587616,104,True,straight,0.8128322591865067,137,fsm_no_alignment
1.0,1.0,0.0,1.0,0.0,0.03115685284137726,81,True,narrow_exit,0.5584785333622208,138,fsm_no_alignment
1.0,1.0,0.0,0.0,0.0,0.18045489490032196,105,True,straight,0.8594753808861777,139,fsm_no_alignment
0.0,0.0,0.0,0.0,0.0,4.820000171661377,400,False,false_feasible,0.658969380232167,140,fsm_no_alignment
0.0,0.0,0.0,0.0,0.0,4.820000171661377,400,True,s_shaped,0.5515362607773387,141,fsm_no_alignment
0.0,0.0,0.0,0.0,0.0,4.820000171661377,13,True,straight,0.8106497231757949,142,fsm_no_alignment
0.0,0.0,0.0,1.0,0.0,0.04408997669816017,400,True,s_shaped,0.5400958261483305,143,fsm_no_alignment
0.0,0.0,0.0,0.0,0.0,4.820000171661377,15,True,asymmetric,0.4863410758822878,144,fsm_no_alignment
1.0,1.0,0.0,0.0,0.0,0.13180454075336456,95,True,straight,0.8431977024409691,145,fsm_no_alignment
0.0,0.0,0.0,0.0,0.0,4.820000171661377,13,False,false_feasible,0.6064712115015038,146,fsm_no_alignment
0.0,0.0,0.0,0.0,0.0,4.820000171661377,15,True,straight,0.7333155357694331,147,fsm_no_alignment
1.0,1.0,0.0,1.0,0.0,0.018337687477469444,82,True,s_shaped,0.823148514562952,148,fsm_no_alignment
0.0,0.0,0.0,0.0,0.0,4.820000171661377,49,True,narrow_entry,0.5893469504807111,149,fsm_no_alignment
0.0,0.0,0.0,0.0,0.0,4.820000171661377,16,False,false_feasible,0.6353705207864471,150,fsm_no_alignment
0.0,0.0,0.0,0.0,0.0,0.07478311657905579,400,True,s_shaped,0.8487322459542672,151,fsm_no_alignment
1.0,1.0,0.0,0.0,0.0,0.09183541685342789,98,True,straight,0.87882745843783,152,fsm_no_alignment
0.0,0.0,0.0,0.0,0.0,4.820000171661377,16,True,s_shaped,0.7164912904061405,153,fsm_no_alignment
0.0,0.0,0.0,0.0,0.0,4.820000171661377,14,True,s_shaped,0.7944023901867442,154,fsm_no_alignment
1.0,1.0,0.0,1.0,0.0,0.015542001463472843,71,True,narrow_exit,0.586225541692706,155,fsm_no_alignment
0.0,0.0,0.0,1.0,0.0,0.03424021229147911,56,True,l_shaped,0.5527040398032267,156,fsm_no_alignment
1.0,1.0,0.0,0.0,0.0,0.06105344742536545,96,True,narrow_exit,0.49502921425436586,157,fsm_no_alignment
0.0,0.0,0.0,0.0,0.0,4.820000171661377,16,True,straight,0.5675254996337132,158,fsm_no_alignment
0.0,0.0,0.0,0.0,0.0,4.820000171661377,16,True,straight,0.7393058243226308,159,fsm_no_alignment
0.0,0.0,0.0,0.0,0.0,4.820000171661377,11,False,false_feasible,0.6773090122208592,160,fsm_no_alignment
0.0,0.0,0.0,0.0,0.0,4.820000171661377,15,False,false_feasible,0.5767378581267396,161,fsm_no_alignment
0.0,0.0,0.0,0.0,0.0,4.820000171661377,17,True,straight,0.7059879791308835,162,fsm_no_alignment
0.0,0.0,0.0,0.0,0.0,4.820000171661377,17,True,l_shaped,0.5165309046907133,163,fsm_no_alignment
1.0,1.0,0.0,1.0,0.0,0.0088309645652771,106,True,l_shaped,0.743122987285161,164,fsm_no_alignment
0.0,0.0,0.0,0.0,0.0,4.820000171661377,14,True,narrow_exit,0.5047711183473821,165,fsm_no_alignment
0.0,0.0,0.0,0.0,0.0,4.820000171661377,15,False,false_feasible,0.7522747759793658,166,fsm_no_alignment
0.0,0.0,0.0,0.0,0.0,4.820000171661377,17,True,l_shaped,0.5175228274043074,167,fsm_no_alignment
0.0,0.0,0.0,1.0,0.0,0.02366986684501171,58,True,narrow_exit,0.45879602297308497,168,fsm_no_alignment
1.0,1.0,0.0,1.0,0.0,0.04479515179991722,79,True,straight,0.8946956765569211,169,fsm_no_alignment
0.0,0.0,0.0,1.0,0.0,0.0016496777534484863,400,True,s_shaped,0.7480948721665568,170,fsm_no_alignment
1.0,1.0,0.0,1.0,0.0,0.020274680107831955,100,True,straight,0.5245463692251295,171,fsm_no_alignment
0.0,0.0,0.0,0.0,0.0,4.820000171661377,400,True,straight,0.7144611838998676,172,fsm_no_alignment
1.0,1.0,0.0,0.0,0.0,0.06099008768796921,105,True,straight,0.5286099284645797,173,fsm_no_alignment
0.0,0.0,0.0,0.0,0.0,4.820000171661377,12,True,l_shaped,0.869700242156807,174,fsm_no_alignment
0.0,0.0,0.0,1.0,0.0,0.009416581131517887,53,True,narrow_exit,0.5665250009140779,175,fsm_no_alignment
0.0,0.0,0.0,0.0,0.0,0.07736174762248993,36,False,false_feasible,0.6069381404638259,176,fsm_no_alignment
1.0,1.0,0.0,1.0,0.0,0.002528464188799262,84,True,narrow_exit,0.4970019125976961,177,fsm_no_alignment
1.0,1.0,0.0,1.0,0.0,0.0013293130323290825,78,True,straight,0.6196477774103286,178,fsm_no_alignment
0.0,0.0,0.0,0.0,0.0,4.820000171661377,14,False,false_feasible,0.6406753058521475,179,fsm_no_alignment
0.0,0.0,0.0,0.0,0.0,4.820000171661377,16,False,false_feasible,0.5923079713950523,180,fsm_no_alignment
0.0,0.0,0.0,0.0,0.0,4.820000171661377,19,True,narrow_entry,0.5806730732633173,181,fsm_no_alignment
0.0,0.0,0.0,0.0,0.0,4.820000171661377,16,True,l_shaped,0.6061090400242025,182,fsm_no_alignment
0.0,0.0,0.0,0.0,0.0,4.820000171661377,13,True,straight,0.5602977659576968,183,fsm_no_alignment
0.0,0.0,0.0,1.0,0.0,0.016717853024601936,48,True,l_shaped,0.5812933811281631,184,fsm_no_alignment
0.0,0.0,0.0,0.0,0.0,0.10010173171758652,400,True,l_shaped,0.7964465836414769,185,fsm_no_alignment
0.0,0.0,0.0,1.0,0.0,0.007215873803943396,59,True,narrow_exit,0.519293334114863,186,fsm_no_alignment
0.0,0.0,0.0,0.0,0.0,0.12792959809303284,38,False,false_feasible,0.7017904985145627,187,fsm_no_alignment
0.0,0.0,0.0,0.0,0.0,4.820000171661377,18,True,l_shaped,0.5145680476820349,188,fsm_no_alignment
0.0,0.0,0.0,0.0,0.0,0.06964922696352005,46,True,asymmetric,0.5386701683756236,189,fsm_no_alignment
0.0,0.0,0.0,0.0,0.0,4.820000171661377,16,True,asymmetric,0.6150856638558374,190,fsm_no_alignment
0.0,0.0,0.0,0.0,0.0,4.820000171661377,13,True,narrow_exit,0.5403348765314463,191,fsm_no_alignment
0.0,0.0,0.0,0.0,0.0,4.820000171661377,400,True,l_shaped,0.6193758405344304,192,fsm_no_alignment
0.0,0.0,0.0,0.0,0.0,4.820000171661377,16,True,narrow_entry,0.4389059096656472,193,fsm_no_alignment
0.0,0.0,0.0,1.0,0.0,0.0014254258712753654,81,True,l_shaped,0.7760951680462301,194,fsm_no_alignment
1.0,1.0,0.0,0.0,0.0,0.17421986162662506,86,True,asymmetric,0.8498773258824645,195,fsm_no_alignment
1.0,1.0,0.0,0.0,0.0,0.22739170491695404,99,True,straight,0.8404832597886098,196,fsm_no_alignment
0.0,0.0,0.0,0.0,0.0,4.820000171661377,13,True,straight,0.6078672204332506,197,fsm_no_alignment
0.0,0.0,0.0,0.0,0.0,4.820000171661377,17,True,s_shaped,0.6250792778337991,198,fsm_no_alignment
1.0,1.0,0.0,0.0,0.0,0.059721462428569794,84,True,narrow_entry,0.5945177721745487,199,fsm_no_alignment
0.0,0.0,0.0,1.0,0.0,0.019393734633922577,400,True,l_shaped,0.6834107654401841,200,fsm_no_alignment
0.0,0.0,0.0,0.0,0.0,4.820000171661377,14,True,straight,0.569585317211088,201,fsm_no_alignment
1.0,1.0,0.0,0.0,0.0,0.10421408712863922,89,True,straight,0.7798784029463359,202,fsm_no_alignment
0.0,0.0,0.0,0.0,0.0,4.820000171661377,16,True,straight,0.48635386791540325,203,fsm_no_alignment
0.0,0.0,0.0,1.0,0.0,0.0327162928879261,37,False,false_feasible,0.7798234164494087,204,fsm_no_alignment
0.0,0.0,0.0,0.0,0.0,4.820000171661377,14,True,l_shaped,0.7684391441022229,205,fsm_no_alignment
0.0,0.0,0.0,0.0,0.0,0.1512034386396408,47,True,asymmetric,0.8537269591614179,206,fsm_no_alignment
0.0,0.0,0.0,0.0,0.0,4.820000171661377,18,True,s_shaped,0.5261953508879972,207,fsm_no_alignment
0.0,0.0,0.0,1.0,0.0,0.01071732584387064,42,True,s_shaped,0.5775771755802008,208,fsm_no_alignment
0.0,0.0,0.0,0.0,0.0,4.820000171661377,17,True,l_shaped,0.5798568046901935,209,fsm_no_alignment
1.0,1.0,0.0,0.0,0.0,0.16983500123023987,73,True,straight,0.8099312509662986,210,fsm_no_alignment
1.0,1.0,0.0,0.0,0.0,0.050497110933065414,99,True,narrow_exit,0.4634161604224683,211,fsm_no_alignment
0.0,0.0,0.0,0.0,0.0,4.820000171661377,19,True,l_shaped,0.631936464011695,212,fsm_no_alignment
0.0,0.0,0.0,0.0,0.0,4.820000171661377,19,True,narrow_exit,0.5067796597432906,213,fsm_no_alignment
0.0,0.0,0.0,0.0,0.0,4.820000171661377,20,True,l_shaped,0.5175807395258908,214,fsm_no_alignment
0.0,0.0,0.0,1.0,0.0,0.029848184436559677,54,True,l_shaped,0.5286860383239097,215,fsm_no_alignment
0.0,0.0,0.0,0.0,0.0,0.17022614181041718,400,True,s_shaped,0.768874266027186,216,fsm_no_alignment
0.0,0.0,0.0,0.0,0.0,4.820000171661377,17,True,s_shaped,0.4795163513674487,217,fsm_no_alignment
0.0,0.0,0.0,0.0,0.0,4.820000171661377,18,False,false_feasible,0.5720842271471264,218,fsm_no_alignment
0.0,0.0,0.0,0.0,0.0,4.820000171661377,17,True,narrow_exit,0.5961351610455341,219,fsm_no_alignment
1.0,1.0,0.0,1.0,0.0,0.011379874311387539,106,True,narrow_exit,0.5880203091180899,220,fsm_no_alignment
0.0,0.0,0.0,0.0,0.0,4.820000171661377,13,True,asymmetric,0.64796356092756,221,fsm_no_alignment
1.0,1.0,0.0,0.0,0.0,0.06711819022893906,84,True,narrow_entry,0.5583102823268637,222,fsm_no_alignment
1.0,1.0,0.0,0.0,0.0,0.05837828293442726,94,True,narrow_exit,0.5420095490916605,223,fsm_no_alignment
0.0,0.0,0.0,0.0,0.0,4.820000171661377,17,True,l_shaped,0.6397260167456981,224,fsm_no_alignment
0.0,0.0,0.0,0.0,0.0,4.820000171661377,19,True,l_shaped,0.8784647002425949,225,fsm_no_alignment
0.0,0.0,0.0,1.0,0.0,0.013763964176177979,39,True,asymmetric,0.7068272094799302,226,fsm_no_alignment
0.0,0.0,0.0,0.0,0.0,4.820000171661377,18,True,l_shaped,0.5321287426734469,227,fsm_no_alignment
0.0,0.0,0.0,0.0,0.0,4.820000171661377,46,True,s_shaped,0.7436405007167548,228,fsm_no_alignment
0.0,0.0,0.0,0.0,0.0,4.820000171661377,15,True,narrow_entry,0.4211497381979191,229,fsm_no_alignment
0.0,0.0,0.0,0.0,0.0,4.820000171661377,11,True,asymmetric,0.8665692132357029,230,fsm_no_alignment
0.0,0.0,0.0,0.0,0.0,0.17833656072616577,51,True,asymmetric,0.8826099813772423,231,fsm_no_alignment
0.0,0.0,0.0,1.0,0.0,0.01759299635887146,53,True,narrow_exit,0.43628836147329486,232,fsm_no_alignment
0.0,0.0,0.0,0.0,0.0,4.820000171661377,16,True,straight,0.7385257985011596,233,fsm_no_alignment
0.0,0.0,0.0,0.0,0.0,4.820000171661377,10,True,narrow_exit,0.5110875957473175,234,fsm_no_alignment
0.0,0.0,0.0,1.0,0.0,0.008216182701289654,42,False,false_feasible,0.5796677230940048,235,fsm_no_alignment
0.0,0.0,0.0,0.0,0.0,4.820000171661377,17,True,l_shaped,0.5695275270211531,236,fsm_no_alignment
0.0,0.0,0.0,0.0,0.0,4.820000171661377,16,True,straight,0.818052860304695,237,fsm_no_alignment
0.0,0.0,0.0,0.0,0.0,4.820000171661377,33,True,s_shaped,0.76163035483547,238,fsm_no_alignment
0.0,0.0,0.0,0.0,0.0,4.820000171661377,14,False,false_feasible,0.6301172596223104,239,fsm_no_alignment
0.0,0.0,0.0,0.0,0.0,4.820000171661377,17,True,s_shaped,0.890881830504338,240,fsm_no_alignment
1.0,1.0,0.0,1.0,0.0,0.008901198394596577,75,True,narrow_exit,0.5504917298962243,241,fsm_no_alignment
0.0,0.0,0.0,1.0,0.0,0.014069507829844952,68,True,narrow_exit,0.4587304998684267,242,fsm_no_alignment
1.0,1.0,0.0,0.0,0.0,0.16887880861759186,70,True,straight,0.7051704061607378,243,fsm_no_alignment
0.0,0.0,0.0,0.0,0.0,4.820000171661377,15,True,asymmetric,0.6025044026546785,244,fsm_no_alignment
0.0,0.0,0.0,0.0,0.0,4.820000171661377,17,True,asymmetric,0.7292219634296524,245,fsm_no_alignment
0.0,0.0,0.0,0.0,0.0,4.820000171661377,54,True,l_shaped,0.5406578850828053,246,fsm_no_alignment
0.0,0.0,0.0,1.0,0.0,0.0026174027007073164,58,True,narrow_exit,0.46636233120317044,247,fsm_no_alignment
0.0,0.0,0.0,0.0,0.0,4.820000171661377,17,True,s_shaped,0.873905654406495,248,fsm_no_alignment
0.0,0.0,0.0,0.0,0.0,4.820000171661377,15,True,straight,0.8585250612174882,249,fsm_no_alignment
1.0,1.0,0.0,1.0,0.0,0.04829587787389755,112,True,narrow_entry,0.599919587305362,250,fsm_no_alignment
0.0,0.0,0.0,0.0,0.0,0.0603901632130146,400,True,l_shaped,0.6684264633818178,251,fsm_no_alignment
0.0,0.0,0.0,0.0,0.0,4.820000171661377,13,True,straight,0.8625944137228939,252,fsm_no_alignment
1.0,1.0,0.0,0.0,0.0,0.0711812898516655,98,True,asymmetric,0.7046017161106493,253,fsm_no_alignment
0.0,0.0,0.0,0.0,0.0,4.820000171661377,15,True,narrow_entry,0.5053052623097247,254,fsm_no_alignment
0.0,0.0,0.0,0.0,0.0,0.126444473862648,44,True,asymmetric,0.7274682282826934,255,fsm_no_alignment
0.0,0.0,0.0,1.0,0.0,0.01676322892308235,64,True,narrow_exit,0.48544708053783375,256,fsm_no_alignment
1.0,1.0,0.0,0.0,0.0,0.0661255493760109,81,True,straight,0.8134797807818639,257,fsm_no_alignment
0.0,0.0,0.0,0.0,0.0,4.820000171661377,14,True,narrow_entry,0.5930471839426674,258,fsm_no_alignment
0.0,0.0,0.0,0.0,0.0,0.10999827086925507,400,True,s_shaped,0.780712827748614,259,fsm_no_alignment
0.0,0.0,0.0,0.0,0.0,4.820000171661377,16,True,narrow_entry,0.4531121551163466,260,fsm_no_alignment
1.0,1.0,0.0,0.0,0.0,0.22653715312480927,85,True,straight,0.8315055918165302,261,fsm_no_alignment
1.0,1.0,0.0,1.0,0.0,0.011531161144375801,73,True,narrow_exit,0.4935488900495983,262,fsm_no_alignment
0.0,0.0,0.0,1.0,0.0,0.0302655640989542,69,True,narrow_exit,0.4790123422194553,263,fsm_no_alignment
0.0,0.0,0.0,0.0,0.0,4.820000171661377,20,True,l_shaped,0.7326496041073036,264,fsm_no_alignment
1.0,1.0,0.0,1.0,0.0,0.03497013822197914,94,True,straight,0.778214686040262,265,fsm_no_alignment
1.0,1.0,0.0,1.0,0.0,0.012543240562081337,88,True,asymmetric,0.745939735321991,266,fsm_no_alignment
0.0,0.0,0.0,0.0,0.0,4.820000171661377,16,False,false_feasible,0.6159753397461423,267,fsm_no_alignment
0.0,0.0,0.0,0.0,0.0,4.820000171661377,17,True,l_shaped,0.8402285638548403,268,fsm_no_alignment
0.0,0.0,0.0,0.0,0.0,4.820000171661377,16,True,asymmetric,0.7563183504838442,269,fsm_no_alignment
0.0,0.0,0.0,0.0,0.0,4.820000171661377,13,True,narrow_entry,0.4245375312598962,270,fsm_no_alignment
0.0,0.0,0.0,0.0,0.0,0.1612738072872162,37,False,false_feasible,0.7997045383401213,271,fsm_no_alignment
0.0,0.0,0.0,0.0,0.0,4.820000171661377,15,True,asymmetric,0.5606720615226196,272,fsm_no_alignment
0.0,0.0,0.0,1.0,0.0,0.031180791556835175,47,False,false_feasible,0.590221985533936,273,fsm_no_alignment
0.0,0.0,0.0,1.0,0.0,0.0036479616537690163,60,True,l_shaped,0.8570122422594525,274,fsm_no_alignment
0.0,0.0,0.0,1.0,0.0,0.027724632993340492,61,True,narrow_exit,0.5374010652398328,275,fsm_no_alignment
0.0,0.0,0.0,0.0,0.0,4.820000171661377,19,True,narrow_exit,0.47416590065285796,276,fsm_no_alignment
0.0,0.0,0.0,0.0,0.0,4.820000171661377,15,True,narrow_entry,0.5051300743510212,277,fsm_no_alignment
0.0,0.0,0.0,1.0,0.0,0.017883529886603355,40,False,false_feasible,0.5675461700777522,278,fsm_no_alignment
1.0,1.0,0.0,0.0,0.0,0.0886986181139946,110,True,asymmetric,0.8293404863457357,279,fsm_no_alignment
0.0,0.0,0.0,0.0,0.0,4.820000171661377,53,True,l_shaped,0.4764880703540573,280,fsm_no_alignment
0.0,0.0,0.0,0.0,0.0,4.820000171661377,14,True,s_shaped,0.6716137093849427,281,fsm_no_alignment
1.0,1.0,0.0,1.0,0.0,0.010689564980566502,82,True,straight,0.8167531821224217,282,fsm_no_alignment
1.0,1.0,0.0,1.0,0.0,0.004259507637470961,76,True,straight,0.5597594596325514,283,fsm_no_alignment
1.0,1.0,0.0,0.0,0.0,0.06540968269109726,95,True,straight,0.5011878748679137,284,fsm_no_alignment
0.0,0.0,0.0,0.0,0.0,0.19251547753810883,400,True,l_shaped,0.8216438904966257,285,fsm_no_alignment
0.0,0.0,0.0,0.0,0.0,4.820000171661377,17,True,asymmetric,0.5418301795146526,286,fsm_no_alignment
0.0,0.0,0.0,0.0,0.0,4.820000171661377,14,True,straight,0.45524900659388107,287,fsm_no_alignment
0.0,0.0,0.0,0.0,0.0,4.820000171661377,16,False,false_feasible,0.5543594061168692,288,fsm_no_alignment
0.0,0.0,0.0,0.0,0.0,4.820000171661377,16,False,false_feasible,0.6990874109472242,289,fsm_no_alignment
0.0,0.0,0.0,0.0,0.0,4.820000171661377,14,True,straight,0.7149177962090505,290,fsm_no_alignment
0.0,0.0,0.0,0.0,0.0,0.11356911808252335,58,True,asymmetric,0.6856027646030275,291,fsm_no_alignment
0.0,0.0,0.0,0.0,0.0,4.820000171661377,27,True,s_shaped,0.6620773042095032,292,fsm_no_alignment
0.0,0.0,0.0,0.0,0.0,4.820000171661377,17,True,l_shaped,0.4950408655292933,293,fsm_no_alignment
0.0,0.0,0.0,0.0,0.0,4.820000171661377,17,False,false_feasible,0.5529238347691092,294,fsm_no_alignment
1.0,1.0,0.0,1.0,0.0,0.011407623998820782,81,True,straight,0.5617236558035832,295,fsm_no_alignment
0.0,0.0,0.0,0.0,0.0,4.820000171661377,36,True,l_shaped,0.8301664344459914,296,fsm_no_alignment
1.0,1.0,0.0,1.0,0.0,0.024073975160717964,84,True,asymmetric,0.6447711340106367,297,fsm_no_alignment
0.0,0.0,0.0,0.0,0.0,4.820000171661377,15,True,straight,0.6735889811874466,298,fsm_no_alignment
0.0,0.0,0.0,0.0,0.0,4.820000171661377,12,True,narrow_exit,0.517834407810074,299,fsm_no_alignment
0.0,0.0,0.0,0.0,0.0,4.820000171661377,400,False,false_feasible,0.754986004003612,300,fsm_no_alignment
0.0,0.0,0.0,0.0,0.0,4.820000171661377,14,True,straight,0.6276016968116556,301,fsm_no_alignment
1.0,1.0,0.0,1.0,0.0,0.0025538327172398567,99,True,straight,0.7480890850397051,302,fsm_no_alignment
1.0,1.0,0.0,1.0,0.0,0.03100522980093956,98,True,s_shaped,0.819900833234308,303,fsm_no_alignment
0.0,0.0,0.0,0.0,0.0,4.820000171661377,17,True,l_shaped,0.479577031723809,304,fsm_no_alignment
0.0,0.0,0.0,0.0,0.0,4.820000171661377,16,True,asymmetric,0.8732327876022099,305,fsm_no_alignment
0.0,0.0,0.0,0.0,0.0,4.820000171661377,17,True,l_shaped,0.5320161790183486,306,fsm_no_alignment
0.0,0.0,0.0,0.0,0.0,4.820000171661377,16,True,asymmetric,0.4717385419998652,307,fsm_no_alignment
0.0,0.0,0.0,0.0,0.0,4.820000171661377,20,True,asymmetric,0.6412724080533323,308,fsm_no_alignment
1.0,1.0,0.0,0.0,0.0,0.06376029551029205,91,True,narrow_entry,0.5824131402729884,309,fsm_no_alignment
0.0,0.0,0.0,0.0,0.0,0.07985787093639374,31,True,asymmetric,0.7027199493567603,310,fsm_no_alignment
0.0,0.0,0.0,1.0,0.0,0.017796410247683525,35,True,asymmetric,0.7337803953487817,311,fsm_no_alignment
0.0,0.0,0.0,0.0,0.0,0.08841155469417572,34,False,false_feasible,0.7627893946680496,312,fsm_no_alignment
1.0,1.0,0.0,1.0,0.0,0.02304389514029026,103,True,narrow_exit,0.4929224386106006,313,fsm_no_alignment
0.0,0.0,0.0,0.0,0.0,4.820000171661377,17,True,l_shaped,0.7104756313889395,314,fsm_no_alignment
0.0,0.0,0.0,0.0,0.0,4.820000171661377,18,True,s_shaped,0.7388123577640271,315,fsm_no_alignment
0.0,0.0,0.0,0.0,0.0,4.820000171661377,17,True,s_shaped,0.7250478303159598,316,fsm_no_alignment
0.0,0.0,0.0,0.0,0.0,4.820000171661377,13,False,false_feasible,0.7269558513069633,317,fsm_no_alignment
0.0,0.0,0.0,0.0,0.0,4.820000171661377,16,True,straight,0.6111554943516184,318,fsm_no_alignment
0.0,0.0,0.0,0.0,0.0,4.820000171661377,15,False,false_feasible,0.6166104299658068,319,fsm_no_alignment
0.0,0.0,0.0,0.0,0.0,4.820000171661377,14,True,narrow_exit,0.5956202167804027,320,fsm_no_alignment
0.0,0.0,0.0,0.0,0.0,0.11919192969799042,30,False,false_feasible,0.6827266526381749,321,fsm_no_alignment
0.0,0.0,0.0,0.0,0.0,0.13379785418510437,34,False,false_feasible,0.7679798337368472,322,fsm_no_alignment
0.0,0.0,0.0,0.0,0.0,4.820000171661377,20,True,narrow_entry,0.5691297033375753,323,fsm_no_alignment
0.0,0.0,0.0,1.0,0.0,0.0013754116371273994,65,True,s_shaped,0.695705782604756,324,fsm_no_alignment
0.0,0.0,0.0,0.0,0.0,4.820000171661377,15,False,false_feasible,0.6037079587168848,325,fsm_no_alignment
0.0,0.0,0.0,0.0,0.0,0.09122123569250107,35,False,false_feasible,0.5986603206093624,326,fsm_no_alignment
0.0,0.0,0.0,0.0,0.0,4.820000171661377,14,True,narrow_entry,0.49511737386334725,327,fsm_no_alignment
1.0,1.0,0.0,0.0,0.0,0.11354836076498032,89,True,asymmetric,0.7743708570226787,328,fsm_no_alignment
0.0,0.0,0.0,0.0,0.0,4.820000171661377,13,True,l_shaped,0.855137402542847,329,fsm_no_alignment
0.0,0.0,0.0,0.0,0.0,4.820000171661377,18,True,narrow_exit,0.5402173787499885,330,fsm_no_alignment
0.0,0.0,0.0,0.0,0.0,4.820000171661377,15,True,narrow_exit,0.5659082655594128,331,fsm_no_alignment
0.0,0.0,0.0,0.0,0.0,4.820000171661377,18,True,narrow_exit,0.4943002926801398,332,fsm_no_alignment
1.0,1.0,0.0,0.0,0.0,0.08145565539598465,91,True,narrow_entry,0.5849015205095279,333,fsm_no_alignment
0.0,0.0,0.0,0.0,0.0,4.820000171661377,18,True,l_shaped,0.784783693048752,334,fsm_no_alignment
0.0,0.0,0.0,1.0,0.0,0.0017150479834526777,47,True,l_shaped,0.6086827412288406,335,fsm_no_alignment
1.0,1.0,0.0,1.0,0.0,0.015187669545412064,96,True,narrow_entry,0.48439938692533735,336,fsm_no_alignment
0.0,0.0,0.0,1.0,0.0,0.0010298267006874084,67,True,narrow_exit,0.5189223212358495,337,fsm_no_alignment
1.0,1.0,0.0,1.0,0.0,0.024525750428438187,75,True,straight,0.8045974586453615,338,fsm_no_alignment
0.0,0.0,0.0,1.0,0.0,0.040097031742334366,47,True,s_shaped,0.535454311239284,339,fsm_no_alignment
0.0,0.0,0.0,0.0,0.0,4.820000171661377,15,True,straight,0.6165217517649025,340,fsm_no_alignment
0.0,0.0,0.0,0.0,0.0,4.820000171661377,400,True,straight,0.7147453509632772,341,fsm_no_alignment
0.0,0.0,0.0,0.0,0.0,4.820000171661377,20,True,l_shaped,0.6648977503842792,342,fsm_no_alignment
0.0,0.0,0.0,0.0,0.0,4.820000171661377,14,True,straight,0.7009784910946137,343,fsm_no_alignment
1.0,1.0,0.0,1.0,0.0,0.007797734811902046,81,True,s_shaped,0.8492554920765324,344,fsm_no_alignment
0.0,0.0,0.0,0.0,0.0,0.07148230075836182,400,True,l_shaped,0.5595096769127493,345,fsm_no_alignment
0.0,0.0,0.0,0.0,0.0,4.820000171661377,12,True,straight,0.6730124541457517,346,fsm_no_alignment
0.0,0.0,0.0,0.0,0.0,4.820000171661377,17,True,l_shaped,0.7773505816114591,347,fsm_no_alignment
1.0,1.0,0.0,1.0,0.0,0.023003216832876205,88,True,straight,0.45477856389759985,348,fsm_no_alignment
0.0,0.0,0.0,0.0,0.0,0.1138518825173378,30,False,false_feasible,0.7846512108975894,349,fsm_no_alignment
0.0,0.0,0.0,0.0,0.0,4.820000171661377,400,True,straight,0.7834788217300419,350,fsm_no_alignment
0.0,0.0,0.0,1.0,0.0,0.018785810098052025,68,True,l_shaped,0.7194729126126809,351,fsm_no_alignment
1.0,1.0,0.0,1.0,0.0,0.04498348757624626,73,True,narrow_exit,0.4634448038925577,352,fsm_no_alignment
0.0,0.0,0.0,0.0,0.0,4.820000171661377,14,True,l_shaped,0.6721804722847302,353,fsm_no_alignment
0.0,0.0,0.0,1.0,0.0,0.0023407312110066414,400,True,s_shaped,0.8718865312699862,354,fsm_no_alignment
0.0,0.0,0.0,0.0,0.0,4.820000171661377,13,True,asymmetric,0.6211735010543226,355,fsm_no_alignment
0.0,0.0,0.0,0.0,0.0,4.820000171661377,16,True,s_shaped,0.6590191254045346,356,fsm_no_alignment
1.0,1.0,0.0,0.0,0.0,0.13979655504226685,89,True,straight,0.7854340693479843,357,fsm_no_alignment
0.0,0.0,0.0,0.0,0.0,4.820000171661377,12,True,asymmetric,0.6292380604519123,358,fsm_no_alignment
0.0,0.0,0.0,1.0,0.0,0.022428659722208977,400,True,l_shaped,0.49812010267372153,359,fsm_no_alignment
1.0,1.0,0.0,0.0,0.0,0.16242463886737823,90,True,straight,0.8934860548969821,360,fsm_no_alignment
0.0,0.0,0.0,0.0,0.0,4.820000171661377,400,True,asymmetric,0.5045624061316145,361,fsm_no_alignment
1.0,1.0,0.0,0.0,0.0,0.11967553198337555,73,True,straight,0.6655051061114889,362,fsm_no_alignment
0.0,0.0,0.0,0.0,0.0,4.820000171661377,14,False,false_feasible,0.6913331522479829,363,fsm_no_alignment
0.0,0.0,0.0,0.0,0.0,4.820000171661377,16,True,straight,0.5624077396743253,364,fsm_no_alignment
0.0,0.0,0.0,0.0,0.0,0.09880083054304123,400,True,l_shaped,0.6487135133830443,365,fsm_no_alignment
1.0,1.0,0.0,1.0,0.0,0.009014351293444633,107,True,straight,0.8702999166503842,366,fsm_no_alignment
0.0,0.0,0.0,0.0,0.0,4.820000171661377,54,True,narrow_entry,0.4384386502362506,367,fsm_no_alignment
0.0,0.0,0.0,0.0,0.0,4.820000171661377,16,True,narrow_entry,0.5036020293459074,368,fsm_no_alignment
0.0,0.0,0.0,0.0,0.0,4.820000171661377,400,True,straight,0.5058257306838063,369,fsm_no_alignment
1.0,1.0,0.0,1.0,0.0,0.024257821962237358,105,True,narrow_entry,0.5259088041460114,370,fsm_no_alignment
0.0,0.0,0.0,0.0,0.0,4.820000171661377,16,True,asymmetric,0.8335646892461521,371,fsm_no_alignment
0.0,0.0,0.0,0.0,0.0,0.07803760468959808,51,True,asymmetric,0.646146856802193,372,fsm_no_alignment
0.0,0.0,0.0,0.0,0.0,4.820000171661377,400,True,narrow_entry,0.5903563995357339,373,fsm_no_alignment
0.0,0.0,0.0,0.0,0.0,4.820000171661377,400,True,asymmetric,0.5019889492010106,374,fsm_no_alignment
0.0,0.0,0.0,0.0,0.0,4.820000171661377,16,True,straight,0.6076014085417744,375,fsm_no_alignment
0.0,0.0,0.0,1.0,0.0,0.007275150623172522,46,True,narrow_exit,0.44185448212933165,376,fsm_no_alignment
0.0,0.0,0.0,0.0,0.0,4.820000171661377,16,False,false_feasible,0.7240862070769776,377,fsm_no_alignment
0.0,0.0,0.0,0.0,0.0,4.820000171661377,16,True,s_shaped,0.5555934721026827,378,fsm_no_alignment
0.0,0.0,0.0,1.0,0.0,0.005153153091669083,57,True,narrow_exit,0.42835438345705973,379,fsm_no_alignment
0.0,0.0,0.0,1.0,0.0,0.026515144854784012,33,True,asymmetric,0.7716258991255507,380,fsm_no_alignment
0.0,0.0,0.0,0.0,0.0,4.820000171661377,18,True,s_shaped,0.5705908392749932,381,fsm_no_alignment
0.0,0.0,0.0,0.0,0.0,4.820000171661377,18,True,straight,0.7271978352153152,382,fsm_no_alignment
0.0,0.0,0.0,0.0,0.0,4.820000171661377,17,True,asymmetric,0.7302456737231475,383,fsm_no_alignment
0.0,0.0,0.0,0.0,0.0,4.820000171661377,18,True,s_shaped,0.5651800313364067,384,fsm_no_alignment
1.0,1.0,0.0,0.0,0.0,0.10430918633937836,82,True,asymmetric,0.8564505075616118,385,fsm_no_alignment
1.0,1.0,0.0,0.0,0.0,0.05555571988224983,112,True,straight,0.49005041811184114,386,fsm_no_alignment
0.0,0.0,0.0,0.0,0.0,4.820000171661377,15,True,narrow_exit,0.4368663456917262,387,fsm_no_alignment
0.0,0.0,0.0,0.0,0.0,4.820000171661377,44,True,narrow_entry,0.5361131842178595,388,fsm_no_alignment
0.0,0.0,0.0,0.0,0.0,4.820000171661377,15,True,asymmetric,0.49044188733941163,389,fsm_no_alignment
0.0,0.0,0.0,0.0,0.0,0.06218333542346954,30,False,false_feasible,0.7836843601151272,390,fsm_no_alignment
0.0,0.0,0.0,0.0,0.0,4.820000171661377,14,True,narrow_exit,0.4718064113972221,391,fsm_no_alignment
0.0,0.0,0.0,0.0,0.0,4.820000171661377,17,True,narrow_exit,0.5776799064188229,392,fsm_no_alignment
0.0,0.0,0.0,1.0,0.0,0.003548384178429842,50,True,l_shaped,0.870781964477952,393,fsm_no_alignment
0.0,0.0,0.0,0.0,0.0,4.820000171661377,19,True,l_shaped,0.7548680609398359,394,fsm_no_alignment
0.0,0.0,0.0,0.0,0.0,4.820000171661377,18,True,asymmetric,0.891714648772563,395,fsm_no_alignment
1.0,1.0,0.0,0.0,0.0,0.08777210861444473,99,True,narrow_exit,0.5754624922056365,396,fsm_no_alignment
1.0,1.0,0.0,0.0,0.0,0.06118059903383255,75,True,straight,0.5564181838467556,397,fsm_no_alignment
1.0,1.0,0.0,0.0,0.0,0.24534371495246887,108,True,straight,0.853399207905361,398,fsm_no_alignment
0.0,0.0,0.0,1.0,0.0,0.004223492927849293,52,True,s_shaped,0.8149141593352902,399,fsm_no_alignment
0.0,0.0,0.0,1.0,0.0,0.02121286652982235,52,True,l_shaped,0.6854332943612675,400,fsm_no_alignment
0.0,0.0,0.0,1.0,0.0,0.0103016197681427,69,True,narrow_exit,0.42586388788750956,401,fsm_no_alignment
1.0,1.0,0.0,0.0,0.0,0.1881982833147049,104,True,straight,0.8195512003675972,402,fsm_no_alignment
0.0,0.0,0.0,0.0,0.0,4.820000171661377,15,True,asymmetric,0.6994770281635594,403,fsm_no_alignment
0.0,0.0,0.0,0.0,0.0,4.820000171661377,16,True,straight,0.5079750878612583,404,fsm_no_alignment
0.0,0.0,0.0,0.0,0.0,0.056154876947402954,49,True,asymmetric,0.5463309467697621,405,fsm_no_alignment
0.0,0.0,0.0,0.0,0.0,4.820000171661377,14,True,narrow_exit,0.5108778960833361,406,fsm_no_alignment
0.0,0.0,0.0,0.0,0.0,0.07280601561069489,400,True,l_shaped,0.5404169294868316,407,fsm_no_alignment
0.0,0.0,0.0,0.0,0.0,4.820000171661377,12,True,straight,0.6298312095520335,408,fsm_no_alignment
1.0,1.0,0.0,0.0,0.0,0.0793675109744072,107,True,s_shaped,0.849105673480548,409,fsm_no_alignment
0.0,0.0,0.0,0.0,0.0,4.820000171661377,19,True,s_shaped,0.59134806011485,410,fsm_no_alignment
0.0,0.0,0.0,0.0,0.0,4.820000171661377,17,True,l_shaped,0.6037448255097739,411,fsm_no_alignment
0.0,0.0,0.0,0.0,0.0,4.820000171661377,400,True,l_shaped,0.45280743256369865,412,fsm_no_alignment
0.0,0.0,0.0,0.0,0.0,4.820000171661377,14,True,narrow_exit,0.4322962058358565,413,fsm_no_alignment
0.0,0.0,0.0,0.0,0.0,0.1952546089887619,37,True,asymmetric,0.825888062322826,414,fsm_no_alignment
0.0,0.0,0.0,1.0,0.0,0.014239956624805927,41,True,s_shaped,0.7037997549515324,415,fsm_no_alignment
0.0,0.0,0.0,0.0,0.0,4.820000171661377,18,True,asymmetric,0.6871454183331248,416,fsm_no_alignment
0.0,0.0,0.0,0.0,0.0,4.820000171661377,18,True,s_shaped,0.7051659860900208,417,fsm_no_alignment
0.0,0.0,0.0,0.0,0.0,4.820000171661377,18,True,s_shaped,0.5034655764910647,418,fsm_no_alignment
0.0,0.0,0.0,0.0,0.0,0.191503643989563,400,True,l_shaped,0.8583514940418655,419,fsm_no_alignment
0.0,0.0,0.0,0.0,0.0,4.820000171661377,15,False,false_feasible,0.6917537912333709,420,fsm_no_alignment
0.0,0.0,0.0,0.0,0.0,4.820000171661377,18,True,narrow_exit,0.548193189980353,421,fsm_no_alignment
1.0,1.0,0.0,0.0,0.0,0.0811297595500946,96,True,narrow_exit,0.5698835120697903,422,fsm_no_alignment
0.0,0.0,0.0,0.0,0.0,4.820000171661377,14,False,false_feasible,0.7657420414653151,423,fsm_no_alignment
0.0,0.0,0.0,0.0,0.0,4.820000171661377,15,True,straight,0.5021173467343687,424,fsm_no_alignment
0.0,0.0,0.0,0.0,0.0,0.11145113408565521,400,True,l_shaped,0.6872802453256228,425,fsm_no_alignment
0.0,0.0,0.0,1.0,0.0,0.02824276126921177,50,True,s_shaped,0.68367921013104,426,fsm_no_alignment
0.0,0.0,0.0,1.0,0.0,0.0002752380387391895,54,True,l_shaped,0.5760127738192665,427,fsm_no_alignment
0.0,0.0,0.0,0.0,0.0,4.820000171661377,15,True,narrow_entry,0.44511048052830143,428,fsm_no_alignment
0.0,0.0,0.0,0.0,0.0,4.820000171661377,17,True,s_shaped,0.49550807500532484,429,fsm_no_alignment
0.0,0.0,0.0,0.0,0.0,4.820000171661377,15,True,narrow_entry,0.48023873852930504,430,fsm_no_alignment
0.0,0.0,0.0,0.0,0.0,4.820000171661377,400,True,l_shaped,0.5003934563637937,431,fsm_no_alignment
0.0,0.0,0.0,0.0,0.0,4.820000171661377,13,True,narrow_exit,0.5060292410879816,432,fsm_no_alignment
0.0,0.0,0.0,0.0,0.0,4.820000171661377,15,True,narrow_entry,0.5515369094885471,433,fsm_no_alignment
0.0,0.0,0.0,0.0,0.0,4.820000171661377,15,True,narrow_entry,0.4571580777706371,434,fsm_no_alignment
0.0,0.0,0.0,0.0,0.0,4.820000171661377,16,True,l_shaped,0.45933006986733943,435,fsm_no_alignment
0.0,0.0,0.0,0.0,0.0,4.820000171661377,400,True,l_shaped,0.45255451221545645,436,fsm_no_alignment
0.0,0.0,0.0,1.0,0.0,0.0037931546103209257,400,True,l_shaped,0.5621179882052608,437,fsm_no_alignment
0.0,0.0,0.0,0.0,0.0,4.820000171661377,400,False,false_feasible,0.7286838489717035,438,fsm_no_alignment
0.0,0.0,0.0,0.0,0.0,4.820000171661377,400,True,narrow_exit,0.5627132542187139,439,fsm_no_alignment
0.0,0.0,0.0,0.0,0.0,4.820000171661377,14,True,narrow_exit,0.5745904524156771,440,fsm_no_alignment
0.0,0.0,0.0,0.0,0.0,4.820000171661377,15,True,straight,0.6840786022553353,441,fsm_no_alignment
1.0,1.0,0.0,1.0,0.0,0.016733648255467415,108,True,narrow_exit,0.5612196823202605,442,fsm_no_alignment
0.0,0.0,0.0,1.0,0.0,0.020088961347937584,59,True,narrow_exit,0.5123040791951938,443,fsm_no_alignment
0.0,0.0,0.0,0.0,0.0,4.820000171661377,16,True,straight,0.8767534935747161,444,fsm_no_alignment
1.0,1.0,0.0,0.0,0.0,0.14390365779399872,96,True,straight,0.7461273714269243,445,fsm_no_alignment
0.0,0.0,0.0,0.0,0.0,4.820000171661377,400,False,false_feasible,0.7295294125388756,446,fsm_no_alignment
0.0,0.0,0.0,0.0,0.0,4.820000171661377,14,True,straight,0.5853780206388963,447,fsm_no_alignment
1.0,1.0,0.0,1.0,0.0,0.00550419744104147,95,True,s_shaped,0.8933167755166438,448,fsm_no_alignment
1.0,1.0,0.0,0.0,0.0,0.10226833820343018,71,True,straight,0.6762941729478129,449,fsm_no_alignment
1.0,1.0,0.0,0.0,0.0,0.05435629189014435,78,True,straight,0.768111956803925,450,fsm_no_alignment
1.0,1.0,0.0,0.0,0.0,0.058978158980607986,73,True,narrow_entry,0.5565493445846378,451,fsm_no_alignment
0.0,0.0,0.0,0.0,0.0,4.820000171661377,14,True,straight,0.8239964248444626,452,fsm_no_alignment
0.0,0.0,0.0,1.0,0.0,0.005653712898492813,57,True,narrow_exit,0.48814641065770825,453,fsm_no_alignment
0.0,0.0,0.0,0.0,0.0,4.820000171661377,56,True,narrow_entry,0.5876406565426815,454,fsm_no_alignment
0.0,0.0,0.0,1.0,0.0,0.003597441827878356,50,True,narrow_exit,0.5684421479598019,455,fsm_no_alignment
0.0,0.0,0.0,0.0,0.0,4.820000171661377,17,False,false_feasible,0.7597212081465654,456,fsm_no_alignment
0.0,0.0,0.0,0.0,0.0,4.820000171661377,400,True,straight,0.5203818218739407,457,fsm_no_alignment
0.0,0.0,0.0,0.0,0.0,4.820000171661377,13,True,narrow_entry,0.5697373016490891,458,fsm_no_alignment
0.0,0.0,0.0,0.0,0.0,4.820000171661377,18,False,false_feasible,0.7792971347671608,459,fsm_no_alignment
1.0,1.0,0.0,1.0,0.0,0.009182860143482685,87,True,narrow_exit,0.5491569295946165,460,fsm_no_alignment
0.0,0.0,0.0,0.0,0.0,4.820000171661377,16,False,false_feasible,0.6349918117575468,461,fsm_no_alignment
0.0,0.0,0.0,0.0,0.0,4.820000171661377,16,True,straight,0.6971321724941133,462,fsm_no_alignment
0.0,0.0,0.0,0.0,0.0,4.820000171661377,16,True,l_shaped,0.5397580332977093,463,fsm_no_alignment
0.0,0.0,0.0,0.0,0.0,4.820000171661377,400,True,s_shaped,0.544260760804875,464,fsm_no_alignment
0.0,0.0,0.0,0.0,0.0,4.820000171661377,400,True,asymmetric,0.8596306324929981,465,fsm_no_alignment
0.0,0.0,0.0,0.0,0.0,4.820000171661377,18,True,narrow_exit,0.42871615570433114,466,fsm_no_alignment
0.0,0.0,0.0,0.0,0.0,0.14392568171024323,400,True,s_shaped,0.6600048392488131,467,fsm_no_alignment
1.0,1.0,0.0,1.0,0.0,0.012101014144718647,92,True,l_shaped,0.744656699218429,468,fsm_no_alignment
0.0,0.0,0.0,0.0,0.0,0.0666675940155983,60,True,asymmetric,0.6056276234749134,469,fsm_no_alignment
0.0,0.0,0.0,0.0,0.0,4.820000171661377,18,True,s_shaped,0.7972986830361148,470,fsm_no_alignment
0.0,0.0,0.0,1.0,0.0,0.0317731574177742,63,True,narrow_exit,0.4343310919222745,471,fsm_no_alignment
0.0,0.0,0.0,0.0,0.0,4.820000171661377,15,True,l_shaped,0.6727334024513261,472,fsm_no_alignment
0.0,0.0,0.0,0.0,0.0,0.07074195146560669,400,True,s_shaped,0.5844835810348048,473,fsm_no_alignment
0.0,0.0,0.0,0.0,0.0,4.820000171661377,18,True,straight,0.4959249279328948,474,fsm_no_alignment
0.0,0.0,0.0,1.0,0.0,0.0017145489109680057,73,True,l_shaped,0.8282714006808329,475,fsm_no_alignment
0.0,0.0,0.0,1.0,0.0,0.0007340484298765659,400,True,l_shaped,0.5166847907398643,476,fsm_no_alignment
0.0,0.0,0.0,0.0,0.0,4.820000171661377,400,True,straight,0.6785755236717885,477,fsm_no_alignment
0.0,0.0,0.0,0.0,0.0,4.820000171661377,19,True,l_shaped,0.8635618096994966,478,fsm_no_alignment
0.0,0.0,0.0,0.0,0.0,4.820000171661377,17,True,s_shaped,0.47439393932900775,479,fsm_no_alignment
0.0,0.0,0.0,0.0,0.0,4.820000171661377,19,True,s_shaped,0.6166403908537974,480,fsm_no_alignment
1.0,1.0,0.0,1.0,0.0,0.011151637881994247,80,True,narrow_entry,0.47495747432733987,481,fsm_no_alignment
0.0,0.0,0.0,0.0,0.0,4.820000171661377,20,True,l_shaped,0.7049323926352751,482,fsm_no_alignment
0.0,0.0,0.0,0.0,0.0,4.820000171661377,19,True,l_shaped,0.4720198490214684,483,fsm_no_alignment
0.0,0.0,0.0,0.0,0.0,4.820000171661377,34,True,s_shaped,0.4589772985484778,484,fsm_no_alignment
0.0,0.0,0.0,1.0,0.0,0.007930056191980839,60,True,narrow_exit,0.46423369907326917,485,fsm_no_alignment
0.0,0.0,0.0,0.0,0.0,4.820000171661377,15,True,asymmetric,0.6292677836442063,486,fsm_no_alignment
0.0,0.0,0.0,0.0,0.0,0.20691528916358948,40,False,false_feasible,0.7831479154810399,487,fsm_no_alignment
0.0,0.0,0.0,0.0,0.0,4.820000171661377,17,True,straight,0.7255210533602207,488,fsm_no_alignment
0.0,0.0,0.0,0.0,0.0,0.15775837004184723,400,True,l_shaped,0.7142015728997486,489,fsm_no_alignment
1.0,1.0,0.0,1.0,0.0,0.013203130103647709,81,True,straight,0.8969927003287215,490,fsm_no_alignment
0.0,0.0,0.0,1.0,0.0,4.120822632103227e-05,21,True,asymmetric,0.71781498066591,491,fsm_no_alignment
0.0,0.0,0.0,0.0,0.0,0.06540726870298386,400,True,l_shaped,0.6015532407253592,492,fsm_no_alignment
0.0,0.0,0.0,0.0,0.0,4.820000171661377,16,False,false_feasible,0.6270418631329638,493,fsm_no_alignment
0.0,0.0,0.0,0.0,0.0,4.820000171661377,16,True,straight,0.7946697552207004,494,fsm_no_alignment
0.0,0.0,0.0,0.0,0.0,4.820000171661377,49,True,narrow_entry,0.44833964817777244,495,fsm_no_alignment
0.0,0.0,0.0,0.0,0.0,4.820000171661377,14,True,asymmetric,0.4728980453152145,496,fsm_no_alignment
0.0,0.0,0.0,0.0,0.0,4.820000171661377,17,True,narrow_entry,0.4724707869962791,497,fsm_no_alignment
0.0,0.0,0.0,1.0,0.0,0.031683120876550674,400,True,s_shaped,0.5062975618802955,498,fsm_no_alignment
0.0,0.0,0.0,1.0,0.0,0.016382971778512,50,True,narrow_exit,0.45637615688314553,499,fsm_no_alignment
0.0,0.0,0.0,0.0,0.0,4.820000171661377,400,True,straight,0.5661508836477479,0,fsm_no_alignment
0.0,0.0,0.0,0.0,0.0,4.820000171661377,400,True,asymmetric,0.5233703719819794,1,fsm_no_alignment
0.0,0.0,0.0,0.0,0.0,4.820000171661377,400,False,false_feasible,0.5548655277008361,2,fsm_no_alignment
0.0,0.0,0.0,0.0,0.0,4.820000171661377,16,True,straight,0.6957928930785326,3,fsm_no_alignment
0.0,0.0,0.0,0.0,0.0,4.820000171661377,16,True,l_shaped,0.757579555134595,4,fsm_no_alignment
0.0,0.0,0.0,0.0,0.0,4.820000171661377,17,True,l_shaped,0.5452302690209478,5,fsm_no_alignment
0.0,0.0,0.0,0.0,0.0,4.820000171661377,400,True,l_shaped,0.8058334756689016,6,fsm_no_alignment
0.0,0.0,0.0,0.0,0.0,4.820000171661377,14,True,narrow_entry,0.5502667675315113,7,fsm_no_alignment
0.0,0.0,0.0,0.0,0.0,4.820000171661377,16,True,asymmetric,0.5718687103432746,8,fsm_no_alignment
0.0,0.0,0.0,0.0,0.0,0.14869748055934906,35,False,false_feasible,0.7396065491823672,9,fsm_no_alignment
0.0,0.0,0.0,0.0,0.0,4.820000171661377,14,True,narrow_exit,0.42731652170425655,10,fsm_no_alignment
0.0,0.0,0.0,0.0,0.0,4.820000171661377,16,True,straight,0.7655091961269462,11,fsm_no_alignment
1.0,1.0,0.0,0.0,0.0,0.21549563109874725,87,True,straight,0.8248007167804521,12,fsm_no_alignment
0.0,0.0,0.0,0.0,0.0,4.820000171661377,16,True,straight,0.6529614191470621,13,fsm_no_alignment
0.0,0.0,0.0,1.0,0.0,0.030789675191044807,46,True,asymmetric,0.5730732880202507,14,fsm_no_alignment
1.0,1.0,0.0,0.0,0.0,0.1961042284965515,85,True,straight,0.7668419999727218,15,fsm_no_alignment
0.0,0.0,0.0,0.0,0.0,4.820000171661377,18,True,straight,0.6583327266031102,16,fsm_no_alignment
0.0,0.0,0.0,0.0,0.0,4.820000171661377,20,True,s_shaped,0.7288521800419325,17,fsm_no_alignment
0.0,0.0,0.0,0.0,0.0,4.820000171661377,400,True,straight,0.4879536286140265,18,fsm_no_alignment
1.0,1.0,0.0,0.0,0.0,0.11304796487092972,108,True,asymmetric,0.8309187254853225,19,fsm_no_alignment
1.0,1.0,0.0,1.0,0.0,0.03841571509838104,100,True,asymmetric,0.737249151791138,20,fsm_no_alignment
0.0,0.0,0.0,1.0,0.0,0.03901659697294235,31,False,false_feasible,0.7648383705995083,21,fsm_no_alignment
0.0,0.0,0.0,0.0,0.0,4.820000171661377,18,True,l_shaped,0.5036631430660587,22,fsm_no_alignment
0.0,0.0,0.0,0.0,0.0,4.820000171661377,400,True,asymmetric,0.7585056527097924,23,fsm_no_alignment
1.0,1.0,0.0,1.0,0.0,0.006425721105188131,103,True,narrow_exit,0.4711872448542635,24,fsm_no_alignment
0.0,0.0,0.0,0.0,0.0,4.820000171661377,16,False,false_feasible,0.605121494438039,25,fsm_no_alignment
0.0,0.0,0.0,0.0,0.0,4.820000171661377,13,True,asymmetric,0.5251225868876733,26,fsm_no_alignment
1.0,1.0,0.0,0.0,0.0,0.06748918443918228,89,True,straight,0.7385253553631994,27,fsm_no_alignment
0.0,0.0,0.0,0.0,0.0,4.820000171661377,20,True,narrow_exit,0.5066640149633126,28,fsm_no_alignment
0.0,0.0,0.0,1.0,0.0,0.0043360511772334576,51,True,narrow_exit,0.4435747585038711,29,fsm_no_alignment
0.0,0.0,0.0,0.0,0.0,4.820000171661377,400,True,straight,0.7314161723109187,30,fsm_no_alignment
0.0,0.0,0.0,0.0,0.0,4.820000171661377,20,True,l_shaped,0.6503494190686149,31,fsm_no_alignment
0.0,0.0,0.0,1.0,0.0,0.019799936562776566,45,True,s_shaped,0.5742652359234547,32,fsm_no_alignment
0.0,0.0,0.0,0.0,0.0,4.820000171661377,18,True,l_shaped,0.5417950634861961,33,fsm_no_alignment
0.0,0.0,0.0,0.0,0.0,4.820000171661377,17,False,false_feasible,0.6144019385100408,34,fsm_no_alignment
0.0,0.0,0.0,0.0,0.0,4.820000171661377,16,True,narrow_exit,0.43723088091776874,35,fsm_no_alignment
0.0,0.0,0.0,0.0,0.0,4.820000171661377,13,True,straight,0.8020838678910598,36,fsm_no_alignment
0.0,0.0,0.0,0.0,0.0,4.820000171661377,13,True,narrow_exit,0.43036622595646046,37,fsm_no_alignment
0.0,0.0,0.0,0.0,0.0,4.820000171661377,18,True,asymmetric,0.4562633186059493,38,fsm_no_alignment
0.0,0.0,0.0,1.0,0.0,0.009177165105938911,61,True,narrow_exit,0.5988552398320051,39,fsm_no_alignment
1.0,1.0,0.0,0.0,0.0,0.12704801559448242,75,True,straight,0.725432522562784,40,fsm_no_alignment
0.0,0.0,0.0,0.0,0.0,4.820000171661377,15,True,straight,0.6120095387645129,41,fsm_no_alignment
0.0,0.0,0.0,1.0,0.0,0.01586994342505932,38,True,asymmetric,0.5923198263419658,42,fsm_no_alignment
1.0,1.0,0.0,1.0,0.0,0.03813442215323448,76,True,s_shaped,0.8370483581668494,43,fsm_no_alignment
0.0,0.0,0.0,0.0,0.0,4.820000171661377,16,True,l_shaped,0.8480578586931833,44,fsm_no_alignment
0.0,0.0,0.0,0.0,0.0,0.18341927230358124,400,True,s_shaped,0.8897573381136668,45,fsm_no_alignment
1.0,1.0,0.0,1.0,0.0,0.021253589540719986,101,True,straight,0.5362229278359497,46,fsm_no_alignment
0.0,0.0,0.0,0.0,0.0,4.820000171661377,400,True,narrow_exit,0.4425239822269924,47,fsm_no_alignment
0.0,0.0,0.0,1.0,0.0,0.006954665295779705,56,True,narrow_exit,0.5371511176055458,48,fsm_no_alignment
0.0,0.0,0.0,0.0,0.0,4.820000171661377,14,False,false_feasible,0.7208835652826184,49,fsm_no_alignment
0.0,0.0,0.0,0.0,0.0,0.12621821463108063,39,False,false_feasible,0.7575371781441346,50,fsm_no_alignment
0.0,0.0,0.0,0.0,0.0,4.820000171661377,15,True,asymmetric,0.6275231117261458,51,fsm_no_alignment
0.0,0.0,0.0,0.0,0.0,4.820000171661377,14,True,narrow_entry,0.5528487465836486,52,fsm_no_alignment
0.0,0.0,0.0,0.0,0.0,4.820000171661377,17,True,s_shaped,0.7099601420334767,53,fsm_no_alignment
0.0,0.0,0.0,0.0,0.0,4.820000171661377,14,True,straight,0.6595208619747357,54,fsm_no_alignment
1.0,1.0,0.0,0.0,0.0,0.05612080171704292,83,True,l_shaped,0.8647340762751858,55,fsm_no_alignment
0.0,0.0,0.0,0.0,0.0,4.820000171661377,400,True,narrow_exit,0.42929452031789417,56,fsm_no_alignment
0.0,0.0,0.0,0.0,0.0,4.820000171661377,19,True,straight,0.5733647325970421,57,fsm_no_alignment
0.0,0.0,0.0,0.0,0.0,4.820000171661377,17,True,narrow_entry,0.5753490242379482,58,fsm_no_alignment
0.0,0.0,0.0,0.0,0.0,4.820000171661377,17,True,s_shaped,0.5279457223978177,59,fsm_no_alignment
0.0,0.0,0.0,0.0,0.0,4.820000171661377,15,True,narrow_entry,0.47364609790741546,60,fsm_no_alignment
0.0,0.0,0.0,0.0,0.0,4.820000171661377,15,True,narrow_entry,0.42744906383688636,61,fsm_no_alignment
0.0,0.0,0.0,0.0,0.0,4.820000171661377,16,True,s_shaped,0.5134542646008197,62,fsm_no_alignment
0.0,0.0,0.0,0.0,0.0,4.820000171661377,14,True,narrow_exit,0.5968172602673276,63,fsm_no_alignment
0.0,0.0,0.0,0.0,0.0,4.820000171661377,13,True,narrow_exit,0.5329603976495223,64,fsm_no_alignment
1.0,1.0,0.0,1.0,0.0,0.0051862276159226894,87,True,straight,0.5399964414642042,65,fsm_no_alignment
0.0,0.0,0.0,0.0,0.0,4.820000171661377,14,True,straight,0.6046120577461381,66,fsm_no_alignment
1.0,1.0,0.0,1.0,0.0,0.021697234362363815,86,True,narrow_entry,0.5912509352421983,67,fsm_no_alignment
1.0,1.0,0.0,0.0,0.0,0.12986892461776733,107,True,straight,0.8380217625407204,68,fsm_no_alignment
0.0,0.0,0.0,0.0,0.0,4.820000171661377,15,False,false_feasible,0.6208171931233974,69,fsm_no_alignment
0.0,0.0,0.0,0.0,0.0,4.820000171661377,400,False,false_feasible,0.5582930281617959,70,fsm_no_alignment
0.0,0.0,0.0,0.0,0.0,4.820000171661377,400,True,straight,0.46072278596289595,71,fsm_no_alignment
0.0,0.0,0.0,0.0,0.0,0.058435697108507156,33,False,false_feasible,0.7019815540116525,72,fsm_no_alignment
0.0,0.0,0.0,0.0,0.0,4.820000171661377,15,True,s_shaped,0.4808379957565439,73,fsm_no_alignment
0.0,0.0,0.0,0.0,0.0,4.820000171661377,17,True,l_shaped,0.6536879623358838,74,fsm_no_alignment
0.0,0.0,0.0,0.0,0.0,4.820000171661377,15,True,narrow_entry,0.492269341530011,75,fsm_no_alignment
0.0,0.0,0.0,0.0,0.0,0.14913655817508698,400,True,s_shaped,0.674604594604723,76,fsm_no_alignment
0.0,0.0,0.0,1.0,0.0,0.007204449735581875,69,True,narrow_exit,0.4401594866180569,77,fsm_no_alignment
0.0,0.0,0.0,0.0,0.0,4.820000171661377,19,True,straight,0.7194507433373412,78,fsm_no_alignment
1.0,1.0,0.0,1.0,0.0,0.04473273083567619,90,True,straight,0.5457174553103382,79,fsm_no_alignment
0.0,0.0,0.0,1.0,0.0,0.012719085440039635,61,True,l_shaped,0.6335983812133983,80,fsm_no_alignment
0.0,0.0,0.0,1.0,0.0,0.011385924182832241,27,False,false_feasible,0.6428783819449548,81,fsm_no_alignment
0.0,0.0,0.0,0.0,0.0,0.11051162332296371,400,True,s_shaped,0.6977066367139615,82,fsm_no_alignment
0.0,0.0,0.0,0.0,0.0,4.820000171661377,400,True,narrow_exit,0.48883414178158247,83,fsm_no_alignment
1.0,1.0,0.0,0.0,0.0,0.062249887734651566,77,True,narrow_entry,0.5883128762867891,84,fsm_no_alignment
0.0,0.0,0.0,0.0,0.0,4.820000171661377,18,True,narrow_entry,0.4426578434568448,85,fsm_no_alignment
0.0,0.0,0.0,0.0,0.0,4.820000171661377,16,True,asymmetric,0.8955816314667235,86,fsm_no_alignment
0.0,0.0,0.0,1.0,0.0,0.0387570820748806,400,True,l_shaped,0.8429297884360163,87,fsm_no_alignment
0.0,0.0,0.0,0.0,0.0,4.820000171661377,15,True,narrow_exit,0.4774908389276114,88,fsm_no_alignment
0.0,0.0,0.0,0.0,0.0,4.820000171661377,13,True,narrow_entry,0.5939268150156898,89,fsm_no_alignment
0.0,0.0,0.0,0.0,0.0,4.820000171661377,16,True,l_shaped,0.7817166229793622,90,fsm_no_alignment
0.0,0.0,0.0,0.0,0.0,4.820000171661377,14,True,narrow_entry,0.5489930514543779,91,fsm_no_alignment
0.0,0.0,0.0,1.0,0.0,0.040737900882959366,400,True,l_shaped,0.880295120694108,92,fsm_no_alignment
1.0,1.0,0.0,0.0,0.0,0.10005272924900055,93,True,narrow_exit,0.5720688978884574,93,fsm_no_alignment
0.0,0.0,0.0,0.0,0.0,4.820000171661377,15,True,straight,0.7670449776704361,94,fsm_no_alignment
0.0,0.0,0.0,0.0,0.0,4.820000171661377,20,True,s_shaped,0.6727968821332084,95,fsm_no_alignment
1.0,1.0,0.0,1.0,0.0,0.0037833855021744967,79,True,asymmetric,0.5415595389622003,96,fsm_no_alignment
1.0,1.0,0.0,1.0,0.0,0.04922273010015488,110,True,narrow_exit,0.546897700493456,97,fsm_no_alignment
0.0,0.0,0.0,0.0,0.0,4.820000171661377,400,True,straight,0.5434646894101032,98,fsm_no_alignment
0.0,0.0,0.0,0.0,0.0,4.820000171661377,18,True,narrow_entry,0.4755888964779367,99,fsm_no_alignment
0.0,0.0,0.0,0.0,0.0,4.820000171661377,17,True,narrow_exit,0.482247543457469,100,fsm_no_alignment
0.0,0.0,0.0,0.0,0.0,4.820000171661377,13,True,straight,0.598350569121542,101,fsm_no_alignment
1.0,1.0,0.0,0.0,0.0,0.09958700090646744,75,True,straight,0.8943075237273916,102,fsm_no_alignment
0.0,0.0,0.0,0.0,0.0,0.062042392790317535,37,True,asymmetric,0.683326348935434,103,fsm_no_alignment
1.0,1.0,0.0,0.0,0.0,0.1326489895582199,104,True,straight,0.8098065718061735,104,fsm_no_alignment
1.0,1.0,0.0,0.0,0.0,0.09610971063375473,75,True,asymmetric,0.8273907878270851,105,fsm_no_alignment
1.0,1.0,0.0,0.0,0.0,0.1638125479221344,92,True,straight,0.8798795126764676,106,fsm_no_alignment
1.0,1.0,0.0,1.0,0.0,0.00047258479753509164,100,True,narrow_exit,0.45728279347440115,107,fsm_no_alignment
0.0,0.0,0.0,0.0,0.0,4.820000171661377,14,True,narrow_entry,0.45302176139825867,108,fsm_no_alignment
1.0,1.0,0.0,0.0,0.0,0.11572470515966415,73,True,asymmetric,0.7813655294706134,109,fsm_no_alignment
0.0,0.0,0.0,1.0,0.0,0.0024587023071944714,55,True,l_shaped,0.45775862446014204,110,fsm_no_alignment
0.0,0.0,0.0,0.0,0.0,4.820000171661377,15,True,narrow_entry,0.5740451723170577,111,fsm_no_alignment
0.0,0.0,0.0,0.0,0.0,4.820000171661377,400,True,s_shaped,0.4870435888323706,112,fsm_no_alignment
1.0,1.0,0.0,1.0,0.0,0.01559413317590952,92,True,l_shaped,0.7108643978748297,113,fsm_no_alignment
0.0,0.0,0.0,0.0,0.0,4.820000171661377,14,True,narrow_exit,0.5438883470199346,114,fsm_no_alignment
0.0,0.0,0.0,0.0,0.0,4.820000171661377,16,True,asymmetric,0.6137277089180454,115,fsm_no_alignment
0.0,0.0,0.0,0.0,0.0,4.820000171661377,14,True,narrow_entry,0.5600922309347779,116,fsm_no_alignment
0.0,0.0,0.0,0.0,0.0,4.820000171661377,16,True,straight,0.7558046891537344,117,fsm_no_alignment
0.0,0.0,0.0,0.0,0.0,4.820000171661377,400,True,straight,0.6375968725687111,118,fsm_no_alignment
0.0,0.0,0.0,0.0,0.0,4.820000171661377,18,True,s_shaped,0.8976595910276768,119,fsm_no_alignment
1.0,1.0,0.0,1.0,0.0,0.008744130842387676,79,True,straight,0.5695429946692852,120,fsm_no_alignment
1.0,1.0,0.0,0.0,0.0,0.07770659029483795,94,True,straight,0.5830578425978028,121,fsm_no_alignment
0.0,0.0,0.0,0.0,0.0,4.820000171661377,15,True,straight,0.5053195402035809,122,fsm_no_alignment
0.0,0.0,0.0,0.0,0.0,4.820000171661377,400,True,straight,0.636962545167263,123,fsm_no_alignment
0.0,0.0,0.0,0.0,0.0,4.820000171661377,15,True,narrow_exit,0.49848253035124446,124,fsm_no_alignment
0.0,0.0,0.0,0.0,0.0,4.820000171661377,16,True,s_shaped,0.6215824617763025,125,fsm_no_alignment
0.0,0.0,0.0,1.0,0.0,0.033494941890239716,55,True,l_shaped,0.6540366424282349,126,fsm_no_alignment
0.0,0.0,0.0,1.0,0.0,0.011985573917627335,63,True,narrow_exit,0.4663383831696767,127,fsm_no_alignment
0.0,0.0,0.0,1.0,0.0,0.0027297954075038433,58,True,l_shaped,0.8425455487514439,128,fsm_no_alignment
0.0,0.0,0.0,0.0,0.0,4.820000171661377,400,True,straight,0.5064877809019707,129,fsm_no_alignment
0.0,0.0,0.0,0.0,0.0,4.820000171661377,400,True,l_shaped,0.6385316752431256,130,fsm_no_alignment
0.0,0.0,0.0,0.0,0.0,0.06721719354391098,400,True,l_shaped,0.6300370178623333,131,fsm_no_alignment
1.0,1.0,0.0,1.0,0.0,0.01450504269450903,106,True,straight,0.482424741995065,132,fsm_no_alignment
1.0,1.0,0.0,0.0,0.0,0.07731613516807556,93,True,straight,0.5262578575925465,133,fsm_no_alignment
1.0,1.0,0.0,1.0,0.0,0.013277833350002766,107,True,straight,0.45780458482793673,134,fsm_no_alignment
0.0,0.0,0.0,0.0,0.0,4.820000171661377,14,True,narrow_exit,0.5190096445622917,135,fsm_no_alignment
0.0,0.0,0.0,0.0,0.0,4.820000171661377,17,True,s_shaped,0.7595931446352189,136,fsm_no_alignment
0.0,0.0,0.0,0.0,0.0,4.820000171661377,12,True,narrow_entry,0.5041725325449173,137,fsm_no_alignment
0.0,0.0,0.0,1.0,0.0,0.006949532777070999,49,True,l_shaped,0.8087794841954169,138,fsm_no_alignment
0.0,0.0,0.0,0.0,0.0,4.820000171661377,16,True,l_shaped,0.6019540267879364,139,fsm_no_alignment
0.0,0.0,0.0,0.0,0.0,4.820000171661377,17,True,narrow_entry,0.4813765278336673,140,fsm_no_alignment
0.0,0.0,0.0,0.0,0.0,4.820000171661377,51,True,narrow_entry,0.46491353265234264,141,fsm_no_alignment
1.0,1.0,0.0,0.0,0.0,0.0888235867023468,81,True,straight,0.8386640149975559,142,fsm_no_alignment
1.0,1.0,0.0,1.0,0.0,0.03093225136399269,71,True,straight,0.7569888452323249,143,fsm_no_alignment
0.0,0.0,0.0,0.0,0.0,4.820000171661377,400,True,asymmetric,0.6046745548658622,144,fsm_no_alignment
0.0,0.0,0.0,0.0,0.0,4.820000171661377,15,True,narrow_entry,0.495506592358284,145,fsm_no_alignment
0.0,0.0,0.0,0.0,0.0,4.820000171661377,12,True,straight,0.6765939184855374,146,fsm_no_alignment
0.0,0.0,0.0,1.0,0.0,0.004933190066367388,52,True,narrow_exit,0.4773390076415287,147,fsm_no_alignment
0.0,0.0,0.0,0.0,0.0,4.820000171661377,400,False,false_feasible,0.568939979713289,148,fsm_no_alignment
0.0,0.0,0.0,0.0,0.0,4.820000171661377,15,True,straight,0.45689926796611485,149,fsm_no_alignment
0.0,0.0,0.0,1.0,0.0,0.0247610192745924,400,True,l_shaped,0.6593707322100824,150,fsm_no_alignment
0.0,0.0,0.0,1.0,0.0,0.005593983922153711,54,True,l_shaped,0.5281615680526541,151,fsm_no_alignment
1.0,1.0,0.0,0.0,0.0,0.1948007494211197,80,True,straight,0.814488164950965,152,fsm_no_alignment
0.0,0.0,0.0,0.0,0.0,4.820000171661377,14,True,narrow_entry,0.5516393054223531,153,fsm_no_alignment
0.0,0.0,0.0,0.0,0.0,4.820000171661377,16,True,asymmetric,0.7063869923401409,154,fsm_no_alignment
0.0,0.0,0.0,0.0,0.0,4.820000171661377,21,True,narrow_exit,0.5491354149219455,155,fsm_no_alignment
1.0,1.0,0.0,1.0,0.0,0.036864832043647766,100,True,narrow_exit,0.46785374890604176,156,fsm_no_alignment
0.0,0.0,0.0,1.0,0.0,0.005999904591590166,52,True,narrow_exit,0.5028478736920726,157,fsm_no_alignment
1.0,1.0,0.0,0.0,0.0,0.11038010567426682,110,True,narrow_exit,0.5845742350860054,158,fsm_no_alignment
0.0,0.0,0.0,0.0,0.0,4.820000171661377,18,True,s_shaped,0.684994055835837,159,fsm_no_alignment
0.0,0.0,0.0,0.0,0.0,4.820000171661377,21,True,l_shaped,0.7585458135003766,160,fsm_no_alignment
0.0,0.0,0.0,0.0,0.0,4.820000171661377,16,True,l_shaped,0.7148924077108438,161,fsm_no_alignment
0.0,0.0,0.0,0.0,0.0,4.820000171661377,16,True,narrow_exit,0.5558131453120774,162,fsm_no_alignment
0.0,0.0,0.0,0.0,0.0,4.820000171661377,15,True,narrow_entry,0.544851864380858,163,fsm_no_alignment
1.0,1.0,0.0,1.0,0.0,0.04650518670678139,82,True,straight,0.5027728321110996,164,fsm_no_alignment
0.0,0.0,0.0,0.0,0.0,4.820000171661377,17,True,s_shaped,0.621666064237258,165,fsm_no_alignment
0.0,0.0,0.0,0.0,0.0,4.820000171661377,17,True,narrow_exit,0.4446044127074401,166,fsm_no_alignment
0.0,0.0,0.0,0.0,0.0,4.820000171661377,17,True,s_shaped,0.530062356017301,167,fsm_no_alignment
0.0,0.0,0.0,0.0,0.0,4.820000171661377,15,False,false_feasible,0.6972193117709262,168,fsm_no_alignment
0.0,0.0,0.0,0.0,0.0,0.06391263753175735,42,False,false_feasible,0.5691794624230437,169,fsm_no_alignment
0.0,0.0,0.0,0.0,0.0,4.820000171661377,20,False,false_feasible,0.7250319800068078,170,fsm_no_alignment
1.0,1.0,0.0,1.0,0.0,0.016299663111567497,100,True,l_shaped,0.8863190006574062,171,fsm_no_alignment
0.0,0.0,0.0,0.0,0.0,4.820000171661377,18,True,asymmetric,0.6373270935368666,172,fsm_no_alignment
0.0,0.0,0.0,0.0,0.0,4.820000171661377,15,True,s_shaped,0.690824229142152,173,fsm_no_alignment
0.0,0.0,0.0,0.0,0.0,4.820000171661377,400,True,straight,0.7597703150610327,174,fsm_no_alignment
0.0,0.0,0.0,0.0,0.0,4.820000171661377,11,True,narrow_exit,0.5985662358586883,175,fsm_no_alignment
0.0,0.0,0.0,0.0,0.0,0.15326181054115295,400,True,l_shaped,0.8625231437667575,176,fsm_no_alignment
0.0,0.0,0.0,0.0,0.0,4.820000171661377,400,False,false_feasible,0.5607769620829026,177,fsm_no_alignment
0.0,0.0,0.0,1.0,0.0,0.023261969909071922,52,True,narrow_exit,0.46593736520372087,178,fsm_no_alignment
0.0,0.0,0.0,0.0,0.0,4.820000171661377,14,True,narrow_entry,0.4241290121404686,179,fsm_no_alignment
0.0,0.0,0.0,0.0,0.0,4.820000171661377,400,True,straight,0.6709767584367762,180,fsm_no_alignment
0.0,0.0,0.0,0.0,0.0,4.820000171661377,15,True,narrow_exit,0.48039648826202497,181,fsm_no_alignment
0.0,0.0,0.0,0.0,0.0,4.820000171661377,12,True,straight,0.6555107863538845,182,fsm_no_alignment
0.0,0.0,0.0,0.0,0.0,4.820000171661377,15,True,narrow_entry,0.5339199705128345,183,fsm_no_alignment
0.0,0.0,0.0,0.0,0.0,4.820000171661377,14,True,straight,0.8228727578091262,184,fsm_no_alignment
0.0,0.0,0.0,0.0,0.0,4.820000171661377,16,True,straight,0.46836210199726036,185,fsm_no_alignment
0.0,0.0,0.0,1.0,0.0,0.03352050483226776,41,True,s_shaped,0.5895404018571003,186,fsm_no_alignment
1.0,1.0,0.0,0.0,0.0,0.12291628867387772,110,True,straight,0.6267418808582117,187,fsm_no_alignment
0.0,0.0,0.0,0.0,0.0,4.820000171661377,18,True,asymmetric,0.8499380696396119,188,fsm_no_alignment
0.0,0.0,0.0,0.0,0.0,0.12100029736757278,33,False,false_feasible,0.6593489252265292,189,fsm_no_alignment
1.0,1.0,0.0,0.0,0.0,0.057218700647354126,103,True,l_shaped,0.8846573649966978,190,fsm_no_alignment
0.0,0.0,0.0,0.0,0.0,4.820000171661377,17,True,l_shaped,0.6471237315463513,191,fsm_no_alignment
0.0,0.0,0.0,0.0,0.0,4.820000171661377,16,True,l_shaped,0.8324970131757342,192,fsm_no_alignment
0.0,0.0,0.0,0.0,0.0,4.820000171661377,400,True,straight,0.5123739256704638,193,fsm_no_alignment
0.0,0.0,0.0,0.0,0.0,4.820000171661377,400,True,asymmetric,0.583288190119579,194,fsm_no_alignment
1.0,1.0,0.0,0.0,0.0,0.13207566738128662,78,True,straight,0.661344212077978,195,fsm_no_alignment
1.0,1.0,0.0,0.0,0.0,0.1589987725019455,80,True,straight,0.7470306287893259,196,fsm_no_alignment
1.0,1.0,0.0,0.0,0.0,0.0741831585764885,110,True,straight,0.8108032894474879,197,fsm_no_alignment
1.0,1.0,0.0,1.0,0.0,0.019214490428566933,101,True,straight,0.6702472319162656,198,fsm_no_alignment
0.0,0.0,0.0,0.0,0.0,4.820000171661377,16,True,asymmetric,0.47359755603164005,199,fsm_no_alignment
1.0,1.0,0.0,1.0,0.0,0.028925159946084023,69,True,narrow_entry,0.46257503738018424,200,fsm_no_alignment
0.0,0.0,0.0,0.0,0.0,4.820000171661377,15,False,false_feasible,0.7932155021506591,201,fsm_no_alignment
0.0,0.0,0.0,0.0,0.0,4.820000171661377,12,True,asymmetric,0.7255036456096886,202,fsm_no_alignment
0.0,0.0,0.0,0.0,0.0,4.820000171661377,17,True,narrow_exit,0.47402333940722585,203,fsm_no_alignment
0.0,0.0,0.0,0.0,0.0,4.820000171661377,14,True,l_shaped,0.6357084283012369,204,fsm_no_alignment
0.0,0.0,0.0,0.0,0.0,4.820000171661377,16,True,asymmetric,0.7271459343440003,205,fsm_no_alignment
0.0,0.0,0.0,0.0,0.0,4.820000171661377,400,True,narrow_exit,0.4278054630166245,206,fsm_no_alignment
1.0,1.0,0.0,0.0,0.0,0.15613409876823425,106,True,straight,0.6912388384985994,207,fsm_no_alignment
0.0,0.0,0.0,0.0,0.0,4.820000171661377,16,True,s_shaped,0.5855585646486636,208,fsm_no_alignment
0.0,0.0,0.0,0.0,0.0,4.820000171661377,18,True,narrow_entry,0.5495016711588436,209,fsm_no_alignment
0.0,0.0,0.0,0.0,0.0,4.820000171661377,35,True,l_shaped,0.6752585765988925,210,fsm_no_alignment
0.0,0.0,0.0,0.0,0.0,4.820000171661377,400,True,straight,0.7022293039988456,211,fsm_no_alignment
0.0,0.0,0.0,1.0,0.0,0.007788179442286491,46,True,s_shaped,0.7700060944752454,212,fsm_no_alignment
0.0,0.0,0.0,0.0,0.0,4.820000171661377,18,True,s_shaped,0.5014385763157263,213,fsm_no_alignment
0.0,0.0,0.0,0.0,0.0,0.09380252659320831,400,True,s_shaped,0.5950757831158703,214,fsm_no_alignment
0.0,0.0,0.0,0.0,0.0,4.820000171661377,400,True,asymmetric,0.6854453793647753,215,fsm_no_alignment
0.0,0.0,0.0,0.0,0.0,4.820000171661377,19,True,s_shaped,0.6094034074432924,216,fsm_no_alignment
1.0,1.0,0.0,1.0,0.0,0.04538317769765854,121,True,l_shaped,0.8948538911031467,217,fsm_no_alignment
0.0,0.0,0.0,0.0,0.0,4.820000171661377,16,True,narrow_exit,0.5709331812458291,218,fsm_no_alignment
1.0,1.0,0.0,0.0,0.0,0.06942141056060791,114,True,l_shaped,0.8877556422645179,219,fsm_no_alignment
1.0,1.0,0.0,1.0,0.0,0.011115455999970436,85,True,narrow_entry,0.47633827962389347,220,fsm_no_alignment
0.0,0.0,0.0,0.0,0.0,4.820000171661377,14,True,l_shaped,0.508803321982123,221,fsm_no_alignment
0.0,0.0,0.0,0.0,0.0,4.820000171661377,53,True,narrow_entry,0.49890748799546136,222,fsm_no_alignment
0.0,0.0,0.0,0.0,0.0,4.820000171661377,14,True,narrow_entry,0.5645235110657127,223,fsm_no_alignment
1.0,1.0,0.0,1.0,0.0,0.019837751984596252,78,True,narrow_exit,0.5429246593333836,224,fsm_no_alignment
0.0,0.0,0.0,0.0,0.0,4.820000171661377,17,True,narrow_entry,0.5680739504788275,225,fsm_no_alignment
0.0,0.0,0.0,0.0,0.0,4.820000171661377,17,True,l_shaped,0.5861931887560692,226,fsm_no_alignment
0.0,0.0,0.0,0.0,0.0,0.08454914391040802,41,True,asymmetric,0.8116674801962066,227,fsm_no_alignment
0.0,0.0,0.0,0.0,0.0,4.820000171661377,19,True,l_shaped,0.5025058767089599,228,fsm_no_alignment
0.0,0.0,0.0,1.0,0.0,0.014313113875687122,52,True,narrow_exit,0.445274760758701,229,fsm_no_alignment
0.0,0.0,0.0,0.0,0.0,4.820000171661377,16,True,straight,0.48518786514781254,230,fsm_no_alignment
0.0,0.0,0.0,1.0,0.0,0.011145664379000664,61,True,narrow_exit,0.5434588488907586,231,fsm_no_alignment
1.0,1.0,0.0,0.0,0.0,0.15534232556819916,85,True,straight,0.8478532110178382,232,fsm_no_alignment
1.0,1.0,0.0,1.0,0.0,0.03828844800591469,105,True,s_shaped,0.8231169852162152,233,fsm_no_alignment
0.0,0.0,0.0,0.0,0.0,4.820000171661377,15,True,narrow_entry,0.5286335037722145,234,fsm_no_alignment
0.0,0.0,0.0,0.0,0.0,4.820000171661377,13,True,straight,0.7938707904490372,235,fsm_no_alignment
0.0,0.0,0.0,1.0,0.0,0.04586365818977356,41,False,false_feasible,0.7378029112128818,236,fsm_no_alignment
0.0,0.0,0.0,0.0,0.0,4.820000171661377,12,True,narrow_entry,0.542545829099834,237,fsm_no_alignment
0.0,0.0,0.0,1.0,0.0,0.0024304785765707493,53,True,narrow_exit,0.46260800782126443,238,fsm_no_alignment
0.0,0.0,0.0,0.0,0.0,4.820000171661377,17,False,false_feasible,0.6941783641192707,239,fsm_no_alignment
0.0,0.0,0.0,0.0,0.0,4.820000171661377,18,True,l_shaped,0.7271763004320317,240,fsm_no_alignment
0.0,0.0,0.0,0.0,0.0,4.820000171661377,14,True,l_shaped,0.7205153851916846,241,fsm_no_alignment
0.0,0.0,0.0,1.0,0.0,0.0036648178938776255,57,True,narrow_exit,0.5917274410016289,242,fsm_no_alignment
0.0,0.0,0.0,0.0,0.0,4.820000171661377,19,True,s_shaped,0.6135607650678738,243,fsm_no_alignment
0.0,0.0,0.0,0.0,0.0,4.820000171661377,15,True,straight,0.7798916721531333,244,fsm_no_alignment
1.0,1.0,0.0,1.0,0.0,0.033499013632535934,93,True,narrow_exit,0.5693225041583595,245,fsm_no_alignment
0.0,0.0,0.0,1.0,0.0,0.007226401474326849,47,True,narrow_exit,0.47981232693166004,246,fsm_no_alignment
0.0,0.0,0.0,1.0,0.0,0.012582051567733288,400,True,l_shaped,0.714317969393873,247,fsm_no_alignment
1.0,1.0,0.0,0.0,0.0,0.07783947139978409,91,True,narrow_exit,0.5654314276872818,248,fsm_no_alignment
0.0,0.0,0.0,0.0,0.0,4.820000171661377,14,True,straight,0.5846792757162791,249,fsm_no_alignment
0.0,0.0,0.0,0.0,0.0,4.820000171661377,18,True,straight,0.6546702576690109,250,fsm_no_alignment
0.0,0.0,0.0,0.0,0.0,4.820000171661377,15,True,straight,0.7000230371367061,251,fsm_no_alignment
0.0,0.0,0.0,0.0,0.0,4.820000171661377,49,True,narrow_entry,0.42899966908385145,252,fsm_no_alignment
0.0,0.0,0.0,0.0,0.0,0.06563292443752289,53,True,asymmetric,0.7872374576745234,253,fsm_no_alignment
0.0,0.0,0.0,0.0,0.0,4.820000171661377,16,False,false_feasible,0.6791604170683834,254,fsm_no_alignment
0.0,0.0,0.0,0.0,0.0,4.820000171661377,400,True,straight,0.5221009658040385,255,fsm_no_alignment
0.0,0.0,0.0,1.0,0.0,0.012114935554564,49,True,s_shaped,0.5201275736502201,256,fsm_no_alignment
0.0,0.0,0.0,0.0,0.0,4.820000171661377,13,True,asymmetric,0.6705579089001179,257,fsm_no_alignment
0.0,0.0,0.0,0.0,0.0,4.820000171661377,19,True,straight,0.6060746072262289,258,fsm_no_alignment
0.0,0.0,0.0,0.0,0.0,4.820000171661377,17,True,straight,0.5762065757317139,259,fsm_no_alignment
0.0,0.0,0.0,0.0,0.0,4.820000171661377,16,True,straight,0.4906695374344866,260,fsm_no_alignment
0.0,0.0,0.0,0.0,0.0,0.18814100325107574,36,False,false_feasible,0.7594641686780483,261,fsm_no_alignment
0.0,0.0,0.0,1.0,0.0,0.006219979375600815,60,True,narrow_exit,0.4224338501381135,262,fsm_no_alignment
0.0,0.0,0.0,0.0,0.0,4.820000171661377,15,False,false_feasible,0.725409096837252,263,fsm_no_alignment
0.0,0.0,0.0,1.0,0.0,0.004793222993612289,37,False,false_feasible,0.7160380264565838,264,fsm_no_alignment
1.0,1.0,0.0,1.0,0.0,0.014566865749657154,72,True,narrow_entry,0.5855133183714907,265,fsm_no_alignment
0.0,0.0,0.0,0.0,0.0,4.820000171661377,16,True,l_shaped,0.8475413930140507,266,fsm_no_alignment
0.0,0.0,0.0,0.0,0.0,4.820000171661377,19,True,s_shaped,0.7095266997242662,267,fsm_no_alignment
0.0,0.0,0.0,0.0,0.0,4.820000171661377,17,True,l_shaped,0.8722820543598859,268,fsm_no_alignment
0.0,0.0,0.0,0.0,0.0,4.820000171661377,400,True,narrow_entry,0.5069308303663955,269,fsm_no_alignment
1.0,1.0,0.0,1.0,0.0,0.010846633464097977,92,True,narrow_entry,0.597856038096571,270,fsm_no_alignment
1.0,1.0,0.0,0.0,0.0,0.07323277741670609,99,True,narrow_entry,0.514985278167515,271,fsm_no_alignment
0.0,0.0,0.0,0.0,0.0,4.820000171661377,12,True,asymmetric,0.6752973156244955,272,fsm_no_alignment
0.0,0.0,0.0,0.0,0.0,4.820000171661377,14,True,l_shaped,0.8698628526575419,273,fsm_no_alignment
0.0,0.0,0.0,0.0,0.0,0.05760929733514786,400,True,l_shaped,0.7524464726237827,274,fsm_no_alignment
1.0,1.0,0.0,0.0,0.0,0.16487020254135132,88,True,straight,0.7669207441771506,275,fsm_no_alignment
1.0,1.0,0.0,0.0,0.0,0.1451699137687683,110,True,straight,0.7150150386706989,276,fsm_no_alignment
0.0,0.0,0.0,0.0,0.0,4.820000171661377,16,True,s_shaped,0.5577864907283165,277,fsm_no_alignment
0.0,0.0,0.0,0.0,0.0,0.21760234236717224,400,True,l_shaped,0.8321948683971027,278,fsm_no_alignment
0.0,0.0,0.0,0.0,0.0,4.820000171661377,16,False,false_feasible,0.6801051840521771,279,fsm_no_alignment
0.0,0.0,0.0,0.0,0.0,4.820000171661377,17,True,s_shaped,0.48991319553790924,280,fsm_no_alignment
0.0,0.0,0.0,1.0,0.0,0.02327686734497547,59,True,narrow_exit,0.5341462060718538,281,fsm_no_alignment
0.0,0.0,0.0,1.0,0.0,0.00030507566407322884,59,True,narrow_exit,0.4533857645129056,282,fsm_no_alignment
0.0,0.0,0.0,0.0,0.0,4.820000171661377,400,True,s_shaped,0.7079848318219353,283,fsm_no_alignment
0.0,0.0,0.0,0.0,0.0,4.820000171661377,400,True,asymmetric,0.8868931398485057,284,fsm_no_alignment
0.0,0.0,0.0,0.0,0.0,4.820000171661377,14,True,narrow_entry,0.5046666414728542,285,fsm_no_alignment
0.0,0.0,0.0,0.0,0.0,0.14987672865390778,400,True,l_shaped,0.6662531847629556,286,fsm_no_alignment
1.0,1.0,0.0,0.0,0.0,0.16915258765220642,108,True,straight,0.7286022340234086,287,fsm_no_alignment
0.0,0.0,0.0,0.0,0.0,4.820000171661377,14,True,straight,0.4714423980854743,288,fsm_no_alignment
0.0,0.0,0.0,1.0,0.0,0.022820334881544113,400,True,l_shaped,0.702527174148475,289,fsm_no_alignment
0.0,0.0,0.0,0.0,0.0,0.17397040128707886,400,True,s_shaped,0.7107446685644123,290,fsm_no_alignment
0.0,0.0,0.0,0.0,0.0,4.820000171661377,61,True,l_shaped,0.47557852432406034,291,fsm_no_alignment
0.0,0.0,0.0,1.0,0.0,0.011642370373010635,47,True,narrow_exit,0.4300895657882317,292,fsm_no_alignment
0.0,0.0,0.0,0.0,0.0,0.10025946795940399,33,False,false_feasible,0.7117504012919573,293,fsm_no_alignment
0.0,0.0,0.0,0.0,0.0,4.820000171661377,14,True,straight,0.625419618052384,294,fsm_no_alignment
0.0,0.0,0.0,1.0,0.0,0.0014341556234285235,33,False,false_feasible,0.7685074232152618,295,fsm_no_alignment
0.0,0.0,0.0,0.0,0.0,4.820000171661377,54,True,narrow_entry,0.4823221428564818,296,fsm_no_alignment
0.0,0.0,0.0,0.0,0.0,4.820000171661377,15,True,straight,0.5506367387585532,297,fsm_no_alignment
0.0,0.0,0.0,1.0,0.0,0.023285159841179848,66,True,narrow_exit,0.5020667471832564,298,fsm_no_alignment
0.0,0.0,0.0,0.0,0.0,0.0708250030875206,23,False,false_feasible,0.6897108071896056,299,fsm_no_alignment
0.0,0.0,0.0,0.0,0.0,4.820000171661377,20,True,l_shaped,0.5582414545201989,300,fsm_no_alignment
0.0,0.0,0.0,0.0,0.0,4.820000171661377,17,True,l_shaped,0.6289406512846578,301,fsm_no_alignment
0.0,0.0,0.0,0.0,0.0,4.820000171661377,53,True,narrow_entry,0.44136442590735636,302,fsm_no_alignment
1.0,1.0,0.0,0.0,0.0,0.057407401502132416,111,True,straight,0.8661738624881904,303,fsm_no_alignment
0.0,0.0,0.0,1.0,0.0,0.017835134640336037,45,True,narrow_exit,0.4480013041689733,304,fsm_no_alignment
0.0,0.0,0.0,1.0,0.0,0.01183489989489317,48,True,s_shaped,0.7775312962331988,305,fsm_no_alignment
0.0,0.0,0.0,0.0,0.0,4.820000171661377,16,True,asymmetric,0.7388786759305561,306,fsm_no_alignment
0.0,0.0,0.0,0.0,0.0,4.820000171661377,17,True,s_shaped,0.5822124931701564,307,fsm_no_alignment
1.0,1.0,0.0,1.0,0.0,0.01974889263510704,97,True,narrow_exit,0.5016232062800304,308,fsm_no_alignment
0.0,0.0,0.0,0.0,0.0,4.820000171661377,19,True,narrow_entry,0.4635071265925246,309,fsm_no_alignment
1.0,1.0,0.0,1.0,0.0,0.010429400950670242,97,True,straight,0.8789425728914166,310,fsm_no_alignment
0.0,0.0,0.0,0.0,0.0,4.820000171661377,16,False,false_feasible,0.5969467832429785,311,fsm_no_alignment
0.0,0.0,0.0,0.0,0.0,4.820000171661377,16,True,l_shaped,0.6291971603060174,312,fsm_no_alignment
1.0,1.0,0.0,1.0,0.0,0.0028197141364216805,82,True,narrow_exit,0.5974310734770286,313,fsm_no_alignment
0.0,0.0,0.0,1.0,0.0,0.009967871941626072,54,True,narrow_exit,0.5328892956651914,314,fsm_no_alignment
1.0,1.0,0.0,1.0,0.0,0.030055787414312363,79,True,straight,0.8231665887815531,315,fsm_no_alignment
0.0,0.0,0.0,0.0,0.0,4.820000171661377,17,False,false_feasible,0.5912280968652435,316,fsm_no_alignment
0.0,0.0,0.0,0.0,0.0,4.820000171661377,16,True,asymmetric,0.5761137069220625,317,fsm_no_alignment
0.0,0.0,0.0,0.0,0.0,4.820000171661377,15,False,false_feasible,0.7292489277588412,318,fsm_no_alignment
0.0,0.0,0.0,0.0,0.0,4.820000171661377,14,True,narrow_entry,0.508758546807744,319,fsm_no_alignment
0.0,0.0,0.0,0.0,0.0,0.1408098191022873,400,True,l_shaped,0.6958785292128559,320,fsm_no_alignment
1.0,1.0,0.0,0.0,0.0,0.08023412525653839,96,True,straight,0.8665713782649658,321,fsm_no_alignment
0.0,0.0,0.0,0.0,0.0,4.820000171661377,17,True,l_shaped,0.762246701125311,322,fsm_no_alignment
0.0,0.0,0.0,0.0,0.0,4.820000171661377,20,True,narrow_entry,0.5220977399863098,323,fsm_no_alignment
0.0,0.0,0.0,0.0,0.0,4.820000171661377,16,True,narrow_entry,0.506188594644927,324,fsm_no_alignment
1.0,1.0,0.0,1.0,0.0,0.01190092507749796,98,True,straight,0.6948504472996953,325,fsm_no_alignment
0.0,0.0,0.0,1.0,0.0,0.003231979440897703,47,True,asymmetric,0.8757603163108129,326,fsm_no_alignment
0.0,0.0,0.0,1.0,0.0,0.0054687755182385445,59,True,l_shaped,0.7437145120664848,327,fsm_no_alignment
0.0,0.0,0.0,0.0,0.0,4.820000171661377,13,True,narrow_exit,0.5930373347889437,328,fsm_no_alignment
0.0,0.0,0.0,1.0,0.0,0.019271325320005417,58,True,l_shaped,0.48465800361830597,329,fsm_no_alignment
0.0,0.0,0.0,0.0,0.0,4.820000171661377,14,True,straight,0.5388021041198569,330,fsm_no_alignment
0.0,0.0,0.0,1.0,0.0,0.007498306687921286,400,True,l_shaped,0.5122599116577535,331,fsm_no_alignment
1.0,1.0,0.0,1.0,0.0,0.047718361020088196,95,True,straight,0.8879733804296143,332,fsm_no_alignment
0.0,0.0,0.0,0.0,0.0,4.820000171661377,16,True,straight,0.6088379375046895,333,fsm_no_alignment
0.0,0.0,0.0,0.0,0.0,4.820000171661377,400,True,narrow_exit,0.5395145984455157,334,fsm_no_alignment
0.0,0.0,0.0,0.0,0.0,4.820000171661377,18,True,asymmetric,0.7906213366026622,335,fsm_no_alignment
1.0,1.0,0.0,0.0,0.0,0.2029705047607422,92,True,straight,0.8256686591265201,336,fsm_no_alignment
0.0,0.0,0.0,0.0,0.0,0.15745489299297333,400,True,s_shaped,0.7798723707538546,337,fsm_no_alignment
0.0,0.0,0.0,0.0,0.0,4.820000171661377,15,True,narrow_exit,0.5309231001240365,338,fsm_no_alignment
0.0,0.0,0.0,0.0,0.0,4.820000171661377,18,True,s_shaped,0.6755564727055106,339,fsm_no_alignment
0.0,0.0,0.0,0.0,0.0,4.820000171661377,15,True,straight,0.5558996745394418,340,fsm_no_alignment
1.0,1.0,0.0,1.0,0.0,0.00500288512557745,78,True,straight,0.687617405362166,341,fsm_no_alignment
0.0,0.0,0.0,1.0,0.0,0.0005655778804793954,29,False,false_feasible,0.596435436836294,342,fsm_no_alignment
0.0,0.0,0.0,0.0,0.0,4.820000171661377,15,True,narrow_entry,0.5132458505621796,343,fsm_no_alignment
1.0,1.0,0.0,1.0,0.0,0.03433217480778694,82,True,narrow_exit,0.4448462105512341,344,fsm_no_alignment
0.0,0.0,0.0,0.0,0.0,4.820000171661377,16,True,asymmetric,0.49641382419305524,345,fsm_no_alignment
0.0,0.0,0.0,0.0,0.0,4.820000171661377,400,False,false_feasible,0.7002872187880077,346,fsm_no_alignment
0.0,0.0,0.0,1.0,0.0,0.017046259716153145,65,True,narrow_exit,0.4441182828076294,347,fsm_no_alignment
0.0,0.0,0.0,1.0,0.0,0.02146242745220661,57,True,narrow_exit,0.5184599079991126,348,fsm_no_alignment
0.0,0.0,0.0,1.0,0.0,0.0014105202862992883,50,True,s_shaped,0.7176830131299876,349,fsm_no_alignment
0.0,0.0,0.0,0.0,0.0,4.820000171661377,16,False,false_feasible,0.7678920937446353,350,fsm_no_alignment
0.0,0.0,0.0,0.0,0.0,4.820000171661377,18,True,l_shaped,0.5156169164171034,351,fsm_no_alignment
1.0,1.0,0.0,1.0,0.0,0.01950623095035553,95,True,narrow_exit,0.4418791304607022,352,fsm_no_alignment
0.0,0.0,0.0,1.0,0.0,0.04481431841850281,400,True,l_shaped,0.8309334387021174,353,fsm_no_alignment
1.0,1.0,0.0,1.0,0.0,0.021460769698023796,104,True,asymmetric,0.6325355724787142,354,fsm_no_alignment
1.0,1.0,0.0,0.0,0.0,0.057535309344530106,111,True,asymmetric,0.769853736309047,355,fsm_no_alignment
0.0,0.0,0.0,0.0,0.0,4.820000171661377,17,True,narrow_entry,0.4442979320113952,356,fsm_no_alignment
0.0,0.0,0.0,0.0,0.0,4.820000171661377,17,False,false_feasible,0.7220178129377571,357,fsm_no_alignment
0.0,0.0,0.0,0.0,0.0,4.820000171661377,14,True,asymmetric,0.5122639279256973,358,fsm_no_alignment
1.0,1.0,0.0,1.0,0.0,0.025011084973812103,94,True,straight,0.5963604019657109,359,fsm_no_alignment
0.0,0.0,0.0,0.0,0.0,0.08614625036716461,400,True,s_shaped,0.7531406494787242,360,fsm_no_alignment
1.0,1.0,0.0,0.0,0.0,0.07574500888586044,81,True,straight,0.7314355494648314,361,fsm_no_alignment
1.0,1.0,0.0,0.0,0.0,0.15293285250663757,81,True,straight,0.8705735193751392,362,fsm_no_alignment
0.0,0.0,0.0,0.0,0.0,4.820000171661377,15,False,false_feasible,0.6850875939252054,363,fsm_no_alignment
1.0,1.0,0.0,0.0,0.0,0.0502137690782547,96,True,asymmetric,0.7710180765352601,364,fsm_no_alignment
0.0,0.0,0.0,1.0,0.0,0.0005628901999443769,65,True,narrow_exit,0.4348439790688405,365,fsm_no_alignment
1.0,1.0,0.0,1.0,0.0,0.0031688581220805645,84,True,straight,0.7902192468953859,366,fsm_no_alignment
0.0,0.0,0.0,0.0,0.0,4.820000171661377,19,True,s_shaped,0.8335888218286462,367,fsm_no_alignment
0.0,0.0,0.0,0.0,0.0,4.820000171661377,400,True,narrow_exit,0.4381008243004151,368,fsm_no_alignment
0.0,0.0,0.0,0.0,0.0,4.820000171661377,16,True,straight,0.8276510951348086,369,fsm_no_alignment
0.0,0.0,0.0,0.0,0.0,4.820000171661377,12,True,narrow_exit,0.5391956786140941,370,fsm_no_alignment
0.0,0.0,0.0,0.0,0.0,4.820000171661377,15,True,l_shaped,0.847110008824626,371,fsm_no_alignment
0.0,0.0,0.0,0.0,0.0,4.820000171661377,17,True,l_shaped,0.4581934817591373,372,fsm_no_alignment
0.0,0.0,0.0,0.0,0.0,4.820000171661377,16,True,narrow_entry,0.4770782590610465,373,fsm_no_alignment
0.0,0.0,0.0,1.0,0.0,0.02729371376335621,61,True,narrow_exit,0.4350030436524524,374,fsm_no_alignment
0.0,0.0,0.0,0.0,0.0,4.820000171661377,16,True,s_shaped,0.5210959997474712,375,fsm_no_alignment
0.0,0.0,0.0,0.0,0.0,4.820000171661377,29,True,l_shaped,0.7599771207534756,376,fsm_no_alignment
0.0,0.0,0.0,0.0,0.0,4.820000171661377,16,False,false_feasible,0.5763959000903329,377,fsm_no_alignment
1.0,1.0,0.0,0.0,0.0,0.09420069307088852,106,True,asymmetric,0.8837715570461839,378,fsm_no_alignment
0.0,0.0,0.0,0.0,0.0,4.820000171661377,400,True,s_shaped,0.6107088674612805,379,fsm_no_alignment
0.0,0.0,0.0,0.0,0.0,4.820000171661377,17,True,s_shaped,0.8665720663572564,380,fsm_no_alignment
0.0,0.0,0.0,0.0,0.0,4.820000171661377,14,False,false_feasible,0.5545469136847588,381,fsm_no_alignment
0.0,0.0,0.0,0.0,0.0,0.08155348896980286,64,True,asymmetric,0.6157347958967578,382,fsm_no_alignment
1.0,1.0,0.0,0.0,0.0,0.1692381352186203,108,True,asymmetric,0.8243683203342678,383,fsm_no_alignment
0.0,0.0,0.0,0.0,0.0,4.820000171661377,400,True,s_shaped,0.49255097431141853,384,fsm_no_alignment
0.0,0.0,0.0,0.0,0.0,4.820000171661377,15,True,narrow_entry,0.529213017611265,385,fsm_no_alignment
0.0,0.0,0.0,0.0,0.0,4.820000171661377,15,True,straight,0.5003285403847338,386,fsm_no_alignment
0.0,0.0,0.0,1.0,0.0,0.004019882995635271,43,True,s_shaped,0.6375211634466684,387,fsm_no_alignment
0.0,0.0,0.0,0.0,0.0,4.820000171661377,400,False,false_feasible,0.6893684559830444,388,fsm_no_alignment
0.0,0.0,0.0,1.0,0.0,0.0016277586109936237,53,True,narrow_exit,0.4820052262399057,389,fsm_no_alignment
0.0,0.0,0.0,0.0,0.0,4.820000171661377,18,True,s_shaped,0.8985314013551302,390,fsm_no_alignment
0.0,0.0,0.0,0.0,0.0,4.820000171661377,18,True,s_shaped,0.8362736956670866,391,fsm_no_alignment
0.0,0.0,0.0,0.0,0.0,4.820000171661377,17,True,narrow_exit,0.4274737393891623,392,fsm_no_alignment
0.0,0.0,0.0,1.0,0.0,4.673929197451798e-06,41,True,s_shaped,0.6570524091911358,393,fsm_no_alignment
1.0,1.0,0.0,1.0,0.0,0.043990880250930786,75,True,narrow_exit,0.48806207342713714,394,fsm_no_alignment
0.0,0.0,0.0,0.0,0.0,4.820000171661377,17,True,straight,0.8341386340078032,395,fsm_no_alignment
0.0,0.0,0.0,0.0,0.0,4.820000171661377,12,True,straight,0.6057526932596331,396,fsm_no_alignment
0.0,0.0,0.0,0.0,0.0,4.820000171661377,15,True,asymmetric,0.7184018283443687,397,fsm_no_alignment
0.0,0.0,0.0,0.0,0.0,4.820000171661377,17,True,l_shaped,0.5257672548461756,398,fsm_no_alignment
0.0,0.0,0.0,0.0,0.0,4.820000171661377,12,False,false_feasible,0.5843077481440224,399,fsm_no_alignment
0.0,0.0,0.0,0.0,0.0,4.820000171661377,19,True,s_shaped,0.7658581927788515,400,fsm_no_alignment
0.0,0.0,0.0,0.0,0.0,4.820000171661377,15,True,narrow_exit,0.5233998277867475,401,fsm_no_alignment
0.0,0.0,0.0,0.0,0.0,0.2160954773426056,400,True,l_shaped,0.8157214281345769,402,fsm_no_alignment
0.0,0.0,0.0,0.0,0.0,4.820000171661377,14,True,l_shaped,0.6196972727808105,403,fsm_no_alignment
0.0,0.0,0.0,0.0,0.0,4.820000171661377,15,True,s_shaped,0.5739880424521336,404,fsm_no_alignment
0.0,0.0,0.0,0.0,0.0,4.820000171661377,17,True,asymmetric,0.5754713389353762,405,fsm_no_alignment
0.0,0.0,0.0,0.0,0.0,4.820000171661377,38,True,l_shaped,0.6894611704819068,406,fsm_no_alignment
0.0,0.0,0.0,0.0,0.0,4.820000171661377,14,True,narrow_exit,0.5718307171395534,407,fsm_no_alignment
0.0,0.0,0.0,0.0,0.0,4.820000171661377,17,True,straight,0.5354402950605919,408,fsm_no_alignment
0.0,0.0,0.0,0.0,0.0,4.820000171661377,17,True,s_shaped,0.541000741632369,409,fsm_no_alignment
0.0,0.0,0.0,0.0,0.0,4.820000171661377,13,True,l_shaped,0.6719368886326066,410,fsm_no_alignment
0.0,0.0,0.0,0.0,0.0,4.820000171661377,400,True,l_shaped,0.7757853337274119,411,fsm_no_alignment
0.0,0.0,0.0,0.0,0.0,4.820000171661377,17,True,l_shaped,0.8242862266851365,412,fsm_no_alignment
0.0,0.0,0.0,0.0,0.0,0.19683392345905304,58,True,asymmetric,0.8030965248230605,413,fsm_no_alignment
0.0,0.0,0.0,0.0,0.0,4.820000171661377,16,True,narrow_entry,0.4572849318030954,414,fsm_no_alignment
0.0,0.0,0.0,0.0,0.0,4.820000171661377,17,True,s_shaped,0.743024663743203,415,fsm_no_alignment
0.0,0.0,0.0,0.0,0.0,4.820000171661377,16,True,narrow_exit,0.5054044202070527,416,fsm_no_alignment
0.0,0.0,0.0,1.0,0.0,0.007867052219808102,49,True,narrow_exit,0.46289233417751224,417,fsm_no_alignment
0.0,0.0,0.0,1.0,0.0,0.006677849683910608,64,True,l_shaped,0.7427339266538968,418,fsm_no_alignment
1.0,1.0,0.0,1.0,0.0,0.03132929652929306,82,True,straight,0.4994120990101415,419,fsm_no_alignment
0.0,0.0,0.0,0.0,0.0,4.820000171661377,17,True,s_shaped,0.4794957070242279,420,fsm_no_alignment
0.0,0.0,0.0,0.0,0.0,4.820000171661377,17,True,narrow_entry,0.5121001182434277,421,fsm_no_alignment
0.0,0.0,0.0,0.0,0.0,4.820000171661377,16,True,s_shaped,0.533975671683138,422,fsm_no_alignment
0.0,0.0,0.0,1.0,0.0,0.0009767544688656926,44,False,false_feasible,0.6957657756137586,423,fsm_no_alignment
0.0,0.0,0.0,1.0,0.0,0.022874146699905396,50,True,l_shaped,0.6194442011820822,424,fsm_no_alignment
0.0,0.0,0.0,1.0,0.0,0.0027306259144097567,59,True,narrow_exit,0.4522407909989023,425,fsm_no_alignment
0.0,0.0,0.0,1.0,0.0,0.01984427310526371,400,True,l_shaped,0.7153903586441404,426,fsm_no_alignment
0.0,0.0,0.0,0.0,0.0,4.820000171661377,15,True,l_shaped,0.7606359578464001,427,fsm_no_alignment
0.0,0.0,0.0,1.0,0.0,0.0008886873256415129,68,True,narrow_exit,0.5692937255883069,428,fsm_no_alignment
0.0,0.0,0.0,0.0,0.0,4.820000171661377,400,True,straight,0.667569585402912,429,fsm_no_alignment
0.0,0.0,0.0,0.0,0.0,4.820000171661377,16,True,s_shaped,0.46229221471488235,430,fsm_no_alignment
1.0,1.0,0.0,1.0,0.0,0.03590935841202736,82,True,narrow_entry,0.5662318067971783,431,fsm_no_alignment
0.0,0.0,0.0,0.0,0.0,4.820000171661377,20,True,l_shaped,0.7151704433940544,432,fsm_no_alignment
0.0,0.0,0.0,1.0,0.0,0.02317775972187519,48,True,l_shaped,0.6817014686813307,433,fsm_no_alignment
1.0,1.0,0.0,1.0,0.0,0.03580808639526367,91,True,narrow_entry,0.49704240832005486,434,fsm_no_alignment
0.0,0.0,0.0,0.0,0.0,4.820000171661377,16,False,false_feasible,0.7231042539105264,435,fsm_no_alignment
0.0,0.0,0.0,0.0,0.0,4.820000171661377,16,True,narrow_entry,0.5619788754499856,436,fsm_no_alignment
0.0,0.0,0.0,0.0,0.0,4.820000171661377,12,True,asymmetric,0.6183184619723158,437,fsm_no_alignment
0.0,0.0,0.0,0.0,0.0,4.820000171661377,17,True,s_shaped,0.5873260168506701,438,fsm_no_alignment
0.0,0.0,0.0,0.0,0.0,4.820000171661377,44,True,l_shaped,0.6319094461947308,439,fsm_no_alignment
0.0,0.0,0.0,0.0,0.0,4.820000171661377,33,True,s_shaped,0.5641668563712667,440,fsm_no_alignment
0.0,0.0,0.0,0.0,0.0,4.820000171661377,14,True,straight,0.7924514261034536,441,fsm_no_alignment
0.0,0.0,0.0,0.0,0.0,4.820000171661377,400,True,asymmetric,0.5394290418610502,442,fsm_no_alignment
1.0,1.0,0.0,0.0,0.0,0.0578659363090992,81,True,asymmetric,0.7669041006137016,443,fsm_no_alignment
0.0,0.0,0.0,0.0,0.0,4.820000171661377,15,True,narrow_entry,0.48507947475726276,444,fsm_no_alignment
0.0,0.0,0.0,0.0,0.0,4.820000171661377,15,True,narrow_entry,0.4448377485215979,445,fsm_no_alignment
0.0,0.0,0.0,1.0,0.0,0.03888678178191185,38,False,false_feasible,0.66534121783125,446,fsm_no_alignment
0.0,0.0,0.0,0.0,0.0,4.820000171661377,27,True,s_shaped,0.8212836740389787,447,fsm_no_alignment
0.0,0.0,0.0,0.0,0.0,4.820000171661377,14,True,l_shaped,0.8343693759552385,448,fsm_no_alignment
0.0,0.0,0.0,0.0,0.0,4.820000171661377,400,True,s_shaped,0.47811239482201906,449,fsm_no_alignment
0.0,0.0,0.0,0.0,0.0,4.820000171661377,14,True,asymmetric,0.6889928791886716,450,fsm_no_alignment
0.0,0.0,0.0,0.0,0.0,4.820000171661377,17,True,l_shaped,0.8473823575317215,451,fsm_no_alignment
1.0,1.0,0.0,1.0,0.0,0.014521811157464981,73,True,narrow_entry,0.4793145141253425,452,fsm_no_alignment
1.0,1.0,0.0,1.0,0.0,0.023054683580994606,81,True,l_shaped,0.7194534275892749,453,fsm_no_alignment
0.0,0.0,0.0,1.0,0.0,0.016704315319657326,54,True,narrow_exit,0.5008313913203086,454,fsm_no_alignment
0.0,0.0,0.0,0.0,0.0,4.820000171661377,33,True,s_shaped,0.7729034384834741,455,fsm_no_alignment
0.0,0.0,0.0,0.0,0.0,0.07654999196529388,400,True,l_shaped,0.8403729584233337,456,fsm_no_alignment
1.0,1.0,0.0,0.0,0.0,0.10189887881278992,83,True,straight,0.7106544776033752,457,fsm_no_alignment
1.0,1.0,0.0,0.0,0.0,0.08416911214590073,83,True,straight,0.8419565890810181,458,fsm_no_alignment
0.0,0.0,0.0,0.0,0.0,0.12179020792245865,30,False,false_feasible,0.699712765526582,459,fsm_no_alignment
0.0,0.0,0.0,1.0,0.0,0.003150458913296461,56,True,l_shaped,0.8596122409195468,460,fsm_no_alignment
0.0,0.0,0.0,0.0,0.0,4.820000171661377,13,True,asymmetric,0.738572957484812,461,fsm_no_alignment
0.0,0.0,0.0,1.0,0.0,0.04186256229877472,33,False,false_feasible,0.5956817875528119,462,fsm_no_alignment
0.0,0.0,0.0,1.0,0.0,0.014945116825401783,36,True,s_shaped,0.5127264132900573,463,fsm_no_alignment
0.0,0.0,0.0,0.0,0.0,4.820000171661377,400,True,s_shaped,0.755607688339683,464,fsm_no_alignment
0.0,0.0,0.0,0.0,0.0,4.820000171661377,400,True,straight,0.6098163806817445,465,fsm_no_alignment
0.0,0.0,0.0,1.0,0.0,0.011200660839676857,64,True,narrow_exit,0.5665171416124553,466,fsm_no_alignment
1.0,1.0,0.0,1.0,0.0,0.007013719528913498,91,True,straight,0.67675689707531,467,fsm_no_alignment
0.0,0.0,0.0,0.0,0.0,4.820000171661377,400,False,false_feasible,0.6659742760173044,468,fsm_no_alignment
0.0,0.0,0.0,1.0,0.0,0.027132265269756317,35,False,false_feasible,0.6379955262578458,469,fsm_no_alignment
0.0,0.0,0.0,0.0,0.0,4.820000171661377,19,True,s_shaped,0.7659543705172558,470,fsm_no_alignment
0.0,0.0,0.0,0.0,0.0,0.06799402087926865,27,False,false_feasible,0.5994554950675489,471,fsm_no_alignment
0.0,0.0,0.0,0.0,0.0,4.820000171661377,19,True,l_shaped,0.7194459474824384,472,fsm_no_alignment
0.0,0.0,0.0,0.0,0.0,4.820000171661377,14,True,narrow_entry,0.4953063595030125,473,fsm_no_alignment
0.0,0.0,0.0,0.0,0.0,4.820000171661377,15,True,l_shaped,0.8390071770842968,474,fsm_no_alignment
0.0,0.0,0.0,0.0,0.0,4.820000171661377,17,True,s_shaped,0.8008481356740824,475,fsm_no_alignment
0.0,0.0,0.0,0.0,0.0,4.820000171661377,400,True,straight,0.45669538558625083,476,fsm_no_alignment
0.0,0.0,0.0,0.0,0.0,0.13316048681735992,48,True,asymmetric,0.7755399381886307,477,fsm_no_alignment
0.0,0.0,0.0,0.0,0.0,4.820000171661377,400,True,narrow_exit,0.5429622343090762,478,fsm_no_alignment
0.0,0.0,0.0,1.0,0.0,0.0008600656874477863,70,True,l_shaped,0.882291560851034,479,fsm_no_alignment
0.0,0.0,0.0,0.0,0.0,4.820000171661377,400,True,asymmetric,0.5689488956035859,480,fsm_no_alignment
0.0,0.0,0.0,0.0,0.0,4.820000171661377,16,True,l_shaped,0.533416030625003,481,fsm_no_alignment
1.0,1.0,0.0,1.0,0.0,0.007439069449901581,93,True,narrow_entry,0.45608961609163023,482,fsm_no_alignment
0.0,0.0,0.0,0.0,0.0,4.820000171661377,20,True,straight,0.46005413463446826,483,fsm_no_alignment
0.0,0.0,0.0,0.0,0.0,4.820000171661377,12,True,straight,0.8795550248747721,484,fsm_no_alignment
1.0,1.0,0.0,1.0,0.0,0.029866494238376617,78,True,narrow_exit,0.5009812265146899,485,fsm_no_alignment
0.0,0.0,0.0,1.0,0.0,0.020491572096943855,55,True,l_shaped,0.548101919685828,486,fsm_no_alignment
0.0,0.0,0.0,0.0,0.0,0.06647954881191254,400,True,l_shaped,0.681719111660769,487,fsm_no_alignment
0.0,0.0,0.0,0.0,0.0,4.820000171661377,17,True,s_shaped,0.6616720988573537,488,fsm_no_alignment
0.0,0.0,0.0,0.0,0.0,4.820000171661377,18,True,asymmetric,0.7987479849360539,489,fsm_no_alignment
0.0,0.0,0.0,0.0,0.0,0.199052631855011,33,False,false_feasible,0.7710663494109717,490,fsm_no_alignment
0.0,0.0,0.0,0.0,0.0,4.820000171661377,15,True,asymmetric,0.5597360027771825,491,fsm_no_alignment
0.0,0.0,0.0,0.0,0.0,4.820000171661377,13,True,l_shaped,0.5024743256492846,492,fsm_no_alignment
0.0,0.0,0.0,0.0,0.0,4.820000171661377,45,True,l_shaped,0.45249321789687336,493,fsm_no_alignment
1.0,1.0,0.0,1.0,0.0,0.01504525076597929,97,True,straight,0.78822288455471,494,fsm_no_alignment
0.0,0.0,0.0,0.0,0.0,4.820000171661377,15,True,narrow_exit,0.45400128804807605,495,fsm_no_alignment
0.0,0.0,0.0,0.0,0.0,4.820000171661377,400,True,l_shaped,0.5302308343152444,496,fsm_no_alignment
0.0,0.0,0.0,0.0,0.0,4.820000171661377,16,True,straight,0.8141176441223474,497,fsm_no_alignment
0.0,0.0,0.0,0.0,0.0,4.820000171661377,15,True,straight,0.783420860840579,498,fsm_no_alignment
0.0,0.0,0.0,0.0,0.0,4.820000171661377,18,True,straight,0.7197207512753752,499,fsm_no_alignment
