success,collision_free_success,collision,tight_passage_rate,body_overlap_rate,min_body_margin,steps,passable,corridor_type,passage_width,episode_idx,method
1.0,1.0,0.0,1.0,0.0,0.012246760539710522,60,True,narrow_entry,0.5745476255840488,0,rule_baseline
0.0,0.0,0.0,0.0,0.0,4.820000171661377,12,True,straight,0.6526736720530052,1,rule_baseline
0.0,0.0,0.0,0.0,0.0,0.11102550476789474,27,True,asymmetric,0.649536389472299,2,rule_baseline
0.0,0.0,0.0,1.0,0.0,0.010245800949633121,59,True,l_shaped,0.8868141109777066,3,rule_baseline
0.0,0.0,0.0,0.0,0.0,4.820000171661377,12,True,straight,0.7573720289591046,4,rule_baseline
0.0,0.0,0.0,0.0,0.0,4.820000171661377,14,True,l_shaped,0.6613001150741136,5,rule_baseline
0.0,0.0,0.0,1.0,0.0,0.02238045074045658,40,True,s_shaped,0.8247051882260268,6,rule_baseline
0.0,0.0,0.0,1.0,0.0,0.00474197743460536,55,True,narrow_exit,0.42132520855518096,7,rule_baseline
0.0,0.0,0.0,0.0,0.0,0.17256787419319153,400,True,s_shaped,0.7059335381788022,8,rule_baseline
0.0,0.0,0.0,1.0,0.0,0.011388128623366356,39,True,narrow_exit,0.47471101765127016,9,rule_baseline
0.0,0.0,0.0,0.0,0.0,0.0907980352640152,29,True,asymmetric,0.5552727686394033,10,rule_baseline
0.0,0.0,0.0,1.0,0.0,0.03813779354095459,36,True,narrow_exit,0.4500551255833867,11,rule_baseline
1.0,1.0,0.0,0.0,0.0,0.05284475162625313,62,True,straight,0.6754701487965136,12,rule_baseline
0.0,0.0,0.0,0.0,0.0,4.820000171661377,13,True,l_shaped,0.5856804401165445,13,rule_baseline
0.0,0.0,0.0,0.0,0.0,0.06424558907747269,38,False,false_feasible,0.6164674903648799,14,rule_baseline
0.0,0.0,0.0,1.0,0.0,0.01834622025489807,28,False,false_feasible,0.6005908411988077,15,rule_baseline
0.0,0.0,0.0,0.0,0.0,4.820000171661377,14,True,s_shaped,0.7322889783160995,16,rule_baseline
0.0,0.0,0.0,0.0,0.0,4.820000171661377,14,True,l_shaped,0.5150358849897211,17,rule_baseline
0.0,0.0,0.0,0.0,0.0,4.820000171661377,14,True,l_shaped,0.7159119711666375,18,rule_baseline
0.0,0.0,0.0,0.0,0.0,0.0686093419790268,400,True,s_shaped,0.6708181474595345,19,rule_baseline
0.0,0.0,0.0,0.0,0.0,4.820000171661377,14,True,s_shaped,0.4597254359461487,20,rule_baseline
0.0,0.0,0.0,0.0,0.0,4.820000171661377,13,True,l_shaped,0.7467401856113558,21,rule_baseline
1.0,1.0,0.0,1.0,0.0,0.04317155107855797,69,True,straight,0.6996836112261675,22,rule_baseline
0.0,0.0,0.0,0.0,0.0,4.820000171661377,14,True,l_shaped,0.8788047277813853,23,rule_baseline
0.0,0.0,0.0,0.0,0.0,4.820000171661377,11,True,straight,0.645793677001367,24,rule_baseline
1.0,1.0,0.0,0.0,0.0,0.0857706069946289,73,True,asymmetric,0.8520509878640384,25,rule_baseline
0.0,0.0,0.0,0.0,0.0,4.820000171661377,13,True,narrow_entry,0.5886263670960803,26,rule_baseline
1.0,1.0,0.0,1.0,0.0,0.013306783512234688,81,True,narrow_exit,0.475858261122017,27,rule_baseline
0.0,0.0,0.0,0.0,0.0,4.820000171661377,13,True,straight,0.5533452134994848,28,rule_baseline
0.0,0.0,0.0,1.0,0.0,0.035890232771635056,400,True,s_shaped,0.762418096039299,29,rule_baseline
1.0,1.0,0.0,0.0,0.0,0.1555977612733841,69,True,straight,0.8674031479529285,30,rule_baseline
0.0,0.0,0.0,1.0,0.0,0.008547906763851643,42,True,narrow_exit,0.5864655172761648,31,rule_baseline
1.0,1.0,0.0,0.0,0.0,0.13366329669952393,88,True,straight,0.6386014436923367,32,rule_baseline
0.0,0.0,0.0,0.0,0.0,4.820000171661377,12,True,asymmetric,0.6603217206998813,33,rule_baseline
0.0,0.0,0.0,0.0,0.0,0.12532350420951843,400,True,s_shaped,0.722707119315005,34,rule_baseline
0.0,0.0,0.0,1.0,0.0,0.003354390151798725,37,True,asymmetric,0.6542535969343349,35,rule_baseline
0.0,0.0,0.0,1.0,0.0,0.023596305400133133,45,True,narrow_exit,0.47586024130633336,36,rule_baseline
0.0,0.0,0.0,0.0,0.0,4.820000171661377,13,True,straight,0.5019705286494097,37,rule_baseline
1.0,1.0,0.0,0.0,0.0,0.14745785295963287,78,True,straight,0.7160147172499371,38,rule_baseline
0.0,0.0,0.0,0.0,0.0,0.10766783356666565,400,True,s_shaped,0.8437522240055739,39,rule_baseline
0.0,0.0,0.0,0.0,0.0,4.820000171661377,14,True,s_shaped,0.4721643539674173,40,rule_baseline
1.0,1.0,0.0,1.0,0.0,0.03239784017205238,87,True,straight,0.8296087282189888,41,rule_baseline
0.0,0.0,0.0,0.0,0.0,4.820000171661377,12,True,narrow_entry,0.5602193438240632,42,rule_baseline
0.0,0.0,0.0,0.0,0.0,0.18061774969100952,400,True,l_shaped,0.7378034720566995,43,rule_baseline
0.0,0.0,0.0,0.0,0.0,4.820000171661377,14,True,l_shaped,0.6148766024218113,44,rule_baseline
0.0,0.0,0.0,0.0,0.0,0.13580499589443207,33,False,false_feasible,0.6320903012511723,45,rule_baseline
1.0,1.0,0.0,1.0,0.0,0.012113542295992374,70,True,l_shaped,0.7807019230396308,46,rule_baseline
0.0,0.0,0.0,0.0,0.0,4.820000171661377,13,True,straight,0.7765720327221421,47,rule_baseline
0.0,0.0,0.0,0.0,0.0,0.07393787801265717,35,False,false_feasible,0.6984205011165886,48,rule_baseline
0.0,0.0,0.0,1.0,0.0,0.0015723488759249449,49,True,narrow_exit,0.5230374925260929,49,rule_baseline
0.0,0.0,0.0,1.0,0.0,0.005516946781426668,42,True,s_shaped,0.7198170486851756,50,rule_baseline
1.0,1.0,0.0,1.0,0.0,0.015198901295661926,81,True,narrow_entry,0.48005479649908284,51,rule_baseline
1.0,1.0,0.0,0.0,0.0,0.061696168035268784,86,True,straight,0.5165025176439862,52,rule_baseline
0.0,0.0,0.0,0.0,0.0,4.820000171661377,12,True,narrow_entry,0.5885051976309232,53,rule_baseline
0.0,0.0,0.0,0.0,0.0,4.820000171661377,12,False,false_feasible,0.7626334197976957,54,rule_baseline
0.0,0.0,0.0,0.0,0.0,4.820000171661377,12,True,asymmetric,0.5829115614048405,55,rule_baseline
0.0,0.0,0.0,1.0,0.0,0.00462919007986784,28,False,false_feasible,0.6209771094660098,56,rule_baseline
0.0,0.0,0.0,0.0,0.0,4.820000171661377,13,True,asymmetric,0.46304977644201123,57,rule_baseline
1.0,1.0,0.0,1.0,0.0,0.030701663345098495,58,True,straight,0.4524434253579152,58,rule_baseline
0.0,0.0,0.0,0.0,0.0,0.1247483342885971,400,True,l_shaped,0.8322339793153828,59,rule_baseline
0.0,0.0,0.0,1.0,0.0,0.03257107362151146,35,True,asymmetric,0.4680680847961799,60,rule_baseline
1.0,1.0,0.0,0.0,0.0,0.06948433816432953,63,True,straight,0.7805794913708227,61,rule_baseline
0.0,0.0,0.0,0.0,0.0,4.820000171661377,12,False,false_feasible,0.563625078747824,62,rule_baseline
1.0,1.0,0.0,0.0,0.0,0.1404413878917694,72,True,straight,0.8910122307993866,63,rule_baseline
1.0,1.0,0.0,1.0,0.0,0.03708384931087494,75,True,narrow_exit,0.4742416738526492,64,rule_baseline
1.0,1.0,0.0,0.0,0.0,0.1250164806842804,70,True,straight,0.6787587323011239,65,rule_baseline
1.0,1.0,0.0,0.0,0.0,0.05765252187848091,66,True,straight,0.5751339956015659,66,rule_baseline
0.0,0.0,0.0,1.0,0.0,0.009508004412055016,42,True,narrow_exit,0.45917313480545313,67,rule_baseline
0.0,0.0,0.0,0.0,0.0,4.820000171661377,14,True,s_shaped,0.551516790691895,68,rule_baseline
0.0,0.0,0.0,0.0,0.0,4.820000171661377,12,True,narrow_entry,0.49765527513238017,69,rule_baseline
0.0,0.0,0.0,1.0,0.0,0.02081163413822651,30,False,false_feasible,0.6800687786851423,70,rule_baseline
0.0,0.0,0.0,0.0,0.0,4.820000171661377,13,True,asymmetric,0.47500556260809507,71,rule_baseline
1.0,1.0,0.0,0.0,0.0,0.11241841316223145,69,True,asymmetric,0.8354466106085512,72,rule_baseline
0.0,0.0,0.0,0.0,0.0,4.820000171661377,12,False,false_feasible,0.6277403774801916,73,rule_baseline
0.0,0.0,0.0,0.0,0.0,4.820000171661377,14,True,s_shaped,0.5236880869162331,74,rule_baseline
0.0,0.0,0.0,0.0,0.0,4.820000171661377,12,True,straight,0.651710525964458,75,rule_baseline
0.0,0.0,0.0,1.0,0.0,0.04292897507548332,400,True,s_shaped,0.6611971203856806,76,rule_baseline
0.0,0.0,0.0,0.0,0.0,0.12675423920154572,400,True,s_shaped,0.7139003278566582,77,rule_baseline
0.0,0.0,0.0,1.0,0.0,0.0042983293533325195,42,True,narrow_exit,0.4859895092878702,78,rule_baseline
0.0,0.0,0.0,0.0,0.0,4.820000171661377,12,True,narrow_entry,0.5108624669226296,79,rule_baseline
0.0,0.0,0.0,1.0,0.0,0.02637418732047081,400,True,s_shaped,0.49724087215323176,80,rule_baseline
1.0,1.0,0.0,0.0,0.0,0.14514140784740448,71,True,straight,0.867357206326812,81,rule_baseline
1.0,1.0,0.0,0.0,0.0,0.10273317992687225,79,True,straight,0.5751099479703663,82,rule_baseline
1.0,1.0,0.0,1.0,0.0,0.015861565247178078,80,True,narrow_exit,0.5825990169535296,83,rule_baseline
1.0,1.0,0.0,0.0,0.0,0.20241424441337585,71,True,straight,0.7795860763472044,84,rule_baseline
0.0,0.0,0.0,0.0,0.0,4.820000171661377,12,False,false_feasible,0.6220570613719764,85,rule_baseline
1.0,1.0,0.0,1.0,0.0,0.0030436611268669367,79,True,s_shaped,0.8934930762727168,86,rule_baseline
1.0,1.0,0.0,1.0,0.0,0.03581627458333969,84,True,asymmetric,0.8661157502489499,87,rule_baseline
0.0,0.0,0.0,0.0,0.0,4.820000171661377,12,True,narrow_entry,0.5757821786500192,88,rule_baseline
0.0,0.0,0.0,0.0,0.0,4.820000171661377,12,True,asymmetric,0.4520250562228466,89,rule_baseline
0.0,0.0,0.0,1.0,0.0,0.004903600551187992,48,True,l_shaped,0.8337515083343607,90,rule_baseline
0.0,0.0,0.0,1.0,0.0,0.00820042472332716,44,True,l_shaped,0.8489509029773412,91,rule_baseline
0.0,0.0,0.0,0.0,0.0,0.08493978530168533,26,False,false_feasible,0.6519854877828206,92,rule_baseline
0.0,0.0,0.0,0.0,0.0,0.07163266837596893,25,False,false_feasible,0.5835917283282654,93,rule_baseline
0.0,0.0,0.0,0.0,0.0,4.820000171661377,13,True,l_shaped,0.6391717971773747,94,rule_baseline
0.0,0.0,0.0,0.0,0.0,0.09194605052471161,400,True,l_shaped,0.5964042287325046,95,rule_baseline
0.0,0.0,0.0,0.0,0.0,4.820000171661377,14,True,l_shaped,0.5586174277319983,96,rule_baseline
0.0,0.0,0.0,0.0,0.0,4.820000171661377,11,True,narrow_entry,0.4989095265451547,97,rule_baseline
1.0,1.0,0.0,0.0,0.0,0.06585252285003662,77,True,narrow_entry,0.521190732072763,98,rule_baseline
1.0,1.0,0.0,0.0,0.0,0.06306497752666473,61,True,straight,0.8818985350481492,99,rule_baseline
1.0,1.0,0.0,0.0,0.0,0.1094268187880516,73,True,straight,0.6548030290852931,100,rule_baseline
0.0,0.0,0.0,0.0,0.0,4.820000171661377,13,True,straight,0.6230269700954676,101,rule_baseline
0.0,0.0,0.0,0.0,0.0,4.820000171661377,14,True,l_shaped,0.6273565997301439,102,rule_baseline
0.0,0.0,0.0,1.0,0.0,0.0002637268917169422,35,True,s_shaped,0.6702759029282437,103,rule_baseline
0.0,0.0,0.0,0.0,0.0,4.820000171661377,13,True,l_shaped,0.6659385302479793,104,rule_baseline
0.0,0.0,0.0,0.0,0.0,4.820000171661377,14,True,s_shaped,0.77020111871855,105,rule_baseline
0.0,0.0,0.0,0.0,0.0,4.820000171661377,12,True,straight,0.4997832604029915,106,rule_baseline
1.0,1.0,0.0,1.0,0.0,0.014510853216052055,77,True,narrow_exit,0.5736065026816259,107,rule_baseline
1.0,1.0,0.0,1.0,0.0,0.011524769477546215,78,True,l_shaped,0.8634571564062063,108,rule_baseline
0.0,0.0,0.0,0.0,0.0,0.1858254373073578,400,True,l_shaped,0.809646085008671,109,rule_baseline
0.0,0.0,0.0,0.0,0.0,4.820000171661377,13,True,straight,0.6059153949332314,110,rule_baseline
0.0,0.0,0.0,0.0,0.0,4.820000171661377,12,True,narrow_entry,0.47708757080339614,111,rule_baseline
0.0,0.0,0.0,0.0,0.0,4.820000171661377,11,True,straight,0.6782817157119195,112,rule_baseline
0.0,0.0,0.0,0.0,0.0,0.05328300967812538,38,False,false_feasible,0.5817274938796283,113,rule_baseline
0.0,0.0,0.0,1.0,0.0,0.025389453396201134,39,True,narrow_exit,0.5705241318316682,114,rule_baseline
0.0,0.0,0.0,0.0,0.0,0.07788533717393875,400,True,l_shaped,0.7248465599559383,115,rule_baseline
1.0,1.0,0.0,1.0,0.0,0.046119123697280884,57,True,narrow_entry,0.4954690298221449,116,rule_baseline
1.0,1.0,0.0,0.0,0.0,0.1103028804063797,70,True,straight,0.8503453897539288,117,rule_baseline
0.0,0.0,0.0,0.0,0.0,0.05000917986035347,38,False,false_feasible,0.5998854982248727,118,rule_baseline
0.0,0.0,0.0,0.0,0.0,0.07729703933000565,400,True,l_shaped,0.6826587690822432,119,rule_baseline
0.0,0.0,0.0,0.0,0.0,4.820000171661377,13,False,false_feasible,0.7495243589545832,120,rule_baseline
1.0,1.0,0.0,1.0,0.0,0.007370861247181892,76,True,narrow_entry,0.4910333798670148,121,rule_baseline
0.0,0.0,0.0,1.0,0.0,0.00727054663002491,28,False,false_feasible,0.5991855451876579,122,rule_baseline
0.0,0.0,0.0,0.0,0.0,4.820000171661377,12,False,false_feasible,0.5747311262762056,123,rule_baseline
0.0,0.0,0.0,0.0,0.0,0.05729899927973747,400,True,s_shaped,0.5667479279345404,124,rule_baseline
0.0,0.0,0.0,0.0,0.0,4.820000171661377,13,True,l_shaped,0.5826482773085442,125,rule_baseline
0.0,0.0,0.0,0.0,0.0,0.059129420667886734,28,False,false_feasible,0.5844483839819513,126,rule_baseline
0.0,0.0,0.0,0.0,0.0,4.820000171661377,13,True,straight,0.5639649634800888,127,rule_baseline
0.0,0.0,0.0,0.0,0.0,4.820000171661377,12,True,narrow_entry,0.4868254746758899,128,rule_baseline
1.0,1.0,0.0,0.0,0.0,0.08582819998264313,61,True,straight,0.8532549370906337,129,rule_baseline
0.0,0.0,0.0,0.0,0.0,4.820000171661377,12,True,straight,0.6361055690894865,130,rule_baseline
1.0,1.0,0.0,1.0,0.0,0.017896611243486404,69,True,asymmetric,0.8435588129350073,131,rule_baseline
1.0,1.0,0.0,0.0,0.0,0.05933742597699165,73,True,asymmetric,0.7998114209974616,132,rule_baseline
0.0,0.0,0.0,0.0,0.0,4.820000171661377,12,True,straight,0.8785123721305574,133,rule_baseline
0.0,0.0,0.0,1.0,0.0,0.022002076730132103,44,True,narrow_exit,0.4254098241770122,134,rule_baseline
0.0,0.0,0.0,1.0,0.0,0.010389174334704876,400,True,s_shaped,0.6302030603603752,135,rule_baseline
1.0,1.0,0.0,1.0,0.0,0.046809952706098557,69,True,straight,0.8642996362231056,136,rule_baseline
1.0,1.0,0.0,1.0,0.0,0.049208998680114746,63,True,narrow_entry,0.5551509452540747,137,rule_baseline
1.0,1.0,0.0,0.0,0.0,0.05473773181438446,67,True,straight,0.8970158242850301,138,rule_baseline
0.0,0.0,0.0,0.0,0.0,4.820000171661377,12,True,straight,0.5185470195709091,139,rule_baseline
0.0,0.0,0.0,1.0,0.0,0.01226152665913105,48,True,l_shaped,0.7767810577727555,140,rule_baseline
0.0,0.0,0.0,1.0,0.0,0.010983374901115894,400,True,l_shaped,0.5297559755621727,141,rule_baseline
0.0,0.0,0.0,0.0,0.0,4.820000171661377,12,True,narrow_entry,0.5156544860875039,142,rule_baseline
0.0,0.0,0.0,1.0,0.0,0.0032563155982643366,40,True,s_shaped,0.7028185185283498,143,rule_baseline
0.0,0.0,0.0,1.0,0.0,0.0005729797994717956,400,True,s_shaped,0.6480225487050986,144,rule_baseline
0.0,0.0,0.0,0.0,0.0,4.820000171661377,13,True,l_shaped,0.5390144312666386,145,rule_baseline
0.0,0.0,0.0,0.0,0.0,4.820000171661377,14,True,l_shaped,0.5123945233050388,146,rule_baseline
0.0,0.0,0.0,0.0,0.0,4.820000171661377,12,True,narrow_entry,0.5298108869196912,147,rule_baseline
0.0,0.0,0.0,1.0,0.0,0.009688655845820904,47,True,narrow_exit,0.5775193703980521,148,rule_baseline
0.0,0.0,0.0,0.0,0.0,4.820000171661377,14,True,l_shaped,0.6950467809186028,149,rule_baseline
0.0,0.0,0.0,0.0,0.0,0.206679567694664,33,False,false_feasible,0.7945511076911403,150,rule_baseline
0.0,0.0,0.0,1.0,0.0,0.017375720664858818,43,True,narrow_exit,0.5254730473372898,151,rule_baseline
0.0,0.0,0.0,0.0,0.0,4.820000171661377,12,True,straight,0.4533781647599999,152,rule_baseline
1.0,1.0,0.0,0.0,0.0,0.09873317182064056,61,True,straight,0.798451155532373,153,rule_baseline
1.0,1.0,0.0,0.0,0.0,0.07325828820466995,70,True,straight,0.5192836121599319,154,rule_baseline
0.0,0.0,0.0,0.0,0.0,4.820000171661377,12,False,false_feasible,0.5844993793369764,155,rule_baseline
1.0,1.0,0.0,0.0,0.0,0.11743603646755219,74,True,straight,0.6405729276058443,156,rule_baseline
0.0,0.0,0.0,1.0,0.0,0.01706582121551037,40,True,narrow_exit,0.5129626924744154,157,rule_baseline
0.0,0.0,0.0,1.0,0.0,0.014420668594539165,400,True,s_shaped,0.6411496161669552,158,rule_baseline
0.0,0.0,0.0,0.0,0.0,4.820000171661377,14,True,s_shaped,0.5946955570084048,159,rule_baseline
0.0,0.0,0.0,0.0,0.0,4.820000171661377,12,True,straight,0.5190864849245762,160,rule_baseline
0.0,0.0,0.0,0.0,0.0,4.820000171661377,12,True,straight,0.6463424968624184,161,rule_baseline
0.0,0.0,0.0,0.0,0.0,4.820000171661377,13,True,asymmetric,0.525600381860042,162,rule_baseline
0.0,0.0,0.0,0.0,0.0,0.08145645260810852,400,True,l_shaped,0.7820089002478678,163,rule_baseline
0.0,0.0,0.0,0.0,0.0,4.820000171661377,14,True,l_shaped,0.5486351474153845,164,rule_baseline
0.0,0.0,0.0,0.0,0.0,4.820000171661377,12,True,straight,0.8203984302631049,165,rule_baseline
0.0,0.0,0.0,1.0,0.0,0.003885143669322133,62,True,narrow_exit,0.5775151558297348,166,rule_baseline
0.0,0.0,0.0,1.0,0.0,0.024359088391065598,51,True,narrow_exit,0.5219557171457361,167,rule_baseline
1.0,1.0,0.0,0.0,0.0,0.07057179510593414,72,True,straight,0.720701303605207,168,rule_baseline
0.0,0.0,0.0,0.0,0.0,4.820000171661377,12,True,narrow_entry,0.5210201522202079,169,rule_baseline
0.0,0.0,0.0,0.0,0.0,4.820000171661377,12,True,narrow_exit,0.4582098849913337,170,rule_baseline
0.0,0.0,0.0,0.0,0.0,4.820000171661377,14,True,s_shaped,0.6642412905053974,171,rule_baseline
0.0,0.0,0.0,0.0,0.0,4.820000171661377,14,True,l_shaped,0.49462063676946644,172,rule_baseline
0.0,0.0,0.0,1.0,0.0,0.0051147365011274815,38,True,l_shaped,0.6123414089332142,173,rule_baseline
0.0,0.0,0.0,1.0,0.0,0.02136593870818615,25,True,asymmetric,0.8683499794137999,174,rule_baseline
0.0,0.0,0.0,0.0,0.0,4.820000171661377,13,True,narrow_entry,0.5146908948394837,175,rule_baseline
0.0,0.0,0.0,0.0,0.0,4.820000171661377,12,True,narrow_exit,0.5961541459020789,176,rule_baseline
0.0,0.0,0.0,0.0,0.0,4.820000171661377,14,True,l_shaped,0.7131387162622216,177,rule_baseline
0.0,0.0,0.0,1.0,0.0,0.0013541360385715961,50,True,narrow_exit,0.49767342066372383,178,rule_baseline
0.0,0.0,0.0,0.0,0.0,0.09690861403942108,400,True,l_shaped,0.6529709250833649,179,rule_baseline
0.0,0.0,0.0,1.0,0.0,0.04430516064167023,38,True,l_shaped,0.6203667544018789,180,rule_baseline
0.0,0.0,0.0,1.0,0.0,0.014618058688938618,55,True,narrow_exit,0.5688221787462739,181,rule_baseline
0.0,0.0,0.0,0.0,0.0,0.11847851425409317,24,False,false_feasible,0.7809751001363575,182,rule_baseline
0.0,0.0,0.0,0.0,0.0,4.820000171661377,13,True,narrow_entry,0.5093551468390755,183,rule_baseline
0.0,0.0,0.0,1.0,0.0,0.00480478722602129,43,True,l_shaped,0.7042850597838175,184,rule_baseline
0.0,0.0,0.0,0.0,0.0,4.820000171661377,13,False,false_feasible,0.7639105304256009,185,rule_baseline
0.0,0.0,0.0,1.0,0.0,0.007348981685936451,42,True,s_shaped,0.7039767061616304,186,rule_baseline
1.0,1.0,0.0,1.0,0.0,0.04082662984728813,84,True,narrow_entry,0.47119148422321355,187,rule_baseline
1.0,1.0,0.0,1.0,0.0,0.041987527161836624,76,True,narrow_exit,0.48781212141747776,188,rule_baseline
0.0,0.0,0.0,0.0,0.0,4.820000171661377,14,True,l_shaped,0.5128306443806043,189,rule_baseline
1.0,1.0,0.0,1.0,0.0,0.039620112627744675,59,True,asymmetric,0.888487705398981,190,rule_baseline
0.0,0.0,0.0,0.0,0.0,4.820000171661377,11,True,straight,0.6905703380801739,191,rule_baseline
0.0,0.0,0.0,0.0,0.0,4.820000171661377,11,True,narrow_entry,0.5825380476131046,192,rule_baseline
0.0,0.0,0.0,0.0,0.0,0.05340959131717682,41,True,asymmetric,0.5200909519385607,193,rule_baseline
0.0,0.0,0.0,0.0,0.0,0.055700842291116714,32,False,false_feasible,0.5973408729182135,194,rule_baseline
0.0,0.0,0.0,0.0,0.0,0.07368113100528717,27,False,false_feasible,0.7858455878194632,195,rule_baseline
0.0,0.0,0.0,0.0,0.0,4.820000171661377,12,True,narrow_entry,0.5021526944223321,196,rule_baseline
0.0,0.0,0.0,0.0,0.0,4.820000171661377,13,True,narrow_entry,0.5875232079380317,197,rule_baseline
0.0,0.0,0.0,0.0,0.0,4.820000171661377,13,True,l_shaped,0.6820900543296231,198,rule_baseline
0.0,0.0,0.0,0.0,0.0,4.820000171661377,12,True,straight,0.5378059084915514,199,rule_baseline
1.0,1.0,0.0,0.0,0.0,0.060332003980875015,84,True,narrow_exit,0.531202003531005,200,rule_baseline
0.0,0.0,0.0,0.0,0.0,0.08381174504756927,400,True,l_shaped,0.6470287045541268,201,rule_baseline
0.0,0.0,0.0,1.0,0.0,0.0010883499635383487,55,True,l_shaped,0.7439363482602684,202,rule_baseline
0.0,0.0,0.0,0.0,0.0,4.820000171661377,12,False,false_feasible,0.5768280907081301,203,rule_baseline
0.0,0.0,0.0,0.0,0.0,4.820000171661377,14,True,s_shaped,0.6397947282215526,204,rule_baseline
0.0,0.0,0.0,0.0,0.0,0.09691473096609116,400,True,s_shaped,0.8535399172158142,205,rule_baseline
0.0,0.0,0.0,1.0,0.0,0.0182426068931818,48,True,narrow_exit,0.48258125427046256,206,rule_baseline
1.0,1.0,0.0,1.0,0.0,0.039569590240716934,74,True,s_shaped,0.8154553325341767,207,rule_baseline
0.0,0.0,0.0,0.0,0.0,4.820000171661377,12,True,straight,0.7320712422528939,208,rule_baseline
1.0,1.0,0.0,0.0,0.0,0.13491716980934143,62,True,straight,0.8802209967851831,209,rule_baseline
0.0,0.0,0.0,1.0,0.0,0.015640728175640106,41,True,s_shaped,0.8472715047153352,210,rule_baseline
0.0,0.0,0.0,0.0,0.0,4.820000171661377,14,True,l_shaped,0.5887499417787799,211,rule_baseline
1.0,1.0,0.0,0.0,0.0,0.07387702912092209,83,True,narrow_entry,0.5667131573193758,212,rule_baseline
0.0,0.0,0.0,0.0,0.0,4.820000171661377,14,True,s_shaped,0.6264270100869495,213,rule_baseline
0.0,0.0,0.0,1.0,0.0,0.03671815246343613,41,True,l_shaped,0.6161727786034359,214,rule_baseline
1.0,1.0,0.0,0.0,0.0,0.0686659887433052,76,True,asymmetric,0.8994733368001464,215,rule_baseline
1.0,1.0,0.0,0.0,0.0,0.0975315272808075,72,True,straight,0.6647402849773161,216,rule_baseline
0.0,0.0,0.0,0.0,0.0,4.820000171661377,12,True,narrow_exit,0.4605319798989982,217,rule_baseline
0.0,0.0,0.0,1.0,0.0,0.030924415215849876,38,True,asymmetric,0.5914565741834572,218,rule_baseline
0.0,0.0,0.0,0.0,0.0,4.820000171661377,14,True,l_shaped,0.5264099881977184,219,rule_baseline
0.0,0.0,0.0,0.0,0.0,4.820000171661377,12,True,narrow_exit,0.5661578762718981,220,rule_baseline
0.0,0.0,0.0,0.0,0.0,0.09486398100852966,31,True,asymmetric,0.5558653747870402,221,rule_baseline
1.0,1.0,0.0,1.0,0.0,0.03498074412345886,63,True,narrow_entry,0.4880972425602814,222,rule_baseline
0.0,0.0,0.0,0.0,0.0,4.820000171661377,12,True,straight,0.5435991331688073,223,rule_baseline
0.0,0.0,0.0,0.0,0.0,0.17068561911582947,400,True,l_shaped,0.7861841102834488,224,rule_baseline
0.0,0.0,0.0,0.0,0.0,4.820000171661377,12,True,asymmetric,0.739013588355597,225,rule_baseline
1.0,1.0,0.0,1.0,0.0,0.030619904398918152,63,True,narrow_entry,0.4376018395401797,226,rule_baseline
0.0,0.0,0.0,0.0,0.0,4.820000171661377,13,True,narrow_entry,0.5644897089519058,227,rule_baseline
0.0,0.0,0.0,1.0,0.0,0.016773227602243423,39,True,s_shaped,0.5511102635456432,228,rule_baseline
0.0,0.0,0.0,0.0,0.0,4.820000171661377,13,True,l_shaped,0.862828015169764,229,rule_baseline
0.0,0.0,0.0,0.0,0.0,4.820000171661377,13,True,l_shaped,0.7285123715280867,230,rule_baseline
0.0,0.0,0.0,1.0,0.0,0.005447989329695702,39,True,s_shaped,0.8445051624382662,231,rule_baseline
0.0,0.0,0.0,1.0,0.0,0.01845451258122921,48,True,l_shaped,0.676293721641159,232,rule_baseline
0.0,0.0,0.0,1.0,0.0,0.013197913765907288,53,True,l_shaped,0.7814354479658496,233,rule_baseline
0.0,0.0,0.0,0.0,0.0,4.820000171661377,12,True,narrow_entry,0.5971533476906399,234,rule_baseline
0.0,0.0,0.0,1.0,0.0,0.025441881269216537,400,True,s_shaped,0.8439925700372564,235,rule_baseline
0.0,0.0,0.0,0.0,0.0,4.820000171661377,12,True,narrow_entry,0.5291453112387963,236,rule_baseline
0.0,0.0,0.0,1.0,0.0,0.0161809790879488,46,True,narrow_exit,0.4826896590230621,237,rule_baseline
1.0,1.0,0.0,0.0,0.0,0.0609830878674984,65,True,straight,0.7873675879700865,238,rule_baseline
0.0,0.0,0.0,0.0,0.0,4.820000171661377,12,True,asymmetric,0.5471661556940697,239,rule_baseline
0.0,0.0,0.0,0.0,0.0,4.820000171661377,12,True,narrow_entry,0.5539190500850983,240,rule_baseline
1.0,1.0,0.0,0.0,0.0,0.07831300050020218,68,True,asymmetric,0.8152885670486694,241,rule_baseline
0.0,0.0,0.0,0.0,0.0,4.820000171661377,14,True,l_shaped,0.5261106183222851,242,rule_baseline
1.0,1.0,0.0,0.0,0.0,0.06876226514577866,83,True,straight,0.5096439364281361,243,rule_baseline
1.0,1.0,0.0,1.0,0.0,0.004066778346896172,79,True,narrow_exit,0.5139825167225671,244,rule_baseline
1.0,1.0,0.0,0.0,0.0,0.0825352743268013,65,True,straight,0.8084572784112112,245,rule_baseline
0.0,0.0,0.0,0.0,0.0,0.058292288333177567,33,True,asymmetric,0.5985905830189792,246,rule_baseline
1.0,1.0,0.0,1.0,0.0,0.034048378467559814,66,True,narrow_exit,0.5223900849691774,247,rule_baseline
1.0,1.0,0.0,0.0,0.0,0.07551350444555283,78,True,narrow_exit,0.5414550641484401,248,rule_baseline
0.0,0.0,0.0,0.0,0.0,4.820000171661377,12,True,straight,0.5500655675535648,249,rule_baseline
0.0,0.0,0.0,0.0,0.0,4.820000171661377,12,True,asymmetric,0.6956092285827585,250,rule_baseline
0.0,0.0,0.0,0.0,0.0,4.820000171661377,14,True,s_shaped,0.7208986335873884,251,rule_baseline
0.0,0.0,0.0,1.0,0.0,0.02027219906449318,400,True,s_shaped,0.8829899948406159,252,rule_baseline
0.0,0.0,0.0,0.0,0.0,4.820000171661377,13,True,narrow_entry,0.42578683580451304,253,rule_baseline
0.0,0.0,0.0,0.0,0.0,4.820000171661377,14,True,l_shaped,0.7387025966839585,254,rule_baseline
0.0,0.0,0.0,0.0,0.0,4.820000171661377,12,True,narrow_entry,0.5997891499718648,255,rule_baseline
0.0,0.0,0.0,0.0,0.0,0.13372673094272614,35,False,false_feasible,0.6816933078405769,256,rule_baseline
0.0,0.0,0.0,0.0,0.0,4.820000171661377,13,True,l_shaped,0.64791406911621,257,rule_baseline
0.0,0.0,0.0,1.0,0.0,0.016032550483942032,49,True,l_shaped,0.6962772785421936,258,rule_baseline
0.0,0.0,0.0,0.0,0.0,0.11236149817705154,400,True,l_shaped,0.5988046486258587,259,rule_baseline
0.0,0.0,0.0,0.0,0.0,4.820000171661377,13,True,narrow_entry,0.4238080820561928,260,rule_baseline
0.0,0.0,0.0,0.0,0.0,4.820000171661377,13,True,straight,0.7117772840814217,261,rule_baseline
0.0,0.0,0.0,1.0,0.0,0.014899970032274723,54,True,narrow_exit,0.43292348562480826,262,rule_baseline
0.0,0.0,0.0,0.0,0.0,4.820000171661377,13,False,false_feasible,0.5875098945620526,263,rule_baseline
0.0,0.0,0.0,0.0,0.0,0.052112266421318054,400,True,l_shaped,0.6647548094891085,264,rule_baseline
1.0,1.0,0.0,0.0,0.0,0.12294840812683105,77,True,straight,0.6476303309426706,265,rule_baseline
1.0,1.0,0.0,1.0,0.0,0.010761707089841366,61,True,asymmetric,0.7702676194137246,266,rule_baseline
0.0,0.0,0.0,0.0,0.0,4.820000171661377,14,True,s_shaped,0.6362686435745704,267,rule_baseline
0.0,0.0,0.0,1.0,0.0,0.019048763439059258,38,False,false_feasible,0.5530129657539813,268,rule_baseline
0.0,0.0,0.0,1.0,0.0,0.0105477599427104,40,True,asymmetric,0.7262227151140552,269,rule_baseline
0.0,0.0,0.0,0.0,0.0,4.820000171661377,12,True,narrow_entry,0.5050443619616078,270,rule_baseline
0.0,0.0,0.0,0.0,0.0,4.820000171661377,12,True,straight,0.5488108164909411,271,rule_baseline
0.0,0.0,0.0,1.0,0.0,0.03987717628479004,46,True,l_shaped,0.8368025100385041,272,rule_baseline
0.0,0.0,0.0,1.0,0.0,0.0022905124351382256,60,True,l_shaped,0.7618169657636347,273,rule_baseline
1.0,1.0,0.0,0.0,0.0,0.06502477079629898,81,True,straight,0.6638875280476219,274,rule_baseline
0.0,0.0,0.0,0.0,0.0,4.820000171661377,12,True,asymmetric,0.6840323605176697,275,rule_baseline
0.0,0.0,0.0,0.0,0.0,4.820000171661377,14,True,s_shaped,0.5137375355878072,276,rule_baseline
0.0,0.0,0.0,1.0,0.0,0.0023454702459275723,35,True,s_shaped,0.6848443956099852,277,rule_baseline
1.0,1.0,0.0,1.0,0.0,0.00928717851638794,71,True,straight,0.5617324115483817,278,rule_baseline
0.0,0.0,0.0,1.0,0.0,0.009650195017457008,50,True,l_shaped,0.6886985308213855,279,rule_baseline
0.0,0.0,0.0,0.0,0.0,4.820000171661377,11,True,straight,0.8022692545418904,280,rule_baseline
0.0,0.0,0.0,0.0,0.0,4.820000171661377,11,True,narrow_entry,0.5617600052753791,281,rule_baseline
0.0,0.0,0.0,0.0,0.0,4.820000171661377,14,True,s_shaped,0.5160344549434437,282,rule_baseline
1.0,1.0,0.0,0.0,0.0,0.05484011396765709,61,True,s_shaped,0.8901205856045911,283,rule_baseline
1.0,1.0,0.0,0.0,0.0,0.08130285143852234,86,True,straight,0.6406448042477723,284,rule_baseline
0.0,0.0,0.0,0.0,0.0,4.820000171661377,13,True,l_shaped,0.6770453578667718,285,rule_baseline
0.0,0.0,0.0,0.0,0.0,0.09233984351158142,400,True,s_shaped,0.8894371798868155,286,rule_baseline
1.0,1.0,0.0,0.0,0.0,0.14324705302715302,65,True,straight,0.7536657385826413,287,rule_baseline
0.0,0.0,0.0,0.0,0.0,4.820000171661377,12,True,narrow_entry,0.48503380179348293,288,rule_baseline
0.0,0.0,0.0,0.0,0.0,4.820000171661377,13,True,straight,0.6725701007885039,289,rule_baseline
1.0,1.0,0.0,0.0,0.0,0.199387788772583,87,True,straight,0.813124900959316,290,rule_baseline
0.0,0.0,0.0,0.0,0.0,4.820000171661377,12,True,narrow_entry,0.4814768871962921,291,rule_baseline
1.0,1.0,0.0,0.0,0.0,0.07201728969812393,66,True,straight,0.8674507811043997,292,rule_baseline
0.0,0.0,0.0,0.0,0.0,0.060264695435762405,400,True,l_shaped,0.5732577758727204,293,rule_baseline
0.0,0.0,0.0,1.0,0.0,0.036801960319280624,38,True,l_shaped,0.5975657475888168,294,rule_baseline
0.0,0.0,0.0,0.0,0.0,4.820000171661377,13,False,false_feasible,0.6829559639444835,295,rule_baseline
0.0,0.0,0.0,0.0,0.0,4.820000171661377,13,True,narrow_entry,0.475522732049595,296,rule_baseline
0.0,0.0,0.0,1.0,0.0,0.006054453086107969,53,True,narrow_exit,0.56386012589863,297,rule_baseline
0.0,0.0,0.0,0.0,0.0,4.820000171661377,14,True,s_shaped,0.4691060787726442,298,rule_baseline
0.0,0.0,0.0,0.0,0.0,0.09622371196746826,34,True,asymmetric,0.6416869341657822,299,rule_baseline
0.0,0.0,0.0,0.0,0.0,4.820000171661377,14,True,l_shaped,0.7046055987183408,300,rule_baseline
0.0,0.0,0.0,0.0,0.0,4.820000171661377,12,False,false_feasible,0.5855259814629107,301,rule_baseline
0.0,0.0,0.0,0.0,0.0,4.820000171661377,12,True,straight,0.7037380815620913,302,rule_baseline
0.0,0.0,0.0,0.0,0.0,4.820000171661377,12,True,asymmetric,0.48038729148812404,303,rule_baseline
1.0,1.0,0.0,1.0,0.0,0.0015359936514869332,76,True,straight,0.5954696479642971,304,rule_baseline
0.0,0.0,0.0,1.0,0.0,8.758565854805056e-06,13,True,straight,0.4968681722112922,305,rule_baseline
1.0,1.0,0.0,1.0,0.0,0.02193210832774639,71,True,s_shaped,0.8650609373457014,306,rule_baseline
0.0,0.0,0.0,0.0,0.0,4.820000171661377,14,True,s_shaped,0.6372727560302809,307,rule_baseline
0.0,0.0,0.0,1.0,0.0,0.004752529319375753,55,True,narrow_exit,0.43692381639038946,308,rule_baseline
0.0,0.0,0.0,0.0,0.0,0.09284398704767227,400,True,l_shaped,0.6157548738928549,309,rule_baseline
0.0,0.0,0.0,1.0,0.0,0.007769359741359949,400,True,l_shaped,0.5386317941790119,310,rule_baseline
0.0,0.0,0.0,0.0,0.0,4.820000171661377,12,True,narrow_entry,0.5257535086600513,311,rule_baseline
0.0,0.0,0.0,0.0,0.0,4.820000171661377,14,True,s_shaped,0.7642432835408647,312,rule_baseline
0.0,0.0,0.0,0.0,0.0,0.08232089877128601,400,True,s_shaped,0.7755441157697789,313,rule_baseline
1.0,1.0,0.0,1.0,0.0,0.008459420874714851,64,True,straight,0.7002856335590052,314,rule_baseline
0.0,0.0,0.0,0.0,0.0,4.820000171661377,14,True,s_shaped,0.5346469026546081,315,rule_baseline
1.0,1.0,0.0,1.0,0.0,0.020406736060976982,88,True,straight,0.5815401945434963,316,rule_baseline
0.0,0.0,0.0,0.0,0.0,4.820000171661377,14,True,l_shaped,0.584606314874935,317,rule_baseline
0.0,0.0,0.0,0.0,0.0,0.10726500302553177,28,False,false_feasible,0.6679100476560947,318,rule_baseline
1.0,1.0,0.0,0.0,0.0,0.17695507407188416,59,True,asymmetric,0.8977542377957146,319,rule_baseline
0.0,0.0,0.0,0.0,0.0,4.820000171661377,13,True,narrow_entry,0.5854642047991006,320,rule_baseline
0.0,0.0,0.0,0.0,0.0,4.820000171661377,12,False,false_feasible,0.5995294353530227,321,rule_baseline
0.0,0.0,0.0,0.0,0.0,0.08867593109607697,400,True,s_shaped,0.7603928317998392,322,rule_baseline
0.0,0.0,0.0,0.0,0.0,4.820000171661377,12,True,narrow_entry,0.5502741522345308,323,rule_baseline
1.0,1.0,0.0,0.0,0.0,0.20371249318122864,64,True,straight,0.8341335779160304,324,rule_baseline
0.0,0.0,0.0,0.0,0.0,4.820000171661377,13,True,narrow_entry,0.5101189513190285,325,rule_baseline
1.0,1.0,0.0,1.0,0.0,0.039732348173856735,78,True,asymmetric,0.7493462845218546,326,rule_baseline
0.0,0.0,0.0,0.0,0.0,4.820000171661377,14,True,l_shaped,0.5874662755670266,327,rule_baseline
1.0,1.0,0.0,0.0,0.0,0.1131586879491806,84,True,straight,0.7622367003940507,328,rule_baseline
0.0,0.0,0.0,0.0,0.0,4.820000171661377,13,True,straight,0.4712626524854183,329,rule_baseline
1.0,1.0,0.0,0.0,0.0,0.06678027659654617,68,True,narrow_entry,0.52658390848266,330,rule_baseline
0.0,0.0,0.0,0.0,0.0,4.820000171661377,14,True,l_shaped,0.5352710747342472,331,rule_baseline
0.0,0.0,0.0,1.0,0.0,0.032978255301713943,29,True,asymmetric,0.8125977142540357,332,rule_baseline
0.0,0.0,0.0,0.0,0.0,4.820000171661377,12,False,false_feasible,0.6843593933384942,333,rule_baseline
0.0,0.0,0.0,0.0,0.0,4.820000171661377,12,True,straight,0.5390913358876082,334,rule_baseline
0.0,0.0,0.0,0.0,0.0,4.820000171661377,12,True,narrow_entry,0.5445324710314174,335,rule_baseline
0.0,0.0,0.0,1.0,0.0,0.021389277651906013,58,True,l_shaped,0.7637731478234682,336,rule_baseline
0.0,0.0,0.0,0.0,0.0,0.06207004934549332,30,False,false_feasible,0.6006013198759406,337,rule_baseline
1.0,1.0,0.0,0.0,0.0,0.08225341141223907,82,True,narrow_exit,0.5354784966013542,338,rule_baseline
0.0,0.0,0.0,0.0,0.0,4.820000171661377,12,True,straight,0.5729204433264841,339,rule_baseline
1.0,1.0,0.0,0.0,0.0,0.10188917815685272,64,True,straight,0.716523727699982,340,rule_baseline
1.0,1.0,0.0,1.0,0.0,0.04382723942399025,84,True,narrow_exit,0.5003250038090357,341,rule_baseline
0.0,0.0,0.0,0.0,0.0,4.820000171661377,13,True,straight,0.5143533305968733,342,rule_baseline
0.0,0.0,0.0,0.0,0.0,4.820000171661377,14,True,s_shaped,0.555678073466654,343,rule_baseline
1.0,1.0,0.0,0.0,0.0,0.17493441700935364,87,True,straight,0.7238968886820527,344,rule_baseline
0.0,0.0,0.0,0.0,0.0,4.820000171661377,12,False,false_feasible,0.6805353618022505,345,rule_baseline
0.0,0.0,0.0,0.0,0.0,0.053816333413124084,29,False,false_feasible,0.619299535052635,346,rule_baseline
0.0,0.0,0.0,0.0,0.0,4.820000171661377,14,True,s_shaped,0.5037517961679152,347,rule_baseline
0.0,0.0,0.0,0.0,0.0,4.820000171661377,13,True,l_shaped,0.5234430081230041,348,rule_baseline
0.0,0.0,0.0,0.0,0.0,4.820000171661377,12,False,false_feasible,0.7572718958339757,349,rule_baseline
1.0,1.0,0.0,1.0,0.0,0.019622106105089188,73,True,narrow_exit,0.42223149850484326,350,rule_baseline
0.0,0.0,0.0,0.0,0.0,0.09919880330562592,400,True,l_shaped,0.6873951935237322,351,rule_baseline
0.0,0.0,0.0,0.0,0.0,4.820000171661377,14,True,s_shaped,0.6746761156383666,352,rule_baseline
0.0,0.0,0.0,0.0,0.0,4.820000171661377,14,True,s_shaped,0.4639476548165105,353,rule_baseline
0.0,0.0,0.0,0.0,0.0,4.820000171661377,13,True,straight,0.4949783350985309,354,rule_baseline
0.0,0.0,0.0,1.0,0.0,0.025262540206313133,49,True,narrow_exit,0.5181368822200751,355,rule_baseline
0.0,0.0,0.0,0.0,0.0,0.15814663469791412,22,False,false_feasible,0.7590499377394438,356,rule_baseline
0.0,0.0,0.0,0.0,0.0,4.820000171661377,14,True,s_shaped,0.6310668974274827,357,rule_baseline
0.0,0.0,0.0,0.0,0.0,4.820000171661377,11,True,straight,0.633085127725872,358,rule_baseline
0.0,0.0,0.0,1.0,0.0,0.0010602179681882262,42,True,narrow_exit,0.4256846395247397,359,rule_baseline
1.0,1.0,0.0,1.0,0.0,0.03821539878845215,82,True,l_shaped,0.8489905011575196,360,rule_baseline
1.0,1.0,0.0,0.0,0.0,0.08432985842227936,84,True,straight,0.8373987758344472,361,rule_baseline
0.0,0.0,0.0,0.0,0.0,0.13787493109703064,28,False,false_feasible,0.7829560726988289,362,rule_baseline
1.0,1.0,0.0,0.0,0.0,0.09425812214612961,85,True,straight,0.6734542037162343,363,rule_baseline
0.0,0.0,0.0,1.0,0.0,0.028841087594628334,400,True,s_shaped,0.6589807318427364,364,rule_baseline
1.0,1.0,0.0,1.0,0.0,0.0015462792944163084,85,True,asymmetric,0.5809726586027926,365,rule_baseline
0.0,0.0,0.0,1.0,0.0,0.01857573725283146,41,True,s_shaped,0.8162620576693067,366,rule_baseline
0.0,0.0,0.0,0.0,0.0,0.19190041720867157,400,True,l_shaped,0.8283132767401924,367,rule_baseline
0.0,0.0,0.0,1.0,0.0,0.013600489124655724,42,True,asymmetric,0.48155149441988276,368,rule_baseline
0.0,0.0,0.0,1.0,0.0,0.013602419756352901,51,True,narrow_exit,0.5672103557924545,369,rule_baseline
1.0,1.0,0.0,1.0,0.0,0.02396848052740097,66,True,straight,0.7122071077788414,370,rule_baseline
0.0,0.0,0.0,1.0,0.0,0.01873904839158058,47,True,narrow_exit,0.5907563642249145,371,rule_baseline
1.0,1.0,0.0,0.0,0.0,0.13002732396125793,58,True,straight,0.8188461987908233,372,rule_baseline
0.0,0.0,0.0,0.0,0.0,4.820000171661377,12,True,narrow_exit,0.5662134503646514,373,rule_baseline
1.0,1.0,0.0,0.0,0.0,0.09428141266107559,88,True,straight,0.7392616939501118,374,rule_baseline
1.0,1.0,0.0,0.0,0.0,0.1761808693408966,64,True,straight,0.8372535998731345,375,rule_baseline
0.0,0.0,0.0,0.0,0.0,4.820000171661377,12,True,straight,0.7004187407298574,376,rule_baseline
0.0,0.0,0.0,0.0,0.0,4.820000171661377,14,True,s_shaped,0.5255720912694887,377,rule_baseline
0.0,0.0,0.0,1.0,0.0,0.006942790001630783,400,True,l_shaped,0.6997690282736465,378,rule_baseline
0.0,0.0,0.0,0.0,0.0,4.820000171661377,13,True,narrow_entry,0.43675967955453554,379,rule_baseline
0.0,0.0,0.0,1.0,0.0,0.01684948429465294,46,True,l_shaped,0.5339979466629434,380,rule_baseline
1.0,1.0,0.0,0.0,0.0,0.08329544216394424,83,True,straight,0.8469349692471471,381,rule_baseline
0.0,0.0,0.0,0.0,0.0,4.820000171661377,13,True,narrow_exit,0.5854397396219889,382,rule_baseline
0.0,0.0,0.0,0.0,0.0,4.820000171661377,14,True,s_shaped,0.7539050118042848,383,rule_baseline
0.0,0.0,0.0,0.0,0.0,4.820000171661377,13,True,narrow_entry,0.5367474224646778,384,rule_baseline
0.0,0.0,0.0,0.0,0.0,4.820000171661377,12,True,narrow_exit,0.5445393166870626,385,rule_baseline
0.0,0.0,0.0,0.0,0.0,4.820000171661377,12,True,asymmetric,0.48381273356948834,386,rule_baseline
0.0,0.0,0.0,1.0,0.0,0.015928827226161957,41,True,narrow_exit,0.5086433250600779,387,rule_baseline
1.0,1.0,0.0,1.0,0.0,0.0469743050634861,60,True,l_shaped,0.7789634429167849,388,rule_baseline
0.0,0.0,0.0,0.0,0.0,4.820000171661377,12,True,straight,0.46273153753715157,389,rule_baseline
0.0,0.0,0.0,1.0,0.0,0.04213016852736473,400,True,s_shaped,0.8654906530396146,390,rule_baseline
0.0,0.0,0.0,1.0,0.0,0.035298217087984085,400,True,s_shaped,0.5489970476972676,391,rule_baseline
0.0,0.0,0.0,1.0,0.0,0.003532645059749484,40,True,narrow_exit,0.46868461428884617,392,rule_baseline
0.0,0.0,0.0,0.0,0.0,4.820000171661377,14,True,s_shaped,0.5604103192201321,393,rule_baseline
0.0,0.0,0.0,0.0,0.0,4.820000171661377,13,True,l_shaped,0.6440932266821061,394,rule_baseline
0.0,0.0,0.0,1.0,0.0,0.026002878323197365,400,True,s_shaped,0.7865053754159992,395,rule_baseline
0.0,0.0,0.0,0.0,0.0,4.820000171661377,12,True,straight,0.634698663099951,396,rule_baseline
0.0,0.0,0.0,1.0,0.0,0.012739622965455055,38,True,narrow_exit,0.46491867166896966,397,rule_baseline
0.0,0.0,0.0,0.0,0.0,4.820000171661377,14,True,s_shaped,0.4504454972668738,398,rule_baseline
1.0,1.0,0.0,0.0,0.0,0.1140645295381546,61,True,straight,0.873615105571611,399,rule_baseline
0.0,0.0,0.0,0.0,0.0,0.09976398944854736,28,False,false_feasible,0.7025724879259627,400,rule_baseline
0.0,0.0,0.0,1.0,0.0,0.02872653864324093,42,True,l_shaped,0.8690594978157582,401,rule_baseline
1.0,1.0,0.0,0.0,0.0,0.10684365034103394,75,True,straight,0.8652889633163358,402,rule_baseline
0.0,0.0,0.0,0.0,0.0,4.820000171661377,14,True,s_shaped,0.7530811716263597,403,rule_baseline
0.0,0.0,0.0,0.0,0.0,0.05422000586986542,26,False,false_feasible,0.590261420704985,404,rule_baseline
1.0,1.0,0.0,0.0,0.0,0.07251673936843872,85,True,narrow_exit,0.5213643978453197,405,rule_baseline
0.0,0.0,0.0,0.0,0.0,4.820000171661377,13,True,straight,0.560082209741563,406,rule_baseline
0.0,0.0,0.0,0.0,0.0,4.820000171661377,13,True,asymmetric,0.5258901968122404,407,rule_baseline
1.0,1.0,0.0,1.0,0.0,0.015294301323592663,63,True,straight,0.7995099043571807,408,rule_baseline
0.0,0.0,0.0,0.0,0.0,4.820000171661377,14,True,l_shaped,0.5206614738003867,409,rule_baseline
1.0,1.0,0.0,0.0,0.0,0.13435934484004974,65,True,straight,0.7164804345775513,410,rule_baseline
0.0,0.0,0.0,0.0,0.0,4.820000171661377,14,True,l_shaped,0.7082303859110689,411,rule_baseline
0.0,0.0,0.0,0.0,0.0,0.14493146538734436,400,True,s_shaped,0.818787587347954,412,rule_baseline
1.0,1.0,0.0,0.0,0.0,0.10635211318731308,59,True,straight,0.7228127787525637,413,rule_baseline
0.0,0.0,0.0,1.0,0.0,0.02222159504890442,36,True,s_shaped,0.5221521562242907,414,rule_baseline
0.0,0.0,0.0,0.0,0.0,0.11355593800544739,400,True,s_shaped,0.7448012511411441,415,rule_baseline
0.0,0.0,0.0,0.0,0.0,4.820000171661377,13,True,narrow_entry,0.5593952102007809,416,rule_baseline
0.0,0.0,0.0,1.0,0.0,0.03386824205517769,44,True,asymmetric,0.7929328594635792,417,rule_baseline
0.0,0.0,0.0,1.0,0.0,0.020888647064566612,52,True,l_shaped,0.6269625604803,418,rule_baseline
1.0,1.0,0.0,0.0,0.0,0.051265593618154526,73,True,l_shaped,0.8368561355588942,419,rule_baseline
0.0,0.0,0.0,0.0,0.0,0.09193360060453415,400,True,l_shaped,0.8934140529757,420,rule_baseline
0.0,0.0,0.0,1.0,0.0,0.010383477434515953,400,True,l_shaped,0.8659261726555774,421,rule_baseline
0.0,0.0,0.0,1.0,0.0,0.0077827805653214455,43,True,narrow_exit,0.5795804244599301,422,rule_baseline
0.0,0.0,0.0,0.0,0.0,0.181108757853508,400,True,s_shaped,0.7278061949665587,423,rule_baseline
1.0,1.0,0.0,1.0,0.0,0.004567017778754234,71,True,asymmetric,0.6182648281319505,424,rule_baseline
0.0,0.0,0.0,0.0,0.0,0.10202653706073761,37,False,false_feasible,0.7308898385229509,425,rule_baseline
0.0,0.0,0.0,1.0,0.0,0.015379020012915134,49,True,l_shaped,0.5012582646685599,426,rule_baseline
0.0,0.0,0.0,0.0,0.0,4.820000171661377,14,True,s_shaped,0.6960660571082298,427,rule_baseline
0.0,0.0,0.0,0.0,0.0,4.820000171661377,12,True,straight,0.4876029144668152,428,rule_baseline
0.0,0.0,0.0,0.0,0.0,0.10272371023893356,33,False,false_feasible,0.7898448180788078,429,rule_baseline
0.0,0.0,0.0,0.0,0.0,4.820000171661377,12,False,false_feasible,0.6137966280733855,430,rule_baseline
0.0,0.0,0.0,1.0,0.0,0.04622360318899155,39,True,l_shaped,0.5727761895044058,431,rule_baseline
1.0,1.0,0.0,0.0,0.0,0.12730656564235687,61,True,straight,0.6937823572484527,432,rule_baseline
0.0,0.0,0.0,1.0,0.0,0.02132553607225418,400,True,s_shaped,0.8554973909178045,433,rule_baseline
0.0,0.0,0.0,0.0,0.0,4.820000171661377,11,True,narrow_entry,0.47460077388279576,434,rule_baseline
1.0,1.0,0.0,0.0,0.0,0.08080198615789413,57,True,narrow_entry,0.5745182073131728,435,rule_baseline
0.0,0.0,0.0,0.0,0.0,4.820000171661377,13,True,straight,0.5992871906066504,436,rule_baseline
0.0,0.0,0.0,0.0,0.0,0.23933716118335724,400,True,l_shaped,0.8920038138631132,437,rule_baseline
1.0,1.0,0.0,0.0,0.0,0.07628282904624939,59,True,straight,0.5348520353855511,438,rule_baseline
1.0,1.0,0.0,0.0,0.0,0.08831202983856201,58,True,narrow_exit,0.5420420797509233,439,rule_baseline
0.0,0.0,0.0,1.0,0.0,0.01779242791235447,400,True,s_shaped,0.8716567503943187,440,rule_baseline
0.0,0.0,0.0,0.0,0.0,4.820000171661377,12,True,asymmetric,0.514484477663621,441,rule_baseline
0.0,0.0,0.0,0.0,0.0,0.09145514667034149,400,True,l_shaped,0.6997546106729574,442,rule_baseline
0.0,0.0,0.0,1.0,0.0,0.02715899422764778,23,False,false_feasible,0.7820596620280413,443,rule_baseline
0.0,0.0,0.0,0.0,0.0,4.820000171661377,12,True,narrow_entry,0.5262383893820324,444,rule_baseline
0.0,0.0,0.0,0.0,0.0,4.820000171661377,13,True,l_shaped,0.5734104908481463,445,rule_baseline
1.0,1.0,0.0,1.0,0.0,0.014725695364177227,71,True,narrow_exit,0.5070320953806626,446,rule_baseline
0.0,0.0,0.0,0.0,0.0,4.820000171661377,11,True,straight,0.5096458414236432,447,rule_baseline
0.0,0.0,0.0,1.0,0.0,0.04749713093042374,400,True,l_shaped,0.8542127003301647,448,rule_baseline
0.0,0.0,0.0,0.0,0.0,0.17035691440105438,400,True,l_shaped,0.8108580750708367,449,rule_baseline
0.0,0.0,0.0,0.0,0.0,4.820000171661377,14,True,s_shaped,0.4667896315813174,450,rule_baseline
0.0,0.0,0.0,1.0,0.0,0.0021926285699009895,42,True,narrow_exit,0.48096521401573505,451,rule_baseline
1.0,1.0,0.0,0.0,0.0,0.21619188785552979,76,True,straight,0.8818565486283572,452,rule_baseline
0.0,0.0,0.0,0.0,0.0,4.820000171661377,12,True,narrow_entry,0.5070243572425855,453,rule_baseline
0.0,0.0,0.0,0.0,0.0,0.054844196885824203,400,True,l_shaped,0.4924034390007451,454,rule_baseline
0.0,0.0,0.0,0.0,0.0,4.820000171661377,14,True,s_shaped,0.6087351923362321,455,rule_baseline
0.0,0.0,0.0,0.0,0.0,4.820000171661377,14,True,s_shaped,0.6656501758000399,456,rule_baseline
0.0,0.0,0.0,0.0,0.0,4.820000171661377,13,True,straight,0.47784846466150943,457,rule_baseline
0.0,0.0,0.0,1.0,0.0,0.015358814038336277,28,False,false_feasible,0.68651351668702,458,rule_baseline
0.0,0.0,0.0,1.0,0.0,0.03870826214551926,400,True,l_shaped,0.4556095469270469,459,rule_baseline
0.0,0.0,0.0,1.0,0.0,0.031096596270799637,400,True,s_shaped,0.8319474382772145,460,rule_baseline
0.0,0.0,0.0,1.0,0.0,0.03310386836528778,47,True,l_shaped,0.6081073574801689,461,rule_baseline
0.0,0.0,0.0,0.0,0.0,0.0696839690208435,35,True,asymmetric,0.5209206809798153,462,rule_baseline
0.0,0.0,0.0,1.0,0.0,0.03670645132660866,37,True,l_shaped,0.46479045161991106,463,rule_baseline
1.0,1.0,0.0,0.0,0.0,0.05950172245502472,67,True,narrow_exit,0.5400531894414131,464,rule_baseline
0.0,0.0,0.0,1.0,0.0,0.041104674339294434,400,True,l_shaped,0.5986430485989414,465,rule_baseline
1.0,1.0,0.0,0.0,0.0,0.2243315428495407,62,True,straight,0.8348237759178962,466,rule_baseline
0.0,0.0,0.0,0.0,0.0,4.820000171661377,12,True,straight,0.8619286216903344,467,rule_baseline
1.0,1.0,0.0,1.0,0.0,0.0226824302226305,76,True,asymmetric,0.8650753082980338,468,rule_baseline
0.0,0.0,0.0,1.0,0.0,0.008689182810485363,50,True,l_shaped,0.5122291506723482,469,rule_baseline
0.0,0.0,0.0,0.0,0.0,4.820000171661377,12,True,straight,0.49957652029775995,470,rule_baseline
0.0,0.0,0.0,1.0,0.0,0.037878330796957016,50,True,asymmetric,0.6855407315302016,471,rule_baseline
1.0,1.0,0.0,0.0,0.0,0.13237766921520233,61,True,straight,0.7464807668130418,472,rule_baseline
0.0,0.0,0.0,0.0,0.0,4.820000171661377,13,True,l_shaped,0.5544362073014045,473,rule_baseline
0.0,0.0,0.0,0.0,0.0,4.820000171661377,14,True,l_shaped,0.7465518296866449,474,rule_baseline
0.0,0.0,0.0,0.0,0.0,0.1129729151725769,35,False,false_feasible,0.6906320301889947,475,rule_baseline
0.0,0.0,0.0,0.0,0.0,4.820000171661377,13,True,l_shaped,0.45318840937647664,476,rule_baseline
0.0,0.0,0.0,1.0,0.0,0.03218887373805046,38,True,asymmetric,0.6015018634188176,477,rule_baseline
0.0,0.0,0.0,0.0,0.0,4.820000171661377,11,True,straight,0.46579084466526366,478,rule_baseline
0.0,0.0,0.0,0.0,0.0,0.10467047244310379,31,False,false_feasible,0.7479618224477685,479,rule_baseline
1.0,1.0,0.0,0.0,0.0,0.0795338898897171,71,True,narrow_exit,0.5940175134555659,480,rule_baseline
1.0,1.0,0.0,0.0,0.0,0.0572831928730011,86,True,narrow_exit,0.5836291835636911,481,rule_baseline
0.0,0.0,0.0,1.0,0.0,0.026196079328656197,44,True,asymmetric,0.7033420089298698,482,rule_baseline
1.0,1.0,0.0,1.0,0.0,0.008561261929571629,61,True,narrow_exit,0.5298044115200842,483,rule_baseline
0.0,0.0,0.0,1.0,0.0,0.004085400141775608,48,True,l_shaped,0.8343911280127465,484,rule_baseline
1.0,1.0,0.0,0.0,0.0,0.051159944385290146,66,True,narrow_exit,0.5426470890897435,485,rule_baseline
0.0,0.0,0.0,0.0,0.0,0.1541098654270172,26,False,false_feasible,0.7388428853063269,486,rule_baseline
1.0,1.0,0.0,0.0,0.0,0.11596900969743729,73,True,straight,0.6214231566218853,487,rule_baseline
1.0,1.0,0.0,0.0,0.0,0.07021553069353104,73,True,straight,0.8269277817849692,488,rule_baseline
0.0,0.0,0.0,0.0,0.0,4.820000171661377,14,True,s_shaped,0.5239704266659997,489,rule_baseline
1.0,1.0,0.0,0.0,0.0,0.09212289750576019,85,True,asymmetric,0.6948441411670399,490,rule_baseline
1.0,1.0,0.0,0.0,0.0,0.19061869382858276,84,True,straight,0.8333842660207158,491,rule_baseline
0.0,0.0,0.0,1.0,0.0,0.0026432827580720186,39,True,s_shaped,0.5816104671629537,492,rule_baseline
0.0,0.0,0.0,1.0,0.0,0.02067658118903637,35,True,s_shaped,0.8570278576887512,493,rule_baseline
0.0,0.0,0.0,0.0,0.0,0.1416930854320526,400,True,l_shaped,0.7928766803538789,494,rule_baseline
0.0,0.0,0.0,1.0,0.0,0.025855468586087227,47,True,asymmetric,0.5655041514639754,495,rule_baseline
0.0,0.0,0.0,1.0,0.0,0.01975887641310692,32,False,false_feasible,0.6476116275992401,496,rule_baseline
0.0,0.0,0.0,0.0,0.0,4.820000171661377,11,True,straight,0.4699787836097656,497,rule_baseline
0.0,0.0,0.0,0.0,0.0,4.820000171661377,13,False,false_feasible,0.6217088886700382,498,rule_baseline
0.0,0.0,0.0,0.0,0.0,0.05014801397919655,40,True,l_shaped,0.5395305202169378,499,rule_baseline
0.0,0.0,0.0,1.0,0.0,0.0027087100315839052,43,True,narrow_exit,0.5710582648519854,0,rule_baseline
0.0,0.0,0.0,1.0,0.0,0.029312927275896072,41,True,s_shaped,0.652964124150499,1,rule_baseline
1.0,1.0,0.0,1.0,0.0,0.048197586089372635,80,True,l_shaped,0.8782893074086265,2,rule_baseline
0.0,0.0,0.0,0.0,0.0,4.820000171661377,13,False,false_feasible,0.5584411635789241,3,rule_baseline
0.0,0.0,0.0,0.0,0.0,4.820000171661377,12,True,straight,0.6529366706973919,4,rule_baseline
0.0,0.0,0.0,0.0,0.0,4.820000171661377,14,True,s_shaped,0.5867842997575747,5,rule_baseline
1.0,1.0,0.0,0.0,0.0,0.11225199699401855,84,True,straight,0.6926057179448905,6,rule_baseline
0.0,0.0,0.0,0.0,0.0,4.820000171661377,13,True,l_shaped,0.641024637069327,7,rule_baseline
0.0,0.0,0.0,1.0,0.0,0.011687545105814934,39,True,narrow_exit,0.5751481317269822,8,rule_baseline
1.0,1.0,0.0,0.0,0.0,0.052779387682676315,73,True,narrow_exit,0.5690000981515544,9,rule_baseline
0.0,0.0,0.0,0.0,0.0,0.16005897521972656,43,True,asymmetric,0.7533340169878787,10,rule_baseline
0.0,0.0,0.0,0.0,0.0,0.16823826730251312,400,True,s_shaped,0.8467784545259844,11,rule_baseline
0.0,0.0,0.0,0.0,0.0,0.0798230990767479,400,True,l_shaped,0.8671206311626448,12,rule_baseline
0.0,0.0,0.0,1.0,0.0,0.006660032086074352,46,True,narrow_exit,0.5554771878876439,13,rule_baseline
0.0,0.0,0.0,0.0,0.0,4.820000171661377,11,True,narrow_entry,0.45931545897200626,14,rule_baseline
0.0,0.0,0.0,1.0,0.0,0.011938372626900673,42,True,s_shaped,0.7381262984950419,15,rule_baseline
0.0,0.0,0.0,1.0,0.0,0.020913779735565186,46,True,narrow_exit,0.5556210466872824,16,rule_baseline
0.0,0.0,0.0,0.0,0.0,0.07986650615930557,400,True,s_shaped,0.8714888457119387,17,rule_baseline
1.0,1.0,0.0,0.0,0.0,0.06653948873281479,64,True,straight,0.8316619965403942,18,rule_baseline
0.0,0.0,0.0,1.0,0.0,0.007165870163589716,50,True,narrow_exit,0.5927660787447737,19,rule_baseline
1.0,1.0,0.0,0.0,0.0,0.06923273205757141,83,True,straight,0.729399313589992,20,rule_baseline
0.0,0.0,0.0,1.0,0.0,0.019905099645256996,56,True,narrow_exit,0.5449125023696004,21,rule_baseline
0.0,0.0,0.0,0.0,0.0,4.820000171661377,12,False,false_feasible,0.6104446834029358,22,rule_baseline
0.0,0.0,0.0,0.0,0.0,4.820000171661377,13,True,l_shaped,0.48670818841748326,23,rule_baseline
0.0,0.0,0.0,1.0,0.0,0.0009445248870179057,48,True,narrow_exit,0.49187134863125465,24,rule_baseline
0.0,0.0,0.0,0.0,0.0,4.820000171661377,13,True,straight,0.516385663462141,25,rule_baseline
0.0,0.0,0.0,1.0,0.0,0.009475414641201496,56,True,narrow_exit,0.5718317652961328,26,rule_baseline
1.0,1.0,0.0,0.0,0.0,0.08199776709079742,73,True,asymmetric,0.7348949872842581,27,rule_baseline
0.0,0.0,0.0,0.0,0.0,4.820000171661377,13,True,narrow_exit,0.5097848613170441,28,rule_baseline
1.0,1.0,0.0,1.0,0.0,0.024635933339595795,71,True,straight,0.7366282068970579,29,rule_baseline
1.0,1.0,0.0,0.0,0.0,0.05569968372583389,73,True,straight,0.818719622944998,30,rule_baseline
1.0,1.0,0.0,1.0,0.0,0.048617228865623474,72,True,straight,0.8322641436824147,31,rule_baseline
0.0,0.0,0.0,0.0,0.0,0.20642054080963135,400,True,l_shaped,0.8597137903906623,32,rule_baseline
1.0,1.0,0.0,1.0,0.0,0.03243839368224144,88,True,narrow_exit,0.5162802672027167,33,rule_baseline
0.0,0.0,0.0,1.0,0.0,0.01698567159473896,39,True,l_shaped,0.4650086943738273,34,rule_baseline
0.0,0.0,0.0,1.0,0.0,0.04839293286204338,33,True,s_shaped,0.6782832551113062,35,rule_baseline
0.0,0.0,0.0,1.0,0.0,0.010219348594546318,55,True,narrow_exit,0.4521767951821585,36,rule_baseline
0.0,0.0,0.0,1.0,0.0,0.013350782915949821,43,True,s_shaped,0.7220525353364851,37,rule_baseline
1.0,1.0,0.0,0.0,0.0,0.10433828830718994,66,True,straight,0.6385777111886426,38,rule_baseline
0.0,0.0,0.0,0.0,0.0,4.820000171661377,12,True,narrow_entry,0.5635085739972248,39,rule_baseline
0.0,0.0,0.0,0.0,0.0,4.820000171661377,13,True,asymmetric,0.5311685029450932,40,rule_baseline
0.0,0.0,0.0,0.0,0.0,0.14836888015270233,400,True,s_shaped,0.8516901939820171,41,rule_baseline
0.0,0.0,0.0,0.0,0.0,4.820000171661377,12,True,asymmetric,0.6379951679448432,42,rule_baseline
0.0,0.0,0.0,0.0,0.0,4.820000171661377,13,True,l_shaped,0.47392200267452866,43,rule_baseline
0.0,0.0,0.0,1.0,0.0,0.0478411503136158,35,False,false_feasible,0.6104048413884494,44,rule_baseline
0.0,0.0,0.0,0.0,0.0,0.17531847953796387,400,True,s_shaped,0.7325260179829371,45,rule_baseline
0.0,0.0,0.0,0.0,0.0,4.820000171661377,12,True,straight,0.6756472425317169,46,rule_baseline
0.0,0.0,0.0,0.0,0.0,4.820000171661377,14,True,l_shaped,0.4509992236788563,47,rule_baseline
1.0,1.0,0.0,0.0,0.0,0.0750046819448471,79,True,straight,0.7157059602318465,48,rule_baseline
0.0,0.0,0.0,0.0,0.0,4.820000171661377,12,True,narrow_entry,0.45220143627404796,49,rule_baseline
0.0,0.0,0.0,0.0,0.0,4.820000171661377,13,True,l_shaped,0.5354481305345156,50,rule_baseline
0.0,0.0,0.0,0.0,0.0,4.820000171661377,12,True,narrow_exit,0.5236854286569477,51,rule_baseline
1.0,1.0,0.0,1.0,0.0,0.01367008127272129,66,True,asymmetric,0.5322353577368969,52,rule_baseline
0.0,0.0,0.0,1.0,0.0,0.014958441257476807,27,True,asymmetric,0.7083590484183258,53,rule_baseline
0.0,0.0,0.0,0.0,0.0,4.820000171661377,13,True,l_shaped,0.5869143392133543,54,rule_baseline
0.0,0.0,0.0,0.0,0.0,4.820000171661377,12,True,asymmetric,0.6340425908890464,55,rule_baseline
0.0,0.0,0.0,0.0,0.0,4.820000171661377,12,False,false_feasible,0.6538698884451754,56,rule_baseline
0.0,0.0,0.0,0.0,0.0,4.820000171661377,13,True,straight,0.6077660216430197,57,rule_baseline
0.0,0.0,0.0,0.0,0.0,4.820000171661377,13,True,l_shaped,0.5851490572837779,58,rule_baseline
0.0,0.0,0.0,0.0,0.0,4.820000171661377,12,False,false_feasible,0.6761837521697324,59,rule_baseline
0.0,0.0,0.0,0.0,0.0,4.820000171661377,12,True,narrow_entry,0.4659306773122229,60,rule_baseline
0.0,0.0,0.0,0.0,0.0,4.820000171661377,14,True,s_shaped,0.4892146942516627,61,rule_baseline
0.0,0.0,0.0,1.0,0.0,0.020857689902186394,51,True,l_shaped,0.5589604652238328,62,rule_baseline
1.0,1.0,0.0,1.0,0.0,0.01279839314520359,59,True,narrow_entry,0.5374282044417746,63,rule_baseline
0.0,0.0,0.0,1.0,0.0,0.00749136321246624,39,True,narrow_exit,0.5090412185719464,64,rule_baseline
0.0,0.0,0.0,0.0,0.0,4.820000171661377,12,True,asymmetric,0.47947870261541314,65,rule_baseline
0.0,0.0,0.0,0.0,0.0,4.820000171661377,14,True,s_shaped,0.5838076732695612,66,rule_baseline
0.0,0.0,0.0,1.0,0.0,0.006426094565540552,33,True,s_shaped,0.6835599996055097,67,rule_baseline
1.0,1.0,0.0,0.0,0.0,0.17947907745838165,61,True,straight,0.7494698439736149,68,rule_baseline
0.0,0.0,0.0,0.0,0.0,0.1184987798333168,400,True,s_shaped,0.8222998758555602,69,rule_baseline
0.0,0.0,0.0,0.0,0.0,4.820000171661377,12,True,narrow_exit,0.5992048790728135,70,rule_baseline
0.0,0.0,0.0,0.0,0.0,4.820000171661377,12,True,narrow_entry,0.4532113017645904,71,rule_baseline
0.0,0.0,0.0,0.0,0.0,4.820000171661377,13,True,l_shaped,0.5073243119818767,72,rule_baseline
1.0,1.0,0.0,1.0,0.0,0.01777404546737671,83,True,narrow_exit,0.5941287592096245,73,rule_baseline
1.0,1.0,0.0,1.0,0.0,0.026652894914150238,68,True,l_shaped,0.8053937013182472,74,rule_baseline
0.0,0.0,0.0,0.0,0.0,0.08866292983293533,53,True,asymmetric,0.7609754890300231,75,rule_baseline
0.0,0.0,0.0,1.0,0.0,0.018982280045747757,39,True,s_shaped,0.6973681875388464,76,rule_baseline
0.0,0.0,0.0,0.0,0.0,4.820000171661377,13,True,asymmetric,0.5953807639852614,77,rule_baseline
0.0,0.0,0.0,1.0,0.0,0.02221662364900112,36,True,asymmetric,0.4897928574693353,78,rule_baseline
0.0,0.0,0.0,0.0,0.0,0.23755398392677307,400,True,s_shaped,0.8813317714985575,79,rule_baseline
0.0,0.0,0.0,1.0,0.0,0.0017274386482313275,52,True,narrow_exit,0.4384300763093547,80,rule_baseline
0.0,0.0,0.0,0.0,0.0,0.15383467078208923,400,True,l_shaped,0.6713262082395234,81,rule_baseline
0.0,0.0,0.0,1.0,0.0,0.011806040070950985,42,True,l_shaped,0.6437512021987551,82,rule_baseline
0.0,0.0,0.0,1.0,0.0,0.0019410414388403296,47,True,l_shaped,0.800488748846451,83,rule_baseline
0.0,0.0,0.0,0.0,0.0,4.820000171661377,13,True,narrow_entry,0.5484743317708323,84,rule_baseline
0.0,0.0,0.0,0.0,0.0,4.820000171661377,14,True,s_shaped,0.7450297880618376,85,rule_baseline
1.0,1.0,0.0,1.0,0.0,0.020811116322875023,58,True,narrow_entry,0.5975087551480068,86,rule_baseline
0.0,0.0,0.0,0.0,0.0,4.820000171661377,12,True,narrow_exit,0.4764226865040219,87,rule_baseline
1.0,1.0,0.0,0.0,0.0,0.14152449369430542,65,True,straight,0.8555298091487255,88,rule_baseline
0.0,0.0,0.0,0.0,0.0,4.820000171661377,12,True,straight,0.6275764418333523,89,rule_baseline
0.0,0.0,0.0,0.0,0.0,4.820000171661377,13,False,false_feasible,0.7395454622582365,90,rule_baseline
0.0,0.0,0.0,0.0,0.0,4.820000171661377,12,True,straight,0.5040516238782498,91,rule_baseline
0.0,0.0,0.0,0.0,0.0,4.820000171661377,14,True,l_shaped,0.6405268539004191,92,rule_baseline
1.0,1.0,0.0,0.0,0.0,0.06745588779449463,74,True,l_shaped,0.8790036145816736,93,rule_baseline
0.0,0.0,0.0,0.0,0.0,4.820000171661377,14,True,l_shaped,0.4880567739504174,94,rule_baseline
0.0,0.0,0.0,0.0,0.0,4.820000171661377,12,True,narrow_entry,0.43457884398438446,95,rule_baseline
0.0,0.0,0.0,0.0,0.0,4.820000171661377,14,True,s_shaped,0.48058592449365206,96,rule_baseline
0.0,0.0,0.0,0.0,0.0,0.052770085632801056,31,False,false_feasible,0.7811593743228397,97,rule_baseline
1.0,1.0,0.0,0.0,0.0,0.12178871035575867,58,True,straight,0.6098228162081836,98,rule_baseline
0.0,0.0,0.0,1.0,0.0,0.01776307262480259,38,False,false_feasible,0.7627396634214578,99,rule_baseline
0.0,0.0,0.0,1.0,0.0,0.017035318538546562,51,True,narrow_exit,0.4776188861935332,100,rule_baseline
0.0,0.0,0.0,0.0,0.0,0.11255048960447311,400,True,l_shaped,0.6548922222120153,101,rule_baseline
1.0,1.0,0.0,0.0,0.0,0.05459583178162575,71,True,l_shaped,0.8279212646952949,102,rule_baseline
1.0,1.0,0.0,1.0,0.0,0.02261185646057129,72,True,straight,0.8431342114197551,103,rule_baseline
0.0,0.0,0.0,0.0,0.0,4.820000171661377,13,True,narrow_entry,0.5203036528915176,104,rule_baseline
0.0,0.0,0.0,1.0,0.0,0.012206233106553555,38,True,s_shaped,0.7624362201007542,105,rule_baseline
0.0,0.0,0.0,0.0,0.0,0.0676252618432045,29,False,false_feasible,0.7151240949216233,106,rule_baseline
0.0,0.0,0.0,0.0,0.0,4.820000171661377,14,True,s_shaped,0.5455657257086408,107,rule_baseline
1.0,1.0,0.0,0.0,0.0,0.0750521868467331,67,True,asymmetric,0.7480294391313413,108,rule_baseline
0.0,0.0,0.0,0.0,0.0,0.21534258127212524,400,True,s_shaped,0.8429073689584783,109,rule_baseline
1.0,1.0,0.0,0.0,0.0,0.06518205255270004,59,True,l_shaped,0.8827127243412478,110,rule_baseline
1.0,1.0,0.0,1.0,0.0,0.02874772995710373,67,True,narrow_entry,0.4566392679759318,111,rule_baseline
0.0,0.0,0.0,0.0,0.0,0.09096086025238037,30,False,false_feasible,0.5978689533618424,112,rule_baseline
1.0,1.0,0.0,0.0,0.0,0.08617589622735977,89,True,straight,0.8883661299781374,113,rule_baseline
0.0,0.0,0.0,0.0,0.0,4.820000171661377,12,True,narrow_entry,0.492510607415293,114,rule_baseline
0.0,0.0,0.0,0.0,0.0,4.820000171661377,14,True,s_shaped,0.6056992436048333,115,rule_baseline
0.0,0.0,0.0,0.0,0.0,4.820000171661377,12,True,straight,0.5849511063429882,116,rule_baseline
0.0,0.0,0.0,1.0,0.0,0.006902080029249191,31,True,s_shaped,0.6661948958381584,117,rule_baseline
1.0,1.0,0.0,1.0,0.0,0.02701166644692421,69,True,straight,0.6645478826451672,118,rule_baseline
0.0,0.0,0.0,0.0,0.0,4.820000171661377,14,True,s_shaped,0.6297104315254347,119,rule_baseline
0.0,0.0,0.0,0.0,0.0,4.820000171661377,12,True,narrow_exit,0.5285962086771152,120,rule_baseline
0.0,0.0,0.0,0.0,0.0,4.820000171661377,13,True,asymmetric,0.5279299082265446,121,rule_baseline
0.0,0.0,0.0,1.0,0.0,0.01796860247850418,28,False,false_feasible,0.7017620199147774,122,rule_baseline
0.0,0.0,0.0,0.0,0.0,4.820000171661377,14,True,s_shaped,0.47126793503715586,123,rule_baseline
1.0,1.0,0.0,1.0,0.0,0.028301557525992393,61,True,narrow_exit,0.5569393610904453,124,rule_baseline
0.0,0.0,0.0,0.0,0.0,0.10916324704885483,400,True,s_shaped,0.7475362030318109,125,rule_baseline
1.0,1.0,0.0,0.0,0.0,0.07514233142137527,72,True,asymmetric,0.622190248910083,126,rule_baseline
0.0,0.0,0.0,0.0,0.0,4.820000171661377,14,True,s_shaped,0.7959812189620142,127,rule_baseline
0.0,0.0,0.0,0.0,0.0,4.820000171661377,12,True,asymmetric,0.8671723086817795,128,rule_baseline
0.0,0.0,0.0,0.0,0.0,4.820000171661377,12,True,straight,0.7486641010764564,129,rule_baseline
1.0,1.0,0.0,0.0,0.0,0.12498058378696442,74,True,straight,0.6195445335547406,130,rule_baseline
0.0,0.0,0.0,1.0,0.0,0.0306268110871315,51,True,narrow_exit,0.42817268207221243,131,rule_baseline
1.0,1.0,0.0,1.0,0.0,0.012360472232103348,85,True,straight,0.5984157108799688,132,rule_baseline
0.0,0.0,0.0,0.0,0.0,0.057510294020175934,400,True,s_shaped,0.7635787406536919,133,rule_baseline
0.0,0.0,0.0,0.0,0.0,4.820000171661377,14,True,l_shaped,0.6036274263186685,134,rule_baseline
0.0,0.0,0.0,0.0,0.0,0.06679859757423401,30,False,false_feasible,0.5835859777111073,135,rule_baseline
1.0,1.0,0.0,0.0,0.0,0.14367495477199554,86,True,asymmetric,0.7980721201437451,136,rule_baseline
1.0,1.0,0.0,0.0,0.0,0.1324751377105713,85,True,straight,0.8128322591865067,137,rule_baseline
0.0,0.0,0.0,1.0,0.0,0.004436425399035215,40,True,narrow_exit,0.5584785333622208,138,rule_baseline
1.0,1.0,0.0,0.0,0.0,0.24485105276107788,84,True,straight,0.8594753808861777,139,rule_baseline
0.0,0.0,0.0,0.0,0.0,0.09040983766317368,38,False,false_feasible,0.658969380232167,140,rule_baseline
0.0,0.0,0.0,0.0,0.0,4.820000171661377,14,True,s_shaped,0.5515362607773387,141,rule_baseline
1.0,1.0,0.0,0.0,0.0,0.15990886092185974,65,True,straight,0.8106497231757949,142,rule_baseline
0.0,0.0,0.0,0.0,0.0,4.820000171661377,14,True,s_shaped,0.5400958261483305,143,rule_baseline
0.0,0.0,0.0,0.0,0.0,4.820000171661377,12,True,asymmetric,0.4863410758822878,144,rule_baseline
0.0,0.0,0.0,0.0,0.0,4.820000171661377,12,True,straight,0.8431977024409691,145,rule_baseline
0.0,0.0,0.0,0.0,0.0,4.820000171661377,12,False,false_feasible,0.6064712115015038,146,rule_baseline
1.0,1.0,0.0,1.0,0.0,0.009291242808103561,80,True,straight,0.7333155357694331,147,rule_baseline
1.0,1.0,0.0,1.0,0.0,0.024053022265434265,67,True,s_shaped,0.823148514562952,148,rule_baseline
0.0,0.0,0.0,0.0,0.0,4.820000171661377,13,True,narrow_entry,0.5893469504807111,149,rule_baseline
0.0,0.0,0.0,0.0,0.0,0.09052658081054688,30,False,false_feasible,0.6353705207864471,150,rule_baseline
0.0,0.0,0.0,0.0,0.0,0.18620774149894714,400,True,s_shaped,0.8487322459542672,151,rule_baseline
0.0,0.0,0.0,0.0,0.0,4.820000171661377,12,True,straight,0.87882745843783,152,rule_baseline
0.0,0.0,0.0,0.0,0.0,0.1222425252199173,400,True,s_shaped,0.7164912904061405,153,rule_baseline
0.0,0.0,0.0,1.0,0.0,0.012658096849918365,37,True,s_shaped,0.7944023901867442,154,rule_baseline
1.0,1.0,0.0,0.0,0.0,0.06504761427640915,57,True,narrow_exit,0.586225541692706,155,rule_baseline
0.0,0.0,0.0,0.0,0.0,0.07832220196723938,400,True,l_shaped,0.5527040398032267,156,rule_baseline
0.0,0.0,0.0,1.0,0.0,0.009688270278275013,42,True,narrow_exit,0.49502921425436586,157,rule_baseline
1.0,1.0,0.0,1.0,0.0,0.012929070740938187,86,True,straight,0.5675254996337132,158,rule_baseline
0.0,0.0,0.0,0.0,0.0,4.820000171661377,12,True,straight,0.7393058243226308,159,rule_baseline
0.0,0.0,0.0,0.0,0.0,0.05165905877947807,29,False,false_feasible,0.6773090122208592,160,rule_baseline
0.0,0.0,0.0,0.0,0.0,4.820000171661377,13,False,false_feasible,0.5767378581267396,161,rule_baseline
1.0,1.0,0.0,0.0,0.0,0.07498924434185028,75,True,straight,0.7059879791308835,162,rule_baseline
0.0,0.0,0.0,0.0,0.0,4.820000171661377,13,True,l_shaped,0.5165309046907133,163,rule_baseline
0.0,0.0,0.0,0.0,0.0,0.1061115711927414,400,True,l_shaped,0.743122987285161,164,rule_baseline
0.0,0.0,0.0,0.0,0.0,4.820000171661377,12,True,narrow_exit,0.5047711183473821,165,rule_baseline
0.0,0.0,0.0,1.0,0.0,0.012288440950214863,33,False,false_feasible,0.7522747759793658,166,rule_baseline
0.0,0.0,0.0,0.0,0.0,4.820000171661377,14,True,l_shaped,0.5175228274043074,167,rule_baseline
0.0,0.0,0.0,1.0,0.0,0.010992954485118389,48,True,narrow_exit,0.45879602297308497,168,rule_baseline
1.0,1.0,0.0,0.0,0.0,0.10520301014184952,62,True,straight,0.8946956765569211,169,rule_baseline
0.0,0.0,0.0,0.0,0.0,0.07625274360179901,400,True,s_shaped,0.7480948721665568,170,rule_baseline
1.0,1.0,0.0,1.0,0.0,0.03548268973827362,80,True,straight,0.5245463692251295,171,rule_baseline
1.0,1.0,0.0,0.0,0.0,0.14564412832260132,82,True,straight,0.7144611838998676,172,rule_baseline
0.0,0.0,0.0,0.0,0.0,4.820000171661377,12,True,straight,0.5286099284645797,173,rule_baseline
0.0,0.0,0.0,1.0,0.0,0.022195521742105484,53,True,l_shaped,0.869700242156807,174,rule_baseline
0.0,0.0,0.0,1.0,0.0,0.008259231224656105,42,True,narrow_exit,0.5665250009140779,175,rule_baseline
0.0,0.0,0.0,0.0,0.0,4.820000171661377,13,False,false_feasible,0.6069381404638259,176,rule_baseline
0.0,0.0,0.0,1.0,0.0,0.004447579383850098,43,True,narrow_exit,0.4970019125976961,177,rule_baseline
0.0,0.0,0.0,0.0,0.0,4.820000171661377,13,True,straight,0.6196477774103286,178,rule_baseline
0.0,0.0,0.0,1.0,0.0,0.025156982243061066,37,False,false_feasible,0.6406753058521475,179,rule_baseline
0.0,0.0,0.0,0.0,0.0,4.820000171661377,13,False,false_feasible,0.5923079713950523,180,rule_baseline
0.0,0.0,0.0,0.0,0.0,4.820000171661377,12,True,narrow_entry,0.5806730732633173,181,rule_baseline
0.0,0.0,0.0,0.0,0.0,4.820000171661377,13,True,l_shaped,0.6061090400242025,182,rule_baseline
1.0,1.0,0.0,0.0,0.0,0.07933124899864197,65,True,straight,0.5602977659576968,183,rule_baseline
0.0,0.0,0.0,0.0,0.0,4.820000171661377,14,True,l_shaped,0.5812933811281631,184,rule_baseline
0.0,0.0,0.0,0.0,0.0,0.2074756771326065,400,True,l_shaped,0.7964465836414769,185,rule_baseline
0.0,0.0,0.0,0.0,0.0,4.820000171661377,13,True,narrow_exit,0.519293334114863,186,rule_baseline
0.0,0.0,0.0,1.0,0.0,0.041164010763168335,29,False,false_feasible,0.7017904985145627,187,rule_baseline
0.0,0.0,0.0,0.0,0.0,4.820000171661377,14,True,l_shaped,0.5145680476820349,188,rule_baseline
0.0,0.0,0.0,0.0,0.0,4.820000171661377,12,True,asymmetric,0.5386701683756236,189,rule_baseline
0.0,0.0,0.0,1.0,0.0,0.01740971952676773,31,True,asymmetric,0.6150856638558374,190,rule_baseline
0.0,0.0,0.0,1.0,0.0,0.023879697546362877,55,True,narrow_exit,0.5403348765314463,191,rule_baseline
0.0,0.0,0.0,1.0,0.0,0.04546588286757469,52,True,l_shaped,0.6193758405344304,192,rule_baseline
0.0,0.0,0.0,0.0,0.0,4.820000171661377,13,True,narrow_entry,0.4389059096656472,193,rule_baseline
0.0,0.0,0.0,0.0,0.0,4.820000171661377,13,True,l_shaped,0.7760951680462301,194,rule_baseline
1.0,1.0,0.0,0.0,0.0,0.12369535863399506,69,True,asymmetric,0.8498773258824645,195,rule_baseline
1.0,1.0,0.0,0.0,0.0,0.1927034705877304,79,True,straight,0.8404832597886098,196,rule_baseline
1.0,1.0,0.0,1.0,0.0,0.022539418190717697,65,True,straight,0.6078672204332506,197,rule_baseline
0.0,0.0,0.0,0.0,0.0,4.820000171661377,14,True,s_shaped,0.6250792778337991,198,rule_baseline
0.0,0.0,0.0,0.0,0.0,4.820000171661377,12,True,narrow_entry,0.5945177721745487,199,rule_baseline
0.0,0.0,0.0,1.0,0.0,0.03575782850384712,56,True,l_shaped,0.6834107654401841,200,rule_baseline
0.0,0.0,0.0,0.0,0.0,4.820000171661377,11,True,straight,0.569585317211088,201,rule_baseline
1.0,1.0,0.0,0.0,0.0,0.19420911371707916,70,True,straight,0.7798784029463359,202,rule_baseline
0.0,0.0,0.0,0.0,0.0,4.820000171661377,12,True,straight,0.48635386791540325,203,rule_baseline
0.0,0.0,0.0,0.0,0.0,0.20897653698921204,30,False,false_feasible,0.7798234164494087,204,rule_baseline
0.0,0.0,0.0,1.0,0.0,0.012647049501538277,59,True,l_shaped,0.7684391441022229,205,rule_baseline
0.0,0.0,0.0,0.0,0.0,0.15094982087612152,38,True,asymmetric,0.8537269591614179,206,rule_baseline
0.0,0.0,0.0,1.0,0.0,0.0008658483857288957,38,True,s_shaped,0.5261953508879972,207,rule_baseline
0.0,0.0,0.0,0.0,0.0,0.07141415029764175,400,True,s_shaped,0.5775771755802008,208,rule_baseline
0.0,0.0,0.0,0.0,0.0,4.820000171661377,13,True,l_shaped,0.5798568046901935,209,rule_baseline
1.0,1.0,0.0,1.0,0.0,0.004744597710669041,59,True,straight,0.8099312509662986,210,rule_baseline
1.0,1.0,0.0,1.0,0.0,0.023681150749325752,80,True,narrow_exit,0.4634161604224683,211,rule_baseline
0.0,0.0,0.0,0.0,0.0,4.820000171661377,14,True,l_shaped,0.631936464011695,212,rule_baseline
0.0,0.0,0.0,1.0,0.0,0.003312083426862955,48,True,narrow_exit,0.5067796597432906,213,rule_baseline
0.0,0.0,0.0,0.0,0.0,4.820000171661377,14,True,l_shaped,0.5175807395258908,214,rule_baseline
0.0,0.0,0.0,0.0,0.0,0.08178049325942993,400,True,l_shaped,0.5286860383239097,215,rule_baseline
1.0,1.0,0.0,1.0,0.0,0.030808795243501663,67,True,s_shaped,0.768874266027186,216,rule_baseline
0.0,0.0,0.0,0.0,0.0,4.820000171661377,14,True,s_shaped,0.4795163513674487,217,rule_baseline
0.0,0.0,0.0,0.0,0.0,4.820000171661377,13,False,false_feasible,0.5720842271471264,218,rule_baseline
0.0,0.0,0.0,1.0,0.0,0.010825622826814651,45,True,narrow_exit,0.5961351610455341,219,rule_baseline
0.0,0.0,0.0,1.0,0.0,0.0019296070095151663,58,True,narrow_exit,0.5880203091180899,220,rule_baseline
0.0,0.0,0.0,0.0,0.0,4.820000171661377,12,True,asymmetric,0.64796356092756,221,rule_baseline
0.0,0.0,0.0,0.0,0.0,4.820000171661377,12,True,narrow_entry,0.5583102823268637,222,rule_baseline
0.0,0.0,0.0,1.0,0.0,0.019698351621627808,46,True,narrow_exit,0.5420095490916605,223,rule_baseline
0.0,0.0,0.0,0.0,0.0,4.820000171661377,13,True,l_shaped,0.6397260167456981,224,rule_baseline
1.0,1.0,0.0,1.0,0.0,0.04689571261405945,69,True,l_shaped,0.8784647002425949,225,rule_baseline
0.0,0.0,0.0,0.0,0.0,4.820000171661377,13,True,asymmetric,0.7068272094799302,226,rule_baseline
0.0,0.0,0.0,1.0,0.0,0.01349797286093235,56,True,l_shaped,0.5321287426734469,227,rule_baseline
0.0,0.0,0.0,1.0,0.0,0.00030502528534270823,43,True,s_shaped,0.7436405007167548,228,rule_baseline
0.0,0.0,0.0,0.0,0.0,4.820000171661377,12,True,narrow_entry,0.4211497381979191,229,rule_baseline
0.0,0.0,0.0,0.0,0.0,0.1627165526151657,32,True,asymmetric,0.8665692132357029,230,rule_baseline
0.0,0.0,0.0,0.0,0.0,4.820000171661377,12,True,asymmetric,0.8826099813772423,231,rule_baseline
0.0,0.0,0.0,1.0,0.0,0.006710457615554333,43,True,narrow_exit,0.43628836147329486,232,rule_baseline
0.0,0.0,0.0,0.0,0.0,4.820000171661377,13,True,straight,0.7385257985011596,233,rule_baseline
0.0,0.0,0.0,1.0,0.0,0.008793389424681664,44,True,narrow_exit,0.5110875957473175,234,rule_baseline
0.0,0.0,0.0,0.0,0.0,0.09540053457021713,33,False,false_feasible,0.5796677230940048,235,rule_baseline
0.0,0.0,0.0,0.0,0.0,0.0760185718536377,400,True,l_shaped,0.5695275270211531,236,rule_baseline
1.0,1.0,0.0,0.0,0.0,0.1364564746618271,83,True,straight,0.818052860304695,237,rule_baseline
0.0,0.0,0.0,1.0,0.0,0.0027779676020145416,42,True,s_shaped,0.76163035483547,238,rule_baseline
0.0,0.0,0.0,1.0,0.0,0.03636549040675163,39,False,false_feasible,0.6301172596223104,239,rule_baseline
1.0,1.0,0.0,0.0,0.0,0.05057668313384056,70,True,s_shaped,0.890881830504338,240,rule_baseline
1.0,1.0,0.0,0.0,0.0,0.07013949751853943,61,True,narrow_exit,0.5504917298962243,241,rule_baseline
0.0,0.0,0.0,1.0,0.0,0.01729198545217514,53,True,narrow_exit,0.4587304998684267,242,rule_baseline
1.0,1.0,0.0,1.0,0.0,0.0004067558329552412,58,True,straight,0.7051704061607378,243,rule_baseline
1.0,1.0,0.0,1.0,0.0,0.04932132363319397,82,True,asymmetric,0.6025044026546785,244,rule_baseline
1.0,1.0,0.0,0.0,0.0,0.09183570742607117,58,True,asymmetric,0.7292219634296524,245,rule_baseline
0.0,0.0,0.0,0.0,0.0,4.820000171661377,13,True,l_shaped,0.5406578850828053,246,rule_baseline
0.0,0.0,0.0,0.0,0.0,4.820000171661377,12,True,narrow_exit,0.46636233120317044,247,rule_baseline
1.0,1.0,0.0,1.0,0.0,0.019711008295416832,82,True,s_shaped,0.873905654406495,248,rule_baseline
1.0,1.0,0.0,0.0,0.0,0.16725149750709534,68,True,straight,0.8585250612174882,249,rule_baseline
1.0,1.0,0.0,1.0,0.0,0.02234157919883728,88,True,narrow_entry,0.599919587305362,250,rule_baseline
0.0,0.0,0.0,1.0,0.0,0.029428275302052498,38,True,l_shaped,0.6684264633818178,251,rule_baseline
1.0,1.0,0.0,1.0,0.0,0.047387972474098206,89,True,straight,0.8625944137228939,252,rule_baseline
0.0,0.0,0.0,0.0,0.0,4.820000171661377,12,True,asymmetric,0.7046017161106493,253,rule_baseline
0.0,0.0,0.0,0.0,0.0,4.820000171661377,12,True,narrow_entry,0.5053052623097247,254,rule_baseline
1.0,1.0,0.0,1.0,0.0,0.018614789471030235,83,True,asymmetric,0.7274682282826934,255,rule_baseline
1.0,1.0,0.0,1.0,0.0,0.017863120883703232,79,True,narrow_exit,0.48544708053783375,256,rule_baseline
1.0,1.0,0.0,0.0,0.0,0.1668543964624405,63,True,straight,0.8134797807818639,257,rule_baseline
0.0,0.0,0.0,0.0,0.0,4.820000171661377,12,True,narrow_entry,0.5930471839426674,258,rule_baseline
0.0,0.0,0.0,0.0,0.0,0.12106738984584808,400,True,s_shaped,0.780712827748614,259,rule_baseline
0.0,0.0,0.0,0.0,0.0,4.820000171661377,13,True,narrow_entry,0.4531121551163466,260,rule_baseline
1.0,1.0,0.0,0.0,0.0,0.13201111555099487,67,True,straight,0.8315055918165302,261,rule_baseline
0.0,0.0,0.0,1.0,0.0,0.010275117121636868,35,True,narrow_exit,0.4935488900495983,262,rule_baseline
0.0,0.0,0.0,1.0,0.0,0.019980428740382195,59,True,narrow_exit,0.4790123422194553,263,rule_baseline
0.0,0.0,0.0,0.0,0.0,0.17130546271800995,400,True,l_shaped,0.7326496041073036,264,rule_baseline
1.0,1.0,0.0,0.0,0.0,0.17683875560760498,75,True,straight,0.778214686040262,265,rule_baseline
1.0,1.0,0.0,0.0,0.0,0.12323730438947678,71,True,asymmetric,0.745939735321991,266,rule_baseline
0.0,0.0,0.0,0.0,0.0,4.820000171661377,13,False,false_feasible,0.6159753397461423,267,rule_baseline
0.0,0.0,0.0,0.0,0.0,4.820000171661377,13,True,l_shaped,0.8402285638548403,268,rule_baseline
0.0,0.0,0.0,1.0,0.0,0.03207864239811897,30,True,asymmetric,0.7563183504838442,269,rule_baseline
0.0,0.0,0.0,0.0,0.0,4.820000171661377,12,True,narrow_entry,0.4245375312598962,270,rule_baseline
0.0,0.0,0.0,0.0,0.0,0.14426201581954956,30,False,false_feasible,0.7997045383401213,271,rule_baseline
0.0,0.0,0.0,0.0,0.0,4.820000171661377,12,True,asymmetric,0.5606720615226196,272,rule_baseline
0.0,0.0,0.0,0.0,0.0,4.820000171661377,12,False,false_feasible,0.590221985533936,273,rule_baseline
0.0,0.0,0.0,1.0,0.0,0.008710184134542942,49,True,l_shaped,0.8570122422594525,274,rule_baseline
0.0,0.0,0.0,1.0,0.0,0.023989681154489517,49,True,narrow_exit,0.5374010652398328,275,rule_baseline
0.0,0.0,0.0,1.0,0.0,0.001824932056479156,43,True,narrow_exit,0.47416590065285796,276,rule_baseline
0.0,0.0,0.0,0.0,0.0,4.820000171661377,12,True,narrow_entry,0.5051300743510212,277,rule_baseline
0.0,0.0,0.0,0.0,0.0,4.820000171661377,13,False,false_feasible,0.5675461700777522,278,rule_baseline
0.0,0.0,0.0,0.0,0.0,0.14651444554328918,45,True,asymmetric,0.8293404863457357,279,rule_baseline
0.0,0.0,0.0,0.0,0.0,4.820000171661377,13,True,l_shaped,0.4764880703540573,280,rule_baseline
0.0,0.0,0.0,1.0,0.0,0.04318422079086304,400,True,s_shaped,0.6716137093849427,281,rule_baseline
1.0,1.0,0.0,0.0,0.0,0.15237952768802643,63,True,straight,0.8167531821224217,282,rule_baseline
1.0,1.0,0.0,1.0,0.0,0.016448218375444412,62,True,straight,0.5597594596325514,283,rule_baseline
1.0,1.0,0.0,1.0,0.0,0.02903277426958084,76,True,straight,0.5011878748679137,284,rule_baseline
0.0,0.0,0.0,0.0,0.0,0.1591215282678604,400,True,l_shaped,0.8216438904966257,285,rule_baseline
0.0,0.0,0.0,1.0,0.0,0.04585876315832138,33,True,asymmetric,0.5418301795146526,286,rule_baseline
0.0,0.0,0.0,0.0,0.0,4.820000171661377,12,True,straight,0.45524900659388107,287,rule_baseline
0.0,0.0,0.0,1.0,0.0,0.004875152837485075,26,False,false_feasible,0.5543594061168692,288,rule_baseline
0.0,0.0,0.0,0.0,0.0,4.820000171661377,13,False,false_feasible,0.6990874109472242,289,rule_baseline
1.0,1.0,0.0,0.0,0.0,0.17139163613319397,73,True,straight,0.7149177962090505,290,rule_baseline
0.0,0.0,0.0,1.0,0.0,0.00478557962924242,46,True,asymmetric,0.6856027646030275,291,rule_baseline
0.0,0.0,0.0,0.0,0.0,4.820000171661377,14,True,s_shaped,0.6620773042095032,292,rule_baseline
0.0,0.0,0.0,0.0,0.0,4.820000171661377,13,True,l_shaped,0.4950408655292933,293,rule_baseline
0.0,0.0,0.0,0.0,0.0,0.07645049691200256,25,False,false_feasible,0.5529238347691092,294,rule_baseline
1.0,1.0,0.0,1.0,0.0,0.028020236641168594,65,True,straight,0.5617236558035832,295,rule_baseline
1.0,1.0,0.0,1.0,0.0,0.016982311382889748,57,True,l_shaped,0.8301664344459914,296,rule_baseline
0.0,0.0,0.0,0.0,0.0,0.09613510966300964,41,True,asymmetric,0.6447711340106367,297,rule_baseline
0.0,0.0,0.0,0.0,0.0,4.820000171661377,12,True,straight,0.6735889811874466,298,rule_baseline
0.0,0.0,0.0,1.0,0.0,0.021603979170322418,44,True,narrow_exit,0.517834407810074,299,rule_baseline
0.0,0.0,0.0,0.0,0.0,4.820000171661377,13,False,false_feasible,0.754986004003612,300,rule_baseline
1.0,1.0,0.0,0.0,0.0,0.0718110203742981,64,True,straight,0.6276016968116556,301,rule_baseline
1.0,1.0,0.0,0.0,0.0,0.16635018587112427,81,True,straight,0.7480890850397051,302,rule_baseline
0.0,0.0,0.0,1.0,0.0,0.014722791500389576,37,True,s_shaped,0.819900833234308,303,rule_baseline
0.0,0.0,0.0,0.0,0.0,4.820000171661377,13,True,l_shaped,0.479577031723809,304,rule_baseline
0.0,0.0,0.0,0.0,0.0,0.17470157146453857,31,True,asymmetric,0.8732327876022099,305,rule_baseline
0.0,0.0,0.0,0.0,0.0,4.820000171661377,13,True,l_shaped,0.5320161790183486,306,rule_baseline
0.0,0.0,0.0,0.0,0.0,4.820000171661377,13,True,asymmetric,0.4717385419998652,307,rule_baseline
0.0,0.0,0.0,0.0,0.0,4.820000171661377,11,True,asymmetric,0.6412724080533323,308,rule_baseline
0.0,0.0,0.0,0.0,0.0,4.820000171661377,12,True,narrow_entry,0.5824131402729884,309,rule_baseline
1.0,1.0,0.0,0.0,0.0,0.0852016732096672,59,True,asymmetric,0.7027199493567603,310,rule_baseline
1.0,1.0,0.0,0.0,0.0,0.05216563493013382,70,True,asymmetric,0.7337803953487817,311,rule_baseline
0.0,0.0,0.0,0.0,0.0,0.1816696673631668,26,False,false_feasible,0.7627893946680496,312,rule_baseline
0.0,0.0,0.0,1.0,0.0,0.01589481346309185,49,True,narrow_exit,0.4929224386106006,313,rule_baseline
0.0,0.0,0.0,0.0,0.0,0.16117271780967712,400,True,l_shaped,0.7104756313889395,314,rule_baseline
0.0,0.0,0.0,1.0,0.0,0.025704272091388702,400,True,s_shaped,0.7388123577640271,315,rule_baseline
0.0,0.0,0.0,0.0,0.0,4.820000171661377,14,True,s_shaped,0.7250478303159598,316,rule_baseline
0.0,0.0,0.0,0.0,0.0,0.1738012582063675,38,False,false_feasible,0.7269558513069633,317,rule_baseline
0.0,0.0,0.0,0.0,0.0,4.820000171661377,13,True,straight,0.6111554943516184,318,rule_baseline
0.0,0.0,0.0,0.0,0.0,4.820000171661377,12,False,false_feasible,0.6166104299658068,319,rule_baseline
1.0,1.0,0.0,1.0,0.0,0.018527567386627197,59,True,narrow_exit,0.5956202167804027,320,rule_baseline
0.0,0.0,0.0,0.0,0.0,4.820000171661377,13,False,false_feasible,0.6827266526381749,321,rule_baseline
0.0,0.0,0.0,0.0,0.0,0.16714619100093842,27,False,false_feasible,0.7679798337368472,322,rule_baseline
1.0,1.0,0.0,1.0,0.0,0.019310815259814262,79,True,narrow_entry,0.5691297033375753,323,rule_baseline
0.0,0.0,0.0,1.0,0.0,0.038187962025403976,400,True,s_shaped,0.695705782604756,324,rule_baseline
0.0,0.0,0.0,1.0,0.0,0.0011615175753831863,30,False,false_feasible,0.6037079587168848,325,rule_baseline
0.0,0.0,0.0,0.0,0.0,4.820000171661377,13,False,false_feasible,0.5986603206093624,326,rule_baseline
0.0,0.0,0.0,0.0,0.0,4.820000171661377,12,True,narrow_entry,0.49511737386334725,327,rule_baseline
1.0,1.0,0.0,1.0,0.0,0.03832472488284111,72,True,asymmetric,0.7743708570226787,328,rule_baseline
1.0,1.0,0.0,1.0,0.0,0.016031676903367043,85,True,l_shaped,0.855137402542847,329,rule_baseline
0.0,0.0,0.0,1.0,0.0,0.025539405643939972,42,True,narrow_exit,0.5402173787499885,330,rule_baseline
1.0,1.0,0.0,1.0,0.0,0.0002578928251750767,65,True,narrow_exit,0.5659082655594128,331,rule_baseline
1.0,1.0,0.0,1.0,0.0,0.009512283839285374,62,True,narrow_exit,0.4943002926801398,332,rule_baseline
1.0,1.0,0.0,0.0,0.0,0.0968921035528183,73,True,narrow_entry,0.5849015205095279,333,rule_baseline
0.0,0.0,0.0,0.0,0.0,4.820000171661377,14,True,l_shaped,0.784783693048752,334,rule_baseline
0.0,0.0,0.0,0.0,0.0,4.820000171661377,14,True,l_shaped,0.6086827412288406,335,rule_baseline
1.0,1.0,0.0,1.0,0.0,0.0037567580584436655,77,True,narrow_entry,0.48439938692533735,336,rule_baseline
0.0,0.0,0.0,1.0,0.0,0.0069643775932490826,51,True,narrow_exit,0.5189223212358495,337,rule_baseline
1.0,1.0,0.0,0.0,0.0,0.053648222237825394,60,True,straight,0.8045974586453615,338,rule_baseline
0.0,0.0,0.0,1.0,0.0,0.003121953457593918,39,True,s_shaped,0.535454311239284,339,rule_baseline
0.0,0.0,0.0,0.0,0.0,4.820000171661377,12,True,straight,0.6165217517649025,340,rule_baseline
1.0,1.0,0.0,0.0,0.0,0.07719096541404724,59,True,straight,0.7147453509632772,341,rule_baseline
0.0,0.0,0.0,1.0,0.0,0.03371935710310936,53,True,l_shaped,0.6648977503842792,342,rule_baseline
0.0,0.0,0.0,0.0,0.0,4.820000171661377,12,True,straight,0.7009784910946137,343,rule_baseline
0.0,0.0,0.0,0.0,0.0,4.820000171661377,14,True,s_shaped,0.8492554920765324,344,rule_baseline
0.0,0.0,0.0,1.0,0.0,0.0016727432375773787,56,True,l_shaped,0.5595096769127493,345,rule_baseline
0.0,0.0,0.0,0.0,0.0,4.820000171661377,12,True,straight,0.6730124541457517,346,rule_baseline
1.0,1.0,0.0,1.0,0.0,0.03887070715427399,83,True,l_shaped,0.7773505816114591,347,rule_baseline
0.0,0.0,0.0,0.0,0.0,4.820000171661377,12,True,straight,0.45477856389759985,348,rule_baseline
0.0,0.0,0.0,0.0,0.0,0.20340175926685333,24,False,false_feasible,0.7846512108975894,349,rule_baseline
0.0,0.0,0.0,0.0,0.0,4.820000171661377,12,True,straight,0.7834788217300419,350,rule_baseline
0.0,0.0,0.0,0.0,0.0,0.09538805484771729,400,True,l_shaped,0.7194729126126809,351,rule_baseline
0.0,0.0,0.0,1.0,0.0,0.013271241448819637,41,True,narrow_exit,0.4634448038925577,352,rule_baseline
0.0,0.0,0.0,0.0,0.0,0.1467694342136383,400,True,l_shaped,0.6721804722847302,353,rule_baseline
1.0,1.0,0.0,1.0,0.0,0.03619172051548958,81,True,s_shaped,0.8718865312699862,354,rule_baseline
0.0,0.0,0.0,0.0,0.0,0.07248929888010025,35,True,asymmetric,0.6211735010543226,355,rule_baseline
0.0,0.0,0.0,1.0,0.0,0.02187301032245159,400,True,s_shaped,0.6590191254045346,356,rule_baseline
0.0,0.0,0.0,0.0,0.0,4.820000171661377,12,True,straight,0.7854340693479843,357,rule_baseline
0.0,0.0,0.0,0.0,0.0,0.11828267574310303,48,True,asymmetric,0.6292380604519123,358,rule_baseline
0.0,0.0,0.0,0.0,0.0,4.820000171661377,14,True,l_shaped,0.49812010267372153,359,rule_baseline
1.0,1.0,0.0,0.0,0.0,0.1457543522119522,74,True,straight,0.8934860548969821,360,rule_baseline
0.0,0.0,0.0,0.0,0.0,4.820000171661377,12,True,asymmetric,0.5045624061316145,361,rule_baseline
1.0,1.0,0.0,0.0,0.0,0.10261475294828415,58,True,straight,0.6655051061114889,362,rule_baseline
0.0,0.0,0.0,0.0,0.0,0.1542968600988388,31,False,false_feasible,0.6913331522479829,363,rule_baseline
1.0,1.0,0.0,0.0,0.0,0.06821669638156891,63,True,straight,0.5624077396743253,364,rule_baseline
0.0,0.0,0.0,0.0,0.0,4.820000171661377,14,True,l_shaped,0.6487135133830443,365,rule_baseline
1.0,1.0,0.0,1.0,0.0,0.00954471342265606,86,True,straight,0.8702999166503842,366,rule_baseline
0.0,0.0,0.0,0.0,0.0,4.820000171661377,12,True,narrow_entry,0.4384386502362506,367,rule_baseline
1.0,1.0,0.0,1.0,0.0,0.003080726135522127,75,True,narrow_entry,0.5036020293459074,368,rule_baseline
0.0,0.0,0.0,0.0,0.0,4.820000171661377,11,True,straight,0.5058257306838063,369,rule_baseline
0.0,0.0,0.0,0.0,0.0,4.820000171661377,12,True,narrow_entry,0.5259088041460114,370,rule_baseline
1.0,1.0,0.0,1.0,0.0,0.00753924623131752,86,True,asymmetric,0.8335646892461521,371,rule_baseline
0.0,0.0,0.0,1.0,0.0,0.031303081661462784,41,True,asymmetric,0.646146856802193,372,rule_baseline
0.0,0.0,0.0,0.0,0.0,4.820000171661377,13,True,narrow_entry,0.5903563995357339,373,rule_baseline
0.0,0.0,0.0,0.0,0.0,4.820000171661377,11,True,asymmetric,0.5019889492010106,374,rule_baseline
0.0,0.0,0.0,0.0,0.0,4.820000171661377,13,True,straight,0.6076014085417744,375,rule_baseline
1.0,1.0,0.0,1.0,0.0,0.01735854707658291,62,True,narrow_exit,0.44185448212933165,376,rule_baseline
0.0,0.0,0.0,0.0,0.0,0.09145467728376389,26,False,false_feasible,0.7240862070769776,377,rule_baseline
0.0,0.0,0.0,0.0,0.0,4.820000171661377,14,True,s_shaped,0.5555934721026827,378,rule_baseline
0.0,0.0,0.0,1.0,0.0,0.022955210879445076,42,True,narrow_exit,0.42835438345705973,379,rule_baseline
1.0,1.0,0.0,1.0,0.0,0.04969029501080513,60,True,asymmetric,0.7716258991255507,380,rule_baseline
0.0,0.0,0.0,0.0,0.0,4.820000171661377,14,True,s_shaped,0.5705908392749932,381,rule_baseline
1.0,1.0,0.0,1.0,0.0,0.013188597746193409,70,True,straight,0.7271978352153152,382,rule_baseline
0.0,0.0,0.0,0.0,0.0,0.089277483522892,34,True,asymmetric,0.7302456737231475,383,rule_baseline
0.0,0.0,0.0,0.0,0.0,4.820000171661377,14,True,s_shaped,0.5651800313364067,384,rule_baseline
1.0,1.0,0.0,0.0,0.0,0.05686254799365997,65,True,asymmetric,0.8564505075616118,385,rule_baseline
0.0,0.0,0.0,0.0,0.0,4.820000171661377,11,True,straight,0.49005041811184114,386,rule_baseline
0.0,0.0,0.0,1.0,0.0,0.01047748327255249,33,True,narrow_exit,0.4368663456917262,387,rule_baseline
0.0,0.0,0.0,0.0,0.0,4.820000171661377,12,True,narrow_entry,0.5361131842178595,388,rule_baseline
0.0,0.0,0.0,0.0,0.0,4.820000171661377,12,True,asymmetric,0.49044188733941163,389,rule_baseline
0.0,0.0,0.0,0.0,0.0,0.15530721843242645,25,False,false_feasible,0.7836843601151272,390,rule_baseline
0.0,0.0,0.0,1.0,0.0,0.0049292887561023235,56,True,narrow_exit,0.4718064113972221,391,rule_baseline
0.0,0.0,0.0,1.0,0.0,0.024500688537955284,46,True,narrow_exit,0.5776799064188229,392,rule_baseline
1.0,1.0,0.0,1.0,0.0,0.0488111786544323,61,True,l_shaped,0.870781964477952,393,rule_baseline
0.0,0.0,0.0,0.0,0.0,4.820000171661377,14,True,l_shaped,0.7548680609398359,394,rule_baseline
1.0,1.0,0.0,0.0,0.0,0.17067089676856995,63,True,asymmetric,0.891714648772563,395,rule_baseline
1.0,1.0,0.0,1.0,0.0,0.024508647620677948,80,True,narrow_exit,0.5754624922056365,396,rule_baseline
1.0,1.0,0.0,1.0,0.0,0.0378018356859684,60,True,straight,0.5564181838467556,397,rule_baseline
1.0,1.0,0.0,0.0,0.0,0.12275630235671997,87,True,straight,0.853399207905361,398,rule_baseline
0.0,0.0,0.0,0.0,0.0,0.16022223234176636,400,True,s_shaped,0.8149141593352902,399,rule_baseline
0.0,0.0,0.0,0.0,0.0,4.820000171661377,14,True,l_shaped,0.6854332943612675,400,rule_baseline
0.0,0.0,0.0,1.0,0.0,0.02411290630698204,56,True,narrow_exit,0.42586388788750956,401,rule_baseline
1.0,1.0,0.0,0.0,0.0,0.15796113014221191,84,True,straight,0.8195512003675972,402,rule_baseline
0.0,0.0,0.0,0.0,0.0,4.820000171661377,12,True,asymmetric,0.6994770281635594,403,rule_baseline
0.0,0.0,0.0,0.0,0.0,4.820000171661377,13,True,straight,0.5079750878612583,404,rule_baseline
0.0,0.0,0.0,0.0,0.0,0.07472892850637436,40,True,asymmetric,0.5463309467697621,405,rule_baseline
0.0,0.0,0.0,1.0,0.0,0.016682524234056473,48,True,narrow_exit,0.5108778960833361,406,rule_baseline
0.0,0.0,0.0,0.0,0.0,0.07609260827302933,400,True,l_shaped,0.5404169294868316,407,rule_baseline
1.0,1.0,0.0,1.0,0.0,0.03534968942403793,67,True,straight,0.6298312095520335,408,rule_baseline
0.0,0.0,0.0,0.0,0.0,0.12575650215148926,400,True,s_shaped,0.849105673480548,409,rule_baseline
0.0,0.0,0.0,0.0,0.0,4.820000171661377,14,True,s_shaped,0.59134806011485,410,rule_baseline
0.0,0.0,0.0,0.0,0.0,4.820000171661377,14,True,l_shaped,0.6037448255097739,411,rule_baseline
0.0,0.0,0.0,0.0,0.0,4.820000171661377,13,True,l_shaped,0.45280743256369865,412,rule_baseline
0.0,0.0,0.0,1.0,0.0,0.02431403286755085,38,True,narrow_exit,0.4322962058358565,413,rule_baseline
1.0,1.0,0.0,0.0,0.0,0.08958477526903152,65,True,asymmetric,0.825888062322826,414,rule_baseline
0.0,0.0,0.0,0.0,0.0,4.820000171661377,14,True,s_shaped,0.7037997549515324,415,rule_baseline
1.0,1.0,0.0,1.0,0.0,0.015423131175339222,61,True,asymmetric,0.6871454183331248,416,rule_baseline
0.0,0.0,0.0,0.0,0.0,4.820000171661377,14,True,s_shaped,0.7051659860900208,417,rule_baseline
0.0,0.0,0.0,0.0,0.0,4.820000171661377,14,True,s_shaped,0.5034655764910647,418,rule_baseline
0.0,0.0,0.0,1.0,0.0,0.02503826655447483,57,True,l_shaped,0.8583514940418655,419,rule_baseline
0.0,0.0,0.0,0.0,0.0,0.13813844323158264,25,False,false_feasible,0.6917537912333709,420,rule_baseline
0.0,0.0,0.0,1.0,0.0,0.011411139741539955,41,True,narrow_exit,0.548193189980353,421,rule_baseline
0.0,0.0,0.0,1.0,0.0,0.0038911309093236923,48,True,narrow_exit,0.5698835120697903,422,rule_baseline
0.0,0.0,0.0,0.0,0.0,0.17358575761318207,25,False,false_feasible,0.7657420414653151,423,rule_baseline
0.0,0.0,0.0,0.0,0.0,4.820000171661377,12,True,straight,0.5021173467343687,424,rule_baseline
0.0,0.0,0.0,0.0,0.0,0.16149577498435974,400,True,l_shaped,0.6872802453256228,425,rule_baseline
0.0,0.0,0.0,1.0,0.0,0.031794365495443344,40,True,s_shaped,0.68367921013104,426,rule_baseline
0.0,0.0,0.0,1.0,0.0,0.015739386901259422,400,True,l_shaped,0.5760127738192665,427,rule_baseline
0.0,0.0,0.0,0.0,0.0,4.820000171661377,13,True,narrow_entry,0.44511048052830143,428,rule_baseline
0.0,0.0,0.0,0.0,0.0,4.820000171661377,14,True,s_shaped,0.49550807500532484,429,rule_baseline
0.0,0.0,0.0,0.0,0.0,4.820000171661377,13,True,narrow_entry,0.48023873852930504,430,rule_baseline
0.0,0.0,0.0,0.0,0.0,4.820000171661377,14,True,l_shaped,0.5003934563637937,431,rule_baseline
1.0,1.0,0.0,0.0,0.0,0.057104986160993576,86,True,narrow_exit,0.5060292410879816,432,rule_baseline
0.0,0.0,0.0,0.0,0.0,4.820000171661377,12,True,narrow_entry,0.5515369094885471,433,rule_baseline
0.0,0.0,0.0,0.0,0.0,4.820000171661377,12,True,narrow_entry,0.4571580777706371,434,rule_baseline
0.0,0.0,0.0,1.0,0.0,0.03189510852098465,46,True,l_shaped,0.45933006986733943,435,rule_baseline
0.0,0.0,0.0,0.0,0.0,4.820000171661377,13,True,l_shaped,0.45255451221545645,436,rule_baseline
0.0,0.0,0.0,0.0,0.0,4.820000171661377,13,True,l_shaped,0.5621179882052608,437,rule_baseline
0.0,0.0,0.0,0.0,0.0,0.05914970114827156,24,False,false_feasible,0.7286838489717035,438,rule_baseline
1.0,1.0,0.0,0.0,0.0,0.09170591831207275,80,True,narrow_exit,0.5627132542187139,439,rule_baseline
0.0,0.0,0.0,0.0,0.0,4.820000171661377,12,True,narrow_exit,0.5745904524156771,440,rule_baseline
1.0,1.0,0.0,1.0,0.0,0.04926534742116928,75,True,straight,0.6840786022553353,441,rule_baseline
1.0,1.0,0.0,0.0,0.0,0.062189098447561264,87,True,narrow_exit,0.5612196823202605,442,rule_baseline
0.0,0.0,0.0,1.0,0.0,0.009649241343140602,51,True,narrow_exit,0.5123040791951938,443,rule_baseline
1.0,1.0,0.0,1.0,0.0,0.004285841714590788,67,True,straight,0.8767534935747161,444,rule_baseline
1.0,1.0,0.0,0.0,0.0,0.16713596880435944,76,True,straight,0.7461273714269243,445,rule_baseline
0.0,0.0,0.0,0.0,0.0,4.820000171661377,12,False,false_feasible,0.7295294125388756,446,rule_baseline
0.0,0.0,0.0,0.0,0.0,4.820000171661377,11,True,straight,0.5853780206388963,447,rule_baseline
1.0,1.0,0.0,0.0,0.0,0.08303924649953842,74,True,s_shaped,0.8933167755166438,448,rule_baseline
1.0,1.0,0.0,0.0,0.0,0.15158233046531677,57,True,straight,0.6762941729478129,449,rule_baseline
1.0,1.0,0.0,0.0,0.0,0.09169847518205643,63,True,straight,0.768111956803925,450,rule_baseline
1.0,1.0,0.0,1.0,0.0,0.012075992301106453,59,True,narrow_entry,0.5565493445846378,451,rule_baseline
1.0,1.0,0.0,0.0,0.0,0.154372900724411,78,True,straight,0.8239964248444626,452,rule_baseline
0.0,0.0,0.0,1.0,0.0,0.01896100677549839,43,True,narrow_exit,0.48814641065770825,453,rule_baseline
0.0,0.0,0.0,0.0,0.0,4.820000171661377,11,True,narrow_entry,0.5876406565426815,454,rule_baseline
0.0,0.0,0.0,1.0,0.0,0.021004583686590195,39,True,narrow_exit,0.5684421479598019,455,rule_baseline
0.0,0.0,0.0,0.0,0.0,0.1414051502943039,34,False,false_feasible,0.7597212081465654,456,rule_baseline
0.0,0.0,0.0,0.0,0.0,4.820000171661377,13,True,straight,0.5203818218739407,457,rule_baseline
1.0,1.0,0.0,0.0,0.0,0.09550081193447113,76,True,narrow_entry,0.5697373016490891,458,rule_baseline
0.0,0.0,0.0,1.0,0.0,0.01758471503853798,30,False,false_feasible,0.7792971347671608,459,rule_baseline
1.0,1.0,0.0,1.0,0.0,0.03949611634016037,68,True,narrow_exit,0.5491569295946165,460,rule_baseline
0.0,0.0,0.0,1.0,0.0,0.004395247437059879,22,False,false_feasible,0.6349918117575468,461,rule_baseline
1.0,1.0,0.0,0.0,0.0,0.0698823556303978,65,True,straight,0.6971321724941133,462,rule_baseline
0.0,0.0,0.0,0.0,0.0,4.820000171661377,14,True,l_shaped,0.5397580332977093,463,rule_baseline
0.0,0.0,0.0,0.0,0.0,4.820000171661377,14,True,s_shaped,0.544260760804875,464,rule_baseline
0.0,0.0,0.0,1.0,0.0,0.006002919282764196,48,True,asymmetric,0.8596306324929981,465,rule_baseline
0.0,0.0,0.0,1.0,0.0,0.0022977148182690144,40,True,narrow_exit,0.42871615570433114,466,rule_baseline
0.0,0.0,0.0,1.0,0.0,0.0008770310669206083,34,True,s_shaped,0.6600048392488131,467,rule_baseline
0.0,0.0,0.0,0.0,0.0,4.820000171661377,13,True,l_shaped,0.744656699218429,468,rule_baseline
0.0,0.0,0.0,0.0,0.0,0.07846018671989441,48,True,asymmetric,0.6056276234749134,469,rule_baseline
1.0,1.0,0.0,0.0,0.0,0.05357879400253296,83,True,s_shaped,0.7972986830361148,470,rule_baseline
0.0,0.0,0.0,1.0,0.0,0.02427004463970661,50,True,narrow_exit,0.4343310919222745,471,rule_baseline
0.0,0.0,0.0,0.0,0.0,0.05014815926551819,38,True,l_shaped,0.6727334024513261,472,rule_baseline
0.0,0.0,0.0,0.0,0.0,4.820000171661377,14,True,s_shaped,0.5844835810348048,473,rule_baseline
0.0,0.0,0.0,0.0,0.0,4.820000171661377,12,True,straight,0.4959249279328948,474,rule_baseline
0.0,0.0,0.0,0.0,0.0,4.820000171661377,13,True,l_shaped,0.8282714006808329,475,rule_baseline
0.0,0.0,0.0,1.0,0.0,0.04758276417851448,400,True,l_shaped,0.5166847907398643,476,rule_baseline
0.0,0.0,0.0,0.0,0.0,4.820000171661377,12,True,straight,0.6785755236717885,477,rule_baseline
0.0,0.0,0.0,1.0,0.0,0.006780214142054319,54,True,l_shaped,0.8635618096994966,478,rule_baseline
0.0,0.0,0.0,0.0,0.0,4.820000171661377,14,True,s_shaped,0.47439393932900775,479,rule_baseline
0.0,0.0,0.0,0.0,0.0,0.09553700685501099,400,True,s_shaped,0.6166403908537974,480,rule_baseline
1.0,1.0,0.0,1.0,0.0,0.0008263737545348704,64,True,narrow_entry,0.47495747432733987,481,rule_baseline
0.0,0.0,0.0,0.0,0.0,0.11545057594776154,400,True,l_shaped,0.7049323926352751,482,rule_baseline
0.0,0.0,0.0,0.0,0.0,4.820000171661377,14,True,l_shaped,0.4720198490214684,483,rule_baseline
0.0,0.0,0.0,0.0,0.0,4.820000171661377,14,True,s_shaped,0.4589772985484778,484,rule_baseline
0.0,0.0,0.0,1.0,0.0,0.0017322370549663901,46,True,narrow_exit,0.46423369907326917,485,rule_baseline
0.0,0.0,0.0,0.0,0.0,4.820000171661377,12,True,asymmetric,0.6292677836442063,486,rule_baseline
0.0,0.0,0.0,1.0,0.0,0.017310336232185364,34,False,false_feasible,0.7831479154810399,487,rule_baseline
0.0,0.0,0.0,0.0,0.0,4.820000171661377,12,True,straight,0.7255210533602207,488,rule_baseline
0.0,0.0,0.0,1.0,0.0,0.02779250778257847,48,True,l_shaped,0.7142015728997486,489,rule_baseline
1.0,1.0,0.0,0.0,0.0,0.136222705245018,63,True,straight,0.8969927003287215,490,rule_baseline
0.0,0.0,0.0,0.0,0.0,4.820000171661377,13,True,asymmetric,0.71781498066591,491,rule_baseline
0.0,0.0,0.0,0.0,0.0,0.10307826846837997,400,True,l_shaped,0.6015532407253592,492,rule_baseline
0.0,0.0,0.0,0.0,0.0,4.820000171661377,13,False,false_feasible,0.6270418631329638,493,rule_baseline
1.0,1.0,0.0,0.0,0.0,0.1853647083044052,74,True,straight,0.7946697552207004,494,rule_baseline
0.0,0.0,0.0,0.0,0.0,4.820000171661377,13,True,narrow_entry,0.44833964817777244,495,rule_baseline
0.0,0.0,0.0,0.0,0.0,4.820000171661377,12,True,asymmetric,0.4728980453152145,496,rule_baseline
0.0,0.0,0.0,0.0,0.0,4.820000171661377,13,True,narrow_entry,0.4724707869962791,497,rule_baseline
0.0,0.0,0.0,0.0,0.0,4.820000171661377,14,True,s_shaped,0.5062975618802955,498,rule_baseline
1.0,1.0,0.0,1.0,0.0,0.0036533207166939974,65,True,narrow_exit,0.45637615688314553,499,rule_baseline
0.0,0.0,0.0,0.0,0.0,4.820000171661377,12,True,straight,0.5661508836477479,0,rule_baseline
0.0,0.0,0.0,0.0,0.0,4.820000171661377,12,True,asymmetric,0.5233703719819794,1,rule_baseline
0.0,0.0,0.0,0.0,0.0,4.820000171661377,12,False,false_feasible,0.5548655277008361,2,rule_baseline
1.0,1.0,0.0,1.0,0.0,0.007147264666855335,64,True,straight,0.6957928930785326,3,rule_baseline
0.0,0.0,0.0,1.0,0.0,0.002712069544941187,57,True,l_shaped,0.757579555134595,4,rule_baseline
0.0,0.0,0.0,0.0,0.0,4.820000171661377,13,True,l_shaped,0.5452302690209478,5,rule_baseline
0.0,0.0,0.0,1.0,0.0,0.034063562750816345,400,True,l_shaped,0.8058334756689016,6,rule_baseline
1.0,1.0,0.0,1.0,0.0,0.01118257362395525,67,True,narrow_entry,0.5502667675315113,7,rule_baseline
0.0,0.0,0.0,0.0,0.0,0.05053509399294853,33,True,asymmetric,0.5718687103432746,8,rule_baseline
0.0,0.0,0.0,0.0,0.0,0.12557491660118103,28,False,false_feasible,0.7396065491823672,9,rule_baseline
0.0,0.0,0.0,1.0,0.0,0.006263581104576588,51,True,narrow_exit,0.42731652170425655,10,rule_baseline
0.0,0.0,0.0,0.0,0.0,4.820000171661377,12,True,straight,0.7655091961269462,11,rule_baseline
1.0,1.0,0.0,0.0,0.0,0.1903236210346222,70,True,straight,0.8248007167804521,12,rule_baseline
1.0,1.0,0.0,0.0,0.0,0.14350534975528717,82,True,straight,0.6529614191470621,13,rule_baseline
0.0,0.0,0.0,1.0,0.0,0.022498654201626778,36,True,asymmetric,0.5730732880202507,14,rule_baseline
1.0,1.0,0.0,0.0,0.0,0.09480374306440353,67,True,straight,0.7668419999727218,15,rule_baseline
1.0,1.0,0.0,0.0,0.0,0.13651138544082642,60,True,straight,0.6583327266031102,16,rule_baseline
0.0,0.0,0.0,0.0,0.0,0.14969490468502045,400,True,s_shaped,0.7288521800419325,17,rule_baseline
0.0,0.0,0.0,0.0,0.0,4.820000171661377,13,True,straight,0.4879536286140265,18,rule_baseline
1.0,1.0,0.0,0.0,0.0,0.12658822536468506,86,True,asymmetric,0.8309187254853225,19,rule_baseline
0.0,0.0,0.0,0.0,0.0,0.1735004484653473,34,True,asymmetric,0.737249151791138,20,rule_baseline
0.0,0.0,0.0,0.0,0.0,0.20130130648612976,26,False,false_feasible,0.7648383705995083,21,rule_baseline
0.0,0.0,0.0,0.0,0.0,4.820000171661377,14,True,l_shaped,0.5036631430660587,22,rule_baseline
0.0,0.0,0.0,0.0,0.0,4.820000171661377,12,True,asymmetric,0.7585056527097924,23,rule_baseline
0.0,0.0,0.0,1.0,0.0,0.028429381549358368,46,True,narrow_exit,0.4711872448542635,24,rule_baseline
0.0,0.0,0.0,0.0,0.0,4.820000171661377,12,False,false_feasible,0.605121494438039,25,rule_baseline
0.0,0.0,0.0,0.0,0.0,0.05763604864478111,44,True,asymmetric,0.5251225868876733,26,rule_baseline
0.0,0.0,0.0,0.0,0.0,4.820000171661377,12,True,straight,0.7385253553631994,27,rule_baseline
0.0,0.0,0.0,1.0,0.0,0.012206551618874073,40,True,narrow_exit,0.5066640149633126,28,rule_baseline
1.0,1.0,0.0,1.0,0.0,0.02057994157075882,79,True,narrow_exit,0.4435747585038711,29,rule_baseline
0.0,0.0,0.0,0.0,0.0,4.820000171661377,12,True,straight,0.7314161723109187,30,rule_baseline
0.0,0.0,0.0,0.0,0.0,0.09509498625993729,400,True,l_shaped,0.6503494190686149,31,rule_baseline
0.0,0.0,0.0,0.0,0.0,4.820000171661377,14,True,s_shaped,0.5742652359234547,32,rule_baseline
0.0,0.0,0.0,1.0,0.0,0.008990921080112457,44,True,l_shaped,0.5417950634861961,33,rule_baseline
0.0,0.0,0.0,0.0,0.0,4.820000171661377,13,False,false_feasible,0.6144019385100408,34,rule_baseline
0.0,0.0,0.0,0.0,0.0,4.820000171661377,12,True,narrow_exit,0.43723088091776874,35,rule_baseline
1.0,1.0,0.0,0.0,0.0,0.17065544426441193,67,True,straight,0.8020838678910598,36,rule_baseline
0.0,0.0,0.0,1.0,0.0,0.02311711758375168,55,True,narrow_exit,0.43036622595646046,37,rule_baseline
0.0,0.0,0.0,0.0,0.0,4.820000171661377,13,True,asymmetric,0.4562633186059493,38,rule_baseline
1.0,1.0,0.0,1.0,0.0,0.03483890742063522,82,True,narrow_exit,0.5988552398320051,39,rule_baseline
1.0,1.0,0.0,0.0,0.0,0.06632917374372482,61,True,straight,0.725432522562784,40,rule_baseline
1.0,1.0,0.0,0.0,0.0,0.0787142887711525,67,True,straight,0.6120095387645129,41,rule_baseline
0.0,0.0,0.0,0.0,0.0,4.820000171661377,13,True,asymmetric,0.5923198263419658,42,rule_baseline
1.0,1.0,0.0,1.0,0.0,0.0070495083928108215,61,True,s_shaped,0.8370483581668494,43,rule_baseline
0.0,0.0,0.0,0.0,0.0,0.1691472977399826,400,True,l_shaped,0.8480578586931833,44,rule_baseline
0.0,0.0,0.0,0.0,0.0,0.2386145293712616,400,True,s_shaped,0.8897573381136668,45,rule_baseline
0.0,0.0,0.0,0.0,0.0,4.820000171661377,12,True,straight,0.5362229278359497,46,rule_baseline
0.0,0.0,0.0,1.0,0.0,0.0051052928902208805,51,True,narrow_exit,0.4425239822269924,47,rule_baseline
1.0,1.0,0.0,1.0,0.0,0.008361192420125008,72,True,narrow_exit,0.5371511176055458,48,rule_baseline
0.0,0.0,0.0,0.0,0.0,0.1108429878950119,25,False,false_feasible,0.7208835652826184,49,rule_baseline
0.0,0.0,0.0,0.0,0.0,0.0673925131559372,32,False,false_feasible,0.7575371781441346,50,rule_baseline
1.0,1.0,0.0,1.0,0.0,0.024204447865486145,67,True,asymmetric,0.6275231117261458,51,rule_baseline
0.0,0.0,0.0,0.0,0.0,4.820000171661377,12,True,narrow_entry,0.5528487465836486,52,rule_baseline
0.0,0.0,0.0,0.0,0.0,4.820000171661377,14,True,s_shaped,0.7099601420334767,53,rule_baseline
1.0,1.0,0.0,0.0,0.0,0.06200080364942551,83,True,straight,0.6595208619747357,54,rule_baseline
0.0,0.0,0.0,0.0,0.0,0.2140314280986786,400,True,l_shaped,0.8647340762751858,55,rule_baseline
0.0,0.0,0.0,0.0,0.0,4.820000171661377,13,True,narrow_exit,0.42929452031789417,56,rule_baseline
0.0,0.0,0.0,0.0,0.0,4.820000171661377,12,True,straight,0.5733647325970421,57,rule_baseline
0.0,0.0,0.0,0.0,0.0,4.820000171661377,13,True,narrow_entry,0.5753490242379482,58,rule_baseline
0.0,0.0,0.0,0.0,0.0,4.820000171661377,14,True,s_shaped,0.5279457223978177,59,rule_baseline
1.0,1.0,0.0,1.0,0.0,0.016172822564840317,69,True,narrow_entry,0.47364609790741546,60,rule_baseline
0.0,0.0,0.0,0.0,0.0,4.820000171661377,12,True,narrow_entry,0.42744906383688636,61,rule_baseline
0.0,0.0,0.0,1.0,0.0,0.03139495849609375,34,True,s_shaped,0.5134542646008197,62,rule_baseline
0.0,0.0,0.0,1.0,0.0,0.016214679926633835,43,True,narrow_exit,0.5968172602673276,63,rule_baseline
0.0,0.0,0.0,1.0,0.0,0.002045973436906934,52,True,narrow_exit,0.5329603976495223,64,rule_baseline
0.0,0.0,0.0,0.0,0.0,4.820000171661377,12,True,straight,0.5399964414642042,65,rule_baseline
0.0,0.0,0.0,0.0,0.0,4.820000171661377,11,True,straight,0.6046120577461381,66,rule_baseline
0.0,0.0,0.0,0.0,0.0,4.820000171661377,12,True,narrow_entry,0.5912509352421983,67,rule_baseline
1.0,1.0,0.0,1.0,0.0,0.030171465128660202,87,True,straight,0.8380217625407204,68,rule_baseline
0.0,0.0,0.0,1.0,0.0,0.023028377443552017,23,False,false_feasible,0.6208171931233974,69,rule_baseline
0.0,0.0,0.0,0.0,0.0,4.820000171661377,13,False,false_feasible,0.5582930281617959,70,rule_baseline
0.0,0.0,0.0,0.0,0.0,4.820000171661377,12,True,straight,0.46072278596289595,71,rule_baseline
0.0,0.0,0.0,0.0,0.0,0.05439566448330879,27,False,false_feasible,0.7019815540116525,72,rule_baseline
0.0,0.0,0.0,0.0,0.0,4.820000171661377,14,True,s_shaped,0.4808379957565439,73,rule_baseline
0.0,0.0,0.0,0.0,0.0,4.820000171661377,13,True,l_shaped,0.6536879623358838,74,rule_baseline
0.0,0.0,0.0,0.0,0.0,4.820000171661377,12,True,narrow_entry,0.492269341530011,75,rule_baseline
0.0,0.0,0.0,0.0,0.0,0.0657920315861702,400,True,s_shaped,0.674604594604723,76,rule_baseline
0.0,0.0,0.0,1.0,0.0,0.017924027517437935,55,True,narrow_exit,0.4401594866180569,77,rule_baseline
1.0,1.0,0.0,0.0,0.0,0.09840721637010574,66,True,straight,0.7194507433373412,78,rule_baseline
1.0,1.0,0.0,1.0,0.0,0.04535893723368645,72,True,straight,0.5457174553103382,79,rule_baseline
0.0,0.0,0.0,1.0,0.0,0.02271326258778572,400,True,l_shaped,0.6335983812133983,80,rule_baseline
0.0,0.0,0.0,0.0,0.0,4.820000171661377,13,False,false_feasible,0.6428783819449548,81,rule_baseline
0.0,0.0,0.0,1.0,0.0,0.02494494616985321,41,True,s_shaped,0.6977066367139615,82,rule_baseline
0.0,0.0,0.0,1.0,0.0,0.0004133317561354488,37,True,narrow_exit,0.48883414178158247,83,rule_baseline
0.0,0.0,0.0,0.0,0.0,4.820000171661377,13,True,narrow_entry,0.5883128762867891,84,rule_baseline
1.0,1.0,0.0,1.0,0.0,0.022491034120321274,58,True,narrow_entry,0.4426578434568448,85,rule_baseline
0.0,0.0,0.0,0.0,0.0,0.07119473069906235,40,True,asymmetric,0.8955816314667235,86,rule_baseline
0.0,0.0,0.0,0.0,0.0,0.09156321734189987,400,True,l_shaped,0.8429297884360163,87,rule_baseline
0.0,0.0,0.0,1.0,0.0,0.006581578869372606,45,True,narrow_exit,0.4774908389276114,88,rule_baseline
0.0,0.0,0.0,0.0,0.0,4.820000171661377,11,True,narrow_entry,0.5939268150156898,89,rule_baseline
0.0,0.0,0.0,1.0,0.0,0.00579434260725975,400,True,l_shaped,0.7817166229793622,90,rule_baseline
0.0,0.0,0.0,0.0,0.0,4.820000171661377,12,True,narrow_entry,0.5489930514543779,91,rule_baseline
1.0,1.0,0.0,0.0,0.0,0.0892193466424942,88,True,l_shaped,0.880295120694108,92,rule_baseline
0.0,0.0,0.0,1.0,0.0,0.0007239240221679211,44,True,narrow_exit,0.5720688978884574,93,rule_baseline
0.0,0.0,0.0,0.0,0.0,4.820000171661377,12,True,straight,0.7670449776704361,94,rule_baseline
0.0,0.0,0.0,0.0,0.0,0.1372566819190979,400,True,s_shaped,0.6727968821332084,95,rule_baseline
1.0,1.0,0.0,1.0,0.0,0.004276932217180729,63,True,asymmetric,0.5415595389622003,96,rule_baseline
1.0,1.0,0.0,1.0,0.0,0.044675275683403015,88,True,narrow_exit,0.546897700493456,97,rule_baseline
0.0,0.0,0.0,0.0,0.0,4.820000171661377,12,True,straight,0.5434646894101032,98,rule_baseline
0.0,0.0,0.0,0.0,0.0,4.820000171661377,13,True,narrow_entry,0.4755888964779367,99,rule_baseline
0.0,0.0,0.0,1.0,0.0,0.008563301526010036,45,True,narrow_exit,0.482247543457469,100,rule_baseline
0.0,0.0,0.0,0.0,0.0,4.820000171661377,12,True,straight,0.598350569121542,101,rule_baseline
1.0,1.0,0.0,1.0,0.0,0.04273825138807297,61,True,straight,0.8943075237273916,102,rule_baseline
1.0,1.0,0.0,0.0,0.0,0.06486169248819351,68,True,asymmetric,0.683326348935434,103,rule_baseline
1.0,1.0,0.0,0.0,0.0,0.12430886924266815,85,True,straight,0.8098065718061735,104,rule_baseline
1.0,1.0,0.0,0.0,0.0,0.11295497417449951,59,True,asymmetric,0.8273907878270851,105,rule_baseline
1.0,1.0,0.0,1.0,0.0,0.03746457025408745,75,True,straight,0.8798795126764676,106,rule_baseline
0.0,0.0,0.0,1.0,0.0,0.006978286430239677,49,True,narrow_exit,0.45728279347440115,107,rule_baseline
0.0,0.0,0.0,0.0,0.0,4.820000171661377,13,True,narrow_entry,0.45302176139825867,108,rule_baseline
1.0,1.0,0.0,0.0,0.0,0.0929223895072937,59,True,asymmetric,0.7813655294706134,109,rule_baseline
0.0,0.0,0.0,0.0,0.0,4.820000171661377,14,True,l_shaped,0.45775862446014204,110,rule_baseline
1.0,1.0,0.0,0.0,0.0,0.08367086201906204,74,True,narrow_entry,0.5740451723170577,111,rule_baseline
0.0,0.0,0.0,0.0,0.0,4.820000171661377,14,True,s_shaped,0.4870435888323706,112,rule_baseline
0.0,0.0,0.0,0.0,0.0,4.820000171661377,14,True,l_shaped,0.7108643978748297,113,rule_baseline
0.0,0.0,0.0,1.0,0.0,0.022025326266884804,45,True,narrow_exit,0.5438883470199346,114,rule_baseline
0.0,0.0,0.0,0.0,0.0,0.1255565583705902,34,True,asymmetric,0.6137277089180454,115,rule_baseline
0.0,0.0,0.0,0.0,0.0,4.820000171661377,12,True,narrow_entry,0.5600922309347779,116,rule_baseline
1.0,1.0,0.0,0.0,0.0,0.12769979238510132,72,True,straight,0.7558046891537344,117,rule_baseline
1.0,1.0,0.0,1.0,0.0,0.025138182565569878,89,True,straight,0.6375968725687111,118,rule_baseline
1.0,1.0,0.0,1.0,0.0,0.03440617397427559,79,True,s_shaped,0.8976595910276768,119,rule_baseline
0.0,0.0,0.0,0.0,0.0,4.820000171661377,13,True,straight,0.5695429946692852,120,rule_baseline
1.0,1.0,0.0,0.0,0.0,0.10481248795986176,75,True,straight,0.5830578425978028,121,rule_baseline
1.0,1.0,0.0,1.0,0.0,0.028916416689753532,58,True,straight,0.5053195402035809,122,rule_baseline
0.0,0.0,0.0,0.0,0.0,4.820000171661377,12,True,straight,0.636962545167263,123,rule_baseline
0.0,0.0,0.0,0.0,0.0,4.820000171661377,12,True,narrow_exit,0.49848253035124446,124,rule_baseline
0.0,0.0,0.0,0.0,0.0,4.820000171661377,14,True,s_shaped,0.6215824617763025,125,rule_baseline
0.0,0.0,0.0,1.0,0.0,0.03797043859958649,400,True,l_shaped,0.6540366424282349,126,rule_baseline
0.0,0.0,0.0,1.0,0.0,0.00013611868780571967,51,True,narrow_exit,0.4663383831696767,127,rule_baseline
1.0,1.0,0.0,0.0,0.0,0.08227422088384628,76,True,l_shaped,0.8425455487514439,128,rule_baseline
0.0,0.0,0.0,0.0,0.0,4.820000171661377,13,True,straight,0.5064877809019707,129,rule_baseline
0.0,0.0,0.0,1.0,0.0,0.02535598911345005,400,True,l_shaped,0.6385316752431256,130,rule_baseline
0.0,0.0,0.0,1.0,0.0,0.04079439118504524,46,True,l_shaped,0.6300370178623333,131,rule_baseline
1.0,1.0,0.0,1.0,0.0,0.03717692196369171,85,True,straight,0.482424741995065,132,rule_baseline
1.0,1.0,0.0,1.0,0.0,0.03143482655286789,75,True,straight,0.5262578575925465,133,rule_baseline
1.0,1.0,0.0,1.0,0.0,0.007998173125088215,86,True,straight,0.45780458482793673,134,rule_baseline
1.0,1.0,0.0,1.0,0.0,0.0007170782191678882,83,True,narrow_exit,0.5190096445622917,135,rule_baseline
0.0,0.0,0.0,1.0,0.0,0.035411760210990906,400,True,s_shaped,0.7595931446352189,136,rule_baseline
0.0,0.0,0.0,0.0,0.0,4.820000171661377,12,True,narrow_entry,0.5041725325449173,137,rule_baseline
1.0,1.0,0.0,0.0,0.0,0.05079542472958565,73,True,l_shaped,0.8087794841954169,138,rule_baseline
0.0,0.0,0.0,0.0,0.0,4.820000171661377,14,True,l_shaped,0.6019540267879364,139,rule_baseline
0.0,0.0,0.0,0.0,0.0,4.820000171661377,12,True,narrow_entry,0.4813765278336673,140,rule_baseline
0.0,0.0,0.0,0.0,0.0,4.820000171661377,12,True,narrow_entry,0.46491353265234264,141,rule_baseline
1.0,1.0,0.0,1.0,0.0,0.04369138553738594,65,True,straight,0.8386640149975559,142,rule_baseline
1.0,1.0,0.0,0.0,0.0,0.08315280824899673,57,True,straight,0.7569888452323249,143,rule_baseline
1.0,1.0,0.0,1.0,0.0,0.013700704090297222,81,True,asymmetric,0.6046745548658622,144,rule_baseline
0.0,0.0,0.0,0.0,0.0,4.820000171661377,12,True,narrow_entry,0.495506592358284,145,rule_baseline
1.0,1.0,0.0,1.0,0.0,0.015622170642018318,82,True,straight,0.6765939184855374,146,rule_baseline
0.0,0.0,0.0,1.0,0.0,0.008552705869078636,39,True,narrow_exit,0.4773390076415287,147,rule_baseline
0.0,0.0,0.0,0.0,0.0,0.07406377047300339,27,False,false_feasible,0.568939979713289,148,rule_baseline
0.0,0.0,0.0,0.0,0.0,4.820000171661377,12,True,straight,0.45689926796611485,149,rule_baseline
0.0,0.0,0.0,0.0,0.0,4.820000171661377,14,True,l_shaped,0.6593707322100824,150,rule_baseline
0.0,0.0,0.0,0.0,0.0,0.05861462652683258,400,True,l_shaped,0.5281615680526541,151,rule_baseline
1.0,1.0,0.0,0.0,0.0,0.12780222296714783,65,True,straight,0.814488164950965,152,rule_baseline
0.0,0.0,0.0,0.0,0.0,4.820000171661377,13,True,narrow_entry,0.5516393054223531,153,rule_baseline
1.0,1.0,0.0,1.0,0.0,0.007709574420005083,59,True,asymmetric,0.7063869923401409,154,rule_baseline
0.0,0.0,0.0,1.0,0.0,0.00670031551271677,43,True,narrow_exit,0.5491354149219455,155,rule_baseline
0.0,0.0,0.0,1.0,0.0,0.01460094191133976,47,True,narrow_exit,0.46785374890604176,156,rule_baseline
0.0,0.0,0.0,1.0,0.0,0.01942502334713936,47,True,narrow_exit,0.5028478736920726,157,rule_baseline
0.0,0.0,0.0,1.0,0.0,0.004987483378499746,53,True,narrow_exit,0.5845742350860054,158,rule_baseline
0.0,0.0,0.0,0.0,0.0,4.820000171661377,14,True,s_shaped,0.684994055835837,159,rule_baseline
0.0,0.0,0.0,1.0,0.0,0.00403630081564188,50,True,l_shaped,0.7585458135003766,160,rule_baseline
0.0,0.0,0.0,0.0,0.0,4.820000171661377,13,True,l_shaped,0.7148924077108438,161,rule_baseline
0.0,0.0,0.0,0.0,0.0,4.820000171661377,13,True,narrow_exit,0.5558131453120774,162,rule_baseline
1.0,1.0,0.0,1.0,0.0,0.01853012852370739,67,True,narrow_entry,0.544851864380858,163,rule_baseline
1.0,1.0,0.0,0.0,0.0,0.056685470044612885,65,True,straight,0.5027728321110996,164,rule_baseline
0.0,0.0,0.0,0.0,0.0,4.820000171661377,14,True,s_shaped,0.621666064237258,165,rule_baseline
0.0,0.0,0.0,1.0,0.0,0.01516926009207964,47,True,narrow_exit,0.4446044127074401,166,rule_baseline
0.0,0.0,0.0,0.0,0.0,4.820000171661377,14,True,s_shaped,0.530062356017301,167,rule_baseline
0.0,0.0,0.0,1.0,0.0,0.04689100384712219,30,False,false_feasible,0.6972193117709262,168,rule_baseline
0.0,0.0,0.0,1.0,0.0,0.0319041982293129,34,False,false_feasible,0.5691794624230437,169,rule_baseline
0.0,0.0,0.0,0.0,0.0,0.07772374153137207,33,False,false_feasible,0.7250319800068078,170,rule_baseline
0.0,0.0,0.0,1.0,0.0,0.0035826549865305424,61,True,l_shaped,0.8863190006574062,171,rule_baseline
1.0,1.0,0.0,1.0,0.0,0.006938473787158728,78,True,asymmetric,0.6373270935368666,172,rule_baseline
0.0,0.0,0.0,1.0,0.0,0.03715717792510986,400,True,s_shaped,0.690824229142152,173,rule_baseline
0.0,0.0,0.0,0.0,0.0,4.820000171661377,12,True,straight,0.7597703150610327,174,rule_baseline
1.0,1.0,0.0,0.0,0.0,0.09315986931324005,81,True,narrow_exit,0.5985662358586883,175,rule_baseline
0.0,0.0,0.0,0.0,0.0,0.2094845026731491,400,True,l_shaped,0.8625231437667575,176,rule_baseline
0.0,0.0,0.0,0.0,0.0,4.820000171661377,12,False,false_feasible,0.5607769620829026,177,rule_baseline
0.0,0.0,0.0,1.0,0.0,0.028343280777335167,42,True,narrow_exit,0.46593736520372087,178,rule_baseline
0.0,0.0,0.0,0.0,0.0,4.820000171661377,11,True,narrow_entry,0.4241290121404686,179,rule_baseline
1.0,1.0,0.0,1.0,0.0,0.020463429391384125,75,True,straight,0.6709767584367762,180,rule_baseline
0.0,0.0,0.0,1.0,0.0,0.019238602370023727,37,True,narrow_exit,0.48039648826202497,181,rule_baseline
1.0,1.0,0.0,0.0,0.0,0.09668318927288055,78,True,straight,0.6555107863538845,182,rule_baseline
0.0,0.0,0.0,0.0,0.0,4.820000171661377,12,True,narrow_entry,0.5339199705128345,183,rule_baseline
1.0,1.0,0.0,0.0,0.0,0.156767338514328,74,True,straight,0.8228727578091262,184,rule_baseline
0.0,0.0,0.0,0.0,0.0,4.820000171661377,13,True,straight,0.46836210199726036,185,rule_baseline
0.0,0.0,0.0,0.0,0.0,4.820000171661377,14,True,s_shaped,0.5895404018571003,186,rule_baseline
1.0,1.0,0.0,1.0,0.0,0.042007382959127426,88,True,straight,0.6267418808582117,187,rule_baseline
1.0,1.0,0.0,0.0,0.0,0.10758485645055771,69,True,asymmetric,0.8499380696396119,188,rule_baseline
0.0,0.0,0.0,0.0,0.0,0.07756552845239639,27,False,false_feasible,0.6593489252265292,189,rule_baseline
1.0,1.0,0.0,1.0,0.0,0.013765586540102959,82,True,l_shaped,0.8846573649966978,190,rule_baseline
0.0,0.0,0.0,0.0,0.0,4.820000171661377,13,True,l_shaped,0.6471237315463513,191,rule_baseline
0.0,0.0,0.0,0.0,0.0,0.07434742152690887,400,True,l_shaped,0.8324970131757342,192,rule_baseline
0.0,0.0,0.0,0.0,0.0,4.820000171661377,12,True,straight,0.5123739256704638,193,rule_baseline
0.0,0.0,0.0,0.0,0.0,4.820000171661377,11,True,asymmetric,0.583288190119579,194,rule_baseline
1.0,1.0,0.0,1.0,0.0,0.011266214773058891,62,True,straight,0.661344212077978,195,rule_baseline
0.0,0.0,0.0,0.0,0.0,4.820000171661377,13,True,straight,0.7470306287893259,196,rule_baseline
1.0,1.0,0.0,0.0,0.0,0.12451064586639404,88,True,straight,0.8108032894474879,197,rule_baseline
1.0,1.0,0.0,0.0,0.0,0.10453595221042633,81,True,straight,0.6702472319162656,198,rule_baseline
0.0,0.0,0.0,0.0,0.0,4.820000171661377,13,True,asymmetric,0.47359755603164005,199,rule_baseline
0.0,0.0,0.0,0.0,0.0,4.820000171661377,13,True,narrow_entry,0.46257503738018424,200,rule_baseline
0.0,0.0,0.0,0.0,0.0,4.820000171661377,13,False,false_feasible,0.7932155021506591,201,rule_baseline
0.0,0.0,0.0,1.0,0.0,0.03696596994996071,31,True,asymmetric,0.7255036456096886,202,rule_baseline
0.0,0.0,0.0,1.0,0.0,0.030578913167119026,49,True,narrow_exit,0.47402333940722585,203,rule_baseline
0.0,0.0,0.0,0.0,0.0,4.820000171661377,13,True,l_shaped,0.6357084283012369,204,rule_baseline
0.0,0.0,0.0,0.0,0.0,4.820000171661377,11,True,asymmetric,0.7271459343440003,205,rule_baseline
0.0,0.0,0.0,1.0,0.0,0.021390272304415703,47,True,narrow_exit,0.4278054630166245,206,rule_baseline
1.0,1.0,0.0,1.0,0.0,0.04115309566259384,87,True,straight,0.6912388384985994,207,rule_baseline
0.0,0.0,0.0,0.0,0.0,0.08660110086202621,400,True,s_shaped,0.5855585646486636,208,rule_baseline
0.0,0.0,0.0,0.0,0.0,4.820000171661377,12,True,narrow_entry,0.5495016711588436,209,rule_baseline
0.0,0.0,0.0,0.0,0.0,4.820000171661377,14,True,l_shaped,0.6752585765988925,210,rule_baseline
1.0,1.0,0.0,1.0,0.0,0.015156655572354794,81,True,straight,0.7022293039988456,211,rule_baseline
1.0,1.0,0.0,1.0,0.0,0.00666343979537487,71,True,s_shaped,0.7700060944752454,212,rule_baseline
0.0,0.0,0.0,0.0,0.0,4.820000171661377,14,True,s_shaped,0.5014385763157263,213,rule_baseline
0.0,0.0,0.0,1.0,0.0,0.026051335036754608,31,True,s_shaped,0.5950757831158703,214,rule_baseline
0.0,0.0,0.0,0.0,0.0,4.820000171661377,12,True,asymmetric,0.6854453793647753,215,rule_baseline
0.0,0.0,0.0,0.0,0.0,4.820000171661377,14,True,s_shaped,0.6094034074432924,216,rule_baseline
1.0,1.0,0.0,1.0,0.0,0.019793236628174782,98,True,l_shaped,0.8948538911031467,217,rule_baseline
0.0,0.0,0.0,0.0,0.0,4.820000171661377,13,True,narrow_exit,0.5709331812458291,218,rule_baseline
0.0,0.0,0.0,1.0,0.0,0.00013792523532174528,62,True,l_shaped,0.8877556422645179,219,rule_baseline
0.0,0.0,0.0,0.0,0.0,4.820000171661377,12,True,narrow_entry,0.47633827962389347,220,rule_baseline
0.0,0.0,0.0,1.0,0.0,0.012833028100430965,400,True,l_shaped,0.508803321982123,221,rule_baseline
0.0,0.0,0.0,0.0,0.0,4.820000171661377,12,True,narrow_entry,0.49890748799546136,222,rule_baseline
0.0,0.0,0.0,0.0,0.0,4.820000171661377,13,True,narrow_entry,0.5645235110657127,223,rule_baseline
0.0,0.0,0.0,1.0,0.0,0.0231420136988163,46,True,narrow_exit,0.5429246593333836,224,rule_baseline
1.0,1.0,0.0,0.0,0.0,0.10385289788246155,58,True,narrow_entry,0.5680739504788275,225,rule_baseline
0.0,0.0,0.0,0.0,0.0,4.820000171661377,13,True,l_shaped,0.5861931887560692,226,rule_baseline
0.0,0.0,0.0,0.0,0.0,4.820000171661377,12,True,asymmetric,0.8116674801962066,227,rule_baseline
0.0,0.0,0.0,0.0,0.0,4.820000171661377,13,True,l_shaped,0.5025058767089599,228,rule_baseline
0.0,0.0,0.0,1.0,0.0,0.012826750054955482,43,True,narrow_exit,0.445274760758701,229,rule_baseline
0.0,0.0,0.0,0.0,0.0,4.820000171661377,13,True,straight,0.48518786514781254,230,rule_baseline
0.0,0.0,0.0,1.0,0.0,0.004035981837660074,46,True,narrow_exit,0.5434588488907586,231,rule_baseline
1.0,1.0,0.0,0.0,0.0,0.19468781352043152,68,True,straight,0.8478532110178382,232,rule_baseline
0.0,0.0,0.0,0.0,0.0,0.22235044836997986,400,True,s_shaped,0.8231169852162152,233,rule_baseline
0.0,0.0,0.0,0.0,0.0,4.820000171661377,12,True,narrow_entry,0.5286335037722145,234,rule_baseline
1.0,1.0,0.0,0.0,0.0,0.21161703765392303,73,True,straight,0.7938707904490372,235,rule_baseline
0.0,0.0,0.0,0.0,0.0,0.1834348887205124,32,False,false_feasible,0.7378029112128818,236,rule_baseline
0.0,0.0,0.0,0.0,0.0,4.820000171661377,12,True,narrow_entry,0.542545829099834,237,rule_baseline
0.0,0.0,0.0,1.0,0.0,0.012822377495467663,46,True,narrow_exit,0.46260800782126443,238,rule_baseline
0.0,0.0,0.0,1.0,0.0,0.03233346715569496,23,False,false_feasible,0.6941783641192707,239,rule_baseline
1.0,1.0,0.0,1.0,0.0,0.01696634292602539,62,True,l_shaped,0.7271763004320317,240,rule_baseline
0.0,0.0,0.0,1.0,0.0,0.007770940195769072,400,True,l_shaped,0.7205153851916846,241,rule_baseline
1.0,1.0,0.0,1.0,0.0,0.017305390909314156,73,True,narrow_exit,0.5917274410016289,242,rule_baseline
0.0,0.0,0.0,1.0,0.0,0.009020546451210976,39,True,s_shaped,0.6135607650678738,243,rule_baseline
0.0,0.0,0.0,0.0,0.0,4.820000171661377,12,True,straight,0.7798916721531333,244,rule_baseline
1.0,1.0,0.0,1.0,0.0,0.02306627854704857,75,True,narrow_exit,0.5693225041583595,245,rule_baseline
0.0,0.0,0.0,1.0,0.0,0.017873307690024376,40,True,narrow_exit,0.47981232693166004,246,rule_baseline
0.0,0.0,0.0,1.0,0.0,0.043999020010232925,400,True,l_shaped,0.714317969393873,247,rule_baseline
1.0,1.0,0.0,1.0,0.0,0.02976803295314312,74,True,narrow_exit,0.5654314276872818,248,rule_baseline
0.0,0.0,0.0,0.0,0.0,4.820000171661377,12,True,straight,0.5846792757162791,249,rule_baseline
1.0,1.0,0.0,0.0,0.0,0.05919182300567627,65,True,straight,0.6546702576690109,250,rule_baseline
0.0,0.0,0.0,0.0,0.0,4.820000171661377,12,True,straight,0.7000230371367061,251,rule_baseline
0.0,0.0,0.0,0.0,0.0,4.820000171661377,12,True,narrow_entry,0.42899966908385145,252,rule_baseline
1.0,1.0,0.0,0.0,0.0,0.06691743433475494,78,True,asymmetric,0.7872374576745234,253,rule_baseline
0.0,0.0,0.0,0.0,0.0,4.820000171661377,12,False,false_feasible,0.6791604170683834,254,rule_baseline
0.0,0.0,0.0,0.0,0.0,4.820000171661377,12,True,straight,0.5221009658040385,255,rule_baseline
0.0,0.0,0.0,0.0,0.0,4.820000171661377,14,True,s_shaped,0.5201275736502201,256,rule_baseline
1.0,1.0,0.0,0.0,0.0,0.06700210273265839,63,True,asymmetric,0.6705579089001179,257,rule_baseline
1.0,1.0,0.0,0.0,0.0,0.12174036353826523,60,True,straight,0.6060746072262289,258,rule_baseline
1.0,1.0,0.0,1.0,0.0,0.041490551084280014,65,True,straight,0.5762065757317139,259,rule_baseline
0.0,0.0,0.0,0.0,0.0,4.820000171661377,12,True,straight,0.4906695374344866,260,rule_baseline
0.0,0.0,0.0,0.0,0.0,0.09747182577848434,28,False,false_feasible,0.7594641686780483,261,rule_baseline
1.0,1.0,0.0,1.0,0.0,0.015697037801146507,75,True,narrow_exit,0.4224338501381135,262,rule_baseline
0.0,0.0,0.0,0.0,0.0,0.10697181522846222,27,False,false_feasible,0.725409096837252,263,rule_baseline
0.0,0.0,0.0,1.0,0.0,0.027821969240903854,29,False,false_feasible,0.7160380264565838,264,rule_baseline
1.0,1.0,0.0,0.0,0.0,0.06106515973806381,58,True,narrow_entry,0.5855133183714907,265,rule_baseline
0.0,0.0,0.0,1.0,0.0,0.0017184169264510274,53,True,l_shaped,0.8475413930140507,266,rule_baseline
0.0,0.0,0.0,0.0,0.0,0.06914228200912476,400,True,s_shaped,0.7095266997242662,267,rule_baseline
0.0,0.0,0.0,0.0,0.0,0.10819590836763382,400,True,l_shaped,0.8722820543598859,268,rule_baseline
0.0,0.0,0.0,0.0,0.0,4.820000171661377,11,True,narrow_entry,0.5069308303663955,269,rule_baseline
1.0,1.0,0.0,0.0,0.0,0.05927084758877754,74,True,narrow_entry,0.597856038096571,270,rule_baseline
0.0,0.0,0.0,0.0,0.0,4.820000171661377,12,True,narrow_entry,0.514985278167515,271,rule_baseline
0.0,0.0,0.0,0.0,0.0,0.08970969170331955,35,True,asymmetric,0.6752973156244955,272,rule_baseline
0.0,0.0,0.0,0.0,0.0,0.09938732534646988,400,True,l_shaped,0.8698628526575419,273,rule_baseline
0.0,0.0,0.0,0.0,0.0,4.820000171661377,14,True,l_shaped,0.7524464726237827,274,rule_baseline
1.0,1.0,0.0,0.0,0.0,0.10216069966554642,71,True,straight,0.7669207441771506,275,rule_baseline
0.0,0.0,0.0,0.0,0.0,4.820000171661377,11,True,straight,0.7150150386706989,276,rule_baseline
0.0,0.0,0.0,0.0,0.0,0.0858742743730545,400,True,s_shaped,0.5577864907283165,277,rule_baseline
0.0,0.0,0.0,0.0,0.0,0.13478995859622955,400,True,l_shaped,0.8321948683971027,278,rule_baseline
0.0,0.0,0.0,1.0,0.0,0.04781774803996086,29,False,false_feasible,0.6801051840521771,279,rule_baseline
0.0,0.0,0.0,1.0,0.0,0.01975279673933983,400,True,s_shaped,0.48991319553790924,280,rule_baseline
1.0,1.0,0.0,1.0,0.0,0.04972713813185692,65,True,narrow_exit,0.5341462060718538,281,rule_baseline
0.0,0.0,0.0,1.0,0.0,0.02437525801360607,48,True,narrow_exit,0.4533857645129056,282,rule_baseline
0.0,0.0,0.0,0.0,0.0,4.820000171661377,14,True,s_shaped,0.7079848318219353,283,rule_baseline
0.0,0.0,0.0,0.0,0.0,0.07589337229728699,35,True,asymmetric,0.8868931398485057,284,rule_baseline
0.0,0.0,0.0,0.0,0.0,4.820000171661377,12,True,narrow_entry,0.5046666414728542,285,rule_baseline
0.0,0.0,0.0,0.0,0.0,4.820000171661377,13,True,l_shaped,0.6662531847629556,286,rule_baseline
1.0,1.0,0.0,1.0,0.0,0.015439653769135475,87,True,straight,0.7286022340234086,287,rule_baseline
0.0,0.0,0.0,0.0,0.0,4.820000171661377,11,True,straight,0.4714423980854743,288,rule_baseline
0.0,0.0,0.0,0.0,0.0,0.08224549889564514,400,True,l_shaped,0.702527174148475,289,rule_baseline
0.0,0.0,0.0,1.0,0.0,0.013180800713598728,40,True,s_shaped,0.7107446685644123,290,rule_baseline
0.0,0.0,0.0,0.0,0.0,4.820000171661377,13,True,l_shaped,0.47557852432406034,291,rule_baseline
1.0,1.0,0.0,1.0,0.0,0.021119074895977974,57,True,narrow_exit,0.4300895657882317,292,rule_baseline
0.0,0.0,0.0,0.0,0.0,4.820000171661377,13,False,false_feasible,0.7117504012919573,293,rule_baseline
0.0,0.0,0.0,0.0,0.0,4.820000171661377,11,True,straight,0.625419618052384,294,rule_baseline
0.0,0.0,0.0,0.0,0.0,4.820000171661377,13,False,false_feasible,0.7685074232152618,295,rule_baseline
0.0,0.0,0.0,0.0,0.0,4.820000171661377,13,True,narrow_entry,0.4823221428564818,296,rule_baseline
0.0,0.0,0.0,0.0,0.0,4.820000171661377,12,True,straight,0.5506367387585532,297,rule_baseline
0.0,0.0,0.0,1.0,0.0,0.0049367849715054035,50,True,narrow_exit,0.5020667471832564,298,rule_baseline
0.0,0.0,0.0,0.0,0.0,4.820000171661377,13,False,false_feasible,0.6897108071896056,299,rule_baseline
0.0,0.0,0.0,0.0,0.0,4.820000171661377,13,True,l_shaped,0.5582414545201989,300,rule_baseline
0.0,0.0,0.0,0.0,0.0,4.820000171661377,14,True,l_shaped,0.6289406512846578,301,rule_baseline
0.0,0.0,0.0,0.0,0.0,4.820000171661377,12,True,narrow_entry,0.44136442590735636,302,rule_baseline
1.0,1.0,0.0,0.0,0.0,0.07654695957899094,88,True,straight,0.8661738624881904,303,rule_baseline
0.0,0.0,0.0,1.0,0.0,0.03350085765123367,36,True,narrow_exit,0.4480013041689733,304,rule_baseline
0.0,0.0,0.0,1.0,0.0,0.015924492850899696,37,True,s_shaped,0.7775312962331988,305,rule_baseline
0.0,0.0,0.0,0.0,0.0,4.820000171661377,13,True,asymmetric,0.7388786759305561,306,rule_baseline
0.0,0.0,0.0,1.0,0.0,0.034329913556575775,34,True,s_shaped,0.5822124931701564,307,rule_baseline
1.0,1.0,0.0,0.0,0.0,0.05928372964262962,78,True,narrow_exit,0.5016232062800304,308,rule_baseline
0.0,0.0,0.0,0.0,0.0,4.820000171661377,12,True,narrow_entry,0.4635071265925246,309,rule_baseline
1.0,1.0,0.0,0.0,0.0,0.09414706379175186,78,True,straight,0.8789425728914166,310,rule_baseline
0.0,0.0,0.0,1.0,0.0,0.013457316905260086,30,False,false_feasible,0.5969467832429785,311,rule_baseline
0.0,0.0,0.0,0.0,0.0,0.11910109966993332,400,True,l_shaped,0.6291971603060174,312,rule_baseline
0.0,0.0,0.0,1.0,0.0,0.006165278609842062,47,True,narrow_exit,0.5974310734770286,313,rule_baseline
0.0,0.0,0.0,1.0,0.0,0.0018838961841538548,48,True,narrow_exit,0.5328892956651914,314,rule_baseline
1.0,1.0,0.0,0.0,0.0,0.1459425687789917,64,True,straight,0.8231665887815531,315,rule_baseline
0.0,0.0,0.0,0.0,0.0,4.820000171661377,13,False,false_feasible,0.5912280968652435,316,rule_baseline
0.0,0.0,0.0,0.0,0.0,4.820000171661377,13,True,asymmetric,0.5761137069220625,317,rule_baseline
0.0,0.0,0.0,0.0,0.0,4.820000171661377,12,False,false_feasible,0.7292489277588412,318,rule_baseline
0.0,0.0,0.0,0.0,0.0,4.820000171661377,12,True,narrow_entry,0.508758546807744,319,rule_baseline
0.0,0.0,0.0,1.0,0.0,0.004067236091941595,42,True,l_shaped,0.6958785292128559,320,rule_baseline
1.0,1.0,0.0,1.0,0.0,0.03618202731013298,79,True,straight,0.8665713782649658,321,rule_baseline
1.0,1.0,0.0,1.0,0.0,0.02604537643492222,72,True,l_shaped,0.762246701125311,322,rule_baseline
1.0,1.0,0.0,1.0,0.0,0.0035506053827703,82,True,narrow_entry,0.5220977399863098,323,rule_baseline
0.0,0.0,0.0,0.0,0.0,4.820000171661377,13,True,narrow_entry,0.506188594644927,324,rule_baseline
0.0,0.0,0.0,0.0,0.0,4.820000171661377,12,True,straight,0.6948504472996953,325,rule_baseline
0.0,0.0,0.0,0.0,0.0,0.14541693031787872,37,True,asymmetric,0.8757603163108129,326,rule_baseline
0.0,0.0,0.0,1.0,0.0,0.008193542249500751,46,True,l_shaped,0.7437145120664848,327,rule_baseline
0.0,0.0,0.0,1.0,0.0,0.01757984608411789,45,True,narrow_exit,0.5930373347889437,328,rule_baseline
0.0,0.0,0.0,1.0,0.0,0.01775243505835533,400,True,l_shaped,0.48465800361830597,329,rule_baseline
0.0,0.0,0.0,0.0,0.0,4.820000171661377,12,True,straight,0.5388021041198569,330,rule_baseline
0.0,0.0,0.0,0.0,0.0,0.051441170275211334,41,True,l_shaped,0.5122599116577535,331,rule_baseline
1.0,1.0,0.0,0.0,0.0,0.07269449532032013,76,True,straight,0.8879733804296143,332,rule_baseline
0.0,0.0,0.0,0.0,0.0,4.820000171661377,13,True,straight,0.6088379375046895,333,rule_baseline
0.0,0.0,0.0,0.0,0.0,4.820000171661377,13,True,narrow_exit,0.5395145984455157,334,rule_baseline
1.0,1.0,0.0,0.0,0.0,0.07207995653152466,61,True,asymmetric,0.7906213366026622,335,rule_baseline
1.0,1.0,0.0,0.0,0.0,0.19023247063159943,74,True,straight,0.8256686591265201,336,rule_baseline
0.0,0.0,0.0,1.0,0.0,0.0009332090266980231,34,True,s_shaped,0.7798723707538546,337,rule_baseline
0.0,0.0,0.0,0.0,0.0,4.820000171661377,13,True,narrow_exit,0.5309231001240365,338,rule_baseline
0.0,0.0,0.0,0.0,0.0,4.820000171661377,14,True,s_shaped,0.6755564727055106,339,rule_baseline
1.0,1.0,0.0,0.0,0.0,0.09172315895557404,58,True,straight,0.5558996745394418,340,rule_baseline
1.0,1.0,0.0,0.0,0.0,0.12750019133090973,61,True,straight,0.687617405362166,341,rule_baseline
0.0,0.0,0.0,1.0,0.0,0.003494721371680498,24,False,false_feasible,0.596435436836294,342,rule_baseline
0.0,0.0,0.0,0.0,0.0,4.820000171661377,12,True,narrow_entry,0.5132458505621796,343,rule_baseline
0.0,0.0,0.0,1.0,0.0,0.02161240391433239,48,True,narrow_exit,0.4448462105512341,344,rule_baseline
0.0,0.0,0.0,0.0,0.0,4.820000171661377,13,True,asymmetric,0.49641382419305524,345,rule_baseline
0.0,0.0,0.0,1.0,0.0,0.03360145166516304,29,False,false_feasible,0.7002872187880077,346,rule_baseline
0.0,0.0,0.0,1.0,0.0,0.011845625936985016,50,True,narrow_exit,0.4441182828076294,347,rule_baseline
1.0,1.0,0.0,1.0,0.0,0.026937853544950485,63,True,narrow_exit,0.5184599079991126,348,rule_baseline
0.0,0.0,0.0,0.0,0.0,0.15169166028499603,400,True,s_shaped,0.7176830131299876,349,rule_baseline
0.0,0.0,0.0,0.0,0.0,0.11348605901002884,27,False,false_feasible,0.7678920937446353,350,rule_baseline
0.0,0.0,0.0,1.0,0.0,0.02545832470059395,400,True,l_shaped,0.5156169164171034,351,rule_baseline
0.0,0.0,0.0,1.0,0.0,0.015056601725518703,49,True,narrow_exit,0.4418791304607022,352,rule_baseline
0.0,0.0,0.0,1.0,0.0,0.01758262887597084,40,True,l_shaped,0.8309334387021174,353,rule_baseline
0.0,0.0,0.0,0.0,0.0,0.09850092977285385,47,True,asymmetric,0.6325355724787142,354,rule_baseline
1.0,1.0,0.0,0.0,0.0,0.133241668343544,88,True,asymmetric,0.769853736309047,355,rule_baseline
0.0,0.0,0.0,0.0,0.0,4.820000171661377,12,True,narrow_entry,0.4442979320113952,356,rule_baseline
0.0,0.0,0.0,0.0,0.0,0.0774843618273735,34,False,false_feasible,0.7220178129377571,357,rule_baseline
0.0,0.0,0.0,0.0,0.0,4.820000171661377,11,True,asymmetric,0.5122639279256973,358,rule_baseline
0.0,0.0,0.0,0.0,0.0,4.820000171661377,12,True,straight,0.5963604019657109,359,rule_baseline
0.0,0.0,0.0,0.0,0.0,4.820000171661377,14,True,s_shaped,0.7531406494787242,360,rule_baseline
1.0,1.0,0.0,0.0,0.0,0.1697160005569458,65,True,straight,0.7314355494648314,361,rule_baseline
1.0,1.0,0.0,0.0,0.0,0.1934889703989029,66,True,straight,0.8705735193751392,362,rule_baseline
0.0,0.0,0.0,0.0,0.0,4.820000171661377,13,False,false_feasible,0.6850875939252054,363,rule_baseline
1.0,1.0,0.0,1.0,0.0,0.00011159964924445376,76,True,asymmetric,0.7710180765352601,364,rule_baseline
0.0,0.0,0.0,1.0,0.0,0.006719169672578573,48,True,narrow_exit,0.4348439790688405,365,rule_baseline
1.0,1.0,0.0,1.0,0.0,0.044593192636966705,66,True,straight,0.7902192468953859,366,rule_baseline
0.0,0.0,0.0,1.0,0.0,0.04730500280857086,400,True,s_shaped,0.8335888218286462,367,rule_baseline
0.0,0.0,0.0,1.0,0.0,0.0025817714631557465,39,True,narrow_exit,0.4381008243004151,368,rule_baseline
1.0,1.0,0.0,0.0,0.0,0.16503775119781494,82,True,straight,0.8276510951348086,369,rule_baseline
0.0,0.0,0.0,1.0,0.0,0.010304063558578491,48,True,narrow_exit,0.5391956786140941,370,rule_baseline
0.0,0.0,0.0,0.0,0.0,0.058905523270368576,400,True,l_shaped,0.847110008824626,371,rule_baseline
0.0,0.0,0.0,0.0,0.0,4.820000171661377,14,True,l_shaped,0.4581934817591373,372,rule_baseline
0.0,0.0,0.0,0.0,0.0,4.820000171661377,13,True,narrow_entry,0.4770782590610465,373,rule_baseline
0.0,0.0,0.0,1.0,0.0,0.03366130590438843,50,True,narrow_exit,0.4350030436524524,374,rule_baseline
0.0,0.0,0.0,0.0,0.0,4.820000171661377,14,True,s_shaped,0.5210959997474712,375,rule_baseline
0.0,0.0,0.0,0.0,0.0,0.11673982441425323,400,True,l_shaped,0.7599771207534756,376,rule_baseline
0.0,0.0,0.0,0.0,0.0,4.820000171661377,13,False,false_feasible,0.5763959000903329,377,rule_baseline
1.0,1.0,0.0,0.0,0.0,0.15095992386341095,85,True,asymmetric,0.8837715570461839,378,rule_baseline
0.0,0.0,0.0,1.0,0.0,0.04358086362481117,400,True,s_shaped,0.6107088674612805,379,rule_baseline
0.0,0.0,0.0,0.0,0.0,0.07610853016376495,400,True,s_shaped,0.8665720663572564,380,rule_baseline
0.0,0.0,0.0,1.0,0.0,0.01832122541964054,28,False,false_feasible,0.5545469136847588,381,rule_baseline
0.0,0.0,0.0,1.0,0.0,0.04152609035372734,51,True,asymmetric,0.6157347958967578,382,rule_baseline
1.0,1.0,0.0,0.0,0.0,0.08855418860912323,86,True,asymmetric,0.8243683203342678,383,rule_baseline
0.0,0.0,0.0,0.0,0.0,4.820000171661377,14,True,s_shaped,0.49255097431141853,384,rule_baseline
1.0,1.0,0.0,0.0,0.0,0.07868697494268417,61,True,narrow_entry,0.529213017611265,385,rule_baseline
0.0,0.0,0.0,0.0,0.0,4.820000171661377,12,True,straight,0.5003285403847338,386,rule_baseline
0.0,0.0,0.0,0.0,0.0,4.820000171661377,14,True,s_shaped,0.6375211634466684,387,rule_baseline
0.0,0.0,0.0,0.0,0.0,0.13163259625434875,32,False,false_feasible,0.6893684559830444,388,rule_baseline
1.0,1.0,0.0,1.0,0.0,0.01482770312577486,65,True,narrow_exit,0.4820052262399057,389,rule_baseline
0.0,0.0,0.0,1.0,0.0,0.026637662202119827,400,True,s_shaped,0.8985314013551302,390,rule_baseline
0.0,0.0,0.0,0.0,0.0,4.820000171661377,14,True,s_shaped,0.8362736956670866,391,rule_baseline
0.0,0.0,0.0,1.0,0.0,0.021317357197403908,45,True,narrow_exit,0.4274737393891623,392,rule_baseline
0.0,0.0,0.0,0.0,0.0,0.05158069357275963,32,True,s_shaped,0.6570524091911358,393,rule_baseline
0.0,0.0,0.0,1.0,0.0,0.02965393289923668,41,True,narrow_exit,0.48806207342713714,394,rule_baseline
1.0,1.0,0.0,0.0,0.0,0.14299526810646057,62,True,straight,0.8341386340078032,395,rule_baseline
1.0,1.0,0.0,1.0,0.0,0.04650691896677017,87,True,straight,0.6057526932596331,396,rule_baseline
0.0,0.0,0.0,0.0,0.0,0.09395935386419296,35,True,asymmetric,0.7184018283443687,397,rule_baseline
0.0,0.0,0.0,0.0,0.0,4.820000171661377,13,True,l_shaped,0.5257672548461756,398,rule_baseline
0.0,0.0,0.0,0.0,0.0,0.06897807121276855,30,False,false_feasible,0.5843077481440224,399,rule_baseline
0.0,0.0,0.0,0.0,0.0,0.11980859935283661,400,True,s_shaped,0.7658581927788515,400,rule_baseline
0.0,0.0,0.0,1.0,0.0,0.0004997779033146799,48,True,narrow_exit,0.5233998277867475,401,rule_baseline
0.0,0.0,0.0,1.0,0.0,0.01765049248933792,42,True,l_shaped,0.8157214281345769,402,rule_baseline
0.0,0.0,0.0,0.0,0.0,4.820000171661377,14,True,l_shaped,0.6196972727808105,403,rule_baseline
0.0,0.0,0.0,1.0,0.0,0.04195435345172882,32,True,s_shaped,0.5739880424521336,404,rule_baseline
0.0,0.0,0.0,0.0,0.0,4.820000171661377,12,True,asymmetric,0.5754713389353762,405,rule_baseline
0.0,0.0,0.0,0.0,0.0,4.820000171661377,14,True,l_shaped,0.6894611704819068,406,rule_baseline
1.0,1.0,0.0,0.0,0.0,0.08217135816812515,81,True,narrow_exit,0.5718307171395534,407,rule_baseline
0.0,0.0,0.0,0.0,0.0,4.820000171661377,12,True,straight,0.5354402950605919,408,rule_baseline
0.0,0.0,0.0,1.0,0.0,0.00030726983095519245,35,True,s_shaped,0.541000741632369,409,rule_baseline
0.0,0.0,0.0,1.0,0.0,0.04001254215836525,43,True,l_shaped,0.6719368886326066,410,rule_baseline
0.0,0.0,0.0,0.0,0.0,0.05753565952181816,400,True,l_shaped,0.7757853337274119,411,rule_baseline
0.0,0.0,0.0,1.0,0.0,0.037868715822696686,400,True,l_shaped,0.8242862266851365,412,rule_baseline
1.0,1.0,0.0,0.0,0.0,0.11839257925748825,78,True,asymmetric,0.8030965248230605,413,rule_baseline
1.0,1.0,0.0,1.0,0.0,0.035750117152929306,74,True,narrow_entry,0.4572849318030954,414,rule_baseline
0.0,0.0,0.0,0.0,0.0,0.132304385304451,400,True,s_shaped,0.743024663743203,415,rule_baseline
0.0,0.0,0.0,0.0,0.0,4.820000171661377,12,True,narrow_exit,0.5054044202070527,416,rule_baseline
0.0,0.0,0.0,1.0,0.0,0.02240625023841858,39,True,narrow_exit,0.46289233417751224,417,rule_baseline
0.0,0.0,0.0,1.0,0.0,0.005591853056102991,52,True,l_shaped,0.7427339266538968,418,rule_baseline
0.0,0.0,0.0,0.0,0.0,4.820000171661377,12,True,straight,0.4994120990101415,419,rule_baseline
0.0,0.0,0.0,0.0,0.0,4.820000171661377,14,True,s_shaped,0.4794957070242279,420,rule_baseline
0.0,0.0,0.0,0.0,0.0,4.820000171661377,12,True,narrow_entry,0.5121001182434277,421,rule_baseline
0.0,0.0,0.0,0.0,0.0,4.820000171661377,14,True,s_shaped,0.533975671683138,422,rule_baseline
0.0,0.0,0.0,0.0,0.0,0.11741740256547928,34,False,false_feasible,0.6957657756137586,423,rule_baseline
0.0,0.0,0.0,0.0,0.0,0.09416187554597855,400,True,l_shaped,0.6194442011820822,424,rule_baseline
0.0,0.0,0.0,1.0,0.0,0.0062536923214793205,46,True,narrow_exit,0.4522407909989023,425,rule_baseline
0.0,0.0,0.0,1.0,0.0,0.04463409632444382,400,True,l_shaped,0.7153903586441404,426,rule_baseline
1.0,1.0,0.0,1.0,0.0,0.023805826902389526,76,True,l_shaped,0.7606359578464001,427,rule_baseline
1.0,1.0,0.0,0.0,0.0,0.10101966559886932,82,True,narrow_exit,0.5692937255883069,428,rule_baseline
1.0,1.0,0.0,0.0,0.0,0.11520077288150787,86,True,straight,0.667569585402912,429,rule_baseline
0.0,0.0,0.0,0.0,0.0,4.820000171661377,14,True,s_shaped,0.46229221471488235,430,rule_baseline
1.0,1.0,0.0,0.0,0.0,0.06220982223749161,66,True,narrow_entry,0.5662318067971783,431,rule_baseline
0.0,0.0,0.0,0.0,0.0,0.1070765033364296,400,True,l_shaped,0.7151704433940544,432,rule_baseline
0.0,0.0,0.0,0.0,0.0,0.14976605772972107,400,True,l_shaped,0.6817014686813307,433,rule_baseline
1.0,1.0,0.0,1.0,0.0,0.013173471204936504,74,True,narrow_entry,0.49704240832005486,434,rule_baseline
0.0,0.0,0.0,0.0,0.0,0.17895002663135529,27,False,false_feasible,0.7231042539105264,435,rule_baseline
1.0,1.0,0.0,1.0,0.0,0.0341523140668869,72,True,narrow_entry,0.5619788754499856,436,rule_baseline
0.0,0.0,0.0,0.0,0.0,0.10894672572612762,48,True,asymmetric,0.6183184619723158,437,rule_baseline
0.0,0.0,0.0,0.0,0.0,4.820000171661377,14,True,s_shaped,0.5873260168506701,438,rule_baseline
0.0,0.0,0.0,0.0,0.0,4.820000171661377,14,True,l_shaped,0.6319094461947308,439,rule_baseline
0.0,0.0,0.0,0.0,0.0,4.820000171661377,14,True,s_shaped,0.5641668563712667,440,rule_baseline
0.0,0.0,0.0,0.0,0.0,4.820000171661377,12,True,straight,0.7924514261034536,441,rule_baseline
0.0,0.0,0.0,0.0,0.0,4.820000171661377,12,True,asymmetric,0.5394290418610502,442,rule_baseline
1.0,1.0,0.0,0.0,0.0,0.05034961923956871,65,True,asymmetric,0.7669041006137016,443,rule_baseline
1.0,1.0,0.0,0.0,0.0,0.05515378341078758,79,True,narrow_entry,0.48507947475726276,444,rule_baseline
0.0,0.0,0.0,0.0,0.0,4.820000171661377,12,True,narrow_entry,0.4448377485215979,445,rule_baseline
0.0,0.0,0.0,1.0,0.0,0.007440822198987007,29,False,false_feasible,0.66534121783125,446,rule_baseline
0.0,0.0,0.0,0.0,0.0,0.21058565378189087,400,True,s_shaped,0.8212836740389787,447,rule_baseline
0.0,0.0,0.0,1.0,0.0,0.0016630863538011909,44,True,l_shaped,0.8343693759552385,448,rule_baseline
0.0,0.0,0.0,0.0,0.0,4.820000171661377,14,True,s_shaped,0.47811239482201906,449,rule_baseline
0.0,0.0,0.0,0.0,0.0,4.820000171661377,12,True,asymmetric,0.6889928791886716,450,rule_baseline
0.0,0.0,0.0,1.0,0.0,0.01566927507519722,44,True,l_shaped,0.8473823575317215,451,rule_baseline
0.0,0.0,0.0,0.0,0.0,4.820000171661377,13,True,narrow_entry,0.4793145141253425,452,rule_baseline
0.0,0.0,0.0,0.0,0.0,0.1346471905708313,400,True,l_shaped,0.7194534275892749,453,rule_baseline
1.0,1.0,0.0,1.0,0.0,0.02896786294877529,65,True,narrow_exit,0.5008313913203086,454,rule_baseline
0.0,0.0,0.0,1.0,0.0,0.0327063612639904,40,True,s_shaped,0.7729034384834741,455,rule_baseline
0.0,0.0,0.0,0.0,0.0,4.820000171661377,13,True,l_shaped,0.8403729584233337,456,rule_baseline
1.0,1.0,0.0,0.0,0.0,0.10500864684581757,66,True,straight,0.7106544776033752,457,rule_baseline
1.0,1.0,0.0,0.0,0.0,0.05755310505628586,65,True,straight,0.8419565890810181,458,rule_baseline
0.0,0.0,0.0,1.0,0.0,0.019141910597682,24,False,false_feasible,0.699712765526582,459,rule_baseline
0.0,0.0,0.0,0.0,0.0,0.1443677544593811,400,True,l_shaped,0.8596122409195468,460,rule_baseline
1.0,1.0,0.0,1.0,0.0,0.037515781819820404,58,True,asymmetric,0.738572957484812,461,rule_baseline
0.0,0.0,0.0,0.0,0.0,0.11333538591861725,26,False,false_feasible,0.5956817875528119,462,rule_baseline
0.0,0.0,0.0,1.0,0.0,0.030001305043697357,29,True,s_shaped,0.5127264132900573,463,rule_baseline
0.0,0.0,0.0,1.0,0.0,0.013573545962572098,400,True,s_shaped,0.755607688339683,464,rule_baseline
0.0,0.0,0.0,0.0,0.0,4.820000171661377,12,True,straight,0.6098163806817445,465,rule_baseline
1.0,1.0,0.0,0.0,0.0,0.08475947380065918,88,True,narrow_exit,0.5665171416124553,466,rule_baseline
1.0,1.0,0.0,1.0,0.0,0.010159503668546677,73,True,straight,0.67675689707531,467,rule_baseline
0.0,0.0,0.0,0.0,0.0,4.820000171661377,12,False,false_feasible,0.6659742760173044,468,rule_baseline
0.0,0.0,0.0,0.0,0.0,0.10053101181983948,28,False,false_feasible,0.6379955262578458,469,rule_baseline
0.0,0.0,0.0,0.0,0.0,0.20240767300128937,400,True,s_shaped,0.7659543705172558,470,rule_baseline
0.0,0.0,0.0,0.0,0.0,0.09489501267671585,23,False,false_feasible,0.5994554950675489,471,rule_baseline
0.0,0.0,0.0,1.0,0.0,0.018052278086543083,41,True,l_shaped,0.7194459474824384,472,rule_baseline
0.0,0.0,0.0,0.0,0.0,4.820000171661377,12,True,narrow_entry,0.4953063595030125,473,rule_baseline
0.0,0.0,0.0,0.0,0.0,0.06067826971411705,400,True,l_shaped,0.8390071770842968,474,rule_baseline
0.0,0.0,0.0,0.0,0.0,4.820000171661377,14,True,s_shaped,0.8008481356740824,475,rule_baseline
0.0,0.0,0.0,0.0,0.0,4.820000171661377,12,True,straight,0.45669538558625083,476,rule_baseline
0.0,0.0,0.0,0.0,0.0,0.0861651822924614,38,True,asymmetric,0.7755399381886307,477,rule_baseline
0.0,0.0,0.0,0.0,0.0,4.820000171661377,12,True,narrow_exit,0.5429622343090762,478,rule_baseline
0.0,0.0,0.0,1.0,0.0,0.011657566763460636,49,True,l_shaped,0.882291560851034,479,rule_baseline
0.0,0.0,0.0,0.0,0.0,4.820000171661377,12,True,asymmetric,0.5689488956035859,480,rule_baseline
0.0,0.0,0.0,0.0,0.0,0.05141581594944,44,True,l_shaped,0.533416030625003,481,rule_baseline
0.0,0.0,0.0,0.0,0.0,4.820000171661377,12,True,narrow_entry,0.45608961609163023,482,rule_baseline
0.0,0.0,0.0,0.0,0.0,4.820000171661377,13,True,straight,0.46005413463446826,483,rule_baseline
1.0,1.0,0.0,0.0,0.0,0.07941988110542297,83,True,straight,0.8795550248747721,484,rule_baseline
1.0,1.0,0.0,1.0,0.0,0.020377106964588165,62,True,narrow_exit,0.5009812265146899,485,rule_baseline
0.0,0.0,0.0,0.0,0.0,4.820000171661377,14,True,l_shaped,0.548101919685828,486,rule_baseline
0.0,0.0,0.0,1.0,0.0,0.0482686311006546,44,True,l_shaped,0.681719111660769,487,rule_baseline
0.0,0.0,0.0,0.0,0.0,4.820000171661377,14,True,s_shaped,0.6616720988573537,488,rule_baseline
1.0,1.0,0.0,1.0,0.0,0.006472685374319553,69,True,asymmetric,0.7987479849360539,489,rule_baseline
0.0,0.0,0.0,0.0,0.0,0.19200222194194794,27,False,false_feasible,0.7710663494109717,490,rule_baseline
0.0,0.0,0.0,0.0,0.0,4.820000171661377,12,True,asymmetric,0.5597360027771825,491,rule_baseline
0.0,0.0,0.0,0.0,0.0,0.0710565522313118,400,True,l_shaped,0.5024743256492846,492,rule_baseline
0.0,0.0,0.0,0.0,0.0,4.820000171661377,14,True,l_shaped,0.45249321789687336,493,rule_baseline
1.0,1.0,0.0,0.0,0.0,0.1883774697780609,76,True,straight,0.78822288455471,494,rule_baseline
0.0,0.0,0.0,1.0,0.0,0.0012391387717798352,41,True,narrow_exit,0.45400128804807605,495,rule_baseline
0.0,0.0,0.0,0.0,0.0,4.820000171661377,13,True,l_shaped,0.5302308343152444,496,rule_baseline
0.0,0.0,0.0,0.0,0.0,4.820000171661377,12,True,straight,0.8141176441223474,497,rule_baseline
1.0,1.0,0.0,1.0,0.0,0.007510400842875242,82,True,straight,0.783420860840579,498,rule_baseline
1.0,1.0,0.0,0.0,0.0,0.1527327001094818,76,True,straight,0.7197207512753752,499,rule_baseline
1.0,1.0,0.0,0.0,0.0,0.08816903084516525,75,True,narrow_entry,0.5745476255840488,0,geometry_fsm
1.0,1.0,0.0,0.0,0.0,0.0846744179725647,86,True,straight,0.6526736720530052,1,geometry_fsm
0.0,0.0,0.0,1.0,0.0,0.0051115467213094234,50,True,asymmetric,0.649536389472299,2,geometry_fsm
1.0,1.0,0.0,0.0,0.0,0.10785651206970215,125,True,l_shaped,0.8868141109777066,3,geometry_fsm
1.0,1.0,0.0,0.0,0.0,0.08646634221076965,103,True,straight,0.7573720289591046,4,geometry_fsm
1.0,1.0,0.0,0.0,0.0,0.08230413496494293,90,True,l_shaped,0.6613001150741136,5,geometry_fsm
1.0,1.0,0.0,0.0,0.0,0.07362280040979385,174,True,s_shaped,0.8247051882260268,6,geometry_fsm
1.0,1.0,0.0,1.0,0.0,0.022802164778113365,102,True,narrow_exit,0.42132520855518096,7,geometry_fsm
1.0,1.0,0.0,0.0,0.0,0.10389618575572968,109,True,s_shaped,0.7059335381788022,8,geometry_fsm
1.0,1.0,0.0,1.0,0.0,0.0410475991666317,74,True,narrow_exit,0.47471101765127016,9,geometry_fsm
0.0,0.0,0.0,0.0,0.0,0.07653502374887466,400,True,asymmetric,0.5552727686394033,10,geometry_fsm
1.0,1.0,0.0,1.0,0.0,0.02798512764275074,74,True,narrow_exit,0.4500551255833867,11,geometry_fsm
1.0,1.0,0.0,0.0,0.0,0.116836778819561,77,True,straight,0.6754701487965136,12,geometry_fsm
1.0,1.0,0.0,1.0,0.0,0.010106593370437622,111,True,l_shaped,0.5856804401165445,13,geometry_fsm
0.0,0.0,0.0,0.0,0.0,0.107042096555233,400,False,false_feasible,0.6164674903648799,14,geometry_fsm
0.0,0.0,0.0,0.0,0.0,0.094333216547966,400,False,false_feasible,0.6005908411988077,15,geometry_fsm
1.0,1.0,0.0,0.0,0.0,0.09683316200971603,115,True,s_shaped,0.7322889783160995,16,geometry_fsm
1.0,1.0,0.0,1.0,0.0,0.015751007944345474,105,True,l_shaped,0.5150358849897211,17,geometry_fsm
1.0,1.0,0.0,0.0,0.0,0.10491922497749329,108,True,l_shaped,0.7159119711666375,18,geometry_fsm
1.0,1.0,0.0,1.0,0.0,0.005906230304390192,190,True,s_shaped,0.6708181474595345,19,geometry_fsm
0.0,0.0,0.0,0.0,0.0,4.820000171661377,17,True,s_shaped,0.4597254359461487,20,geometry_fsm
1.0,1.0,0.0,0.0,0.0,0.09827353805303574,123,True,l_shaped,0.7467401856113558,21,geometry_fsm
1.0,1.0,0.0,0.0,0.0,0.13922788202762604,86,True,straight,0.6996836112261675,22,geometry_fsm
1.0,1.0,0.0,0.0,0.0,0.10487291216850281,105,True,l_shaped,0.8788047277813853,23,geometry_fsm
1.0,1.0,0.0,0.0,0.0,0.08827853947877884,113,True,straight,0.645793677001367,24,geometry_fsm
1.0,1.0,0.0,0.0,0.0,0.09324789047241211,93,True,asymmetric,0.8520509878640384,25,geometry_fsm
1.0,1.0,0.0,0.0,0.0,0.08211294561624527,77,True,narrow_entry,0.5886263670960803,26,geometry_fsm
1.0,1.0,0.0,1.0,0.0,0.03320647031068802,105,True,narrow_exit,0.475858261122017,27,geometry_fsm
1.0,1.0,0.0,1.0,0.0,0.035771679133176804,78,True,straight,0.5533452134994848,28,geometry_fsm
1.0,1.0,0.0,1.0,0.0,0.04658341035246849,124,True,s_shaped,0.762418096039299,29,geometry_fsm
1.0,1.0,0.0,0.0,0.0,0.2117699831724167,87,True,straight,0.8674031479529285,30,geometry_fsm
1.0,1.0,0.0,0.0,0.0,0.09246876835823059,73,True,narrow_exit,0.5864655172761648,31,geometry_fsm
1.0,1.0,0.0,0.0,0.0,0.1206139400601387,110,True,straight,0.6386014436923367,32,geometry_fsm
1.0,1.0,0.0,1.0,0.0,0.04892197996377945,105,True,asymmetric,0.6603217206998813,33,geometry_fsm
1.0,1.0,0.0,1.0,0.0,0.018295368179678917,175,True,s_shaped,0.722707119315005,34,geometry_fsm
1.0,1.0,0.0,1.0,0.0,0.02203908935189247,84,True,asymmetric,0.6542535969343349,35,geometry_fsm
1.0,1.0,0.0,1.0,0.0,0.031769149005413055,77,True,narrow_exit,0.47586024130633336,36,geometry_fsm
1.0,1.0,0.0,1.0,0.0,0.024967025965452194,73,True,straight,0.5019705286494097,37,geometry_fsm
1.0,1.0,0.0,0.0,0.0,0.17606152594089508,98,True,straight,0.7160147172499371,38,geometry_fsm
0.0,0.0,0.0,0.0,0.0,0.1938822716474533,99,True,s_shaped,0.8437522240055739,39,geometry_fsm
0.0,0.0,0.0,0.0,0.0,4.820000171661377,18,True,s_shaped,0.4721643539674173,40,geometry_fsm
1.0,1.0,0.0,0.0,0.0,0.17385514080524445,108,True,straight,0.8296087282189888,41,geometry_fsm
1.0,1.0,0.0,1.0,0.0,0.02545781247317791,95,True,narrow_entry,0.5602193438240632,42,geometry_fsm
1.0,1.0,0.0,1.0,0.0,0.040410928428173065,92,True,l_shaped,0.7378034720566995,43,geometry_fsm
1.0,1.0,0.0,0.0,0.0,0.06414861232042313,100,True,l_shaped,0.6148766024218113,44,geometry_fsm
0.0,0.0,0.0,0.0,0.0,0.11492378264665604,400,False,false_feasible,0.6320903012511723,45,geometry_fsm
1.0,1.0,0.0,0.0,0.0,0.09025216102600098,107,True,l_shaped,0.7807019230396308,46,geometry_fsm
1.0,1.0,0.0,0.0,0.0,0.09104153513908386,77,True,straight,0.7765720327221421,47,geometry_fsm
0.0,0.0,0.0,0.0,0.0,0.11829172074794769,400,False,false_feasible,0.6984205011165886,48,geometry_fsm
1.0,1.0,0.0,0.0,0.0,0.06463272869586945,90,True,narrow_exit,0.5230374925260929,49,geometry_fsm
0.0,0.0,0.0,1.0,0.0,0.0002742412325460464,122,True,s_shaped,0.7198170486851756,50,geometry_fsm
1.0,1.0,0.0,0.0,0.0,0.05329931527376175,101,True,narrow_entry,0.48005479649908284,51,geometry_fsm
1.0,1.0,0.0,0.0,0.0,0.07726208120584488,108,True,straight,0.5165025176439862,52,geometry_fsm
0.0,0.0,0.0,1.0,0.0,0.00016300551942549646,34,True,narrow_entry,0.5885051976309232,53,geometry_fsm
0.0,0.0,0.0,0.0,0.0,0.11005515605211258,400,False,false_feasible,0.7626334197976957,54,geometry_fsm
0.0,0.0,0.0,1.0,0.0,0.02870841883122921,65,True,asymmetric,0.5829115614048405,55,geometry_fsm
0.0,0.0,0.0,0.0,0.0,0.06643116474151611,400,False,false_feasible,0.6209771094660098,56,geometry_fsm
0.0,0.0,0.0,0.0,0.0,4.820000171661377,16,True,asymmetric,0.46304977644201123,57,geometry_fsm
1.0,1.0,0.0,1.0,0.0,0.03230713680386543,73,True,straight,0.4524434253579152,58,geometry_fsm
1.0,1.0,0.0,0.0,0.0,0.0686764344573021,143,True,l_shaped,0.8322339793153828,59,geometry_fsm
0.0,0.0,0.0,1.0,0.0,0.004173624329268932,55,True,asymmetric,0.4680680847961799,60,geometry_fsm
1.0,1.0,0.0,0.0,0.0,0.14685383439064026,79,True,straight,0.7805794913708227,61,geometry_fsm
0.0,0.0,0.0,1.0,0.0,0.0021399164106696844,96,False,false_feasible,0.563625078747824,62,geometry_fsm
1.0,1.0,0.0,0.0,0.0,0.21991264820098877,90,True,straight,0.8910122307993866,63,geometry_fsm
1.0,1.0,0.0,0.0,0.0,0.05697263032197952,94,True,narrow_exit,0.4742416738526492,64,geometry_fsm
1.0,1.0,0.0,0.0,0.0,0.13235768675804138,88,True,straight,0.6787587323011239,65,geometry_fsm
1.0,1.0,0.0,0.0,0.0,0.07866833359003067,84,True,straight,0.5751339956015659,66,geometry_fsm
1.0,1.0,0.0,1.0,0.0,0.036513954401016235,98,True,narrow_exit,0.45917313480545313,67,geometry_fsm
1.0,1.0,0.0,0.0,0.0,0.05268965661525726,146,True,s_shaped,0.551516790691895,68,geometry_fsm
1.0,1.0,0.0,0.0,0.0,0.05634394288063049,86,True,narrow_entry,0.49765527513238017,69,geometry_fsm
0.0,0.0,0.0,0.0,0.0,0.12253589183092117,400,False,false_feasible,0.6800687786851423,70,geometry_fsm
0.0,0.0,0.0,0.0,0.0,4.820000171661377,16,True,asymmetric,0.47500556260809507,71,geometry_fsm
1.0,1.0,0.0,0.0,0.0,0.10572193562984467,87,True,asymmetric,0.8354466106085512,72,geometry_fsm
0.0,0.0,0.0,0.0,0.0,0.06973829865455627,400,False,false_feasible,0.6277403774801916,73,geometry_fsm
0.0,0.0,0.0,1.0,0.0,0.007791444659233093,107,True,s_shaped,0.5236880869162331,74,geometry_fsm
1.0,1.0,0.0,1.0,0.0,0.033909872174263,89,True,straight,0.651710525964458,75,geometry_fsm
1.0,1.0,0.0,0.0,0.0,0.09721449017524719,110,True,s_shaped,0.6611971203856806,76,geometry_fsm
1.0,1.0,0.0,0.0,0.0,0.056133490055799484,104,True,s_shaped,0.7139003278566582,77,geometry_fsm
1.0,1.0,0.0,1.0,0.0,0.04261896759271622,93,True,narrow_exit,0.4859895092878702,78,geometry_fsm
1.0,1.0,0.0,1.0,0.0,0.044289346784353256,95,True,narrow_entry,0.5108624669226296,79,geometry_fsm
0.0,0.0,0.0,1.0,0.0,0.012363655492663383,138,True,s_shaped,0.49724087215323176,80,geometry_fsm
1.0,1.0,0.0,0.0,0.0,0.19989736378192902,90,True,straight,0.867357206326812,81,geometry_fsm
1.0,1.0,0.0,0.0,0.0,0.0922434851527214,100,True,straight,0.5751099479703663,82,geometry_fsm
1.0,1.0,0.0,0.0,0.0,0.09595320373773575,100,True,narrow_exit,0.5825990169535296,83,geometry_fsm
1.0,1.0,0.0,0.0,0.0,0.20252151787281036,88,True,straight,0.7795860763472044,84,geometry_fsm
0.0,0.0,0.0,1.0,0.0,0.008737107738852501,400,False,false_feasible,0.6220570613719764,85,geometry_fsm
0.0,0.0,0.0,1.0,0.0,0.038245271891355515,182,True,s_shaped,0.8934930762727168,86,geometry_fsm
1.0,1.0,0.0,0.0,0.0,0.12125610560178757,106,True,asymmetric,0.8661157502489499,87,geometry_fsm
1.0,1.0,0.0,1.0,0.0,0.00209811981767416,141,True,narrow_entry,0.5757821786500192,88,geometry_fsm
0.0,0.0,0.0,0.0,0.0,4.820000171661377,15,True,asymmetric,0.4520250562228466,89,geometry_fsm
1.0,1.0,0.0,0.0,0.0,0.07808367908000946,112,True,l_shaped,0.8337515083343607,90,geometry_fsm
1.0,1.0,0.0,0.0,0.0,0.09432674944400787,88,True,l_shaped,0.8489509029773412,91,geometry_fsm
0.0,0.0,0.0,0.0,0.0,0.11539734899997711,400,False,false_feasible,0.6519854877828206,92,geometry_fsm
0.0,0.0,0.0,0.0,0.0,0.08480911701917648,400,False,false_feasible,0.5835917283282654,93,geometry_fsm
1.0,1.0,0.0,0.0,0.0,0.07310661673545837,127,True,l_shaped,0.6391717971773747,94,geometry_fsm
1.0,1.0,0.0,0.0,0.0,0.0699443444609642,114,True,l_shaped,0.5964042287325046,95,geometry_fsm
1.0,1.0,0.0,0.0,0.0,0.05783650279045105,89,True,l_shaped,0.5586174277319983,96,geometry_fsm
1.0,1.0,0.0,1.0,0.0,0.04339597001671791,112,True,narrow_entry,0.4989095265451547,97,geometry_fsm
1.0,1.0,0.0,0.0,0.0,0.06967679411172867,97,True,narrow_entry,0.521190732072763,98,geometry_fsm
1.0,1.0,0.0,0.0,0.0,0.2049054652452469,76,True,straight,0.8818985350481492,99,geometry_fsm
1.0,1.0,0.0,0.0,0.0,0.14406511187553406,92,True,straight,0.6548030290852931,100,geometry_fsm
1.0,1.0,0.0,0.0,0.0,0.06485427916049957,75,True,straight,0.6230269700954676,101,geometry_fsm
1.0,1.0,0.0,1.0,0.0,0.03868201747536659,93,True,l_shaped,0.6273565997301439,102,geometry_fsm
0.0,0.0,0.0,0.0,0.0,0.1103743314743042,49,True,s_shaped,0.6702759029282437,103,geometry_fsm
1.0,1.0,0.0,1.0,0.0,0.04257941246032715,143,True,l_shaped,0.6659385302479793,104,geometry_fsm
0.0,0.0,0.0,1.0,0.0,0.0026058435905724764,128,True,s_shaped,0.77020111871855,105,geometry_fsm
1.0,1.0,0.0,1.0,0.0,0.011247867718338966,97,True,straight,0.4997832604029915,106,geometry_fsm
1.0,1.0,0.0,0.0,0.0,0.09180669486522675,96,True,narrow_exit,0.5736065026816259,107,geometry_fsm
1.0,1.0,0.0,0.0,0.0,0.0982343852519989,110,True,l_shaped,0.8634571564062063,108,geometry_fsm
1.0,1.0,0.0,1.0,0.0,0.043123215436935425,106,True,l_shaped,0.809646085008671,109,geometry_fsm
1.0,1.0,0.0,1.0,0.0,0.03885979950428009,73,True,straight,0.6059153949332314,110,geometry_fsm
0.0,0.0,0.0,0.0,0.0,4.820000171661377,15,True,narrow_entry,0.47708757080339614,111,geometry_fsm
1.0,1.0,0.0,0.0,0.0,0.10212771594524384,114,True,straight,0.6782817157119195,112,geometry_fsm
0.0,0.0,0.0,0.0,0.0,0.0964621901512146,400,False,false_feasible,0.5817274938796283,113,geometry_fsm
1.0,1.0,0.0,0.0,0.0,0.0817912220954895,72,True,narrow_exit,0.5705241318316682,114,geometry_fsm
1.0,1.0,0.0,0.0,0.0,0.09652772545814514,103,True,l_shaped,0.7248465599559383,115,geometry_fsm
1.0,1.0,0.0,0.0,0.0,0.05314731225371361,71,True,narrow_entry,0.4954690298221449,116,geometry_fsm
1.0,1.0,0.0,0.0,0.0,0.16953694820404053,88,True,straight,0.8503453897539288,117,geometry_fsm
0.0,0.0,0.0,0.0,0.0,0.10160381346940994,400,False,false_feasible,0.5998854982248727,118,geometry_fsm
1.0,1.0,0.0,0.0,0.0,0.07709994912147522,120,True,l_shaped,0.6826587690822432,119,geometry_fsm
0.0,0.0,0.0,0.0,0.0,0.09516356140375137,400,False,false_feasible,0.7495243589545832,120,geometry_fsm
1.0,1.0,0.0,1.0,0.0,0.03612251207232475,96,True,narrow_entry,0.4910333798670148,121,geometry_fsm
0.0,0.0,0.0,0.0,0.0,0.06510365009307861,400,False,false_feasible,0.5991855451876579,122,geometry_fsm
0.0,0.0,0.0,1.0,0.0,0.02968347817659378,400,False,false_feasible,0.5747311262762056,123,geometry_fsm
0.0,0.0,0.0,1.0,0.0,0.004339464008808136,90,True,s_shaped,0.5667479279345404,124,geometry_fsm
1.0,1.0,0.0,0.0,0.0,0.0672370195388794,121,True,l_shaped,0.5826482773085442,125,geometry_fsm
0.0,0.0,0.0,0.0,0.0,0.09423074871301651,400,False,false_feasible,0.5844483839819513,126,geometry_fsm
1.0,1.0,0.0,1.0,0.0,0.04766266420483589,79,True,straight,0.5639649634800888,127,geometry_fsm
0.0,0.0,0.0,0.0,0.0,4.820000171661377,15,True,narrow_entry,0.4868254746758899,128,geometry_fsm
1.0,1.0,0.0,0.0,0.0,0.16758301854133606,75,True,straight,0.8532549370906337,129,geometry_fsm
1.0,1.0,0.0,0.0,0.0,0.06406954675912857,90,True,straight,0.6361055690894865,130,geometry_fsm
1.0,1.0,0.0,0.0,0.0,0.1032668948173523,87,True,asymmetric,0.8435588129350073,131,geometry_fsm
1.0,1.0,0.0,1.0,0.0,0.03267723694443703,94,True,asymmetric,0.7998114209974616,132,geometry_fsm
1.0,1.0,0.0,0.0,0.0,0.13141067326068878,92,True,straight,0.8785123721305574,133,geometry_fsm
0.0,0.0,0.0,1.0,0.0,0.03646911308169365,400,True,narrow_exit,0.4254098241770122,134,geometry_fsm
1.0,1.0,0.0,0.0,0.0,0.08573264628648758,119,True,s_shaped,0.6302030603603752,135,geometry_fsm
1.0,1.0,0.0,0.0,0.0,0.18769389390945435,86,True,straight,0.8642996362231056,136,geometry_fsm
1.0,1.0,0.0,0.0,0.0,0.0695599839091301,80,True,narrow_entry,0.5551509452540747,137,geometry_fsm
1.0,1.0,0.0,0.0,0.0,0.1940082162618637,83,True,straight,0.8970158242850301,138,geometry_fsm
1.0,1.0,0.0,1.0,0.0,0.022873887792229652,99,True,straight,0.5185470195709091,139,geometry_fsm
1.0,1.0,0.0,0.0,0.0,0.05617012083530426,113,True,l_shaped,0.7767810577727555,140,geometry_fsm
0.0,0.0,0.0,1.0,0.0,0.009945963509380817,80,True,l_shaped,0.5297559755621727,141,geometry_fsm
1.0,1.0,0.0,1.0,0.0,0.02449892647564411,84,True,narrow_entry,0.5156544860875039,142,geometry_fsm
1.0,1.0,0.0,0.0,0.0,0.07183609902858734,130,True,s_shaped,0.7028185185283498,143,geometry_fsm
1.0,1.0,0.0,0.0,0.0,0.07728839665651321,109,True,s_shaped,0.6480225487050986,144,geometry_fsm
1.0,1.0,0.0,1.0,0.0,0.020115725696086884,128,True,l_shaped,0.5390144312666386,145,geometry_fsm
0.0,0.0,0.0,1.0,0.0,0.009505468420684338,154,True,l_shaped,0.5123945233050388,146,geometry_fsm
0.0,0.0,0.0,0.0,0.0,4.820000171661377,15,True,narrow_entry,0.5298108869196912,147,geometry_fsm
1.0,1.0,0.0,0.0,0.0,0.08460545539855957,96,True,narrow_exit,0.5775193703980521,148,geometry_fsm
1.0,1.0,0.0,0.0,0.0,0.0931500717997551,112,True,l_shaped,0.6950467809186028,149,geometry_fsm
0.0,0.0,0.0,0.0,0.0,0.17667850852012634,400,False,false_feasible,0.7945511076911403,150,geometry_fsm
1.0,1.0,0.0,0.0,0.0,0.06434360146522522,88,True,narrow_exit,0.5254730473372898,151,geometry_fsm
1.0,1.0,0.0,1.0,0.0,0.02897002547979355,86,True,straight,0.4533781647599999,152,geometry_fsm
1.0,1.0,0.0,0.0,0.0,0.16154153645038605,77,True,straight,0.798451155532373,153,geometry_fsm
1.0,1.0,0.0,0.0,0.0,0.06573005020618439,89,True,straight,0.5192836121599319,154,geometry_fsm
0.0,0.0,0.0,0.0,0.0,4.820000171661377,15,False,false_feasible,0.5844993793369764,155,geometry_fsm
1.0,1.0,0.0,0.0,0.0,0.11794385313987732,93,True,straight,0.6405729276058443,156,geometry_fsm
1.0,1.0,0.0,0.0,0.0,0.07551709562540054,75,True,narrow_exit,0.5129626924744154,157,geometry_fsm
1.0,1.0,0.0,1.0,0.0,0.01866058260202408,116,True,s_shaped,0.6411496161669552,158,geometry_fsm
1.0,1.0,0.0,1.0,0.0,0.036255404353141785,121,True,s_shaped,0.5946955570084048,159,geometry_fsm
1.0,1.0,0.0,1.0,0.0,0.039330605417490005,94,True,straight,0.5190864849245762,160,geometry_fsm
1.0,1.0,0.0,1.0,0.0,0.03392389044165611,105,True,straight,0.6463424968624184,161,geometry_fsm
0.0,0.0,0.0,0.0,0.0,4.820000171661377,16,True,asymmetric,0.525600381860042,162,geometry_fsm
1.0,1.0,0.0,1.0,0.0,0.049969058483839035,150,True,l_shaped,0.7820089002478678,163,geometry_fsm
1.0,1.0,0.0,0.0,0.0,0.058066967874765396,120,True,l_shaped,0.5486351474153845,164,geometry_fsm
1.0,1.0,0.0,0.0,0.0,0.13738007843494415,91,True,straight,0.8203984302631049,165,geometry_fsm
1.0,1.0,0.0,0.0,0.0,0.07649016380310059,111,True,narrow_exit,0.5775151558297348,166,geometry_fsm
1.0,1.0,0.0,0.0,0.0,0.05727018043398857,95,True,narrow_exit,0.5219557171457361,167,geometry_fsm
1.0,1.0,0.0,0.0,0.0,0.13841897249221802,92,True,straight,0.720701303605207,168,geometry_fsm
1.0,1.0,0.0,1.0,0.0,0.04050898924469948,82,True,narrow_entry,0.5210201522202079,169,geometry_fsm
1.0,1.0,0.0,1.0,0.0,0.035756662487983704,111,True,narrow_exit,0.4582098849913337,170,geometry_fsm
1.0,1.0,0.0,1.0,0.0,0.04905852675437927,107,True,s_shaped,0.6642412905053974,171,geometry_fsm
0.0,0.0,0.0,0.0,0.0,4.820000171661377,17,True,l_shaped,0.49462063676946644,172,geometry_fsm
1.0,1.0,0.0,0.0,0.0,0.07902320474386215,86,True,l_shaped,0.6123414089332142,173,geometry_fsm
1.0,1.0,0.0,0.0,0.0,0.1361905038356781,77,True,asymmetric,0.8683499794137999,174,geometry_fsm
1.0,1.0,0.0,1.0,0.0,0.013445215299725533,74,True,narrow_entry,0.5146908948394837,175,geometry_fsm
1.0,1.0,0.0,0.0,0.0,0.0889175608754158,93,True,narrow_exit,0.5961541459020789,176,geometry_fsm
1.0,1.0,0.0,1.0,0.0,0.04814587160944939,95,True,l_shaped,0.7131387162622216,177,geometry_fsm
1.0,1.0,0.0,0.0,0.0,0.05140912905335426,98,True,narrow_exit,0.49767342066372383,178,geometry_fsm
1.0,1.0,0.0,0.0,0.0,0.08946652710437775,104,True,l_shaped,0.6529709250833649,179,geometry_fsm
1.0,1.0,0.0,0.0,0.0,0.06873388588428497,85,True,l_shaped,0.6203667544018789,180,geometry_fsm
1.0,1.0,0.0,0.0,0.0,0.08151698112487793,110,True,narrow_exit,0.5688221787462739,181,geometry_fsm
0.0,0.0,0.0,0.0,0.0,0.15520420670509338,400,False,false_feasible,0.7809751001363575,182,geometry_fsm
1.0,1.0,0.0,1.0,0.0,0.019987856969237328,73,True,narrow_entry,0.5093551468390755,183,geometry_fsm
1.0,1.0,0.0,1.0,0.0,0.016186414286494255,132,True,l_shaped,0.7042850597838175,184,geometry_fsm
0.0,0.0,0.0,0.0,0.0,0.09699343144893646,400,False,false_feasible,0.7639105304256009,185,geometry_fsm
1.0,1.0,0.0,0.0,0.0,0.0700010433793068,125,True,s_shaped,0.7039767061616304,186,geometry_fsm
1.0,1.0,0.0,1.0,0.0,0.045984748750925064,106,True,narrow_entry,0.47119148422321355,187,geometry_fsm
1.0,1.0,0.0,0.0,0.0,0.05618017911911011,95,True,narrow_exit,0.48781212141747776,188,geometry_fsm
0.0,0.0,0.0,0.0,0.0,4.820000171661377,17,True,l_shaped,0.5128306443806043,189,geometry_fsm
1.0,1.0,0.0,0.0,0.0,0.06573360413312912,77,True,asymmetric,0.888487705398981,190,geometry_fsm
1.0,1.0,0.0,1.0,0.0,0.0451824888586998,116,True,straight,0.6905703380801739,191,geometry_fsm
1.0,1.0,0.0,0.0,0.0,0.07519952207803726,110,True,narrow_entry,0.5825380476131046,192,geometry_fsm
0.0,0.0,0.0,1.0,0.0,0.008644661866128445,63,True,asymmetric,0.5200909519385607,193,geometry_fsm
0.0,0.0,0.0,0.0,0.0,0.10448843240737915,400,False,false_feasible,0.5973408729182135,194,geometry_fsm
0.0,0.0,0.0,0.0,0.0,0.17182689905166626,400,False,false_feasible,0.7858455878194632,195,geometry_fsm
1.0,1.0,0.0,1.0,0.0,0.03293542563915253,87,True,narrow_entry,0.5021526944223321,196,geometry_fsm
1.0,1.0,0.0,1.0,0.0,0.025425732135772705,75,True,narrow_entry,0.5875232079380317,197,geometry_fsm
1.0,1.0,0.0,0.0,0.0,0.09904967248439789,127,True,l_shaped,0.6820900543296231,198,geometry_fsm
0.0,0.0,0.0,1.0,0.0,0.003566581988707185,31,True,straight,0.5378059084915514,199,geometry_fsm
1.0,1.0,0.0,0.0,0.0,0.081094890832901,106,True,narrow_exit,0.531202003531005,200,geometry_fsm
1.0,1.0,0.0,0.0,0.0,0.08728606253862381,111,True,l_shaped,0.6470287045541268,201,geometry_fsm
1.0,1.0,0.0,0.0,0.0,0.0831889808177948,109,True,l_shaped,0.7439363482602684,202,geometry_fsm
0.0,0.0,0.0,1.0,0.0,0.01758270524442196,400,False,false_feasible,0.5768280907081301,203,geometry_fsm
1.0,1.0,0.0,1.0,0.0,0.028794946148991585,146,True,s_shaped,0.6397947282215526,204,geometry_fsm
0.0,0.0,0.0,1.0,0.0,0.003962544724345207,84,True,s_shaped,0.8535399172158142,205,geometry_fsm
1.0,1.0,0.0,1.0,0.0,0.04352547228336334,99,True,narrow_exit,0.48258125427046256,206,geometry_fsm
1.0,1.0,0.0,0.0,0.0,0.07299501448869705,135,True,s_shaped,0.8154553325341767,207,geometry_fsm
1.0,1.0,0.0,0.0,0.0,0.08231888711452484,103,True,straight,0.7320712422528939,208,geometry_fsm
1.0,1.0,0.0,0.0,0.0,0.2233027219772339,78,True,straight,0.8802209967851831,209,geometry_fsm
0.0,0.0,0.0,0.0,0.0,0.08385121077299118,106,True,s_shaped,0.8472715047153352,210,geometry_fsm
1.0,1.0,0.0,1.0,0.0,0.045637961477041245,95,True,l_shaped,0.5887499417787799,211,geometry_fsm
1.0,1.0,0.0,0.0,0.0,0.0939793512225151,104,True,narrow_entry,0.5667131573193758,212,geometry_fsm
1.0,1.0,0.0,0.0,0.0,0.07039175927639008,113,True,s_shaped,0.6264270100869495,213,geometry_fsm
1.0,1.0,0.0,0.0,0.0,0.08529987186193466,104,True,l_shaped,0.6161727786034359,214,geometry_fsm
1.0,1.0,0.0,0.0,0.0,0.05457882210612297,97,True,asymmetric,0.8994733368001464,215,geometry_fsm
1.0,1.0,0.0,0.0,0.0,0.1242450475692749,91,True,straight,0.6647402849773161,216,geometry_fsm
1.0,1.0,0.0,1.0,0.0,0.03409060090780258,105,True,narrow_exit,0.4605319798989982,217,geometry_fsm
0.0,0.0,0.0,1.0,0.0,0.005792753305286169,58,True,asymmetric,0.5914565741834572,218,geometry_fsm
1.0,1.0,0.0,1.0,0.0,0.034364063292741776,281,True,l_shaped,0.5264099881977184,219,geometry_fsm
1.0,1.0,0.0,0.0,0.0,0.08509055525064468,83,True,narrow_exit,0.5661578762718981,220,geometry_fsm
0.0,0.0,0.0,0.0,0.0,0.07752406597137451,400,True,asymmetric,0.5558653747870402,221,geometry_fsm
1.0,1.0,0.0,1.0,0.0,0.03760146722197533,80,True,narrow_entry,0.4880972425602814,222,geometry_fsm
1.0,1.0,0.0,1.0,0.0,0.0007247645989991724,95,True,straight,0.5435991331688073,223,geometry_fsm
1.0,1.0,0.0,0.0,0.0,0.0895901620388031,95,True,l_shaped,0.7861841102834488,224,geometry_fsm
1.0,1.0,0.0,1.0,0.0,0.0001955429615918547,159,True,asymmetric,0.739013588355597,225,geometry_fsm
1.0,1.0,0.0,1.0,0.0,0.022919276729226112,80,True,narrow_entry,0.4376018395401797,226,geometry_fsm
0.0,0.0,0.0,0.0,0.0,4.820000171661377,16,True,narrow_entry,0.5644897089519058,227,geometry_fsm
0.0,0.0,0.0,1.0,0.0,0.007867339067161083,82,True,s_shaped,0.5511102635456432,228,geometry_fsm
1.0,1.0,0.0,1.0,0.0,0.04491052404046059,132,True,l_shaped,0.862828015169764,229,geometry_fsm
1.0,1.0,0.0,1.0,0.0,0.013611802831292152,110,True,l_shaped,0.7285123715280867,230,geometry_fsm
1.0,1.0,0.0,0.0,0.0,0.08035648614168167,176,True,s_shaped,0.8445051624382662,231,geometry_fsm
1.0,1.0,0.0,0.0,0.0,0.09789165109395981,107,True,l_shaped,0.676293721641159,232,geometry_fsm
1.0,1.0,0.0,0.0,0.0,0.11849261820316315,114,True,l_shaped,0.7814354479658496,233,geometry_fsm
1.0,1.0,0.0,1.0,0.0,0.02366182766854763,102,True,narrow_entry,0.5971533476906399,234,geometry_fsm
1.0,1.0,0.0,0.0,0.0,0.09603562206029892,122,True,s_shaped,0.8439925700372564,235,geometry_fsm
0.0,0.0,0.0,0.0,0.0,4.820000171661377,14,True,narrow_entry,0.5291453112387963,236,geometry_fsm
1.0,1.0,0.0,1.0,0.0,0.04566577076911926,108,True,narrow_exit,0.4826896590230621,237,geometry_fsm
1.0,1.0,0.0,0.0,0.0,0.16847723722457886,82,True,straight,0.7873675879700865,238,geometry_fsm
0.0,0.0,0.0,0.0,0.0,4.820000171661377,18,True,asymmetric,0.5471661556940697,239,geometry_fsm
1.0,1.0,0.0,1.0,0.0,0.03551614284515381,92,True,narrow_entry,0.5539190500850983,240,geometry_fsm
1.0,1.0,0.0,0.0,0.0,0.07897064089775085,86,True,asymmetric,0.8152885670486694,241,geometry_fsm
0.0,0.0,0.0,0.0,0.0,4.820000171661377,18,True,l_shaped,0.5261106183222851,242,geometry_fsm
1.0,1.0,0.0,0.0,0.0,0.05842820554971695,104,True,straight,0.5096439364281361,243,geometry_fsm
1.0,1.0,0.0,0.0,0.0,0.055786408483982086,100,True,narrow_exit,0.5139825167225671,244,geometry_fsm
1.0,1.0,0.0,0.0,0.0,0.18382510542869568,82,True,straight,0.8084572784112112,245,geometry_fsm
0.0,0.0,0.0,0.0,0.0,0.09885363280773163,400,True,asymmetric,0.5985905830189792,246,geometry_fsm
1.0,1.0,0.0,0.0,0.0,0.07079309225082397,82,True,narrow_exit,0.5223900849691774,247,geometry_fsm
1.0,1.0,0.0,0.0,0.0,0.08978445082902908,98,True,narrow_exit,0.5414550641484401,248,geometry_fsm
1.0,1.0,0.0,1.0,0.0,0.017402270808815956,90,True,straight,0.5500655675535648,249,geometry_fsm
1.0,1.0,0.0,1.0,0.0,0.021001633256673813,104,True,asymmetric,0.6956092285827585,250,geometry_fsm
0.0,0.0,0.0,0.0,0.0,0.060461610555648804,147,True,s_shaped,0.7208986335873884,251,geometry_fsm
0.0,0.0,0.0,0.0,0.0,0.0540030337870121,400,True,s_shaped,0.8829899948406159,252,geometry_fsm
0.0,0.0,0.0,0.0,0.0,4.820000171661377,16,True,narrow_entry,0.42578683580451304,253,geometry_fsm
1.0,1.0,0.0,0.0,0.0,0.08129285275936127,112,True,l_shaped,0.7387025966839585,254,geometry_fsm
1.0,1.0,0.0,0.0,0.0,0.06393437832593918,83,True,narrow_entry,0.5997891499718648,255,geometry_fsm
0.0,0.0,0.0,0.0,0.0,0.119744211435318,400,False,false_feasible,0.6816933078405769,256,geometry_fsm
1.0,1.0,0.0,0.0,0.0,0.06579087674617767,129,True,l_shaped,0.64791406911621,257,geometry_fsm
1.0,1.0,0.0,0.0,0.0,0.07920798659324646,108,True,l_shaped,0.6962772785421936,258,geometry_fsm
1.0,1.0,0.0,0.0,0.0,0.09077706933021545,84,True,l_shaped,0.5988046486258587,259,geometry_fsm
1.0,1.0,0.0,1.0,0.0,0.02562348172068596,79,True,narrow_entry,0.4238080820561928,260,geometry_fsm
1.0,1.0,0.0,0.0,0.0,0.07648938149213791,74,True,straight,0.7117772840814217,261,geometry_fsm
1.0,1.0,0.0,1.0,0.0,0.024190742522478104,106,True,narrow_exit,0.43292348562480826,262,geometry_fsm
0.0,0.0,0.0,1.0,0.0,0.03140615299344063,400,False,false_feasible,0.5875098945620526,263,geometry_fsm
1.0,1.0,0.0,0.0,0.0,0.10733532905578613,92,True,l_shaped,0.6647548094891085,264,geometry_fsm
1.0,1.0,0.0,0.0,0.0,0.1339963674545288,96,True,straight,0.6476303309426706,265,geometry_fsm
1.0,1.0,0.0,1.0,0.0,0.045072752982378006,76,True,asymmetric,0.7702676194137246,266,geometry_fsm
1.0,1.0,0.0,1.0,0.0,0.009612924419343472,172,True,s_shaped,0.6362686435745704,267,geometry_fsm
0.0,0.0,0.0,0.0,0.0,0.05472728610038757,400,False,false_feasible,0.5530129657539813,268,geometry_fsm
1.0,1.0,0.0,1.0,0.0,0.026849929243326187,98,True,asymmetric,0.7262227151140552,269,geometry_fsm
1.0,1.0,0.0,1.0,0.0,0.0118222301825881,84,True,narrow_entry,0.5050443619616078,270,geometry_fsm
0.0,0.0,0.0,1.0,0.0,0.0019451335538178682,30,True,straight,0.5488108164909411,271,geometry_fsm
1.0,1.0,0.0,0.0,0.0,0.09938907623291016,113,True,l_shaped,0.8368025100385041,272,geometry_fsm
1.0,1.0,0.0,0.0,0.0,0.09122874587774277,108,True,l_shaped,0.7618169657636347,273,geometry_fsm
1.0,1.0,0.0,0.0,0.0,0.1255468726158142,102,True,straight,0.6638875280476219,274,geometry_fsm
1.0,1.0,0.0,1.0,0.0,0.011033611372113228,113,True,asymmetric,0.6840323605176697,275,geometry_fsm
1.0,1.0,0.0,1.0,0.0,0.028636610135436058,107,True,s_shaped,0.5137375355878072,276,geometry_fsm
1.0,1.0,0.0,0.0,0.0,0.082651287317276,114,True,s_shaped,0.6848443956099852,277,geometry_fsm
1.0,1.0,0.0,1.0,0.0,0.04488123580813408,90,True,straight,0.5617324115483817,278,geometry_fsm
1.0,1.0,0.0,1.0,0.0,0.012088024988770485,138,True,l_shaped,0.6886985308213855,279,geometry_fsm
1.0,1.0,0.0,0.0,0.0,0.10567872226238251,111,True,straight,0.8022692545418904,280,geometry_fsm
1.0,1.0,0.0,1.0,0.0,0.008716320618987083,147,True,narrow_entry,0.5617600052753791,281,geometry_fsm
0.0,0.0,0.0,1.0,0.0,0.007690947502851486,90,True,s_shaped,0.5160344549434437,282,geometry_fsm
0.0,0.0,0.0,1.0,0.0,0.005769757553935051,400,True,s_shaped,0.8901205856045911,283,geometry_fsm
1.0,1.0,0.0,0.0,0.0,0.10106255114078522,109,True,straight,0.6406448042477723,284,geometry_fsm
1.0,1.0,0.0,0.0,0.0,0.08289129287004471,110,True,l_shaped,0.6770453578667718,285,geometry_fsm
0.0,0.0,0.0,0.0,0.0,0.20355525612831116,81,True,s_shaped,0.8894371798868155,286,geometry_fsm
1.0,1.0,0.0,0.0,0.0,0.18529918789863586,81,True,straight,0.7536657385826413,287,geometry_fsm
0.0,0.0,0.0,0.0,0.0,4.820000171661377,15,True,narrow_entry,0.48503380179348293,288,geometry_fsm
1.0,1.0,0.0,0.0,0.0,0.08306654542684555,77,True,straight,0.6725701007885039,289,geometry_fsm
1.0,1.0,0.0,0.0,0.0,0.22353434562683105,108,True,straight,0.813124900959316,290,geometry_fsm
0.0,0.0,0.0,0.0,0.0,4.820000171661377,15,True,narrow_entry,0.4814768871962921,291,geometry_fsm
1.0,1.0,0.0,0.0,0.0,0.20298424363136292,83,True,straight,0.8674507811043997,292,geometry_fsm
1.0,1.0,0.0,0.0,0.0,0.07299969345331192,89,True,l_shaped,0.5732577758727204,293,geometry_fsm
1.0,1.0,0.0,1.0,0.0,0.04184844717383385,102,True,l_shaped,0.5975657475888168,294,geometry_fsm
0.0,0.0,0.0,0.0,0.0,0.08330529928207397,400,False,false_feasible,0.6829559639444835,295,geometry_fsm
0.0,0.0,0.0,0.0,0.0,4.820000171661377,17,True,narrow_entry,0.475522732049595,296,geometry_fsm
1.0,1.0,0.0,0.0,0.0,0.08008997142314911,96,True,narrow_exit,0.56386012589863,297,geometry_fsm
0.0,0.0,0.0,0.0,0.0,4.820000171661377,18,True,s_shaped,0.4691060787726442,298,geometry_fsm
0.0,0.0,0.0,0.0,0.0,0.10091693699359894,85,True,asymmetric,0.6416869341657822,299,geometry_fsm
1.0,1.0,0.0,0.0,0.0,0.09452341496944427,116,True,l_shaped,0.7046055987183408,300,geometry_fsm
0.0,0.0,0.0,1.0,0.0,0.03393610939383507,400,False,false_feasible,0.5855259814629107,301,geometry_fsm
1.0,1.0,0.0,0.0,0.0,0.0736384317278862,102,True,straight,0.7037380815620913,302,geometry_fsm
0.0,0.0,0.0,1.0,0.0,0.015192913822829723,400,True,asymmetric,0.48038729148812404,303,geometry_fsm
1.0,1.0,0.0,0.0,0.0,0.06839089095592499,96,True,straight,0.5954696479642971,304,geometry_fsm
1.0,1.0,0.0,1.0,0.0,0.014005973935127258,112,True,straight,0.4968681722112922,305,geometry_fsm
0.0,0.0,0.0,0.0,0.0,0.05317603051662445,400,True,s_shaped,0.8650609373457014,306,geometry_fsm
1.0,1.0,0.0,0.0,0.0,0.09279435873031616,113,True,s_shaped,0.6372727560302809,307,geometry_fsm
0.0,0.0,0.0,1.0,0.0,0.005444647278636694,87,True,narrow_exit,0.43692381639038946,308,geometry_fsm
1.0,1.0,0.0,1.0,0.0,0.04546026140451431,101,True,l_shaped,0.6157548738928549,309,geometry_fsm
1.0,1.0,0.0,1.0,0.0,0.03478163108229637,108,True,l_shaped,0.5386317941790119,310,geometry_fsm
0.0,0.0,0.0,0.0,0.0,4.820000171661377,16,True,narrow_entry,0.5257535086600513,311,geometry_fsm
1.0,1.0,0.0,0.0,0.0,0.05205550417304039,123,True,s_shaped,0.7642432835408647,312,geometry_fsm
1.0,1.0,0.0,0.0,0.0,0.06497187912464142,176,True,s_shaped,0.7755441157697789,313,geometry_fsm
1.0,1.0,0.0,0.0,0.0,0.12107276171445847,80,True,straight,0.7002856335590052,314,geometry_fsm
1.0,1.0,0.0,1.0,0.0,0.042394042015075684,139,True,s_shaped,0.5346469026546081,315,geometry_fsm
1.0,1.0,0.0,0.0,0.0,0.07613580673933029,112,True,straight,0.5815401945434963,316,geometry_fsm
0.0,0.0,0.0,1.0,0.0,0.0038888277485966682,72,True,l_shaped,0.584606314874935,317,geometry_fsm
0.0,0.0,0.0,0.0,0.0,0.12427541613578796,400,False,false_feasible,0.6679100476560947,318,geometry_fsm
1.0,1.0,0.0,0.0,0.0,0.11334128677845001,75,True,asymmetric,0.8977542377957146,319,geometry_fsm
1.0,1.0,0.0,0.0,0.0,0.062147170305252075,75,True,narrow_entry,0.5854642047991006,320,geometry_fsm
0.0,0.0,0.0,1.0,0.0,0.014350967481732368,400,False,false_feasible,0.5995294353530227,321,geometry_fsm
1.0,1.0,0.0,0.0,0.0,0.05679793283343315,184,True,s_shaped,0.7603928317998392,322,geometry_fsm
1.0,1.0,0.0,0.0,0.0,0.05269429832696915,108,True,narrow_entry,0.5502741522345308,323,geometry_fsm
1.0,1.0,0.0,0.0,0.0,0.21908588707447052,80,True,straight,0.8341335779160304,324,geometry_fsm
0.0,0.0,0.0,0.0,0.0,4.820000171661377,16,True,narrow_entry,0.5101189513190285,325,geometry_fsm
1.0,1.0,0.0,0.0,0.0,0.05503462255001068,99,True,asymmetric,0.7493462845218546,326,geometry_fsm
0.0,0.0,0.0,1.0,0.0,0.0017180618597194552,60,True,l_shaped,0.5874662755670266,327,geometry_fsm
1.0,1.0,0.0,0.0,0.0,0.1856776624917984,105,True,straight,0.7622367003940507,328,geometry_fsm
0.0,0.0,0.0,0.0,0.0,4.820000171661377,17,True,straight,0.4712626524854183,329,geometry_fsm
1.0,1.0,0.0,0.0,0.0,0.059959422796964645,86,True,narrow_entry,0.52658390848266,330,geometry_fsm
1.0,1.0,0.0,0.0,0.0,0.05702783167362213,107,True,l_shaped,0.5352710747342472,331,geometry_fsm
1.0,1.0,0.0,1.0,0.0,0.040149640291929245,83,True,asymmetric,0.8125977142540357,332,geometry_fsm
0.0,0.0,0.0,1.0,0.0,0.044113997370004654,400,False,false_feasible,0.6843593933384942,333,geometry_fsm
0.0,0.0,0.0,0.0,0.0,4.820000171661377,15,True,straight,0.5390913358876082,334,geometry_fsm
1.0,1.0,0.0,0.0,0.0,0.05917618051171303,102,True,narrow_entry,0.5445324710314174,335,geometry_fsm
1.0,1.0,0.0,0.0,0.0,0.10355499386787415,121,True,l_shaped,0.7637731478234682,336,geometry_fsm
0.0,0.0,0.0,0.0,0.0,0.08993089944124222,400,False,false_feasible,0.6006013198759406,337,geometry_fsm
1.0,1.0,0.0,0.0,0.0,0.08420757204294205,102,True,narrow_exit,0.5354784966013542,338,geometry_fsm
1.0,1.0,0.0,0.0,0.0,0.05320761725306511,93,True,straight,0.5729204433264841,339,geometry_fsm
1.0,1.0,0.0,0.0,0.0,0.1685660034418106,80,True,straight,0.716523727699982,340,geometry_fsm
1.0,1.0,0.0,0.0,0.0,0.053920868784189224,106,True,narrow_exit,0.5003250038090357,341,geometry_fsm
1.0,1.0,0.0,1.0,0.0,0.01825225166976452,80,True,straight,0.5143533305968733,342,geometry_fsm
1.0,1.0,0.0,0.0,0.0,0.05201869457960129,168,True,s_shaped,0.555678073466654,343,geometry_fsm
1.0,1.0,0.0,0.0,0.0,0.16229845583438873,110,True,straight,0.7238968886820527,344,geometry_fsm
0.0,0.0,0.0,1.0,0.0,0.047317877411842346,400,False,false_feasible,0.6805353618022505,345,geometry_fsm
0.0,0.0,0.0,0.0,0.0,0.09748315811157227,400,False,false_feasible,0.619299535052635,346,geometry_fsm
0.0,0.0,0.0,1.0,0.0,0.0003865565231535584,50,True,s_shaped,0.5037517961679152,347,geometry_fsm
0.0,0.0,0.0,0.0,0.0,4.820000171661377,17,True,l_shaped,0.5234430081230041,348,geometry_fsm
0.0,0.0,0.0,0.0,0.0,0.0997345969080925,400,False,false_feasible,0.7572718958339757,349,geometry_fsm
1.0,1.0,0.0,1.0,0.0,0.02754095010459423,91,True,narrow_exit,0.42223149850484326,350,geometry_fsm
1.0,1.0,0.0,0.0,0.0,0.08248724043369293,116,True,l_shaped,0.6873951935237322,351,geometry_fsm
1.0,1.0,0.0,0.0,0.0,0.10796262323856354,116,True,s_shaped,0.6746761156383666,352,geometry_fsm
0.0,0.0,0.0,1.0,0.0,0.0023788439575582743,52,True,s_shaped,0.4639476548165105,353,geometry_fsm
0.0,0.0,0.0,0.0,0.0,4.820000171661377,19,True,straight,0.4949783350985309,354,geometry_fsm
1.0,1.0,0.0,0.0,0.0,0.05430278182029724,98,True,narrow_exit,0.5181368822200751,355,geometry_fsm
0.0,0.0,0.0,0.0,0.0,0.16408151388168335,400,False,false_feasible,0.7590499377394438,356,geometry_fsm
1.0,1.0,0.0,0.0,0.0,0.07578014582395554,128,True,s_shaped,0.6310668974274827,357,geometry_fsm
1.0,1.0,0.0,1.0,0.0,0.02853579632937908,112,True,straight,0.633085127725872,358,geometry_fsm
0.0,0.0,0.0,0.0,0.0,0.05289807170629501,400,True,narrow_exit,0.4256846395247397,359,geometry_fsm
1.0,1.0,0.0,0.0,0.0,0.0802011489868164,117,True,l_shaped,0.8489905011575196,360,geometry_fsm
1.0,1.0,0.0,0.0,0.0,0.1871456801891327,106,True,straight,0.8373987758344472,361,geometry_fsm
0.0,0.0,0.0,0.0,0.0,0.1736823171377182,400,False,false_feasible,0.7829560726988289,362,geometry_fsm
1.0,1.0,0.0,0.0,0.0,0.12890088558197021,107,True,straight,0.6734542037162343,363,geometry_fsm
1.0,1.0,0.0,0.0,0.0,0.052025727927684784,114,True,s_shaped,0.6589807318427364,364,geometry_fsm
0.0,0.0,0.0,0.0,0.0,0.07629166543483734,400,True,asymmetric,0.5809726586027926,365,geometry_fsm
1.0,1.0,0.0,0.0,0.0,0.06883673369884491,148,True,s_shaped,0.8162620576693067,366,geometry_fsm
1.0,1.0,0.0,0.0,0.0,0.0648568645119667,102,True,l_shaped,0.8283132767401924,367,geometry_fsm
0.0,0.0,0.0,1.0,0.0,0.04228929430246353,400,True,asymmetric,0.48155149441988276,368,geometry_fsm
1.0,1.0,0.0,0.0,0.0,0.08499699831008911,101,True,narrow_exit,0.5672103557924545,369,geometry_fsm
1.0,1.0,0.0,0.0,0.0,0.10542365163564682,83,True,straight,0.7122071077788414,370,geometry_fsm
1.0,1.0,0.0,0.0,0.0,0.09125984460115433,87,True,narrow_exit,0.5907563642249145,371,geometry_fsm
1.0,1.0,0.0,0.0,0.0,0.17103257775306702,73,True,straight,0.8188461987908233,372,geometry_fsm
1.0,1.0,0.0,0.0,0.0,0.06849132478237152,101,True,narrow_exit,0.5662134503646514,373,geometry_fsm
1.0,1.0,0.0,0.0,0.0,0.1616969257593155,110,True,straight,0.7392616939501118,374,geometry_fsm
1.0,1.0,0.0,0.0,0.0,0.19688530266284943,81,True,straight,0.8372535998731345,375,geometry_fsm
1.0,1.0,0.0,0.0,0.0,0.0932580828666687,93,True,straight,0.7004187407298574,376,geometry_fsm
0.0,0.0,0.0,0.0,0.0,4.820000171661377,18,True,s_shaped,0.5255720912694887,377,geometry_fsm
1.0,1.0,0.0,1.0,0.0,0.026680748909711838,135,True,l_shaped,0.6997690282736465,378,geometry_fsm
0.0,0.0,0.0,0.0,0.0,4.820000171661377,16,True,narrow_entry,0.43675967955453554,379,geometry_fsm
1.0,1.0,0.0,1.0,0.0,0.04131345450878143,97,True,l_shaped,0.5339979466629434,380,geometry_fsm
1.0,1.0,0.0,0.0,0.0,0.19304676353931427,103,True,straight,0.8469349692471471,381,geometry_fsm
1.0,1.0,0.0,0.0,0.0,0.08432501554489136,77,True,narrow_exit,0.5854397396219889,382,geometry_fsm
1.0,1.0,0.0,1.0,0.0,0.04037816449999809,138,True,s_shaped,0.7539050118042848,383,geometry_fsm
1.0,1.0,0.0,0.0,0.0,0.053060829639434814,83,True,narrow_entry,0.5367474224646778,384,geometry_fsm
1.0,1.0,0.0,0.0,0.0,0.0630030557513237,100,True,narrow_exit,0.5445393166870626,385,geometry_fsm
0.0,0.0,0.0,1.0,0.0,0.01228028442710638,75,True,asymmetric,0.48381273356948834,386,geometry_fsm
1.0,1.0,0.0,0.0,0.0,0.0702451691031456,73,True,narrow_exit,0.5086433250600779,387,geometry_fsm
1.0,1.0,0.0,0.0,0.0,0.0655689537525177,89,True,l_shaped,0.7789634429167849,388,geometry_fsm
0.0,0.0,0.0,0.0,0.0,4.820000171661377,15,True,straight,0.46273153753715157,389,geometry_fsm
1.0,1.0,0.0,0.0,0.0,0.1246696412563324,110,True,s_shaped,0.8654906530396146,390,geometry_fsm
1.0,1.0,0.0,0.0,0.0,0.05237125605344772,174,True,s_shaped,0.5489970476972676,391,geometry_fsm
1.0,1.0,0.0,1.0,0.0,0.04202282056212425,88,True,narrow_exit,0.46868461428884617,392,geometry_fsm
1.0,1.0,0.0,1.0,0.0,0.04909370839595795,114,True,s_shaped,0.5604103192201321,393,geometry_fsm
1.0,1.0,0.0,0.0,0.0,0.08571638911962509,108,True,l_shaped,0.6440932266821061,394,geometry_fsm
1.0,1.0,0.0,1.0,0.0,0.015133223496377468,137,True,s_shaped,0.7865053754159992,395,geometry_fsm
1.0,1.0,0.0,1.0,0.0,0.01569184847176075,98,True,straight,0.634698663099951,396,geometry_fsm
1.0,1.0,0.0,1.0,0.0,0.039005670696496964,77,True,narrow_exit,0.46491867166896966,397,geometry_fsm
0.0,0.0,0.0,1.0,0.0,0.0038385135121643543,42,True,s_shaped,0.4504454972668738,398,geometry_fsm
1.0,1.0,0.0,0.0,0.0,0.22168320417404175,76,True,straight,0.873615105571611,399,geometry_fsm
0.0,0.0,0.0,0.0,0.0,0.1274230033159256,400,False,false_feasible,0.7025724879259627,400,geometry_fsm
1.0,1.0,0.0,0.0,0.0,0.12319537252187729,115,True,l_shaped,0.8690594978157582,401,geometry_fsm
1.0,1.0,0.0,0.0,0.0,0.17267943918704987,94,True,straight,0.8652889633163358,402,geometry_fsm
1.0,1.0,0.0,1.0,0.0,0.04589395970106125,159,True,s_shaped,0.7530811716263597,403,geometry_fsm
0.0,0.0,0.0,1.0,0.0,0.0003878427087329328,70,False,false_feasible,0.590261420704985,404,geometry_fsm
1.0,1.0,0.0,0.0,0.0,0.06753664463758469,106,True,narrow_exit,0.5213643978453197,405,geometry_fsm
1.0,1.0,0.0,1.0,0.0,0.013538917526602745,76,True,straight,0.560082209741563,406,geometry_fsm
0.0,0.0,0.0,1.0,0.0,0.03802739456295967,400,True,asymmetric,0.5258901968122404,407,geometry_fsm
1.0,1.0,0.0,0.0,0.0,0.14721138775348663,77,True,straight,0.7995099043571807,408,geometry_fsm
1.0,1.0,0.0,0.0,0.0,0.0534137599170208,92,True,l_shaped,0.5206614738003867,409,geometry_fsm
1.0,1.0,0.0,0.0,0.0,0.14938564598560333,81,True,straight,0.7164804345775513,410,geometry_fsm
1.0,1.0,0.0,0.0,0.0,0.07485678046941757,102,True,l_shaped,0.7082303859110689,411,geometry_fsm
1.0,1.0,0.0,0.0,0.0,0.10067173093557358,132,True,s_shaped,0.818787587347954,412,geometry_fsm
1.0,1.0,0.0,0.0,0.0,0.17050716280937195,74,True,straight,0.7228127787525637,413,geometry_fsm
0.0,0.0,0.0,1.0,0.0,0.007684021256864071,127,True,s_shaped,0.5221521562242907,414,geometry_fsm
1.0,1.0,0.0,0.0,0.0,0.08822319656610489,121,True,s_shaped,0.7448012511411441,415,geometry_fsm
1.0,1.0,0.0,1.0,0.0,0.03266996145248413,76,True,narrow_entry,0.5593952102007809,416,geometry_fsm
1.0,1.0,0.0,0.0,0.0,0.05132492259144783,101,True,asymmetric,0.7929328594635792,417,geometry_fsm
1.0,1.0,0.0,0.0,0.0,0.08427818864583969,123,True,l_shaped,0.6269625604803,418,geometry_fsm
1.0,1.0,0.0,0.0,0.0,0.115562304854393,106,True,l_shaped,0.8368561355588942,419,geometry_fsm
1.0,1.0,0.0,0.0,0.0,0.09687826037406921,117,True,l_shaped,0.8934140529757,420,geometry_fsm
1.0,1.0,0.0,0.0,0.0,0.0789434164762497,150,True,l_shaped,0.8659261726555774,421,geometry_fsm
1.0,1.0,0.0,0.0,0.0,0.07994651794433594,76,True,narrow_exit,0.5795804244599301,422,geometry_fsm
1.0,1.0,0.0,0.0,0.0,0.10098804533481598,104,True,s_shaped,0.7278061949665587,423,geometry_fsm
0.0,0.0,0.0,1.0,0.0,0.0053954776376485825,52,True,asymmetric,0.6182648281319505,424,geometry_fsm
0.0,0.0,0.0,0.0,0.0,0.1376623958349228,400,False,false_feasible,0.7308898385229509,425,geometry_fsm
0.0,0.0,0.0,1.0,0.0,0.0036485246382653713,92,True,l_shaped,0.5012582646685599,426,geometry_fsm
1.0,1.0,0.0,1.0,0.0,0.024842601269483566,187,True,s_shaped,0.6960660571082298,427,geometry_fsm
1.0,1.0,0.0,0.0,0.0,0.051301393657922745,87,True,straight,0.4876029144668152,428,geometry_fsm
0.0,0.0,0.0,0.0,0.0,0.1506241112947464,400,False,false_feasible,0.7898448180788078,429,geometry_fsm
0.0,0.0,0.0,1.0,0.0,0.04013003781437874,400,False,false_feasible,0.6137966280733855,430,geometry_fsm
1.0,1.0,0.0,0.0,0.0,0.07247571647167206,93,True,l_shaped,0.5727761895044058,431,geometry_fsm
1.0,1.0,0.0,0.0,0.0,0.1637413501739502,76,True,straight,0.6937823572484527,432,geometry_fsm
0.0,0.0,0.0,0.0,0.0,0.16195954382419586,48,True,s_shaped,0.8554973909178045,433,geometry_fsm
0.0,0.0,0.0,1.0,0.0,0.0034646745771169662,24,True,narrow_entry,0.47460077388279576,434,geometry_fsm
1.0,1.0,0.0,0.0,0.0,0.1025550588965416,71,True,narrow_entry,0.5745182073131728,435,geometry_fsm
1.0,1.0,0.0,1.0,0.0,0.010998960584402084,77,True,straight,0.5992871906066504,436,geometry_fsm
1.0,1.0,0.0,0.0,0.0,0.1175009235739708,109,True,l_shaped,0.8920038138631132,437,geometry_fsm
1.0,1.0,0.0,0.0,0.0,0.06703374534845352,75,True,straight,0.5348520353855511,438,geometry_fsm
1.0,1.0,0.0,0.0,0.0,0.09034319967031479,73,True,narrow_exit,0.5420420797509233,439,geometry_fsm
1.0,1.0,0.0,0.0,0.0,0.06371942907571793,117,True,s_shaped,0.8716567503943187,440,geometry_fsm
0.0,0.0,0.0,1.0,0.0,0.011212630197405815,48,True,asymmetric,0.514484477663621,441,geometry_fsm
1.0,1.0,0.0,1.0,0.0,0.04677445441484451,95,True,l_shaped,0.6997546106729574,442,geometry_fsm
0.0,0.0,0.0,0.0,0.0,0.14388617873191833,400,False,false_feasible,0.7820596620280413,443,geometry_fsm
0.0,0.0,0.0,1.0,0.0,0.005908894818276167,29,True,narrow_entry,0.5262383893820324,444,geometry_fsm
1.0,1.0,0.0,1.0,0.0,0.008991223759949207,158,True,l_shaped,0.5734104908481463,445,geometry_fsm
1.0,1.0,0.0,1.0,0.0,0.04733306169509888,90,True,narrow_exit,0.5070320953806626,446,geometry_fsm
1.0,1.0,0.0,1.0,0.0,0.04610428959131241,110,True,straight,0.5096458414236432,447,geometry_fsm
1.0,1.0,0.0,0.0,0.0,0.09806375205516815,121,True,l_shaped,0.8542127003301647,448,geometry_fsm
1.0,1.0,0.0,0.0,0.0,0.12748588621616364,118,True,l_shaped,0.8108580750708367,449,geometry_fsm
1.0,1.0,0.0,1.0,0.0,0.016293620690703392,144,True,s_shaped,0.4667896315813174,450,geometry_fsm
1.0,1.0,0.0,0.0,0.0,0.051092054694890976,81,True,narrow_exit,0.48096521401573505,451,geometry_fsm
1.0,1.0,0.0,0.0,0.0,0.2549261152744293,94,True,straight,0.8818565486283572,452,geometry_fsm
1.0,1.0,0.0,1.0,0.0,0.004383799619972706,86,True,narrow_entry,0.5070243572425855,453,geometry_fsm
0.0,0.0,0.0,1.0,0.0,0.0017106113955378532,250,True,l_shaped,0.4924034390007451,454,geometry_fsm
1.0,1.0,0.0,0.0,0.0,0.07440775632858276,119,True,s_shaped,0.6087351923362321,455,geometry_fsm
1.0,1.0,0.0,1.0,0.0,0.00025142618687823415,168,True,s_shaped,0.6656501758000399,456,geometry_fsm
1.0,1.0,0.0,1.0,0.0,0.011071243323385715,76,True,straight,0.47784846466150943,457,geometry_fsm
0.0,0.0,0.0,0.0,0.0,0.11260368674993515,400,False,false_feasible,0.68651351668702,458,geometry_fsm
0.0,0.0,0.0,1.0,0.0,0.005201485473662615,124,True,l_shaped,0.4556095469270469,459,geometry_fsm
1.0,1.0,0.0,1.0,0.0,0.03207667917013168,175,True,s_shaped,0.8319474382772145,460,geometry_fsm
1.0,1.0,0.0,0.0,0.0,0.07929424941539764,114,True,l_shaped,0.6081073574801689,461,geometry_fsm
0.0,0.0,0.0,1.0,0.0,0.012808890081942081,71,True,asymmetric,0.5209206809798153,462,geometry_fsm
1.0,1.0,0.0,1.0,0.0,0.036629755049943924,84,True,l_shaped,0.46479045161991106,463,geometry_fsm
1.0,1.0,0.0,0.0,0.0,0.0848885253071785,83,True,narrow_exit,0.5400531894414131,464,geometry_fsm
0.0,0.0,0.0,1.0,0.0,0.004968894645571709,84,True,l_shaped,0.5986430485989414,465,geometry_fsm
1.0,1.0,0.0,0.0,0.0,0.22734537720680237,77,True,straight,0.8348237759178962,466,geometry_fsm
1.0,1.0,0.0,0.0,0.0,0.1369425654411316,91,True,straight,0.8619286216903344,467,geometry_fsm
1.0,1.0,0.0,0.0,0.0,0.10401680320501328,94,True,asymmetric,0.8650753082980338,468,geometry_fsm
0.0,0.0,0.0,1.0,0.0,0.010303470306098461,157,True,l_shaped,0.5122291506723482,469,geometry_fsm
1.0,1.0,0.0,1.0,0.0,0.00337864994071424,101,True,straight,0.49957652029775995,470,geometry_fsm
0.0,0.0,0.0,0.0,0.0,0.10871188342571259,400,True,asymmetric,0.6855407315302016,471,geometry_fsm
1.0,1.0,0.0,0.0,0.0,0.1538243442773819,78,True,straight,0.7464807668130418,472,geometry_fsm
1.0,1.0,0.0,0.0,0.0,0.05576803535223007,124,True,l_shaped,0.5544362073014045,473,geometry_fsm
1.0,1.0,0.0,0.0,0.0,0.10266825556755066,97,True,l_shaped,0.7465518296866449,474,geometry_fsm
0.0,0.0,0.0,0.0,0.0,0.1284010112285614,400,False,false_feasible,0.6906320301889947,475,geometry_fsm
0.0,0.0,0.0,0.0,0.0,4.820000171661377,17,True,l_shaped,0.45318840937647664,476,geometry_fsm
0.0,0.0,0.0,1.0,0.0,0.028642890974879265,400,True,asymmetric,0.6015018634188176,477,geometry_fsm
1.0,1.0,0.0,1.0,0.0,0.03296959772706032,112,True,straight,0.46579084466526366,478,geometry_fsm
0.0,0.0,0.0,0.0,0.0,0.15530799329280853,400,False,false_feasible,0.7479618224477685,479,geometry_fsm
1.0,1.0,0.0,0.0,0.0,0.09764692932367325,88,True,narrow_exit,0.5940175134555659,480,geometry_fsm
1.0,1.0,0.0,0.0,0.0,0.08041563630104065,109,True,narrow_exit,0.5836291835636911,481,geometry_fsm
1.0,1.0,0.0,1.0,0.0,8.755827002460137e-05,105,True,asymmetric,0.7033420089298698,482,geometry_fsm
1.0,1.0,0.0,0.0,0.0,0.07481058686971664,76,True,narrow_exit,0.5298044115200842,483,geometry_fsm
1.0,1.0,0.0,0.0,0.0,0.11437246948480606,108,True,l_shaped,0.8343911280127465,484,geometry_fsm
1.0,1.0,0.0,0.0,0.0,0.08838610351085663,82,True,narrow_exit,0.5426470890897435,485,geometry_fsm
0.0,0.0,0.0,0.0,0.0,0.14990292489528656,400,False,false_feasible,0.7388428853063269,486,geometry_fsm
1.0,1.0,0.0,0.0,0.0,0.11067243665456772,92,True,straight,0.6214231566218853,487,geometry_fsm
1.0,1.0,0.0,0.0,0.0,0.18319149315357208,93,True,straight,0.8269277817849692,488,geometry_fsm
0.0,0.0,0.0,1.0,0.0,0.000503957737237215,53,True,s_shaped,0.5239704266659997,489,geometry_fsm
1.0,1.0,0.0,0.0,0.0,0.05620104447007179,108,True,asymmetric,0.6948441411670399,490,geometry_fsm
1.0,1.0,0.0,0.0,0.0,0.20417004823684692,106,True,straight,0.8333842660207158,491,geometry_fsm
1.0,1.0,0.0,0.0,0.0,0.053708966821432114,134,True,s_shaped,0.5816104671629537,492,geometry_fsm
1.0,1.0,0.0,1.0,0.0,0.040849536657333374,253,True,s_shaped,0.8570278576887512,493,geometry_fsm
1.0,1.0,0.0,1.0,0.0,0.04666408523917198,95,True,l_shaped,0.7928766803538789,494,geometry_fsm
0.0,0.0,0.0,1.0,0.0,0.0028406318742781878,69,True,asymmetric,0.5655041514639754,495,geometry_fsm
0.0,0.0,0.0,0.0,0.0,0.07530786097049713,400,False,false_feasible,0.6476116275992401,496,geometry_fsm
1.0,1.0,0.0,1.0,0.0,0.016781644895672798,115,True,straight,0.4699787836097656,497,geometry_fsm
0.0,0.0,0.0,0.0,0.0,0.07857948541641235,400,False,false_feasible,0.6217088886700382,498,geometry_fsm
1.0,1.0,0.0,0.0,0.0,0.06001770868897438,112,True,l_shaped,0.5395305202169378,499,geometry_fsm
1.0,1.0,0.0,0.0,0.0,0.07931234687566757,95,True,narrow_exit,0.5710582648519854,0,geometry_fsm
1.0,1.0,0.0,0.0,0.0,0.051333148032426834,125,True,s_shaped,0.652964124150499,1,geometry_fsm
1.0,1.0,0.0,0.0,0.0,0.08343305438756943,119,True,l_shaped,0.8782893074086265,2,geometry_fsm
0.0,0.0,0.0,0.0,0.0,0.05796252191066742,400,False,false_feasible,0.5584411635789241,3,geometry_fsm
1.0,1.0,0.0,0.0,0.0,0.08935118466615677,94,True,straight,0.6529366706973919,4,geometry_fsm
0.0,0.0,0.0,1.0,0.0,0.00698582548648119,84,True,s_shaped,0.5867842997575747,5,geometry_fsm
1.0,1.0,0.0,0.0,0.0,0.15861618518829346,105,True,straight,0.6926057179448905,6,geometry_fsm
1.0,1.0,0.0,0.0,0.0,0.0798947885632515,96,True,l_shaped,0.641024637069327,7,geometry_fsm
1.0,1.0,0.0,0.0,0.0,0.07724273204803467,85,True,narrow_exit,0.5751481317269822,8,geometry_fsm
1.0,1.0,0.0,0.0,0.0,0.08815363049507141,91,True,narrow_exit,0.5690000981515544,9,geometry_fsm
0.0,0.0,0.0,1.0,0.0,0.0010886314557865262,71,True,asymmetric,0.7533340169878787,10,geometry_fsm
1.0,1.0,0.0,1.0,0.0,0.043398793786764145,136,True,s_shaped,0.8467784545259844,11,geometry_fsm
1.0,1.0,0.0,0.0,0.0,0.09625899791717529,105,True,l_shaped,0.8671206311626448,12,geometry_fsm
1.0,1.0,0.0,0.0,0.0,0.06987687200307846,87,True,narrow_exit,0.5554771878876439,13,geometry_fsm
1.0,1.0,0.0,1.0,0.0,0.03377671167254448,109,True,narrow_entry,0.45931545897200626,14,geometry_fsm
1.0,1.0,0.0,1.0,0.0,0.02161363698542118,187,True,s_shaped,0.7381262984950419,15,geometry_fsm
1.0,1.0,0.0,0.0,0.0,0.07238490879535675,95,True,narrow_exit,0.5556210466872824,16,geometry_fsm
1.0,1.0,0.0,1.0,0.0,0.04000329226255417,138,True,s_shaped,0.8714888457119387,17,geometry_fsm
1.0,1.0,0.0,0.0,0.0,0.1754823923110962,81,True,straight,0.8316619965403942,18,geometry_fsm
1.0,1.0,0.0,0.0,0.0,0.0885688066482544,97,True,narrow_exit,0.5927660787447737,19,geometry_fsm
1.0,1.0,0.0,0.0,0.0,0.1512528359889984,105,True,straight,0.729399313589992,20,geometry_fsm
1.0,1.0,0.0,0.0,0.0,0.06959615647792816,106,True,narrow_exit,0.5449125023696004,21,geometry_fsm
0.0,0.0,0.0,0.0,0.0,0.06875257194042206,400,False,false_feasible,0.6104446834029358,22,geometry_fsm
0.0,0.0,0.0,1.0,0.0,0.012841233052313328,108,True,l_shaped,0.48670818841748326,23,geometry_fsm
1.0,1.0,0.0,0.0,0.0,0.05075127258896828,103,True,narrow_exit,0.49187134863125465,24,geometry_fsm
1.0,1.0,0.0,0.0,0.0,0.05802600085735321,77,True,straight,0.516385663462141,25,geometry_fsm
1.0,1.0,0.0,0.0,0.0,0.08610835671424866,112,True,narrow_exit,0.5718317652961328,26,geometry_fsm
1.0,1.0,0.0,1.0,0.0,0.007297044154256582,95,True,asymmetric,0.7348949872842581,27,geometry_fsm
1.0,1.0,0.0,0.0,0.0,0.060264892876148224,73,True,narrow_exit,0.5097848613170441,28,geometry_fsm
1.0,1.0,0.0,0.0,0.0,0.12581725418567657,90,True,straight,0.7366282068970579,29,geometry_fsm
1.0,1.0,0.0,0.0,0.0,0.15331345796585083,92,True,straight,0.818719622944998,30,geometry_fsm
1.0,1.0,0.0,0.0,0.0,0.15309235453605652,90,True,straight,0.8322641436824147,31,geometry_fsm
1.0,1.0,0.0,0.0,0.0,0.07948032766580582,100,True,l_shaped,0.8597137903906623,32,geometry_fsm
1.0,1.0,0.0,0.0,0.0,0.05328596010804176,111,True,narrow_exit,0.5162802672027167,33,geometry_fsm
0.0,0.0,0.0,1.0,0.0,0.0010205148719251156,93,True,l_shaped,0.4650086943738273,34,geometry_fsm
0.0,0.0,0.0,1.0,0.0,0.002813381841406226,47,True,s_shaped,0.6782832551113062,35,geometry_fsm
1.0,1.0,0.0,1.0,0.0,0.029343552887439728,112,True,narrow_exit,0.4521767951821585,36,geometry_fsm
1.0,1.0,0.0,1.0,0.0,0.039591848850250244,132,True,s_shaped,0.7220525353364851,37,geometry_fsm
1.0,1.0,0.0,0.0,0.0,0.1374005824327469,82,True,straight,0.6385777111886426,38,geometry_fsm
1.0,1.0,0.0,1.0,0.0,0.02809867449104786,86,True,narrow_entry,0.5635085739972248,39,geometry_fsm
0.0,0.0,0.0,1.0,0.0,0.0024626669473946095,46,True,asymmetric,0.5311685029450932,40,geometry_fsm
0.0,0.0,0.0,1.0,0.0,0.025180744007229805,400,True,s_shaped,0.8516901939820171,41,geometry_fsm
0.0,0.0,0.0,1.0,0.0,0.04342851787805557,400,True,asymmetric,0.6379951679448432,42,geometry_fsm
0.0,0.0,0.0,0.0,0.0,4.820000171661377,17,True,l_shaped,0.47392200267452866,43,geometry_fsm
0.0,0.0,0.0,0.0,0.0,0.10873112082481384,400,False,false_feasible,0.6104048413884494,44,geometry_fsm
1.0,1.0,0.0,0.0,0.0,0.08874021470546722,119,True,s_shaped,0.7325260179829371,45,geometry_fsm
1.0,1.0,0.0,0.0,0.0,0.0816148966550827,96,True,straight,0.6756472425317169,46,geometry_fsm
0.0,0.0,0.0,0.0,0.0,4.820000171661377,17,True,l_shaped,0.4509992236788563,47,geometry_fsm
1.0,1.0,0.0,0.0,0.0,0.1332903653383255,99,True,straight,0.7157059602318465,48,geometry_fsm
0.0,0.0,0.0,0.0,0.0,4.820000171661377,15,True,narrow_entry,0.45220143627404796,49,geometry_fsm
0.0,0.0,0.0,1.0,0.0,0.009971351362764835,400,True,l_shaped,0.5354481305345156,50,geometry_fsm
1.0,1.0,0.0,1.0,0.0,0.048366814851760864,85,True,narrow_exit,0.5236854286569477,51,geometry_fsm
0.0,0.0,0.0,1.0,0.0,0.01032392866909504,400,True,asymmetric,0.5322353577368969,52,geometry_fsm
1.0,1.0,0.0,1.0,0.0,0.00025977494078688323,92,True,asymmetric,0.7083590484183258,53,geometry_fsm
1.0,1.0,0.0,1.0,0.0,0.03143167868256569,115,True,l_shaped,0.5869143392133543,54,geometry_fsm
0.0,0.0,0.0,0.0,0.0,0.05053038150072098,400,True,asymmetric,0.6340425908890464,55,geometry_fsm
0.0,0.0,0.0,0.0,0.0,0.07080443203449249,400,False,false_feasible,0.6538698884451754,56,geometry_fsm
1.0,1.0,0.0,1.0,0.0,0.03610571101307869,78,True,straight,0.6077660216430197,57,geometry_fsm
1.0,1.0,0.0,0.0,0.0,0.0720488503575325,105,True,l_shaped,0.5851490572837779,58,geometry_fsm
0.0,0.0,0.0,0.0,0.0,0.06553792208433151,400,False,false_feasible,0.6761837521697324,59,geometry_fsm
0.0,0.0,0.0,0.0,0.0,4.820000171661377,15,True,narrow_entry,0.4659306773122229,60,geometry_fsm
0.0,0.0,0.0,1.0,0.0,0.007035929709672928,77,True,s_shaped,0.4892146942516627,61,geometry_fsm
1.0,1.0,0.0,0.0,0.0,0.06018008291721344,101,True,l_shaped,0.5589604652238328,62,geometry_fsm
1.0,1.0,0.0,0.0,0.0,0.051264438778162,74,True,narrow_entry,0.5374282044417746,63,geometry_fsm
1.0,1.0,0.0,0.0,0.0,0.05602710321545601,75,True,narrow_exit,0.5090412185719464,64,geometry_fsm
0.0,0.0,0.0,0.0,0.0,4.820000171661377,16,True,asymmetric,0.47947870261541314,65,geometry_fsm
1.0,1.0,0.0,0.0,0.0,0.05950580909848213,116,True,s_shaped,0.5838076732695612,66,geometry_fsm
1.0,1.0,0.0,0.0,0.0,0.08782851696014404,117,True,s_shaped,0.6835599996055097,67,geometry_fsm
1.0,1.0,0.0,0.0,0.0,0.19070854783058167,77,True,straight,0.7494698439736149,68,geometry_fsm
1.0,1.0,0.0,1.0,0.0,0.015051127411425114,177,True,s_shaped,0.8222998758555602,69,geometry_fsm
1.0,1.0,0.0,0.0,0.0,0.09062793850898743,106,True,narrow_exit,0.5992048790728135,70,geometry_fsm
0.0,0.0,0.0,0.0,0.0,4.820000171661377,15,True,narrow_entry,0.4532113017645904,71,geometry_fsm
0.0,0.0,0.0,1.0,0.0,0.009657422080636024,214,True,l_shaped,0.5073243119818767,72,geometry_fsm
1.0,1.0,0.0,0.0,0.0,0.09894975274801254,105,True,narrow_exit,0.5941287592096245,73,geometry_fsm
1.0,1.0,0.0,0.0,0.0,0.06715639680624008,99,True,l_shaped,0.8053937013182472,74,geometry_fsm
1.0,1.0,0.0,1.0,0.0,0.03956075385212898,109,True,asymmetric,0.7609754890300231,75,geometry_fsm
1.0,1.0,0.0,1.0,0.0,0.04544958099722862,114,True,s_shaped,0.6973681875388464,76,geometry_fsm
0.0,0.0,0.0,0.0,0.0,0.07124115526676178,112,True,asymmetric,0.5953807639852614,77,geometry_fsm
0.0,0.0,0.0,1.0,0.0,0.03574926406145096,400,True,asymmetric,0.4897928574693353,78,geometry_fsm
1.0,1.0,0.0,1.0,0.0,0.02249128557741642,178,True,s_shaped,0.8813317714985575,79,geometry_fsm
1.0,1.0,0.0,1.0,0.0,0.028758713975548744,99,True,narrow_exit,0.4384300763093547,80,geometry_fsm
1.0,1.0,0.0,0.0,0.0,0.11034270375967026,97,True,l_shaped,0.6713262082395234,81,geometry_fsm
1.0,1.0,0.0,0.0,0.0,0.09298697113990784,92,True,l_shaped,0.6437512021987551,82,geometry_fsm
1.0,1.0,0.0,0.0,0.0,0.11275453865528107,110,True,l_shaped,0.800488748846451,83,geometry_fsm
0.0,0.0,0.0,0.0,0.0,4.820000171661377,16,True,narrow_entry,0.5484743317708323,84,geometry_fsm
0.0,0.0,0.0,0.0,0.0,0.13246044516563416,53,True,s_shaped,0.7450297880618376,85,geometry_fsm
1.0,1.0,0.0,0.0,0.0,0.062076669186353683,73,True,narrow_entry,0.5975087551480068,86,geometry_fsm
1.0,1.0,0.0,1.0,0.0,0.04541512951254845,99,True,narrow_exit,0.4764226865040219,87,geometry_fsm
1.0,1.0,0.0,0.0,0.0,0.21417510509490967,82,True,straight,0.8555298091487255,88,geometry_fsm
1.0,1.0,0.0,1.0,0.0,0.03453618288040161,98,True,straight,0.6275764418333523,89,geometry_fsm
0.0,0.0,0.0,0.0,0.0,0.1063191369175911,400,False,false_feasible,0.7395454622582365,90,geometry_fsm
1.0,1.0,0.0,1.0,0.0,0.017249153926968575,102,True,straight,0.5040516238782498,91,geometry_fsm
1.0,1.0,0.0,0.0,0.0,0.053182896226644516,103,True,l_shaped,0.6405268539004191,92,geometry_fsm
1.0,1.0,0.0,0.0,0.0,0.06462395191192627,111,True,l_shaped,0.8790036145816736,93,geometry_fsm
0.0,0.0,0.0,1.0,0.0,0.008047533221542835,55,True,l_shaped,0.4880567739504174,94,geometry_fsm
0.0,0.0,0.0,0.0,0.0,4.820000171661377,15,True,narrow_entry,0.43457884398438446,95,geometry_fsm
1.0,1.0,0.0,1.0,0.0,0.004321276675909758,147,True,s_shaped,0.48058592449365206,96,geometry_fsm
0.0,0.0,0.0,0.0,0.0,0.13711100816726685,400,False,false_feasible,0.7811593743228397,97,geometry_fsm
1.0,1.0,0.0,0.0,0.0,0.11569011211395264,72,True,straight,0.6098228162081836,98,geometry_fsm
0.0,0.0,0.0,0.0,0.0,0.10959573835134506,400,False,false_feasible,0.7627396634214578,99,geometry_fsm
1.0,1.0,0.0,1.0,0.0,0.036767542362213135,92,True,narrow_exit,0.4776188861935332,100,geometry_fsm
1.0,1.0,0.0,0.0,0.0,0.10856372863054276,100,True,l_shaped,0.6548922222120153,101,geometry_fsm
1.0,1.0,0.0,0.0,0.0,0.1261305809020996,105,True,l_shaped,0.8279212646952949,102,geometry_fsm
1.0,1.0,0.0,0.0,0.0,0.14538772404193878,91,True,straight,0.8431342114197551,103,geometry_fsm
1.0,1.0,0.0,0.0,0.0,0.06180766224861145,77,True,narrow_entry,0.5203036528915176,104,geometry_fsm
0.0,0.0,0.0,1.0,0.0,0.009067810140550137,140,True,s_shaped,0.7624362201007542,105,geometry_fsm
0.0,0.0,0.0,0.0,0.0,0.14307010173797607,400,False,false_feasible,0.7151240949216233,106,geometry_fsm
1.0,1.0,0.0,1.0,0.0,0.03893447667360306,97,True,s_shaped,0.5455657257086408,107,geometry_fsm
1.0,1.0,0.0,0.0,0.0,0.071583591401577,85,True,asymmetric,0.7480294391313413,108,geometry_fsm
1.0,1.0,0.0,0.0,0.0,0.06282079964876175,147,True,s_shaped,0.8429073689584783,109,geometry_fsm
1.0,1.0,0.0,0.0,0.0,0.10150213539600372,90,True,l_shaped,0.8827127243412478,110,geometry_fsm
1.0,1.0,0.0,1.0,0.0,0.027015959843993187,87,True,narrow_entry,0.4566392679759318,111,geometry_fsm
0.0,0.0,0.0,0.0,0.0,0.10463357716798782,400,False,false_feasible,0.5978689533618424,112,geometry_fsm
1.0,1.0,0.0,0.0,0.0,0.1875525861978531,113,True,straight,0.8883661299781374,113,geometry_fsm
0.0,0.0,0.0,0.0,0.0,4.820000171661377,14,True,narrow_entry,0.492510607415293,114,geometry_fsm
1.0,1.0,0.0,0.0,0.0,0.06368963420391083,112,True,s_shaped,0.6056992436048333,115,geometry_fsm
1.0,1.0,0.0,0.0,0.0,0.07995796948671341,86,True,straight,0.5849511063429882,116,geometry_fsm
1.0,1.0,0.0,1.0,0.0,0.018961232155561447,251,True,s_shaped,0.6661948958381584,117,geometry_fsm
1.0,1.0,0.0,0.0,0.0,0.1190139651298523,88,True,straight,0.6645478826451672,118,geometry_fsm
1.0,1.0,0.0,0.0,0.0,0.0626571998000145,109,True,s_shaped,0.6297104315254347,119,geometry_fsm
1.0,1.0,0.0,0.0,0.0,0.06159307807683945,102,True,narrow_exit,0.5285962086771152,120,geometry_fsm
0.0,0.0,0.0,1.0,0.0,0.0037693483754992485,66,True,asymmetric,0.5279299082265446,121,geometry_fsm
0.0,0.0,0.0,0.0,0.0,0.11850285530090332,400,False,false_feasible,0.7017620199147774,122,geometry_fsm
0.0,0.0,0.0,0.0,0.0,4.820000171661377,18,True,s_shaped,0.47126793503715586,123,geometry_fsm
1.0,1.0,0.0,0.0,0.0,0.06559740751981735,77,True,narrow_exit,0.5569393610904453,124,geometry_fsm
1.0,1.0,0.0,0.0,0.0,0.06625991314649582,120,True,s_shaped,0.7475362030318109,125,geometry_fsm
1.0,1.0,0.0,1.0,0.0,0.02786874957382679,92,True,asymmetric,0.622190248910083,126,geometry_fsm
1.0,1.0,0.0,0.0,0.0,0.08476337790489197,176,True,s_shaped,0.7959812189620142,127,geometry_fsm
1.0,1.0,0.0,0.0,0.0,0.09443696588277817,87,True,asymmetric,0.8671723086817795,128,geometry_fsm
1.0,1.0,0.0,0.0,0.0,0.09985724091529846,113,True,straight,0.7486641010764564,129,geometry_fsm
1.0,1.0,0.0,0.0,0.0,0.11480224132537842,93,True,straight,0.6195445335547406,130,geometry_fsm
1.0,1.0,0.0,1.0,0.0,0.024438317865133286,109,True,narrow_exit,0.42817268207221243,131,geometry_fsm
1.0,1.0,0.0,0.0,0.0,0.0643705278635025,107,True,straight,0.5984157108799688,132,geometry_fsm
1.0,1.0,0.0,0.0,0.0,0.09296414256095886,126,True,s_shaped,0.7635787406536919,133,geometry_fsm
1.0,1.0,0.0,1.0,0.0,0.04119338095188141,134,True,l_shaped,0.6036274263186685,134,geometry_fsm
0.0,0.0,0.0,0.0,0.0,0.08157383650541306,400,False,false_feasible,0.5835859777111073,135,geometry_fsm
1.0,1.0,0.0,0.0,0.0,0.07975040376186371,109,True,asymmetric,0.7980721201437451,136,geometry_fsm
1.0,1.0,0.0,0.0,0.0,0.17664510011672974,108,True,straight,0.8128322591865067,137,geometry_fsm
1.0,1.0,0.0,0.0,0.0,0.07693199068307877,81,True,narrow_exit,0.5584785333622208,138,geometry_fsm
1.0,1.0,0.0,0.0,0.0,0.24900124967098236,105,True,straight,0.8594753808861777,139,geometry_fsm
0.0,0.0,0.0,0.0,0.0,0.12603530287742615,400,False,false_feasible,0.658969380232167,140,geometry_fsm
1.0,1.0,0.0,0.0,0.0,0.05335910990834236,150,True,s_shaped,0.5515362607773387,141,geometry_fsm
1.0,1.0,0.0,0.0,0.0,0.2202180176973343,82,True,straight,0.8106497231757949,142,geometry_fsm
1.0,1.0,0.0,1.0,0.0,0.048891834914684296,141,True,s_shaped,0.5400958261483305,143,geometry_fsm
0.0,0.0,0.0,1.0,0.0,0.008406148292124271,48,True,asymmetric,0.4863410758822878,144,geometry_fsm
1.0,1.0,0.0,0.0,0.0,0.1369698941707611,98,True,straight,0.8431977024409691,145,geometry_fsm
0.0,0.0,0.0,0.0,0.0,0.08213967084884644,400,False,false_feasible,0.6064712115015038,146,geometry_fsm
1.0,1.0,0.0,0.0,0.0,0.1273687481880188,101,True,straight,0.7333155357694331,147,geometry_fsm
1.0,1.0,0.0,1.0,0.0,0.03802470862865448,122,True,s_shaped,0.823148514562952,148,geometry_fsm
1.0,1.0,0.0,1.0,0.0,0.023581819608807564,76,True,narrow_entry,0.5893469504807111,149,geometry_fsm
0.0,0.0,0.0,0.0,0.0,0.10705458372831345,400,False,false_feasible,0.6353705207864471,150,geometry_fsm
0.0,0.0,0.0,1.0,0.0,0.04710189998149872,400,True,s_shaped,0.8487322459542672,151,geometry_fsm
1.0,1.0,0.0,0.0,0.0,0.15012182295322418,103,True,straight,0.87882745843783,152,geometry_fsm
1.0,1.0,0.0,1.0,0.0,0.02908872440457344,140,True,s_shaped,0.7164912904061405,153,geometry_fsm
0.0,0.0,0.0,1.0,0.0,0.00406203418970108,103,True,s_shaped,0.7944023901867442,154,geometry_fsm
1.0,1.0,0.0,0.0,0.0,0.11237646639347076,72,True,narrow_exit,0.586225541692706,155,geometry_fsm
1.0,1.0,0.0,0.0,0.0,0.05992218479514122,139,True,l_shaped,0.5527040398032267,156,geometry_fsm
1.0,1.0,0.0,1.0,0.0,0.045731320977211,99,True,narrow_exit,0.49502921425436586,157,geometry_fsm
1.0,1.0,0.0,0.0,0.0,0.07892467826604843,108,True,straight,0.5675254996337132,158,geometry_fsm
1.0,1.0,0.0,0.0,0.0,0.08577006310224533,95,True,straight,0.7393058243226308,159,geometry_fsm
0.0,0.0,0.0,0.0,0.0,0.09753502905368805,400,False,false_feasible,0.6773090122208592,160,geometry_fsm
0.0,0.0,0.0,1.0,0.0,0.0210709385573864,400,False,false_feasible,0.5767378581267396,161,geometry_fsm
1.0,1.0,0.0,0.0,0.0,0.14426743984222412,94,True,straight,0.7059879791308835,162,geometry_fsm
0.0,0.0,0.0,0.0,0.0,4.820000171661377,17,True,l_shaped,0.5165309046907133,163,geometry_fsm
1.0,1.0,0.0,0.0,0.0,0.09087961912155151,120,True,l_shaped,0.743122987285161,164,geometry_fsm
1.0,1.0,0.0,1.0,0.0,0.048324622213840485,102,True,narrow_exit,0.5047711183473821,165,geometry_fsm
0.0,0.0,0.0,0.0,0.0,0.1022508516907692,400,False,false_feasible,0.7522747759793658,166,geometry_fsm
0.0,0.0,0.0,1.0,0.0,0.002531401813030243,80,True,l_shaped,0.5175228274043074,167,geometry_fsm
1.0,1.0,0.0,1.0,0.0,0.034969769418239594,87,True,narrow_exit,0.45879602297308497,168,geometry_fsm
1.0,1.0,0.0,0.0,0.0,0.2032586932182312,78,True,straight,0.8946956765569211,169,geometry_fsm
0.0,0.0,0.0,1.0,0.0,0.02932126447558403,110,True,s_shaped,0.7480948721665568,170,geometry_fsm
1.0,1.0,0.0,0.0,0.0,0.07966192066669464,100,True,straight,0.5245463692251295,171,geometry_fsm
1.0,1.0,0.0,0.0,0.0,0.17533543705940247,102,True,straight,0.7144611838998676,172,geometry_fsm
0.0,0.0,0.0,1.0,0.0,0.00437982939183712,28,True,straight,0.5286099284645797,173,geometry_fsm
1.0,1.0,0.0,0.0,0.0,0.05670398846268654,111,True,l_shaped,0.869700242156807,174,geometry_fsm
1.0,1.0,0.0,0.0,0.0,0.08150240778923035,96,True,narrow_exit,0.5665250009140779,175,geometry_fsm
0.0,0.0,0.0,0.0,0.0,0.056283265352249146,400,False,false_feasible,0.6069381404638259,176,geometry_fsm
1.0,1.0,0.0,1.0,0.0,0.04580112174153328,88,True,narrow_exit,0.4970019125976961,177,geometry_fsm
1.0,1.0,0.0,1.0,0.0,0.04567386582493782,82,True,straight,0.6196477774103286,178,geometry_fsm
0.0,0.0,0.0,0.0,0.0,0.11525024473667145,400,False,false_feasible,0.6406753058521475,179,geometry_fsm
0.0,0.0,0.0,1.0,0.0,0.0030276034958660603,400,False,false_feasible,0.5923079713950523,180,geometry_fsm
1.0,1.0,0.0,0.0,0.0,0.05525908246636391,94,True,narrow_entry,0.5806730732633173,181,geometry_fsm
1.0,1.0,0.0,0.0,0.0,0.06542724370956421,119,True,l_shaped,0.6061090400242025,182,geometry_fsm
1.0,1.0,0.0,0.0,0.0,0.09130903333425522,82,True,straight,0.5602977659576968,183,geometry_fsm
0.0,0.0,0.0,1.0,0.0,0.0019168959697708488,56,True,l_shaped,0.5812933811281631,184,geometry_fsm
1.0,1.0,0.0,0.0,0.0,0.12298376858234406,118,True,l_shaped,0.7964465836414769,185,geometry_fsm
1.0,1.0,0.0,0.0,0.0,0.055721115320920944,83,True,narrow_exit,0.519293334114863,186,geometry_fsm
0.0,0.0,0.0,0.0,0.0,0.13301436603069305,400,False,false_feasible,0.7017904985145627,187,geometry_fsm
0.0,0.0,0.0,1.0,0.0,0.0011521882843226194,307,True,l_shaped,0.5145680476820349,188,geometry_fsm
0.0,0.0,0.0,1.0,0.0,0.04543755203485489,400,True,asymmetric,0.5386701683756236,189,geometry_fsm
1.0,1.0,0.0,1.0,0.0,0.015311136841773987,92,True,asymmetric,0.6150856638558374,190,geometry_fsm
1.0,1.0,0.0,0.0,0.0,0.06719490885734558,107,True,narrow_exit,0.5403348765314463,191,geometry_fsm
1.0,1.0,0.0,1.0,0.0,0.04767053946852684,115,True,l_shaped,0.6193758405344304,192,geometry_fsm
1.0,1.0,0.0,1.0,0.0,0.023579968139529228,81,True,narrow_entry,0.4389059096656472,193,geometry_fsm
1.0,1.0,0.0,1.0,0.0,0.025268714874982834,155,True,l_shaped,0.7760951680462301,194,geometry_fsm
1.0,1.0,0.0,0.0,0.0,0.13021759688854218,87,True,asymmetric,0.8498773258824645,195,geometry_fsm
1.0,1.0,0.0,0.0,0.0,0.2308160364627838,99,True,straight,0.8404832597886098,196,geometry_fsm
1.0,1.0,0.0,0.0,0.0,0.07556025683879852,82,True,straight,0.6078672204332506,197,geometry_fsm
1.0,1.0,0.0,1.0,0.0,0.04989515244960785,140,True,s_shaped,0.6250792778337991,198,geometry_fsm
1.0,1.0,0.0,1.0,0.0,0.04014315828680992,87,True,narrow_entry,0.5945177721745487,199,geometry_fsm
1.0,1.0,0.0,0.0,0.0,0.05131106451153755,110,True,l_shaped,0.6834107654401841,200,geometry_fsm
1.0,1.0,0.0,1.0,0.0,0.002489697653800249,148,True,straight,0.569585317211088,201,geometry_fsm
1.0,1.0,0.0,0.0,0.0,0.19559165835380554,88,True,straight,0.7798784029463359,202,geometry_fsm
1.0,1.0,0.0,1.0,0.0,0.037082236260175705,85,True,straight,0.48635386791540325,203,geometry_fsm
0.0,0.0,0.0,0.0,0.0,0.16934767365455627,400,False,false_feasible,0.7798234164494087,204,geometry_fsm
1.0,1.0,0.0,0.0,0.0,0.13180460035800934,118,True,l_shaped,0.7684391441022229,205,geometry_fsm
1.0,1.0,0.0,1.0,0.0,0.018607953563332558,93,True,asymmetric,0.8537269591614179,206,geometry_fsm
1.0,1.0,0.0,1.0,0.0,0.04998878389596939,133,True,s_shaped,0.5261953508879972,207,geometry_fsm
1.0,1.0,0.0,0.0,0.0,0.05247105285525322,115,True,s_shaped,0.5775771755802008,208,geometry_fsm
1.0,1.0,0.0,0.0,0.0,0.06084790080785751,139,True,l_shaped,0.5798568046901935,209,geometry_fsm
1.0,1.0,0.0,0.0,0.0,0.15486334264278412,73,True,straight,0.8099312509662986,210,geometry_fsm
1.0,1.0,0.0,1.0,0.0,0.043514434248209,102,True,narrow_exit,0.4634161604224683,211,geometry_fsm
1.0,1.0,0.0,0.0,0.0,0.08980017900466919,109,True,l_shaped,0.631936464011695,212,geometry_fsm
1.0,1.0,0.0,0.0,0.0,0.059623707085847855,89,True,narrow_exit,0.5067796597432906,213,geometry_fsm
0.0,0.0,0.0,1.0,0.0,0.004565421026200056,141,True,l_shaped,0.5175807395258908,214,geometry_fsm
1.0,1.0,0.0,0.0,0.0,0.05011817440390587,91,True,l_shaped,0.5286860383239097,215,geometry_fsm
1.0,1.0,0.0,0.0,0.0,0.07526467740535736,117,True,s_shaped,0.768874266027186,216,geometry_fsm
0.0,0.0,0.0,1.0,0.0,0.003599720075726509,122,True,s_shaped,0.4795163513674487,217,geometry_fsm
0.0,0.0,0.0,1.0,0.0,0.004301239270716906,400,False,false_feasible,0.5720842271471264,218,geometry_fsm
1.0,1.0,0.0,0.0,0.0,0.09647872298955917,78,True,narrow_exit,0.5961351610455341,219,geometry_fsm
1.0,1.0,0.0,0.0,0.0,0.0891319066286087,108,True,narrow_exit,0.5880203091180899,220,geometry_fsm
0.0,0.0,0.0,0.0,0.0,0.0618850477039814,400,True,asymmetric,0.64796356092756,221,geometry_fsm
1.0,1.0,0.0,1.0,0.0,0.023701010271906853,87,True,narrow_entry,0.5583102823268637,222,geometry_fsm
1.0,1.0,0.0,0.0,0.0,0.06928274780511856,95,True,narrow_exit,0.5420095490916605,223,geometry_fsm
1.0,1.0,0.0,1.0,0.0,0.034302160143852234,118,True,l_shaped,0.6397260167456981,224,geometry_fsm
1.0,1.0,0.0,0.0,0.0,0.0649544894695282,101,True,l_shaped,0.8784647002425949,225,geometry_fsm
1.0,1.0,0.0,1.0,0.0,0.008262350223958492,84,True,asymmetric,0.7068272094799302,226,geometry_fsm
0.0,0.0,0.0,1.0,0.0,0.0045740632340312,400,True,l_shaped,0.5321287426734469,227,geometry_fsm
1.0,1.0,0.0,0.0,0.0,0.07068845629692078,150,True,s_shaped,0.7436405007167548,228,geometry_fsm
0.0,0.0,0.0,0.0,0.0,4.820000171661377,15,True,narrow_entry,0.4211497381979191,229,geometry_fsm
1.0,1.0,0.0,0.0,0.0,0.06740021705627441,90,True,asymmetric,0.8665692132357029,230,geometry_fsm
1.0,1.0,0.0,0.0,0.0,0.08252044767141342,100,True,asymmetric,0.8826099813772423,231,geometry_fsm
1.0,1.0,0.0,1.0,0.0,0.023490549996495247,99,True,narrow_exit,0.43628836147329486,232,geometry_fsm
1.0,1.0,0.0,0.0,0.0,0.08846858143806458,76,True,straight,0.7385257985011596,233,geometry_fsm
1.0,1.0,0.0,0.0,0.0,0.05640831217169762,100,True,narrow_exit,0.5110875957473175,234,geometry_fsm
0.0,0.0,0.0,0.0,0.0,0.09489414095878601,400,False,false_feasible,0.5796677230940048,235,geometry_fsm
1.0,1.0,0.0,0.0,0.0,0.06810580939054489,101,True,l_shaped,0.5695275270211531,236,geometry_fsm
1.0,1.0,0.0,0.0,0.0,0.19342859089374542,104,True,straight,0.818052860304695,237,geometry_fsm
1.0,1.0,0.0,0.0,0.0,0.056832704693078995,151,True,s_shaped,0.76163035483547,238,geometry_fsm
0.0,0.0,0.0,0.0,0.0,0.09111174941062927,400,False,false_feasible,0.6301172596223104,239,geometry_fsm
0.0,0.0,0.0,0.0,0.0,0.19673463702201843,123,True,s_shaped,0.890881830504338,240,geometry_fsm
1.0,1.0,0.0,0.0,0.0,0.07100369036197662,76,True,narrow_exit,0.5504917298962243,241,geometry_fsm
1.0,1.0,0.0,1.0,0.0,0.03405170887708664,112,True,narrow_exit,0.4587304998684267,242,geometry_fsm
1.0,1.0,0.0,0.0,0.0,0.09275299310684204,74,True,straight,0.7051704061607378,243,geometry_fsm
1.0,1.0,0.0,1.0,0.0,0.014883010648190975,107,True,asymmetric,0.6025044026546785,244,geometry_fsm
1.0,1.0,0.0,1.0,0.0,0.02655748836696148,74,True,asymmetric,0.7292219634296524,245,geometry_fsm
0.0,0.0,0.0,1.0,0.0,0.0025175469927489758,34,True,l_shaped,0.5406578850828053,246,geometry_fsm
1.0,1.0,0.0,1.0,0.0,0.04165320843458176,101,True,narrow_exit,0.46636233120317044,247,geometry_fsm
1.0,1.0,0.0,0.0,0.0,0.09319323301315308,179,True,s_shaped,0.873905654406495,248,geometry_fsm
1.0,1.0,0.0,0.0,0.0,0.2193598449230194,86,True,straight,0.8585250612174882,249,geometry_fsm
1.0,1.0,0.0,0.0,0.0,0.09547357261180878,112,True,narrow_entry,0.599919587305362,250,geometry_fsm
1.0,1.0,0.0,1.0,0.0,0.02108827419579029,90,True,l_shaped,0.6684264633818178,251,geometry_fsm
1.0,1.0,0.0,0.0,0.0,0.17220987379550934,111,True,straight,0.8625944137228939,252,geometry_fsm
1.0,1.0,0.0,0.0,0.0,0.06765484064817429,104,True,asymmetric,0.7046017161106493,253,geometry_fsm
1.0,1.0,0.0,1.0,0.0,0.013548617251217365,90,True,narrow_entry,0.5053052623097247,254,geometry_fsm
0.0,0.0,0.0,1.0,0.0,0.0021496049594134092,60,True,asymmetric,0.7274682282826934,255,geometry_fsm
1.0,1.0,0.0,1.0,0.0,0.048351921141147614,99,True,narrow_exit,0.48544708053783375,256,geometry_fsm
1.0,1.0,0.0,0.0,0.0,0.22285425662994385,79,True,straight,0.8134797807818639,257,geometry_fsm
1.0,1.0,0.0,0.0,0.0,0.06360899657011032,87,True,narrow_entry,0.5930471839426674,258,geometry_fsm
1.0,1.0,0.0,1.0,0.0,0.049492161720991135,154,True,s_shaped,0.780712827748614,259,geometry_fsm
1.0,1.0,0.0,1.0,0.0,0.011935088783502579,83,True,narrow_entry,0.4531121551163466,260,geometry_fsm
1.0,1.0,0.0,0.0,0.0,0.2111268937587738,85,True,straight,0.8315055918165302,261,geometry_fsm
1.0,1.0,0.0,1.0,0.0,0.04324592277407646,75,True,narrow_exit,0.4935488900495983,262,geometry_fsm
1.0,1.0,0.0,0.0,0.0,0.0592239648103714,108,True,narrow_exit,0.4790123422194553,263,geometry_fsm
1.0,1.0,0.0,1.0,0.0,0.04621271416544914,102,True,l_shaped,0.7326496041073036,264,geometry_fsm
1.0,1.0,0.0,0.0,0.0,0.18758544325828552,94,True,straight,0.778214686040262,265,geometry_fsm
1.0,1.0,0.0,0.0,0.0,0.05778618901968002,89,True,asymmetric,0.745939735321991,266,geometry_fsm
0.0,0.0,0.0,0.0,0.0,0.06795304268598557,400,False,false_feasible,0.6159753397461423,267,geometry_fsm
1.0,1.0,0.0,0.0,0.0,0.1269100159406662,121,True,l_shaped,0.8402285638548403,268,geometry_fsm
1.0,1.0,0.0,1.0,0.0,0.03445008769631386,85,True,asymmetric,0.7563183504838442,269,geometry_fsm
0.0,0.0,0.0,1.0,0.0,0.005980034824460745,21,True,narrow_entry,0.4245375312598962,270,geometry_fsm
0.0,0.0,0.0,0.0,0.0,0.17827436327934265,400,False,false_feasible,0.7997045383401213,271,geometry_fsm
0.0,0.0,0.0,1.0,0.0,0.0019135596230626106,93,True,asymmetric,0.5606720615226196,272,geometry_fsm
0.0,0.0,0.0,0.0,0.0,0.058754049241542816,400,False,false_feasible,0.590221985533936,273,geometry_fsm
1.0,1.0,0.0,0.0,0.0,0.1157018318772316,95,True,l_shaped,0.8570122422594525,274,geometry_fsm
1.0,1.0,0.0,0.0,0.0,0.0877225399017334,91,True,narrow_exit,0.5374010652398328,275,geometry_fsm
1.0,1.0,0.0,1.0,0.0,0.049718551337718964,74,True,narrow_exit,0.47416590065285796,276,geometry_fsm
0.0,0.0,0.0,0.0,0.0,4.820000171661377,15,True,narrow_entry,0.5051300743510212,277,geometry_fsm
0.0,0.0,0.0,1.0,0.0,0.0402425117790699,400,False,false_feasible,0.5675461700777522,278,geometry_fsm
1.0,1.0,0.0,0.0,0.0,0.057465240359306335,110,True,asymmetric,0.8293404863457357,279,geometry_fsm
0.0,0.0,0.0,1.0,0.0,0.021160930395126343,400,True,l_shaped,0.4764880703540573,280,geometry_fsm
1.0,1.0,0.0,1.0,0.0,0.023758722469210625,154,True,s_shaped,0.6716137093849427,281,geometry_fsm
1.0,1.0,0.0,0.0,0.0,0.180699422955513,80,True,straight,0.8167531821224217,282,geometry_fsm
1.0,1.0,0.0,0.0,0.0,0.05529588833451271,78,True,straight,0.5597594596325514,283,geometry_fsm
1.0,1.0,0.0,1.0,0.0,0.04989185556769371,96,True,straight,0.5011878748679137,284,geometry_fsm
1.0,1.0,0.0,1.0,0.0,0.04289005696773529,108,True,l_shaped,0.8216438904966257,285,geometry_fsm
0.0,0.0,0.0,0.0,0.0,0.08655742555856705,400,True,asymmetric,0.5418301795146526,286,geometry_fsm
0.0,0.0,0.0,0.0,0.0,4.820000171661377,15,True,straight,0.45524900659388107,287,geometry_fsm
0.0,0.0,0.0,1.0,0.0,0.00048591161612421274,63,False,false_feasible,0.5543594061168692,288,geometry_fsm
0.0,0.0,0.0,0.0,0.0,0.0816594585776329,400,False,false_feasible,0.6990874109472242,289,geometry_fsm
1.0,1.0,0.0,0.0,0.0,0.17181356251239777,92,True,straight,0.7149177962090505,290,geometry_fsm
1.0,1.0,0.0,1.0,0.0,0.018696000799536705,97,True,asymmetric,0.6856027646030275,291,geometry_fsm
1.0,1.0,0.0,1.0,0.0,0.007429405581206083,292,True,s_shaped,0.6620773042095032,292,geometry_fsm
0.0,0.0,0.0,1.0,0.0,0.0033170513343065977,188,True,l_shaped,0.4950408655292933,293,geometry_fsm
0.0,0.0,0.0,1.0,0.0,0.001306164194829762,97,False,false_feasible,0.5529238347691092,294,geometry_fsm
1.0,1.0,0.0,0.0,0.0,0.06749720871448517,82,True,straight,0.5617236558035832,295,geometry_fsm
1.0,1.0,0.0,1.0,0.0,0.04290749877691269,95,True,l_shaped,0.8301664344459914,296,geometry_fsm
0.0,0.0,0.0,0.0,0.0,0.09614301472902298,66,True,asymmetric,0.6447711340106367,297,geometry_fsm
1.0,1.0,0.0,0.0,0.0,0.06477008759975433,102,True,straight,0.6735889811874466,298,geometry_fsm
1.0,1.0,0.0,1.0,0.0,0.047944601625204086,95,True,narrow_exit,0.517834407810074,299,geometry_fsm
0.0,0.0,0.0,0.0,0.0,0.10680680721998215,400,False,false_feasible,0.754986004003612,300,geometry_fsm
1.0,1.0,0.0,0.0,0.0,0.11890395730733871,80,True,straight,0.6276016968116556,301,geometry_fsm
1.0,1.0,0.0,0.0,0.0,0.18747834861278534,101,True,straight,0.7480890850397051,302,geometry_fsm
1.0,1.0,0.0,0.0,0.0,0.05546161159873009,172,True,s_shaped,0.819900833234308,303,geometry_fsm
0.0,0.0,0.0,0.0,0.0,4.820000171661377,17,True,l_shaped,0.479577031723809,304,geometry_fsm
1.0,1.0,0.0,1.0,0.0,0.02467210218310356,120,True,asymmetric,0.8732327876022099,305,geometry_fsm
0.0,0.0,0.0,1.0,0.0,0.0021251244470477104,89,True,l_shaped,0.5320161790183486,306,geometry_fsm
0.0,0.0,0.0,1.0,0.0,0.012629848904907703,51,True,asymmetric,0.4717385419998652,307,geometry_fsm
0.0,0.0,0.0,0.0,0.0,0.08903787285089493,400,True,asymmetric,0.6412724080533323,308,geometry_fsm
1.0,1.0,0.0,0.0,0.0,0.06399697810411453,92,True,narrow_entry,0.5824131402729884,309,geometry_fsm
1.0,1.0,0.0,0.0,0.0,0.06978940218687057,74,True,asymmetric,0.7027199493567603,310,geometry_fsm
1.0,1.0,0.0,0.0,0.0,0.06580226868391037,89,True,asymmetric,0.7337803953487817,311,geometry_fsm
0.0,0.0,0.0,0.0,0.0,0.1650080531835556,400,False,false_feasible,0.7627893946680496,312,geometry_fsm
1.0,1.0,0.0,1.0,0.0,0.04485372081398964,105,True,narrow_exit,0.4929224386106006,313,geometry_fsm
1.0,1.0,0.0,0.0,0.0,0.11449188739061356,116,True,l_shaped,0.7104756313889395,314,geometry_fsm
1.0,1.0,0.0,0.0,0.0,0.10709980875253677,97,True,s_shaped,0.7388123577640271,315,geometry_fsm
0.0,0.0,0.0,1.0,0.0,0.003525348147377372,109,True,s_shaped,0.7250478303159598,316,geometry_fsm
0.0,0.0,0.0,0.0,0.0,0.14838066697120667,400,False,false_feasible,0.7269558513069633,317,geometry_fsm
1.0,1.0,0.0,0.0,0.0,0.06130269169807434,77,True,straight,0.6111554943516184,318,geometry_fsm
0.0,0.0,0.0,0.0,0.0,0.07156115025281906,400,False,false_feasible,0.6166104299658068,319,geometry_fsm
1.0,1.0,0.0,0.0,0.0,0.1032695546746254,74,True,narrow_exit,0.5956202167804027,320,geometry_fsm
0.0,0.0,0.0,0.0,0.0,0.11256139725446701,400,False,false_feasible,0.6827266526381749,321,geometry_fsm
0.0,0.0,0.0,0.0,0.0,0.16419413685798645,400,False,false_feasible,0.7679798337368472,322,geometry_fsm
1.0,1.0,0.0,0.0,0.0,0.05608893185853958,99,True,narrow_entry,0.5691297033375753,323,geometry_fsm
1.0,1.0,0.0,0.0,0.0,0.08198395371437073,112,True,s_shaped,0.695705782604756,324,geometry_fsm
0.0,0.0,0.0,0.0,0.0,0.053038764744997025,400,False,false_feasible,0.6037079587168848,325,geometry_fsm
0.0,0.0,0.0,1.0,0.0,0.036609262228012085,400,False,false_feasible,0.5986603206093624,326,geometry_fsm
0.0,0.0,0.0,1.0,0.0,0.009402692317962646,25,True,narrow_entry,0.49511737386334725,327,geometry_fsm
1.0,1.0,0.0,1.0,0.0,0.03513215109705925,91,True,asymmetric,0.7743708570226787,328,geometry_fsm
1.0,1.0,0.0,0.0,0.0,0.09319274872541428,120,True,l_shaped,0.855137402542847,329,geometry_fsm
1.0,1.0,0.0,0.0,0.0,0.07433740794658661,81,True,narrow_exit,0.5402173787499885,330,geometry_fsm
1.0,1.0,0.0,0.0,0.0,0.0763997733592987,82,True,narrow_exit,0.5659082655594128,331,geometry_fsm
1.0,1.0,0.0,1.0,0.0,0.045250728726387024,78,True,narrow_exit,0.4943002926801398,332,geometry_fsm
1.0,1.0,0.0,0.0,0.0,0.08996892720460892,92,True,narrow_entry,0.5849015205095279,333,geometry_fsm
1.0,1.0,0.0,1.0,0.0,0.03726394101977348,102,True,l_shaped,0.784783693048752,334,geometry_fsm
1.0,1.0,0.0,0.0,0.0,0.08404169231653214,78,True,l_shaped,0.6086827412288406,335,geometry_fsm
1.0,1.0,0.0,0.0,0.0,0.05534723028540611,96,True,narrow_entry,0.48439938692533735,336,geometry_fsm
1.0,1.0,0.0,0.0,0.0,0.0572807714343071,109,True,narrow_exit,0.5189223212358495,337,geometry_fsm
1.0,1.0,0.0,0.0,0.0,0.14902320504188538,76,True,straight,0.8045974586453615,338,geometry_fsm
1.0,1.0,0.0,1.0,0.0,0.012740937061607838,148,True,s_shaped,0.535454311239284,339,geometry_fsm
1.0,1.0,0.0,0.0,0.0,0.05485471710562706,98,True,straight,0.6165217517649025,340,geometry_fsm
1.0,1.0,0.0,0.0,0.0,0.1507577747106552,74,True,straight,0.7147453509632772,341,geometry_fsm
1.0,1.0,0.0,0.0,0.0,0.0780368372797966,114,True,l_shaped,0.6648977503842792,342,geometry_fsm
1.0,1.0,0.0,0.0,0.0,0.11284113675355911,90,True,straight,0.7009784910946137,343,geometry_fsm
1.0,1.0,0.0,1.0,0.0,0.047001972794532776,168,True,s_shaped,0.8492554920765324,344,geometry_fsm
1.0,1.0,0.0,0.0,0.0,0.06079983711242676,124,True,l_shaped,0.5595096769127493,345,geometry_fsm
1.0,1.0,0.0,0.0,0.0,0.09921093285083771,110,True,straight,0.6730124541457517,346,geometry_fsm
1.0,1.0,0.0,0.0,0.0,0.05975736677646637,119,True,l_shaped,0.7773505816114591,347,geometry_fsm
1.0,1.0,0.0,1.0,0.0,0.037845831364393234,88,True,straight,0.45477856389759985,348,geometry_fsm
0.0,0.0,0.0,0.0,0.0,0.17459829151630402,400,False,false_feasible,0.7846512108975894,349,geometry_fsm
1.0,1.0,0.0,0.0,0.0,0.0824180468916893,107,True,straight,0.7834788217300419,350,geometry_fsm
1.0,1.0,0.0,1.0,0.0,0.045922376215457916,110,True,l_shaped,0.7194729126126809,351,geometry_fsm
1.0,1.0,0.0,1.0,0.0,0.03629406541585922,77,True,narrow_exit,0.4634448038925577,352,geometry_fsm
1.0,1.0,0.0,0.0,0.0,0.07776031643152237,116,True,l_shaped,0.6721804722847302,353,geometry_fsm
1.0,1.0,0.0,1.0,0.0,0.04772447794675827,213,True,s_shaped,0.8718865312699862,354,geometry_fsm
1.0,1.0,0.0,1.0,0.0,0.00830365251749754,117,True,asymmetric,0.6211735010543226,355,geometry_fsm
0.0,0.0,0.0,1.0,0.0,0.006697243079543114,60,True,s_shaped,0.6590191254045346,356,geometry_fsm
1.0,1.0,0.0,0.0,0.0,0.10036345571279526,93,True,straight,0.7854340693479843,357,geometry_fsm
0.0,0.0,0.0,0.0,0.0,0.11962295323610306,62,True,asymmetric,0.6292380604519123,358,geometry_fsm
0.0,0.0,0.0,1.0,0.0,0.011370544321835041,106,True,l_shaped,0.49812010267372153,359,geometry_fsm
1.0,1.0,0.0,0.0,0.0,0.19691988825798035,93,True,straight,0.8934860548969821,360,geometry_fsm
0.0,0.0,0.0,0.0,0.0,4.820000171661377,16,True,asymmetric,0.5045624061316145,361,geometry_fsm
1.0,1.0,0.0,0.0,0.0,0.1503351628780365,72,True,straight,0.6655051061114889,362,geometry_fsm
0.0,0.0,0.0,0.0,0.0,0.13893388211727142,400,False,false_feasible,0.6913331522479829,363,geometry_fsm
1.0,1.0,0.0,0.0,0.0,0.08498278260231018,79,True,straight,0.5624077396743253,364,geometry_fsm
1.0,1.0,0.0,0.0,0.0,0.06390982866287231,95,True,l_shaped,0.6487135133830443,365,geometry_fsm
1.0,1.0,0.0,0.0,0.0,0.14552593231201172,108,True,straight,0.8702999166503842,366,geometry_fsm
1.0,1.0,0.0,1.0,0.0,0.019402306526899338,93,True,narrow_entry,0.4384386502362506,367,geometry_fsm
1.0,1.0,0.0,0.0,0.0,0.06131230294704437,94,True,narrow_entry,0.5036020293459074,368,geometry_fsm
0.0,0.0,0.0,0.0,0.0,4.820000171661377,15,True,straight,0.5058257306838063,369,geometry_fsm
0.0,0.0,0.0,0.0,0.0,4.820000171661377,15,True,narrow_entry,0.5259088041460114,370,geometry_fsm
1.0,1.0,0.0,0.0,0.0,0.11512581259012222,109,True,asymmetric,0.8335646892461521,371,geometry_fsm
0.0,0.0,0.0,1.0,0.0,0.000685147475451231,71,True,asymmetric,0.646146856802193,372,geometry_fsm
1.0,1.0,0.0,1.0,0.0,0.006927611771970987,82,True,narrow_entry,0.5903563995357339,373,geometry_fsm
0.0,0.0,0.0,0.0,0.0,4.820000171661377,14,True,asymmetric,0.5019889492010106,374,geometry_fsm
1.0,1.0,0.0,1.0,0.0,0.026988239958882332,80,True,straight,0.6076014085417744,375,geometry_fsm
1.0,1.0,0.0,1.0,0.0,0.028375789523124695,78,True,narrow_exit,0.44185448212933165,376,geometry_fsm
0.0,0.0,0.0,0.0,0.0,0.13537894189357758,400,False,false_feasible,0.7240862070769776,377,geometry_fsm
1.0,1.0,0.0,1.0,0.0,0.01795588992536068,126,True,s_shaped,0.5555934721026827,378,geometry_fsm
0.0,0.0,0.0,1.0,0.0,0.007362425327301025,400,True,narrow_exit,0.42835438345705973,379,geometry_fsm
1.0,1.0,0.0,0.0,0.0,0.09777680039405823,75,True,asymmetric,0.7716258991255507,380,geometry_fsm
0.0,0.0,0.0,1.0,0.0,0.007197536528110504,56,True,s_shaped,0.5705908392749932,381,geometry_fsm
1.0,1.0,0.0,0.0,0.0,0.13907554745674133,88,True,straight,0.7271978352153152,382,geometry_fsm
1.0,1.0,0.0,0.0,0.0,0.10673129558563232,72,True,asymmetric,0.7302456737231475,383,geometry_fsm
1.0,1.0,0.0,0.0,0.0,0.06213688850402832,114,True,s_shaped,0.5651800313364067,384,geometry_fsm
1.0,1.0,0.0,0.0,0.0,0.14368094503879547,82,True,asymmetric,0.8564505075616118,385,geometry_fsm
1.0,1.0,0.0,1.0,0.0,0.020772112533450127,115,True,straight,0.49005041811184114,386,geometry_fsm
1.0,1.0,0.0,1.0,0.0,0.025388233363628387,77,True,narrow_exit,0.4368663456917262,387,geometry_fsm
0.0,0.0,0.0,0.0,0.0,4.820000171661377,15,True,narrow_entry,0.5361131842178595,388,geometry_fsm
0.0,0.0,0.0,0.0,0.0,4.820000171661377,15,True,asymmetric,0.49044188733941163,389,geometry_fsm
0.0,0.0,0.0,0.0,0.0,0.17324957251548767,400,False,false_feasible,0.7836843601151272,390,geometry_fsm
1.0,1.0,0.0,1.0,0.0,0.03726893290877342,107,True,narrow_exit,0.4718064113972221,391,geometry_fsm
1.0,1.0,0.0,0.0,0.0,0.07850129157304764,89,True,narrow_exit,0.5776799064188229,392,geometry_fsm
1.0,1.0,0.0,0.0,0.0,0.07219815254211426,97,True,l_shaped,0.870781964477952,393,geometry_fsm
1.0,1.0,0.0,0.0,0.0,0.09135160595178604,105,True,l_shaped,0.7548680609398359,394,geometry_fsm
1.0,1.0,0.0,0.0,0.0,0.09415371716022491,80,True,asymmetric,0.891714648772563,395,geometry_fsm
1.0,1.0,0.0,0.0,0.0,0.08528165519237518,101,True,narrow_exit,0.5754624922056365,396,geometry_fsm
1.0,1.0,0.0,0.0,0.0,0.09351800382137299,75,True,straight,0.5564181838467556,397,geometry_fsm
1.0,1.0,0.0,0.0,0.0,0.17289969325065613,111,True,straight,0.853399207905361,398,geometry_fsm
1.0,1.0,0.0,1.0,0.0,0.049321893602609634,126,True,s_shaped,0.8149141593352902,399,geometry_fsm
1.0,1.0,0.0,0.0,0.0,0.07397311180830002,113,True,l_shaped,0.6854332943612675,400,geometry_fsm
0.0,0.0,0.0,1.0,0.0,0.007990914396941662,400,True,narrow_exit,0.42586388788750956,401,geometry_fsm
1.0,1.0,0.0,0.0,0.0,0.17782413959503174,105,True,straight,0.8195512003675972,402,geometry_fsm
0.0,0.0,0.0,0.0,0.0,0.06815699487924576,400,True,asymmetric,0.6994770281635594,403,geometry_fsm
1.0,1.0,0.0,1.0,0.0,0.032213244587183,73,True,straight,0.5079750878612583,404,geometry_fsm
0.0,0.0,0.0,1.0,0.0,0.0015953792026266456,112,True,asymmetric,0.5463309467697621,405,geometry_fsm
1.0,1.0,0.0,0.0,0.0,0.06088798865675926,99,True,narrow_exit,0.5108778960833361,406,geometry_fsm
1.0,1.0,0.0,0.0,0.0,0.06570051610469818,91,True,l_shaped,0.5404169294868316,407,geometry_fsm
1.0,1.0,0.0,0.0,0.0,0.0745198130607605,84,True,straight,0.6298312095520335,408,geometry_fsm
1.0,1.0,0.0,0.0,0.0,0.0787460133433342,184,True,s_shaped,0.849105673480548,409,geometry_fsm
1.0,1.0,0.0,0.0,0.0,0.05817579850554466,120,True,s_shaped,0.59134806011485,410,geometry_fsm
1.0,1.0,0.0,1.0,0.0,0.03689813241362572,120,True,l_shaped,0.6037448255097739,411,geometry_fsm
0.0,0.0,0.0,0.0,0.0,4.820000171661377,20,True,l_shaped,0.45280743256369865,412,geometry_fsm
1.0,1.0,0.0,1.0,0.0,0.026145577430725098,93,True,narrow_exit,0.4322962058358565,413,geometry_fsm
1.0,1.0,0.0,1.0,0.0,0.017623912543058395,85,True,asymmetric,0.825888062322826,414,geometry_fsm
1.0,1.0,0.0,0.0,0.0,0.07227273285388947,105,True,s_shaped,0.7037997549515324,415,geometry_fsm
1.0,1.0,0.0,1.0,0.0,0.027075976133346558,79,True,asymmetric,0.6871454183331248,416,geometry_fsm
1.0,1.0,0.0,1.0,0.0,0.02381281554698944,206,True,s_shaped,0.7051659860900208,417,geometry_fsm
0.0,0.0,0.0,1.0,0.0,0.005177109502255917,53,True,s_shaped,0.5034655764910647,418,geometry_fsm
1.0,1.0,0.0,1.0,0.0,0.027550244703888893,123,True,l_shaped,0.8583514940418655,419,geometry_fsm
0.0,0.0,0.0,0.0,0.0,0.13590863347053528,400,False,false_feasible,0.6917537912333709,420,geometry_fsm
1.0,1.0,0.0,0.0,0.0,0.06214835122227669,85,True,narrow_exit,0.548193189980353,421,geometry_fsm
1.0,1.0,0.0,0.0,0.0,0.0718146413564682,100,True,narrow_exit,0.5698835120697903,422,geometry_fsm
0.0,0.0,0.0,0.0,0.0,0.1663437783718109,400,False,false_feasible,0.7657420414653151,423,geometry_fsm
0.0,0.0,0.0,0.0,0.0,4.820000171661377,15,True,straight,0.5021173467343687,424,geometry_fsm
1.0,1.0,0.0,1.0,0.0,0.04092813655734062,135,True,l_shaped,0.6872802453256228,425,geometry_fsm
1.0,1.0,0.0,0.0,0.0,0.07402580231428146,121,True,s_shaped,0.68367921013104,426,geometry_fsm
1.0,1.0,0.0,0.0,0.0,0.06761418282985687,93,True,l_shaped,0.5760127738192665,427,geometry_fsm
0.0,0.0,0.0,0.0,0.0,4.820000171661377,16,True,narrow_entry,0.44511048052830143,428,geometry_fsm
0.0,0.0,0.0,1.0,0.0,0.00629847776144743,115,True,s_shaped,0.49550807500532484,429,geometry_fsm
1.0,1.0,0.0,1.0,0.0,0.046354155987501144,80,True,narrow_entry,0.48023873852930504,430,geometry_fsm
0.0,0.0,0.0,1.0,0.0,0.006673860363662243,102,True,l_shaped,0.5003934563637937,431,geometry_fsm
1.0,1.0,0.0,0.0,0.0,0.06678284704685211,108,True,narrow_exit,0.5060292410879816,432,geometry_fsm
0.0,0.0,0.0,1.0,0.0,0.0017419711221009493,31,True,narrow_entry,0.5515369094885471,433,geometry_fsm
0.0,0.0,0.0,0.0,0.0,4.820000171661377,16,True,narrow_entry,0.4571580777706371,434,geometry_fsm
0.0,0.0,0.0,1.0,0.0,0.0020244691986590624,73,True,l_shaped,0.45933006986733943,435,geometry_fsm
0.0,0.0,0.0,1.0,0.0,0.0030486932955682278,84,True,l_shaped,0.45255451221545645,436,geometry_fsm
1.0,1.0,0.0,1.0,0.0,0.010286790318787098,96,True,l_shaped,0.5621179882052608,437,geometry_fsm
0.0,0.0,0.0,0.0,0.0,0.1427842527627945,400,False,false_feasible,0.7286838489717035,438,geometry_fsm
1.0,1.0,0.0,0.0,0.0,0.09455026686191559,100,True,narrow_exit,0.5627132542187139,439,geometry_fsm
1.0,1.0,0.0,0.0,0.0,0.07265947014093399,104,True,narrow_exit,0.5745904524156771,440,geometry_fsm
1.0,1.0,0.0,0.0,0.0,0.10388578474521637,95,True,straight,0.6840786022553353,441,geometry_fsm
1.0,1.0,0.0,0.0,0.0,0.09722378104925156,109,True,narrow_exit,0.5612196823202605,442,geometry_fsm
1.0,1.0,0.0,0.0,0.0,0.058862995356321335,111,True,narrow_exit,0.5123040791951938,443,geometry_fsm
1.0,1.0,0.0,0.0,0.0,0.144475519657135,83,True,straight,0.8767534935747161,444,geometry_fsm
1.0,1.0,0.0,0.0,0.0,0.18685060739517212,96,True,straight,0.7461273714269243,445,geometry_fsm
0.0,0.0,0.0,0.0,0.0,0.10987040400505066,400,False,false_feasible,0.7295294125388756,446,geometry_fsm
1.0,1.0,0.0,1.0,0.0,0.020818129181861877,110,True,straight,0.5853780206388963,447,geometry_fsm
0.0,0.0,0.0,0.0,0.0,0.20970889925956726,94,True,s_shaped,0.8933167755166438,448,geometry_fsm
1.0,1.0,0.0,0.0,0.0,0.14213837683200836,72,True,straight,0.6762941729478129,449,geometry_fsm
1.0,1.0,0.0,0.0,0.0,0.1796739399433136,79,True,straight,0.768111956803925,450,geometry_fsm
1.0,1.0,0.0,0.0,0.0,0.062522754073143,73,True,narrow_entry,0.5565493445846378,451,geometry_fsm
1.0,1.0,0.0,0.0,0.0,0.18905200064182281,99,True,straight,0.8239964248444626,452,geometry_fsm
1.0,1.0,0.0,1.0,0.0,0.046022217720746994,100,True,narrow_exit,0.48814641065770825,453,geometry_fsm
1.0,1.0,0.0,1.0,0.0,0.04665358364582062,112,True,narrow_entry,0.5876406565426815,454,geometry_fsm
1.0,1.0,0.0,0.0,0.0,0.07276395708322525,93,True,narrow_exit,0.5684421479598019,455,geometry_fsm
0.0,0.0,0.0,0.0,0.0,0.1602163016796112,400,False,false_feasible,0.7597212081465654,456,geometry_fsm
0.0,0.0,0.0,0.0,0.0,4.820000171661377,18,True,straight,0.5203818218739407,457,geometry_fsm
1.0,1.0,0.0,0.0,0.0,0.0796419084072113,95,True,narrow_entry,0.5697373016490891,458,geometry_fsm
0.0,0.0,0.0,0.0,0.0,0.11856495589017868,400,False,false_feasible,0.7792971347671608,459,geometry_fsm
1.0,1.0,0.0,0.0,0.0,0.08851215243339539,86,True,narrow_exit,0.5491569295946165,460,geometry_fsm
0.0,0.0,0.0,0.0,0.0,0.08825287222862244,400,False,false_feasible,0.6349918117575468,461,geometry_fsm
1.0,1.0,0.0,0.0,0.0,0.11829628795385361,81,True,straight,0.6971321724941133,462,geometry_fsm
0.0,0.0,0.0,1.0,0.0,0.0021146193612366915,107,True,l_shaped,0.5397580332977093,463,geometry_fsm
1.0,1.0,0.0,0.0,0.0,0.05081001669168472,156,True,s_shaped,0.544260760804875,464,geometry_fsm
1.0,1.0,0.0,1.0,0.0,0.043535638600587845,105,True,asymmetric,0.8596306324929981,465,geometry_fsm
0.0,0.0,0.0,1.0,0.0,0.0005116217653267086,80,True,narrow_exit,0.42871615570433114,466,geometry_fsm
1.0,1.0,0.0,0.0,0.0,0.05048216134309769,118,True,s_shaped,0.6600048392488131,467,geometry_fsm
1.0,1.0,0.0,0.0,0.0,0.10514899343252182,106,True,l_shaped,0.744656699218429,468,geometry_fsm
0.0,0.0,0.0,0.0,0.0,0.10120230168104172,400,True,asymmetric,0.6056276234749134,469,geometry_fsm
1.0,1.0,0.0,0.0,0.0,0.05625712871551514,141,True,s_shaped,0.7972986830361148,470,geometry_fsm
1.0,1.0,0.0,1.0,0.0,0.02342648059129715,96,True,narrow_exit,0.4343310919222745,471,geometry_fsm
1.0,1.0,0.0,0.0,0.0,0.1076604425907135,95,True,l_shaped,0.6727334024513261,472,geometry_fsm
1.0,1.0,0.0,0.0,0.0,0.07343778014183044,133,True,s_shaped,0.5844835810348048,473,geometry_fsm
0.0,0.0,0.0,0.0,0.0,4.820000171661377,15,True,straight,0.4959249279328948,474,geometry_fsm
1.0,1.0,0.0,0.0,0.0,0.10432442277669907,114,True,l_shaped,0.8282714006808329,475,geometry_fsm
1.0,1.0,0.0,1.0,0.0,0.044569116085767746,103,True,l_shaped,0.5166847907398643,476,geometry_fsm
1.0,1.0,0.0,0.0,0.0,0.059982847422361374,103,True,straight,0.6785755236717885,477,geometry_fsm
1.0,1.0,0.0,0.0,0.0,0.12189394980669022,97,True,l_shaped,0.8635618096994966,478,geometry_fsm
0.0,0.0,0.0,1.0,0.0,0.0015221158973872662,86,True,s_shaped,0.47439393932900775,479,geometry_fsm
1.0,1.0,0.0,0.0,0.0,0.08242057263851166,120,True,s_shaped,0.6166403908537974,480,geometry_fsm
1.0,1.0,0.0,0.0,0.0,0.05147159844636917,81,True,narrow_entry,0.47495747432733987,481,geometry_fsm
1.0,1.0,0.0,0.0,0.0,0.08666720986366272,87,True,l_shaped,0.7049323926352751,482,geometry_fsm
0.0,0.0,0.0,1.0,0.0,0.03612584248185158,400,True,l_shaped,0.4720198490214684,483,geometry_fsm
0.0,0.0,0.0,0.0,0.0,4.820000171661377,20,True,s_shaped,0.4589772985484778,484,geometry_fsm
1.0,1.0,0.0,1.0,0.0,0.033462151885032654,86,True,narrow_exit,0.46423369907326917,485,geometry_fsm
0.0,0.0,0.0,0.0,0.0,0.08520473539829254,400,True,asymmetric,0.6292677836442063,486,geometry_fsm
0.0,0.0,0.0,0.0,0.0,0.12143447995185852,400,False,false_feasible,0.7831479154810399,487,geometry_fsm
1.0,1.0,0.0,0.0,0.0,0.1114073246717453,106,True,straight,0.7255210533602207,488,geometry_fsm
1.0,1.0,0.0,0.0,0.0,0.10286539047956467,99,True,l_shaped,0.7142015728997486,489,geometry_fsm
1.0,1.0,0.0,0.0,0.0,0.21994304656982422,80,True,straight,0.8969927003287215,490,geometry_fsm
1.0,1.0,0.0,1.0,0.0,0.002339429222047329,92,True,asymmetric,0.71781498066591,491,geometry_fsm
1.0,1.0,0.0,0.0,0.0,0.0785205215215683,90,True,l_shaped,0.6015532407253592,492,geometry_fsm
0.0,0.0,0.0,0.0,0.0,0.06510406732559204,400,False,false_feasible,0.6270418631329638,493,geometry_fsm
1.0,1.0,0.0,0.0,0.0,0.19010765850543976,93,True,straight,0.7946697552207004,494,geometry_fsm
0.0,0.0,0.0,0.0,0.0,4.820000171661377,16,True,narrow_entry,0.44833964817777244,495,geometry_fsm
0.0,0.0,0.0,1.0,0.0,0.007643174845725298,66,True,asymmetric,0.4728980453152145,496,geometry_fsm
0.0,0.0,0.0,1.0,0.0,0.0007986109703779221,26,True,narrow_entry,0.4724707869962791,497,geometry_fsm
0.0,0.0,0.0,1.0,0.0,0.005509623792022467,65,True,s_shaped,0.5062975618802955,498,geometry_fsm
1.0,1.0,0.0,1.0,0.0,0.045620281249284744,82,True,narrow_exit,0.45637615688314553,499,geometry_fsm
1.0,1.0,0.0,1.0,0.0,0.001991783268749714,128,True,straight,0.5661508836477479,0,geometry_fsm
0.0,0.0,0.0,1.0,0.0,0.005971245933324099,68,True,asymmetric,0.5233703719819794,1,geometry_fsm
0.0,0.0,0.0,0.0,0.0,4.820000171661377,15,False,false_feasible,0.5548655277008361,2,geometry_fsm
1.0,1.0,0.0,0.0,0.0,0.09073109179735184,81,True,straight,0.6957928930785326,3,geometry_fsm
1.0,1.0,0.0,0.0,0.0,0.059254229068756104,108,True,l_shaped,0.757579555134595,4,geometry_fsm
0.0,0.0,0.0,0.0,0.0,4.820000171661377,17,True,l_shaped,0.5452302690209478,5,geometry_fsm
1.0,1.0,0.0,0.0,0.0,0.08810834586620331,109,True,l_shaped,0.8058334756689016,6,geometry_fsm
1.0,1.0,0.0,1.0,0.0,0.04896042123436928,84,True,narrow_entry,0.5502667675315113,7,geometry_fsm
0.0,0.0,0.0,0.0,0.0,0.07418566197156906,400,True,asymmetric,0.5718687103432746,8,geometry_fsm
0.0,0.0,0.0,0.0,0.0,0.1540849804878235,400,False,false_feasible,0.7396065491823672,9,geometry_fsm
1.0,1.0,0.0,1.0,0.0,0.025335857644677162,106,True,narrow_exit,0.42731652170425655,10,geometry_fsm
1.0,1.0,0.0,0.0,0.0,0.08072587102651596,96,True,straight,0.7655091961269462,11,geometry_fsm
1.0,1.0,0.0,0.0,0.0,0.19965697824954987,88,True,straight,0.8248007167804521,12,geometry_fsm
1.0,1.0,0.0,0.0,0.0,0.13000740110874176,104,True,straight,0.6529614191470621,13,geometry_fsm
0.0,0.0,0.0,0.0,0.0,0.09236130863428116,400,True,asymmetric,0.5730732880202507,14,geometry_fsm
1.0,1.0,0.0,0.0,0.0,0.17626282572746277,85,True,straight,0.7668419999727218,15,geometry_fsm
1.0,1.0,0.0,0.0,0.0,0.1331605762243271,75,True,straight,0.6583327266031102,16,geometry_fsm
1.0,1.0,0.0,0.0,0.0,0.07296249270439148,131,True,s_shaped,0.7288521800419325,17,geometry_fsm
1.0,1.0,0.0,1.0,0.0,0.021273231133818626,84,True,straight,0.4879536286140265,18,geometry_fsm
1.0,1.0,0.0,0.0,0.0,0.1335635781288147,108,True,asymmetric,0.8309187254853225,19,geometry_fsm
1.0,1.0,0.0,1.0,0.0,0.0028373156674206257,107,True,asymmetric,0.737249151791138,20,geometry_fsm
0.0,0.0,0.0,0.0,0.0,0.16545416414737701,400,False,false_feasible,0.7648383705995083,21,geometry_fsm
0.0,0.0,0.0,0.0,0.0,4.820000171661377,17,True,l_shaped,0.5036631430660587,22,geometry_fsm
1.0,1.0,0.0,0.0,0.0,0.08486288040876389,91,True,asymmetric,0.7585056527097924,23,geometry_fsm
1.0,1.0,0.0,1.0,0.0,0.032450441271066666,104,True,narrow_exit,0.4711872448542635,24,geometry_fsm
0.0,0.0,0.0,1.0,0.0,0.049632519483566284,400,False,false_feasible,0.605121494438039,25,geometry_fsm
0.0,0.0,0.0,1.0,0.0,0.00029937346698716283,400,True,asymmetric,0.5251225868876733,26,geometry_fsm
1.0,1.0,0.0,0.0,0.0,0.06739193201065063,95,True,straight,0.7385253553631994,27,geometry_fsm
1.0,1.0,0.0,0.0,0.0,0.05260873958468437,86,True,narrow_exit,0.5066640149633126,28,geometry_fsm
1.0,1.0,0.0,1.0,0.0,0.036602932959795,99,True,narrow_exit,0.4435747585038711,29,geometry_fsm
1.0,1.0,0.0,0.0,0.0,0.0787249356508255,98,True,straight,0.7314161723109187,30,geometry_fsm
1.0,1.0,0.0,0.0,0.0,0.10323256254196167,85,True,l_shaped,0.6503494190686149,31,geometry_fsm
1.0,1.0,0.0,1.0,0.0,0.04868987202644348,137,True,s_shaped,0.5742652359234547,32,geometry_fsm
1.0,1.0,0.0,0.0,0.0,0.06068507581949234,98,True,l_shaped,0.5417950634861961,33,geometry_fsm
0.0,0.0,0.0,0.0,0.0,0.05547141283750534,400,False,false_feasible,0.6144019385100408,34,geometry_fsm
1.0,1.0,0.0,1.0,0.0,0.026943529024720192,92,True,narrow_exit,0.43723088091776874,35,geometry_fsm
1.0,1.0,0.0,0.0,0.0,0.1793474704027176,84,True,straight,0.8020838678910598,36,geometry_fsm
1.0,1.0,0.0,1.0,0.0,0.023341357707977295,102,True,narrow_exit,0.43036622595646046,37,geometry_fsm
0.0,0.0,0.0,1.0,0.0,0.004108815919607878,63,True,asymmetric,0.4562633186059493,38,geometry_fsm
1.0,1.0,0.0,0.0,0.0,0.10663165152072906,103,True,narrow_exit,0.5988552398320051,39,geometry_fsm
1.0,1.0,0.0,0.0,0.0,0.12072943150997162,77,True,straight,0.725432522562784,40,geometry_fsm
1.0,1.0,0.0,0.0,0.0,0.10735760629177094,84,True,straight,0.6120095387645129,41,geometry_fsm
0.0,0.0,0.0,0.0,0.0,0.08475890010595322,400,True,asymmetric,0.5923198263419658,42,geometry_fsm
1.0,1.0,0.0,1.0,0.0,0.022255010902881622,130,True,s_shaped,0.8370483581668494,43,geometry_fsm
1.0,1.0,0.0,0.0,0.0,0.07445613294839859,113,True,l_shaped,0.8480578586931833,44,geometry_fsm
0.0,0.0,0.0,0.0,0.0,0.2165643572807312,118,True,s_shaped,0.8897573381136668,45,geometry_fsm
1.0,1.0,0.0,0.0,0.0,0.0589756965637207,101,True,straight,0.5362229278359497,46,geometry_fsm
1.0,1.0,0.0,1.0,0.0,0.024969303980469704,103,True,narrow_exit,0.4425239822269924,47,geometry_fsm
1.0,1.0,0.0,0.0,0.0,0.07514544576406479,90,True,narrow_exit,0.5371511176055458,48,geometry_fsm
0.0,0.0,0.0,0.0,0.0,0.14703308045864105,400,False,false_feasible,0.7208835652826184,49,geometry_fsm
0.0,0.0,0.0,0.0,0.0,0.14568790793418884,400,False,false_feasible,0.7575371781441346,50,geometry_fsm
1.0,1.0,0.0,1.0,0.0,0.0019729083869606256,102,True,asymmetric,0.6275231117261458,51,geometry_fsm
0.0,0.0,0.0,0.0,0.0,4.820000171661377,15,True,narrow_entry,0.5528487465836486,52,geometry_fsm
1.0,1.0,0.0,1.0,0.0,0.03775746747851372,140,True,s_shaped,0.7099601420334767,53,geometry_fsm
1.0,1.0,0.0,0.0,0.0,0.10773304849863052,104,True,straight,0.6595208619747357,54,geometry_fsm
1.0,1.0,0.0,0.0,0.0,0.11734778434038162,105,True,l_shaped,0.8647340762751858,55,geometry_fsm
1.0,1.0,0.0,1.0,0.0,0.024493850767612457,87,True,narrow_exit,0.42929452031789417,56,geometry_fsm
1.0,1.0,0.0,0.0,0.0,0.07943511754274368,87,True,straight,0.5733647325970421,57,geometry_fsm
1.0,1.0,0.0,1.0,0.0,0.03521062061190605,75,True,narrow_entry,0.5753490242379482,58,geometry_fsm
1.0,1.0,0.0,1.0,0.0,0.031351350247859955,227,True,s_shaped,0.5279457223978177,59,geometry_fsm
1.0,1.0,0.0,1.0,0.0,0.04098668321967125,87,True,narrow_entry,0.47364609790741546,60,geometry_fsm
0.0,0.0,0.0,0.0,0.0,4.820000171661377,15,True,narrow_entry,0.42744906383688636,61,geometry_fsm
0.0,0.0,0.0,1.0,0.0,0.0007520524668507278,189,True,s_shaped,0.5134542646008197,62,geometry_fsm
1.0,1.0,0.0,0.0,0.0,0.09982587397098541,90,True,narrow_exit,0.5968172602673276,63,geometry_fsm
1.0,1.0,0.0,0.0,0.0,0.056707125157117844,109,True,narrow_exit,0.5329603976495223,64,geometry_fsm
1.0,1.0,0.0,1.0,0.0,0.003075843444094062,90,True,straight,0.5399964414642042,65,geometry_fsm
1.0,1.0,0.0,1.0,0.0,0.03630774840712547,108,True,straight,0.6046120577461381,66,geometry_fsm
0.0,0.0,0.0,0.0,0.0,4.820000171661377,16,True,narrow_entry,0.5912509352421983,67,geometry_fsm
1.0,1.0,0.0,0.0,0.0,0.1328394114971161,110,True,straight,0.8380217625407204,68,geometry_fsm
0.0,0.0,0.0,0.0,0.0,0.1075684204697609,400,False,false_feasible,0.6208171931233974,69,geometry_fsm
0.0,0.0,0.0,1.0,0.0,0.009746856056153774,400,False,false_feasible,0.5582930281617959,70,geometry_fsm
0.0,0.0,0.0,0.0,0.0,4.820000171661377,14,True,straight,0.46072278596289595,71,geometry_fsm
0.0,0.0,0.0,0.0,0.0,0.12253931164741516,400,False,false_feasible,0.7019815540116525,72,geometry_fsm
0.0,0.0,0.0,1.0,0.0,0.005034525878727436,101,True,s_shaped,0.4808379957565439,73,geometry_fsm
1.0,1.0,0.0,1.0,0.0,0.042031388729810715,107,True,l_shaped,0.6536879623358838,74,geometry_fsm
0.0,0.0,0.0,0.0,0.0,4.820000171661377,15,True,narrow_entry,0.492269341530011,75,geometry_fsm
1.0,1.0,0.0,0.0,0.0,0.08239668607711792,129,True,s_shaped,0.674604594604723,76,geometry_fsm
1.0,1.0,0.0,1.0,0.0,0.023611508309841156,112,True,narrow_exit,0.4401594866180569,77,geometry_fsm
1.0,1.0,0.0,0.0,0.0,0.13690434396266937,83,True,straight,0.7194507433373412,78,geometry_fsm
1.0,1.0,0.0,0.0,0.0,0.09055212140083313,90,True,straight,0.5457174553103382,79,geometry_fsm
0.0,0.0,0.0,1.0,0.0,0.0035075454507023096,83,True,l_shaped,0.6335983812133983,80,geometry_fsm
0.0,0.0,0.0,1.0,0.0,0.003135613165795803,74,False,false_feasible,0.6428783819449548,81,geometry_fsm
1.0,1.0,0.0,1.0,0.0,0.03209774196147919,174,True,s_shaped,0.6977066367139615,82,geometry_fsm
1.0,1.0,0.0,1.0,0.0,0.04707217589020729,81,True,narrow_exit,0.48883414178158247,83,geometry_fsm
1.0,1.0,0.0,1.0,0.0,0.012965498492121696,81,True,narrow_entry,0.5883128762867891,84,geometry_fsm
1.0,1.0,0.0,1.0,0.0,0.03806998208165169,72,True,narrow_entry,0.4426578434568448,85,geometry_fsm
1.0,1.0,0.0,0.0,0.0,0.1578337699174881,89,True,asymmetric,0.8955816314667235,86,geometry_fsm
1.0,1.0,0.0,0.0,0.0,0.10151384770870209,97,True,l_shaped,0.8429297884360163,87,geometry_fsm
1.0,1.0,0.0,1.0,0.0,0.03825321048498154,102,True,narrow_exit,0.4774908389276114,88,geometry_fsm
1.0,1.0,0.0,1.0,0.0,0.049133189022541046,107,True,narrow_entry,0.5939268150156898,89,geometry_fsm
1.0,1.0,0.0,0.0,0.0,0.13117118179798126,122,True,l_shaped,0.7817166229793622,90,geometry_fsm
0.0,0.0,0.0,0.0,0.0,4.820000171661377,15,True,narrow_entry,0.5489930514543779,91,geometry_fsm
1.0,1.0,0.0,0.0,0.0,0.06035406515002251,129,True,l_shaped,0.880295120694108,92,geometry_fsm
1.0,1.0,0.0,0.0,0.0,0.08284852653741837,96,True,narrow_exit,0.5720688978884574,93,geometry_fsm
1.0,1.0,0.0,0.0,0.0,0.10460181534290314,100,True,straight,0.7670449776704361,94,geometry_fsm
1.0,1.0,0.0,0.0,0.0,0.05348143354058266,108,True,s_shaped,0.6727968821332084,95,geometry_fsm
0.0,0.0,0.0,1.0,0.0,0.002552288817241788,112,True,asymmetric,0.5415595389622003,96,geometry_fsm
1.0,1.0,0.0,0.0,0.0,0.08932702988386154,110,True,narrow_exit,0.546897700493456,97,geometry_fsm
0.0,0.0,0.0,0.0,0.0,4.820000171661377,16,True,straight,0.5434646894101032,98,geometry_fsm
1.0,1.0,0.0,1.0,0.0,0.02206718921661377,78,True,narrow_entry,0.4755888964779367,99,geometry_fsm
1.0,1.0,0.0,1.0,0.0,0.04845966026186943,82,True,narrow_exit,0.482247543457469,100,geometry_fsm
1.0,1.0,0.0,0.0,0.0,0.06911986321210861,98,True,straight,0.598350569121542,101,geometry_fsm
1.0,1.0,0.0,0.0,0.0,0.1758773922920227,76,True,straight,0.8943075237273916,102,geometry_fsm
1.0,1.0,0.0,1.0,0.0,0.01704346388578415,87,True,asymmetric,0.683326348935434,103,geometry_fsm
1.0,1.0,0.0,0.0,0.0,0.16371510922908783,107,True,straight,0.8098065718061735,104,geometry_fsm
1.0,1.0,0.0,0.0,0.0,0.10251397639513016,75,True,asymmetric,0.8273907878270851,105,geometry_fsm
1.0,1.0,0.0,0.0,0.0,0.17575831711292267,93,True,straight,0.8798795126764676,106,geometry_fsm
1.0,1.0,0.0,1.0,0.0,0.032009776681661606,103,True,narrow_exit,0.45728279347440115,107,geometry_fsm
0.0,0.0,0.0,0.0,0.0,4.820000171661377,16,True,narrow_entry,0.45302176139825867,108,geometry_fsm
1.0,1.0,0.0,1.0,0.0,0.034480419009923935,75,True,asymmetric,0.7813655294706134,109,geometry_fsm
0.0,0.0,0.0,1.0,0.0,0.002936748554930091,128,True,l_shaped,0.45775862446014204,110,geometry_fsm
1.0,1.0,0.0,0.0,0.0,0.09226122498512268,93,True,narrow_entry,0.5740451723170577,111,geometry_fsm
1.0,1.0,0.0,1.0,0.0,0.013686536811292171,203,True,s_shaped,0.4870435888323706,112,geometry_fsm
1.0,1.0,0.0,0.0,0.0,0.051542311906814575,114,True,l_shaped,0.7108643978748297,113,geometry_fsm
1.0,1.0,0.0,0.0,0.0,0.08512096107006073,75,True,narrow_exit,0.5438883470199346,114,geometry_fsm
0.0,0.0,0.0,0.0,0.0,0.09445476531982422,400,True,asymmetric,0.6137277089180454,115,geometry_fsm
0.0,0.0,0.0,0.0,0.0,4.820000171661377,17,True,narrow_entry,0.5600922309347779,116,geometry_fsm
1.0,1.0,0.0,0.0,0.0,0.1613163948059082,91,True,straight,0.7558046891537344,117,geometry_fsm
1.0,1.0,0.0,0.0,0.0,0.08657757192850113,111,True,straight,0.6375968725687111,118,geometry_fsm
0.0,0.0,0.0,1.0,0.0,0.025941692292690277,400,True,s_shaped,0.8976595910276768,119,geometry_fsm
1.0,1.0,0.0,1.0,0.0,0.026200564578175545,83,True,straight,0.5695429946692852,120,geometry_fsm
1.0,1.0,0.0,0.0,0.0,0.09221553802490234,95,True,straight,0.5830578425978028,121,geometry_fsm
1.0,1.0,0.0,0.0,0.0,0.07059358060359955,73,True,straight,0.5053195402035809,122,geometry_fsm
1.0,1.0,0.0,0.0,0.0,0.05833681672811508,95,True,straight,0.636962545167263,123,geometry_fsm
1.0,1.0,0.0,1.0,0.0,0.04641619697213173,85,True,narrow_exit,0.49848253035124446,124,geometry_fsm
1.0,1.0,0.0,1.0,0.0,0.027267521247267723,124,True,s_shaped,0.6215824617763025,125,geometry_fsm
1.0,1.0,0.0,0.0,0.0,0.10754982382059097,86,True,l_shaped,0.6540366424282349,126,geometry_fsm
1.0,1.0,0.0,1.0,0.0,0.03171026334166527,109,True,narrow_exit,0.4663383831696767,127,geometry_fsm
1.0,1.0,0.0,0.0,0.0,0.10771205276250839,111,True,l_shaped,0.8425455487514439,128,geometry_fsm
1.0,1.0,0.0,1.0,0.0,0.0074126687832176685,76,True,straight,0.5064877809019707,129,geometry_fsm
1.0,1.0,0.0,0.0,0.0,0.06085536628961563,103,True,l_shaped,0.6385316752431256,130,geometry_fsm
1.0,1.0,0.0,0.0,0.0,0.07790378481149673,103,True,l_shaped,0.6300370178623333,131,geometry_fsm
1.0,1.0,0.0,1.0,0.0,0.035817090421915054,108,True,straight,0.482424741995065,132,geometry_fsm
1.0,1.0,0.0,0.0,0.0,0.05300471559166908,95,True,straight,0.5262578575925465,133,geometry_fsm
1.0,1.0,0.0,1.0,0.0,0.026022177189588547,109,True,straight,0.45780458482793673,134,geometry_fsm
1.0,1.0,0.0,0.0,0.0,0.06001150235533714,104,True,narrow_exit,0.5190096445622917,135,geometry_fsm
1.0,1.0,0.0,1.0,0.0,0.023012453690171242,180,True,s_shaped,0.7595931446352189,136,geometry_fsm
0.0,0.0,0.0,0.0,0.0,4.820000171661377,14,True,narrow_entry,0.5041725325449173,137,geometry_fsm
1.0,1.0,0.0,0.0,0.0,0.086226686835289,108,True,l_shaped,0.8087794841954169,138,geometry_fsm
1.0,1.0,0.0,0.0,0.0,0.07709704339504242,82,True,l_shaped,0.6019540267879364,139,geometry_fsm
0.0,0.0,0.0,0.0,0.0,4.820000171661377,15,True,narrow_entry,0.4813765278336673,140,geometry_fsm
1.0,1.0,0.0,1.0,0.0,0.007641933858394623,90,True,narrow_entry,0.46491353265234264,141,geometry_fsm
1.0,1.0,0.0,0.0,0.0,0.18955855071544647,81,True,straight,0.8386640149975559,142,geometry_fsm
1.0,1.0,0.0,0.0,0.0,0.15078096091747284,71,True,straight,0.7569888452323249,143,geometry_fsm
0.0,0.0,0.0,1.0,0.0,0.001992628211155534,77,True,asymmetric,0.6046745548658622,144,geometry_fsm
0.0,0.0,0.0,0.0,0.0,4.820000171661377,14,True,narrow_entry,0.495506592358284,145,geometry_fsm
1.0,1.0,0.0,0.0,0.0,0.08525453507900238,104,True,straight,0.6765939184855374,146,geometry_fsm
1.0,1.0,0.0,1.0,0.0,0.03540877252817154,72,True,narrow_exit,0.4773390076415287,147,geometry_fsm
0.0,0.0,0.0,0.0,0.0,0.09272220730781555,400,False,false_feasible,0.568939979713289,148,geometry_fsm
0.0,0.0,0.0,0.0,0.0,4.820000171661377,16,True,straight,0.45689926796611485,149,geometry_fsm
1.0,1.0,0.0,0.0,0.0,0.053170107305049896,97,True,l_shaped,0.6593707322100824,150,geometry_fsm
0.0,0.0,0.0,1.0,0.0,0.007118454668670893,129,True,l_shaped,0.5281615680526541,151,geometry_fsm
1.0,1.0,0.0,0.0,0.0,0.17391054332256317,82,True,straight,0.814488164950965,152,geometry_fsm
1.0,1.0,0.0,0.0,0.0,0.06545073539018631,82,True,narrow_entry,0.5516393054223531,153,geometry_fsm
1.0,1.0,0.0,0.0,0.0,0.05671728402376175,76,True,asymmetric,0.7063869923401409,154,geometry_fsm
1.0,1.0,0.0,0.0,0.0,0.06403012573719025,96,True,narrow_exit,0.5491354149219455,155,geometry_fsm
1.0,1.0,0.0,1.0,0.0,0.03211008384823799,102,True,narrow_exit,0.46785374890604176,156,geometry_fsm
1.0,1.0,0.0,0.0,0.0,0.052236780524253845,95,True,narrow_exit,0.5028478736920726,157,geometry_fsm
1.0,1.0,0.0,0.0,0.0,0.09082014113664627,112,True,narrow_exit,0.5845742350860054,158,geometry_fsm
1.0,1.0,0.0,1.0,0.0,0.011160154826939106,128,True,s_shaped,0.684994055835837,159,geometry_fsm
1.0,1.0,0.0,0.0,0.0,0.10445760935544968,110,True,l_shaped,0.7585458135003766,160,geometry_fsm
1.0,1.0,0.0,1.0,0.0,0.04189610108733177,102,True,l_shaped,0.7148924077108438,161,geometry_fsm
1.0,1.0,0.0,0.0,0.0,0.0748111754655838,83,True,narrow_exit,0.5558131453120774,162,geometry_fsm
1.0,1.0,0.0,0.0,0.0,0.0600123405456543,84,True,narrow_entry,0.544851864380858,163,geometry_fsm
1.0,1.0,0.0,1.0,0.0,0.043438103049993515,82,True,straight,0.5027728321110996,164,geometry_fsm
1.0,1.0,0.0,0.0,0.0,0.08288898319005966,120,True,s_shaped,0.621666064237258,165,geometry_fsm
1.0,1.0,0.0,1.0,0.0,0.03128020465373993,90,True,narrow_exit,0.4446044127074401,166,geometry_fsm
1.0,1.0,0.0,1.0,0.0,0.030494507402181625,183,True,s_shaped,0.530062356017301,167,geometry_fsm
0.0,0.0,0.0,0.0,0.0,0.12178935110569,400,False,false_feasible,0.6972193117709262,168,geometry_fsm
0.0,0.0,0.0,0.0,0.0,0.09326586872339249,400,False,false_feasible,0.5691794624230437,169,geometry_fsm
0.0,0.0,0.0,0.0,0.0,0.1485455185174942,400,False,false_feasible,0.7250319800068078,170,geometry_fsm
1.0,1.0,0.0,0.0,0.0,0.126400887966156,109,True,l_shaped,0.8863190006574062,171,geometry_fsm
1.0,1.0,0.0,1.0,0.0,0.0004971539601683617,109,True,asymmetric,0.6373270935368666,172,geometry_fsm
1.0,1.0,0.0,0.0,0.0,0.08946742862462997,134,True,s_shaped,0.690824229142152,173,geometry_fsm
1.0,1.0,0.0,0.0,0.0,0.10448533296585083,104,True,straight,0.7597703150610327,174,geometry_fsm
1.0,1.0,0.0,0.0,0.0,0.10965801775455475,102,True,narrow_exit,0.5985662358586883,175,geometry_fsm
1.0,1.0,0.0,0.0,0.0,0.07789919525384903,125,True,l_shaped,0.8625231437667575,176,geometry_fsm
0.0,0.0,0.0,0.0,0.0,4.820000171661377,15,False,false_feasible,0.5607769620829026,177,geometry_fsm
1.0,1.0,0.0,1.0,0.0,0.03355550393462181,77,True,narrow_exit,0.46593736520372087,178,geometry_fsm
0.0,0.0,0.0,0.0,0.0,4.820000171661377,14,True,narrow_entry,0.4241290121404686,179,geometry_fsm
1.0,1.0,0.0,0.0,0.0,0.1178554892539978,94,True,straight,0.6709767584367762,180,geometry_fsm
1.0,1.0,0.0,1.0,0.0,0.04295370727777481,75,True,narrow_exit,0.48039648826202497,181,geometry_fsm
1.0,1.0,0.0,0.0,0.0,0.14171309769153595,98,True,straight,0.6555107863538845,182,geometry_fsm
0.0,0.0,0.0,0.0,0.0,4.820000171661377,16,True,narrow_entry,0.5339199705128345,183,geometry_fsm
1.0,1.0,0.0,0.0,0.0,0.20780116319656372,93,True,straight,0.8228727578091262,184,geometry_fsm
0.0,0.0,0.0,0.0,0.0,4.820000171661377,17,True,straight,0.46836210199726036,185,geometry_fsm
1.0,1.0,0.0,1.0,0.0,0.04253775253891945,103,True,s_shaped,0.5895404018571003,186,geometry_fsm
1.0,1.0,0.0,0.0,0.0,0.11171045899391174,111,True,straight,0.6267418808582117,187,geometry_fsm
1.0,1.0,0.0,1.0,0.0,0.013375352136790752,89,True,asymmetric,0.8499380696396119,188,geometry_fsm
0.0,0.0,0.0,0.0,0.0,0.13081206381320953,400,False,false_feasible,0.6593489252265292,189,geometry_fsm
1.0,1.0,0.0,0.0,0.0,0.08323392271995544,124,True,l_shaped,0.8846573649966978,190,geometry_fsm
1.0,1.0,0.0,0.0,0.0,0.0758039578795433,118,True,l_shaped,0.6471237315463513,191,geometry_fsm
1.0,1.0,0.0,1.0,0.0,0.04351983219385147,123,True,l_shaped,0.8324970131757342,192,geometry_fsm
0.0,0.0,0.0,0.0,0.0,4.820000171661377,16,True,straight,0.5123739256704638,193,geometry_fsm
0.0,0.0,0.0,1.0,0.0,0.009837036952376366,400,True,asymmetric,0.583288190119579,194,geometry_fsm
1.0,1.0,0.0,0.0,0.0,0.11839555203914642,78,True,straight,0.661344212077978,195,geometry_fsm
1.0,1.0,0.0,0.0,0.0,0.07678575813770294,85,True,straight,0.7470306287893259,196,geometry_fsm
1.0,1.0,0.0,0.0,0.0,0.1625722199678421,111,True,straight,0.8108032894474879,197,geometry_fsm
1.0,1.0,0.0,0.0,0.0,0.14189653098583221,101,True,straight,0.6702472319162656,198,geometry_fsm
0.0,0.0,0.0,1.0,0.0,0.0001866440288722515,53,True,asymmetric,0.47359755603164005,199,geometry_fsm
0.0,0.0,0.0,0.0,0.0,4.820000171661377,17,True,narrow_entry,0.46257503738018424,200,geometry_fsm
0.0,0.0,0.0,0.0,0.0,0.11097878962755203,400,False,false_feasible,0.7932155021506591,201,geometry_fsm
0.0,0.0,0.0,1.0,0.0,0.0008041519322432578,54,True,asymmetric,0.7255036456096886,202,geometry_fsm
1.0,1.0,0.0,0.0,0.0,0.056939177215099335,106,True,narrow_exit,0.47402333940722585,203,geometry_fsm
1.0,1.0,0.0,0.0,0.0,0.052632514387369156,95,True,l_shaped,0.6357084283012369,204,geometry_fsm
1.0,1.0,0.0,1.0,0.0,0.00934020895510912,113,True,asymmetric,0.7271459343440003,205,geometry_fsm
0.0,0.0,0.0,1.0,0.0,0.0006162875215522945,75,True,narrow_exit,0.4278054630166245,206,geometry_fsm
1.0,1.0,0.0,0.0,0.0,0.10280180722475052,109,True,straight,0.6912388384985994,207,geometry_fsm
1.0,1.0,0.0,0.0,0.0,0.07061995565891266,117,True,s_shaped,0.5855585646486636,208,geometry_fsm
1.0,1.0,0.0,0.0,0.0,0.05188438668847084,89,True,narrow_entry,0.5495016711588436,209,geometry_fsm
1.0,1.0,0.0,1.0,0.0,0.015500221401453018,130,True,l_shaped,0.6752585765988925,210,geometry_fsm
1.0,1.0,0.0,0.0,0.0,0.0950072705745697,101,True,straight,0.7022293039988456,211,geometry_fsm
1.0,1.0,0.0,0.0,0.0,0.06260967254638672,132,True,s_shaped,0.7700060944752454,212,geometry_fsm
0.0,0.0,0.0,1.0,0.0,0.008545436896383762,121,True,s_shaped,0.5014385763157263,213,geometry_fsm
1.0,1.0,0.0,0.0,0.0,0.07705437391996384,116,True,s_shaped,0.5950757831158703,214,geometry_fsm
0.0,0.0,0.0,0.0,0.0,0.06672396510839462,71,True,asymmetric,0.6854453793647753,215,geometry_fsm
0.0,0.0,0.0,1.0,0.0,0.00017900130478665233,81,True,s_shaped,0.6094034074432924,216,geometry_fsm
1.0,1.0,0.0,1.0,0.0,0.04505082219839096,141,True,l_shaped,0.8948538911031467,217,geometry_fsm
1.0,1.0,0.0,0.0,0.0,0.08715134114027023,84,True,narrow_exit,0.5709331812458291,218,geometry_fsm
1.0,1.0,0.0,0.0,0.0,0.11449778079986572,128,True,l_shaped,0.8877556422645179,219,geometry_fsm
0.0,0.0,0.0,0.0,0.0,4.820000171661377,15,True,narrow_entry,0.47633827962389347,220,geometry_fsm
0.0,0.0,0.0,1.0,0.0,0.007846816442906857,92,True,l_shaped,0.508803321982123,221,geometry_fsm
1.0,1.0,0.0,1.0,0.0,0.016707582399249077,88,True,narrow_entry,0.49890748799546136,222,geometry_fsm
1.0,1.0,0.0,0.0,0.0,0.06206513196229935,73,True,narrow_entry,0.5645235110657127,223,geometry_fsm
1.0,1.0,0.0,0.0,0.0,0.08353372663259506,77,True,narrow_exit,0.5429246593333836,224,geometry_fsm
1.0,1.0,0.0,0.0,0.0,0.09450133889913559,72,True,narrow_entry,0.5680739504788275,225,geometry_fsm
1.0,1.0,0.0,0.0,0.0,0.053870875388383865,130,True,l_shaped,0.5861931887560692,226,geometry_fsm
1.0,1.0,0.0,1.0,0.0,0.0018966160714626312,139,True,asymmetric,0.8116674801962066,227,geometry_fsm
0.0,0.0,0.0,1.0,0.0,0.0029598288238048553,185,True,l_shaped,0.5025058767089599,228,geometry_fsm
1.0,1.0,0.0,1.0,0.0,0.032480619847774506,94,True,narrow_exit,0.445274760758701,229,geometry_fsm
0.0,0.0,0.0,0.0,0.0,4.820000171661377,16,True,straight,0.48518786514781254,230,geometry_fsm
1.0,1.0,0.0,0.0,0.0,0.06025005504488945,88,True,narrow_exit,0.5434588488907586,231,geometry_fsm
1.0,1.0,0.0,0.0,0.0,0.2069515585899353,86,True,straight,0.8478532110178382,232,geometry_fsm
1.0,1.0,0.0,0.0,0.0,0.06359074264764786,194,True,s_shaped,0.8231169852162152,233,geometry_fsm
0.0,0.0,0.0,1.0,0.0,0.002001761458814144,30,True,narrow_entry,0.5286335037722145,234,geometry_fsm
1.0,1.0,0.0,0.0,0.0,0.2027892768383026,91,True,straight,0.7938707904490372,235,geometry_fsm
0.0,0.0,0.0,0.0,0.0,0.1527932733297348,400,False,false_feasible,0.7378029112128818,236,geometry_fsm
1.0,1.0,0.0,1.0,0.0,0.023945176973938942,91,True,narrow_entry,0.542545829099834,237,geometry_fsm
1.0,1.0,0.0,0.0,0.0,0.05067504569888115,94,True,narrow_exit,0.46260800782126443,238,geometry_fsm
0.0,0.0,0.0,0.0,0.0,0.09960131347179413,400,False,false_feasible,0.6941783641192707,239,geometry_fsm
1.0,1.0,0.0,0.0,0.0,0.06844627857208252,92,True,l_shaped,0.7271763004320317,240,geometry_fsm
1.0,1.0,0.0,0.0,0.0,0.06233666092157364,129,True,l_shaped,0.7205153851916846,241,geometry_fsm
1.0,1.0,0.0,0.0,0.0,0.08715435117483139,93,True,narrow_exit,0.5917274410016289,242,geometry_fsm
1.0,1.0,0.0,0.0,0.0,0.0889047384262085,105,True,s_shaped,0.6135607650678738,243,geometry_fsm
1.0,1.0,0.0,0.0,0.0,0.12655167281627655,92,True,straight,0.7798916721531333,244,geometry_fsm
1.0,1.0,0.0,0.0,0.0,0.07189619541168213,95,True,narrow_exit,0.5693225041583595,245,geometry_fsm
1.0,1.0,0.0,1.0,0.0,0.04337391257286072,82,True,narrow_exit,0.47981232693166004,246,geometry_fsm
1.0,1.0,0.0,0.0,0.0,0.0952536091208458,122,True,l_shaped,0.714317969393873,247,geometry_fsm
1.0,1.0,0.0,0.0,0.0,0.07814295589923859,94,True,narrow_exit,0.5654314276872818,248,geometry_fsm
1.0,1.0,0.0,0.0,0.0,0.07304753363132477,99,True,straight,0.5846792757162791,249,geometry_fsm
1.0,1.0,0.0,0.0,0.0,0.1289069950580597,83,True,straight,0.6546702576690109,250,geometry_fsm
1.0,1.0,0.0,0.0,0.0,0.08706973493099213,89,True,straight,0.7000230371367061,251,geometry_fsm
0.0,0.0,0.0,0.0,0.0,4.820000171661377,16,True,narrow_entry,0.42899966908385145,252,geometry_fsm
0.0,0.0,0.0,1.0,0.0,0.000932070950511843,70,True,asymmetric,0.7872374576745234,253,geometry_fsm
0.0,0.0,0.0,0.0,0.0,0.07895713299512863,400,False,false_feasible,0.6791604170683834,254,geometry_fsm
0.0,0.0,0.0,0.0,0.0,4.820000171661377,18,True,straight,0.5221009658040385,255,geometry_fsm
0.0,0.0,0.0,1.0,0.0,0.013635688461363316,175,True,s_shaped,0.5201275736502201,256,geometry_fsm
1.0,1.0,0.0,1.0,0.0,0.04403526708483696,81,True,asymmetric,0.6705579089001179,257,geometry_fsm
1.0,1.0,0.0,0.0,0.0,0.1061037927865982,76,True,straight,0.6060746072262289,258,geometry_fsm
1.0,1.0,0.0,0.0,0.0,0.1027708575129509,81,True,straight,0.5762065757317139,259,geometry_fsm
0.0,0.0,0.0,1.0,0.0,0.007508126553148031,24,True,straight,0.4906695374344866,260,geometry_fsm
0.0,0.0,0.0,0.0,0.0,0.15944132208824158,400,False,false_feasible,0.7594641686780483,261,geometry_fsm
1.0,1.0,0.0,1.0,0.0,0.025927092880010605,93,True,narrow_exit,0.4224338501381135,262,geometry_fsm
0.0,0.0,0.0,0.0,0.0,0.14842714369297028,400,False,false_feasible,0.725409096837252,263,geometry_fsm
0.0,0.0,0.0,0.0,0.0,0.13364015519618988,400,False,false_feasible,0.7160380264565838,264,geometry_fsm
1.0,1.0,0.0,0.0,0.0,0.1105891689658165,72,True,narrow_entry,0.5855133183714907,265,geometry_fsm
1.0,1.0,0.0,0.0,0.0,0.09209264814853668,111,True,l_shaped,0.8475413930140507,266,geometry_fsm
1.0,1.0,0.0,1.0,0.0,0.03279653936624527,144,True,s_shaped,0.7095266997242662,267,geometry_fsm
1.0,1.0,0.0,0.0,0.0,0.12544284760951996,118,True,l_shaped,0.8722820543598859,268,geometry_fsm
0.0,0.0,0.0,0.0,0.0,4.820000171661377,14,True,narrow_entry,0.5069308303663955,269,geometry_fsm
1.0,1.0,0.0,0.0,0.0,0.11227069795131683,92,True,narrow_entry,0.597856038096571,270,geometry_fsm
0.0,0.0,0.0,1.0,0.0,0.00279179192148149,29,True,narrow_entry,0.514985278167515,271,geometry_fsm
0.0,0.0,0.0,1.0,0.0,0.005111133214086294,139,True,asymmetric,0.6752973156244955,272,geometry_fsm
1.0,1.0,0.0,0.0,0.0,0.10341023653745651,96,True,l_shaped,0.8698628526575419,273,geometry_fsm
1.0,1.0,0.0,1.0,0.0,0.03991755098104477,145,True,l_shaped,0.7524464726237827,274,geometry_fsm
1.0,1.0,0.0,0.0,0.0,0.17917951941490173,89,True,straight,0.7669207441771506,275,geometry_fsm
1.0,1.0,0.0,0.0,0.0,0.11383518576622009,110,True,straight,0.7150150386706989,276,geometry_fsm
1.0,1.0,0.0,0.0,0.0,0.058755867183208466,147,True,s_shaped,0.5577864907283165,277,geometry_fsm
1.0,1.0,0.0,0.0,0.0,0.11622346192598343,98,True,l_shaped,0.8321948683971027,278,geometry_fsm
0.0,0.0,0.0,0.0,0.0,0.09684241563081741,400,False,false_feasible,0.6801051840521771,279,geometry_fsm
1.0,1.0,0.0,1.0,0.0,0.04076007753610611,143,True,s_shaped,0.48991319553790924,280,geometry_fsm
1.0,1.0,0.0,0.0,0.0,0.07949234545230865,82,True,narrow_exit,0.5341462060718538,281,geometry_fsm
1.0,1.0,0.0,1.0,0.0,0.04469598829746246,94,True,narrow_exit,0.4533857645129056,282,geometry_fsm
1.0,1.0,0.0,1.0,0.0,0.0029556911904364824,135,True,s_shaped,0.7079848318219353,283,geometry_fsm
1.0,1.0,0.0,0.0,0.0,0.1089174896478653,86,True,asymmetric,0.8868931398485057,284,geometry_fsm
1.0,1.0,0.0,1.0,0.0,0.020794618874788284,102,True,narrow_entry,0.5046666414728542,285,geometry_fsm
1.0,1.0,0.0,0.0,0.0,0.056724388152360916,102,True,l_shaped,0.6662531847629556,286,geometry_fsm
1.0,1.0,0.0,0.0,0.0,0.1347222477197647,109,True,straight,0.7286022340234086,287,geometry_fsm
0.0,0.0,0.0,0.0,0.0,4.820000171661377,14,True,straight,0.4714423980854743,288,geometry_fsm
1.0,1.0,0.0,0.0,0.0,0.090314120054245,121,True,l_shaped,0.702527174148475,289,geometry_fsm
1.0,1.0,0.0,1.0,0.0,0.0186715479940176,209,True,s_shaped,0.7107446685644123,290,geometry_fsm
0.0,0.0,0.0,0.0,0.0,4.820000171661377,16,True,l_shaped,0.47557852432406034,291,geometry_fsm
1.0,1.0,0.0,1.0,0.0,0.027906915172934532,72,True,narrow_exit,0.4300895657882317,292,geometry_fsm
0.0,0.0,0.0,0.0,0.0,0.10464134812355042,400,False,false_feasible,0.7117504012919573,293,geometry_fsm
1.0,1.0,0.0,1.0,0.0,0.04521691054105759,113,True,straight,0.625419618052384,294,geometry_fsm
0.0,0.0,0.0,0.0,0.0,0.13387231528759003,400,False,false_feasible,0.7685074232152618,295,geometry_fsm
0.0,0.0,0.0,0.0,0.0,4.820000171661377,17,True,narrow_entry,0.4823221428564818,296,geometry_fsm
1.0,1.0,0.0,1.0,0.0,0.004609644412994385,103,True,straight,0.5506367387585532,297,geometry_fsm
1.0,1.0,0.0,0.0,0.0,0.05390080437064171,95,True,narrow_exit,0.5020667471832564,298,geometry_fsm
0.0,0.0,0.0,0.0,0.0,0.08647090941667557,400,False,false_feasible,0.6897108071896056,299,geometry_fsm
1.0,1.0,0.0,0.0,0.0,0.05831340700387955,101,True,l_shaped,0.5582414545201989,300,geometry_fsm
1.0,1.0,0.0,1.0,0.0,0.04743285849690437,107,True,l_shaped,0.6289406512846578,301,geometry_fsm
1.0,1.0,0.0,1.0,0.0,0.008221836760640144,109,True,narrow_entry,0.44136442590735636,302,geometry_fsm
1.0,1.0,0.0,0.0,0.0,0.16049958765506744,111,True,straight,0.8661738624881904,303,geometry_fsm
1.0,1.0,0.0,1.0,0.0,0.0281849205493927,80,True,narrow_exit,0.4480013041689733,304,geometry_fsm
0.0,0.0,0.0,1.0,0.0,0.035505376756191254,400,True,s_shaped,0.7775312962331988,305,geometry_fsm
1.0,1.0,0.0,0.0,0.0,0.0596170499920845,80,True,asymmetric,0.7388786759305561,306,geometry_fsm
1.0,1.0,0.0,0.0,0.0,0.07729176431894302,112,True,s_shaped,0.5822124931701564,307,geometry_fsm
1.0,1.0,0.0,0.0,0.0,0.056577105075120926,98,True,narrow_exit,0.5016232062800304,308,geometry_fsm
0.0,0.0,0.0,0.0,0.0,4.820000171661377,16,True,narrow_entry,0.4635071265925246,309,geometry_fsm
1.0,1.0,0.0,0.0,0.0,0.21070007979869843,98,True,straight,0.8789425728914166,310,geometry_fsm
0.0,0.0,0.0,0.0,0.0,0.06300672888755798,400,False,false_feasible,0.5969467832429785,311,geometry_fsm
0.0,0.0,0.0,1.0,0.0,0.007411397062242031,59,True,l_shaped,0.6291971603060174,312,geometry_fsm
1.0,1.0,0.0,0.0,0.0,0.0852421298623085,83,True,narrow_exit,0.5974310734770286,313,geometry_fsm
1.0,1.0,0.0,0.0,0.0,0.06076556444168091,83,True,narrow_exit,0.5328892956651914,314,geometry_fsm
1.0,1.0,0.0,0.0,0.0,0.21372638642787933,80,True,straight,0.8231665887815531,315,geometry_fsm
0.0,0.0,0.0,0.0,0.0,0.06864505261182785,400,False,false_feasible,0.5912280968652435,316,geometry_fsm
0.0,0.0,0.0,1.0,0.0,0.032924752682447433,51,True,asymmetric,0.5761137069220625,317,geometry_fsm
0.0,0.0,0.0,0.0,0.0,0.09006968885660172,400,False,false_feasible,0.7292489277588412,318,geometry_fsm
0.0,0.0,0.0,0.0,0.0,4.820000171661377,16,True,narrow_entry,0.508758546807744,319,geometry_fsm
1.0,1.0,0.0,0.0,0.0,0.07342272251844406,99,True,l_shaped,0.6958785292128559,320,geometry_fsm
1.0,1.0,0.0,0.0,0.0,0.1606689989566803,98,True,straight,0.8665713782649658,321,geometry_fsm
1.0,1.0,0.0,0.0,0.0,0.07490621507167816,105,True,l_shaped,0.762246701125311,322,geometry_fsm
1.0,1.0,0.0,1.0,0.0,0.037696465849876404,104,True,narrow_entry,0.5220977399863098,323,geometry_fsm
1.0,1.0,0.0,1.0,0.0,0.018865101039409637,83,True,narrow_entry,0.506188594644927,324,geometry_fsm
1.0,1.0,0.0,0.0,0.0,0.0679783746600151,100,True,straight,0.6948504472996953,325,geometry_fsm
1.0,1.0,0.0,1.0,0.0,0.04671093448996544,109,True,asymmetric,0.8757603163108129,326,geometry_fsm
1.0,1.0,0.0,0.0,0.0,0.0705597922205925,113,True,l_shaped,0.7437145120664848,327,geometry_fsm
1.0,1.0,0.0,0.0,0.0,0.09229651838541031,104,True,narrow_exit,0.5930373347889437,328,geometry_fsm
0.0,0.0,0.0,1.0,0.0,0.00677204504609108,148,True,l_shaped,0.48465800361830597,329,geometry_fsm
0.0,0.0,0.0,0.0,0.0,4.820000171661377,16,True,straight,0.5388021041198569,330,geometry_fsm
1.0,1.0,0.0,1.0,0.0,0.04627467319369316,150,True,l_shaped,0.5122599116577535,331,geometry_fsm
1.0,1.0,0.0,0.0,0.0,0.20841068029403687,94,True,straight,0.8879733804296143,332,geometry_fsm
1.0,1.0,0.0,0.0,0.0,0.0795857384800911,83,True,straight,0.6088379375046895,333,geometry_fsm
1.0,1.0,0.0,0.0,0.0,0.06699902564287186,75,True,narrow_exit,0.5395145984455157,334,geometry_fsm
1.0,1.0,0.0,1.0,0.0,0.03086927905678749,78,True,asymmetric,0.7906213366026622,335,geometry_fsm
1.0,1.0,0.0,0.0,0.0,0.22761453688144684,92,True,straight,0.8256686591265201,336,geometry_fsm
1.0,1.0,0.0,0.0,0.0,0.10003053396940231,126,True,s_shaped,0.7798723707538546,337,geometry_fsm
1.0,1.0,0.0,0.0,0.0,0.05954728648066521,81,True,narrow_exit,0.5309231001240365,338,geometry_fsm
1.0,1.0,0.0,1.0,0.0,0.02452971413731575,151,True,s_shaped,0.6755564727055106,339,geometry_fsm
1.0,1.0,0.0,0.0,0.0,0.09147756546735764,72,True,straight,0.5558996745394418,340,geometry_fsm
1.0,1.0,0.0,0.0,0.0,0.15124455094337463,77,True,straight,0.687617405362166,341,geometry_fsm
0.0,0.0,0.0,0.0,0.0,0.06538619101047516,400,False,false_feasible,0.596435436836294,342,geometry_fsm
0.0,0.0,0.0,0.0,0.0,4.820000171661377,18,True,narrow_entry,0.5132458505621796,343,geometry_fsm
1.0,1.0,0.0,1.0,0.0,0.03182310238480568,86,True,narrow_exit,0.4448462105512341,344,geometry_fsm
0.0,0.0,0.0,1.0,0.0,0.004334582015872002,51,True,asymmetric,0.49641382419305524,345,geometry_fsm
0.0,0.0,0.0,0.0,0.0,0.11864445358514786,400,False,false_feasible,0.7002872187880077,346,geometry_fsm
1.0,1.0,0.0,1.0,0.0,0.0333433635532856,107,True,narrow_exit,0.4441182828076294,347,geometry_fsm
1.0,1.0,0.0,0.0,0.0,0.0741264596581459,79,True,narrow_exit,0.5184599079991126,348,geometry_fsm
1.0,1.0,0.0,0.0,0.0,0.09766414016485214,106,True,s_shaped,0.7176830131299876,349,geometry_fsm
0.0,0.0,0.0,0.0,0.0,0.15624018013477325,400,False,false_feasible,0.7678920937446353,350,geometry_fsm
0.0,0.0,0.0,1.0,0.0,0.00938071683049202,101,True,l_shaped,0.5156169164171034,351,geometry_fsm
1.0,1.0,0.0,1.0,0.0,0.026557693257927895,99,True,narrow_exit,0.4418791304607022,352,geometry_fsm
1.0,1.0,0.0,0.0,0.0,0.1176743283867836,99,True,l_shaped,0.8309334387021174,353,geometry_fsm
0.0,0.0,0.0,0.0,0.0,0.10454656928777695,91,True,asymmetric,0.6325355724787142,354,geometry_fsm
1.0,1.0,0.0,0.0,0.0,0.07203289121389389,112,True,asymmetric,0.769853736309047,355,geometry_fsm
0.0,0.0,0.0,0.0,0.0,4.820000171661377,16,True,narrow_entry,0.4442979320113952,356,geometry_fsm
0.0,0.0,0.0,0.0,0.0,0.1309642493724823,400,False,false_feasible,0.7220178129377571,357,geometry_fsm
0.0,0.0,0.0,1.0,0.0,0.012423614040017128,400,True,asymmetric,0.5122639279256973,358,geometry_fsm
1.0,1.0,0.0,1.0,0.0,0.04271332174539566,96,True,straight,0.5963604019657109,359,geometry_fsm
1.0,1.0,0.0,0.0,0.0,0.07474227994680405,136,True,s_shaped,0.7531406494787242,360,geometry_fsm
1.0,1.0,0.0,0.0,0.0,0.1772121638059616,82,True,straight,0.7314355494648314,361,geometry_fsm
1.0,1.0,0.0,0.0,0.0,0.24517017602920532,83,True,straight,0.8705735193751392,362,geometry_fsm
0.0,0.0,0.0,0.0,0.0,0.05683297663927078,400,False,false_feasible,0.6850875939252054,363,geometry_fsm
1.0,1.0,0.0,0.0,0.0,0.14038659632205963,96,True,asymmetric,0.7710180765352601,364,geometry_fsm
1.0,1.0,0.0,1.0,0.0,0.028441568836569786,98,True,narrow_exit,0.4348439790688405,365,geometry_fsm
1.0,1.0,0.0,0.0,0.0,0.15708504617214203,83,True,straight,0.7902192468953859,366,geometry_fsm
1.0,1.0,0.0,0.0,0.0,0.12010467052459717,114,True,s_shaped,0.8335888218286462,367,geometry_fsm
1.0,1.0,0.0,1.0,0.0,0.027153532952070236,80,True,narrow_exit,0.4381008243004151,368,geometry_fsm
1.0,1.0,0.0,0.0,0.0,0.1832883507013321,104,True,straight,0.8276510951348086,369,geometry_fsm
1.0,1.0,0.0,0.0,0.0,0.07026603817939758,85,True,narrow_exit,0.5391956786140941,370,geometry_fsm
1.0,1.0,0.0,0.0,0.0,0.07121481001377106,121,True,l_shaped,0.847110008824626,371,geometry_fsm
0.0,0.0,0.0,1.0,0.0,0.013828497380018234,400,True,l_shaped,0.4581934817591373,372,geometry_fsm
0.0,0.0,0.0,0.0,0.0,4.820000171661377,16,True,narrow_entry,0.4770782590610465,373,geometry_fsm
1.0,1.0,0.0,1.0,0.0,0.034560322761535645,106,True,narrow_exit,0.4350030436524524,374,geometry_fsm
0.0,0.0,0.0,0.0,0.0,4.820000171661377,18,True,s_shaped,0.5210959997474712,375,geometry_fsm
1.0,1.0,0.0,0.0,0.0,0.07535797357559204,109,True,l_shaped,0.7599771207534756,376,geometry_fsm
0.0,0.0,0.0,0.0,0.0,0.06674544513225555,400,False,false_feasible,0.5763959000903329,377,geometry_fsm
1.0,1.0,0.0,1.0,0.0,0.04602721333503723,109,True,asymmetric,0.8837715570461839,378,geometry_fsm
1.0,1.0,0.0,0.0,0.0,0.06117828190326691,117,True,s_shaped,0.6107088674612805,379,geometry_fsm
1.0,1.0,0.0,0.0,0.0,0.059998299926519394,174,True,s_shaped,0.8665720663572564,380,geometry_fsm
0.0,0.0,0.0,0.0,0.0,0.08262427151203156,400,False,false_feasible,0.5545469136847588,381,geometry_fsm
0.0,0.0,0.0,0.0,0.0,0.06721197068691254,67,True,asymmetric,0.6157347958967578,382,geometry_fsm
1.0,1.0,0.0,0.0,0.0,0.09301437437534332,108,True,asymmetric,0.8243683203342678,383,geometry_fsm
0.0,0.0,0.0,0.0,0.0,4.820000171661377,18,True,s_shaped,0.49255097431141853,384,geometry_fsm
1.0,1.0,0.0,0.0,0.0,0.08204755187034607,76,True,narrow_entry,0.529213017611265,385,geometry_fsm
1.0,1.0,0.0,0.0,0.0,0.06090071052312851,90,True,straight,0.5003285403847338,386,geometry_fsm
1.0,1.0,0.0,0.0,0.0,0.06586384028196335,119,True,s_shaped,0.6375211634466684,387,geometry_fsm
0.0,0.0,0.0,0.0,0.0,0.1310834139585495,400,False,false_feasible,0.6893684559830444,388,geometry_fsm
1.0,1.0,0.0,1.0,0.0,0.035452958196401596,82,True,narrow_exit,0.4820052262399057,389,geometry_fsm
1.0,1.0,0.0,0.0,0.0,0.060171786695718765,184,True,s_shaped,0.8985314013551302,390,geometry_fsm
1.0,1.0,0.0,0.0,0.0,0.05048833042383194,134,True,s_shaped,0.8362736956670866,391,geometry_fsm
1.0,1.0,0.0,1.0,0.0,0.031081819906830788,89,True,narrow_exit,0.4274737393891623,392,geometry_fsm
0.0,0.0,0.0,1.0,0.0,0.017308617010712624,400,True,s_shaped,0.6570524091911358,393,geometry_fsm
1.0,1.0,0.0,0.0,0.0,0.0580301359295845,78,True,narrow_exit,0.48806207342713714,394,geometry_fsm
1.0,1.0,0.0,0.0,0.0,0.18524205684661865,78,True,straight,0.8341386340078032,395,geometry_fsm
1.0,1.0,0.0,0.0,0.0,0.06887634098529816,110,True,straight,0.6057526932596331,396,geometry_fsm
0.0,0.0,0.0,1.0,0.0,0.0016736655961722136,133,True,asymmetric,0.7184018283443687,397,geometry_fsm
0.0,0.0,0.0,0.0,0.0,4.820000171661377,16,True,l_shaped,0.5257672548461756,398,geometry_fsm
0.0,0.0,0.0,0.0,0.0,0.09816587716341019,400,False,false_feasible,0.5843077481440224,399,geometry_fsm
1.0,1.0,0.0,1.0,0.0,0.040340524166822433,178,True,s_shaped,0.7658581927788515,400,geometry_fsm
1.0,1.0,0.0,0.0,0.0,0.057722631841897964,107,True,narrow_exit,0.5233998277867475,401,geometry_fsm
1.0,1.0,0.0,0.0,0.0,0.08514488488435745,116,True,l_shaped,0.8157214281345769,402,geometry_fsm
1.0,1.0,0.0,0.0,0.0,0.06133713573217392,98,True,l_shaped,0.6196972727808105,403,geometry_fsm
0.0,0.0,0.0,1.0,0.0,0.004627897869795561,88,True,s_shaped,0.5739880424521336,404,geometry_fsm
0.0,0.0,0.0,1.0,0.0,0.03590256720781326,400,True,asymmetric,0.5754713389353762,405,geometry_fsm
1.0,1.0,0.0,0.0,0.0,0.07159557193517685,105,True,l_shaped,0.6894611704819068,406,geometry_fsm
1.0,1.0,0.0,0.0,0.0,0.10586103051900864,101,True,narrow_exit,0.5718307171395534,407,geometry_fsm
0.0,0.0,0.0,0.0,0.0,4.820000171661377,15,True,straight,0.5354402950605919,408,geometry_fsm
1.0,1.0,0.0,0.0,0.0,0.05716189369559288,132,True,s_shaped,0.541000741632369,409,geometry_fsm
1.0,1.0,0.0,0.0,0.0,0.07302982360124588,96,True,l_shaped,0.6719368886326066,410,geometry_fsm
1.0,1.0,0.0,0.0,0.0,0.12574072182178497,130,True,l_shaped,0.7757853337274119,411,geometry_fsm
1.0,1.0,0.0,0.0,0.0,0.09763378649950027,107,True,l_shaped,0.8242862266851365,412,geometry_fsm
1.0,1.0,0.0,1.0,0.0,0.005786541383713484,136,True,asymmetric,0.8030965248230605,413,geometry_fsm
1.0,1.0,0.0,1.0,0.0,0.02803395502269268,95,True,narrow_entry,0.4572849318030954,414,geometry_fsm
1.0,1.0,0.0,1.0,0.0,0.04782000556588173,168,True,s_shaped,0.743024663743203,415,geometry_fsm
1.0,1.0,0.0,1.0,0.0,0.048251427710056305,91,True,narrow_exit,0.5054044202070527,416,geometry_fsm
1.0,1.0,0.0,1.0,0.0,0.04774441942572594,78,True,narrow_exit,0.46289233417751224,417,geometry_fsm
1.0,1.0,0.0,1.0,0.0,0.046905502676963806,99,True,l_shaped,0.7427339266538968,418,geometry_fsm
1.0,1.0,0.0,1.0,0.0,0.008842268027365208,87,True,straight,0.4994120990101415,419,geometry_fsm
0.0,0.0,0.0,0.0,0.0,4.820000171661377,17,True,s_shaped,0.4794957070242279,420,geometry_fsm
1.0,1.0,0.0,0.0,0.0,0.060893990099430084,85,True,narrow_entry,0.5121001182434277,421,geometry_fsm
0.0,0.0,0.0,1.0,0.0,0.0007512049051001668,80,True,s_shaped,0.533975671683138,422,geometry_fsm
0.0,0.0,0.0,0.0,0.0,0.13933151960372925,400,False,false_feasible,0.6957657756137586,423,geometry_fsm
1.0,1.0,0.0,0.0,0.0,0.08900752663612366,106,True,l_shaped,0.6194442011820822,424,geometry_fsm
1.0,1.0,0.0,1.0,0.0,0.044134560972452164,87,True,narrow_exit,0.4522407909989023,425,geometry_fsm
1.0,1.0,0.0,0.0,0.0,0.10811418294906616,114,True,l_shaped,0.7153903586441404,426,geometry_fsm
0.0,0.0,0.0,0.0,0.0,0.1418486386537552,74,True,l_shaped,0.7606359578464001,427,geometry_fsm
1.0,1.0,0.0,0.0,0.0,0.09456831961870193,102,True,narrow_exit,0.5692937255883069,428,geometry_fsm
1.0,1.0,0.0,0.0,0.0,0.12009605020284653,109,True,straight,0.667569585402912,429,geometry_fsm
0.0,0.0,0.0,0.0,0.0,4.820000171661377,18,True,s_shaped,0.46229221471488235,430,geometry_fsm
1.0,1.0,0.0,0.0,0.0,0.10037528723478317,83,True,narrow_entry,0.5662318067971783,431,geometry_fsm
1.0,1.0,0.0,0.0,0.0,0.06542038917541504,122,True,l_shaped,0.7151704433940544,432,geometry_fsm
1.0,1.0,0.0,0.0,0.0,0.11765040457248688,96,True,l_shaped,0.6817014686813307,433,geometry_fsm
1.0,1.0,0.0,1.0,0.0,0.03745192661881447,92,True,narrow_entry,0.49704240832005486,434,geometry_fsm
0.0,0.0,0.0,0.0,0.0,0.14745284616947174,400,False,false_feasible,0.7231042539105264,435,geometry_fsm
1.0,1.0,0.0,0.0,0.0,0.08429503440856934,90,True,narrow_entry,0.5619788754499856,436,geometry_fsm
0.0,0.0,0.0,0.0,0.0,0.11147080361843109,400,True,asymmetric,0.6183184619723158,437,geometry_fsm
1.0,1.0,0.0,1.0,0.0,0.04548868164420128,120,True,s_shaped,0.5873260168506701,438,geometry_fsm
1.0,1.0,0.0,0.0,0.0,0.05753253027796745,100,True,l_shaped,0.6319094461947308,439,geometry_fsm
1.0,1.0,0.0,0.0,0.0,0.057199668139219284,127,True,s_shaped,0.5641668563712667,440,geometry_fsm
1.0,1.0,0.0,0.0,0.0,0.12612994015216827,106,True,straight,0.7924514261034536,441,geometry_fsm
0.0,0.0,0.0,0.0,0.0,4.820000171661377,15,True,asymmetric,0.5394290418610502,442,geometry_fsm
1.0,1.0,0.0,0.0,0.0,0.06182160973548889,82,True,asymmetric,0.7669041006137016,443,geometry_fsm
1.0,1.0,0.0,1.0,0.0,0.0436323918402195,100,True,narrow_entry,0.48507947475726276,444,geometry_fsm
0.0,0.0,0.0,0.0,0.0,4.820000171661377,15,True,narrow_entry,0.4448377485215979,445,geometry_fsm
0.0,0.0,0.0,0.0,0.0,0.11324671655893326,400,False,false_feasible,0.66534121783125,446,geometry_fsm
1.0,1.0,0.0,0.0,0.0,0.06568921357393265,170,True,s_shaped,0.8212836740389787,447,geometry_fsm
1.0,1.0,0.0,0.0,0.0,0.05483197793364525,96,True,l_shaped,0.8343693759552385,448,geometry_fsm
0.0,0.0,0.0,0.0,0.0,4.820000171661377,18,True,s_shaped,0.47811239482201906,449,geometry_fsm
0.0,0.0,0.0,0.0,0.0,0.05680510774254799,205,True,asymmetric,0.6889928791886716,450,geometry_fsm
1.0,1.0,0.0,0.0,0.0,0.05535929277539253,106,True,l_shaped,0.8473823575317215,451,geometry_fsm
0.0,0.0,0.0,0.0,0.0,4.820000171661377,17,True,narrow_entry,0.4793145141253425,452,geometry_fsm
1.0,1.0,0.0,0.0,0.0,0.12369029968976974,95,True,l_shaped,0.7194534275892749,453,geometry_fsm
1.0,1.0,0.0,1.0,0.0,0.04219606891274452,82,True,narrow_exit,0.5008313913203086,454,geometry_fsm
1.0,1.0,0.0,0.0,0.0,0.05211338773369789,144,True,s_shaped,0.7729034384834741,455,geometry_fsm
1.0,1.0,0.0,1.0,0.0,0.022096434608101845,124,True,l_shaped,0.8403729584233337,456,geometry_fsm
1.0,1.0,0.0,0.0,0.0,0.13010375201702118,85,True,straight,0.7106544776033752,457,geometry_fsm
1.0,1.0,0.0,0.0,0.0,0.18949227035045624,82,True,straight,0.8419565890810181,458,geometry_fsm
0.0,0.0,0.0,0.0,0.0,0.11414910852909088,400,False,false_feasible,0.699712765526582,459,geometry_fsm
1.0,1.0,0.0,0.0,0.0,0.08731769770383835,101,True,l_shaped,0.8596122409195468,460,geometry_fsm
0.0,0.0,0.0,1.0,0.0,0.0022336477413773537,61,True,asymmetric,0.738572957484812,461,geometry_fsm
0.0,0.0,0.0,0.0,0.0,0.10307987779378891,400,False,false_feasible,0.5956817875528119,462,geometry_fsm
0.0,0.0,0.0,1.0,0.0,0.006574684754014015,95,True,s_shaped,0.5127264132900573,463,geometry_fsm
1.0,1.0,0.0,0.0,0.0,0.0733271986246109,146,True,s_shaped,0.755607688339683,464,geometry_fsm
1.0,1.0,0.0,1.0,0.0,0.006128977984189987,97,True,straight,0.6098163806817445,465,geometry_fsm
1.0,1.0,0.0,0.0,0.0,0.10316821932792664,110,True,narrow_exit,0.5665171416124553,466,geometry_fsm
1.0,1.0,0.0,0.0,0.0,0.11620423942804337,93,True,straight,0.67675689707531,467,geometry_fsm
0.0,0.0,0.0,0.0,0.0,0.10682283341884613,400,False,false_feasible,0.6659742760173044,468,geometry_fsm
0.0,0.0,0.0,0.0,0.0,0.11699549853801727,400,False,false_feasible,0.6379955262578458,469,geometry_fsm
1.0,1.0,0.0,0.0,0.0,0.051975317299366,126,True,s_shaped,0.7659543705172558,470,geometry_fsm
0.0,0.0,0.0,0.0,0.0,0.09650925546884537,400,False,false_feasible,0.5994554950675489,471,geometry_fsm
0.0,0.0,0.0,1.0,0.0,0.00625329976901412,58,True,l_shaped,0.7194459474824384,472,geometry_fsm
0.0,0.0,0.0,0.0,0.0,4.820000171661377,15,True,narrow_entry,0.4953063595030125,473,geometry_fsm
1.0,1.0,0.0,0.0,0.0,0.09886156022548676,106,True,l_shaped,0.8390071770842968,474,geometry_fsm
1.0,1.0,0.0,1.0,0.0,0.04909178987145424,161,True,s_shaped,0.8008481356740824,475,geometry_fsm
1.0,1.0,0.0,1.0,0.0,0.009612824767827988,107,True,straight,0.45669538558625083,476,geometry_fsm
1.0,1.0,0.0,1.0,0.0,0.019620103761553764,100,True,asymmetric,0.7755399381886307,477,geometry_fsm
1.0,1.0,0.0,0.0,0.0,0.07053769379854202,91,True,narrow_exit,0.5429622343090762,478,geometry_fsm
1.0,1.0,0.0,0.0,0.0,0.08492764830589294,115,True,l_shaped,0.882291560851034,479,geometry_fsm
0.0,0.0,0.0,1.0,0.0,0.03114611655473709,400,True,asymmetric,0.5689488956035859,480,geometry_fsm
1.0,1.0,0.0,1.0,0.0,0.04452141746878624,112,True,l_shaped,0.533416030625003,481,geometry_fsm
1.0,1.0,0.0,1.0,0.0,0.012801405042409897,95,True,narrow_entry,0.45608961609163023,482,geometry_fsm
1.0,1.0,0.0,1.0,0.0,0.0133529556915164,75,True,straight,0.46005413463446826,483,geometry_fsm
1.0,1.0,0.0,0.0,0.0,0.2055174708366394,105,True,straight,0.8795550248747721,484,geometry_fsm
1.0,1.0,0.0,0.0,0.0,0.07045932114124298,78,True,narrow_exit,0.5009812265146899,485,geometry_fsm
0.0,0.0,0.0,0.0,0.0,4.820000171661377,18,True,l_shaped,0.548101919685828,486,geometry_fsm
1.0,1.0,0.0,0.0,0.0,0.10778661072254181,92,True,l_shaped,0.681719111660769,487,geometry_fsm
1.0,1.0,0.0,0.0,0.0,0.08039437979459763,115,True,s_shaped,0.6616720988573537,488,geometry_fsm
1.0,1.0,0.0,1.0,0.0,0.023463543504476547,89,True,asymmetric,0.7987479849360539,489,geometry_fsm
0.0,0.0,0.0,0.0,0.0,0.16847288608551025,400,False,false_feasible,0.7710663494109717,490,geometry_fsm
0.0,0.0,0.0,1.0,0.0,0.04627181962132454,400,True,asymmetric,0.5597360027771825,491,geometry_fsm
0.0,0.0,0.0,1.0,0.0,0.006911681033670902,165,True,l_shaped,0.5024743256492846,492,geometry_fsm
0.0,0.0,0.0,0.0,0.0,4.820000171661377,18,True,l_shaped,0.45249321789687336,493,geometry_fsm
1.0,1.0,0.0,0.0,0.0,0.18088947236537933,96,True,straight,0.78822288455471,494,geometry_fsm
1.0,1.0,0.0,1.0,0.0,0.029833553358912468,75,True,narrow_exit,0.45400128804807605,495,geometry_fsm
1.0,1.0,0.0,1.0,0.0,0.034334033727645874,91,True,l_shaped,0.5302308343152444,496,geometry_fsm
1.0,1.0,0.0,0.0,0.0,0.11194323003292084,93,True,straight,0.8141176441223474,497,geometry_fsm
1.0,1.0,0.0,0.0,0.0,0.12338908016681671,104,True,straight,0.783420860840579,498,geometry_fsm
1.0,1.0,0.0,0.0,0.0,0.1532214879989624,96,True,straight,0.7197207512753752,499,geometry_fsm
1.0,1.0,0.0,0.0,0.0,0.08816903084516525,75,True,narrow_entry,0.5745476255840488,0,fsm_local_memory
1.0,1.0,0.0,0.0,0.0,0.0846744179725647,86,True,straight,0.6526736720530052,1,fsm_local_memory
0.0,0.0,0.0,1.0,0.0,0.0051115467213094234,50,True,asymmetric,0.649536389472299,2,fsm_local_memory
1.0,1.0,0.0,0.0,0.0,0.10785651206970215,125,True,l_shaped,0.8868141109777066,3,fsm_local_memory
1.0,1.0,0.0,0.0,0.0,0.08646634221076965,103,True,straight,0.7573720289591046,4,fsm_local_memory
1.0,1.0,0.0,0.0,0.0,0.08230413496494293,90,True,l_shaped,0.6613001150741136,5,fsm_local_memory
1.0,1.0,0.0,0.0,0.0,0.07362280040979385,174,True,s_shaped,0.8247051882260268,6,fsm_local_memory
1.0,1.0,0.0,1.0,0.0,0.022802164778113365,102,True,narrow_exit,0.42132520855518096,7,fsm_local_memory
1.0,1.0,0.0,0.0,0.0,0.10389618575572968,109,True,s_shaped,0.7059335381788022,8,fsm_local_memory
1.0,1.0,0.0,1.0,0.0,0.0410475991666317,74,True,narrow_exit,0.47471101765127016,9,fsm_local_memory
0.0,0.0,0.0,0.0,0.0,0.07653502374887466,400,True,asymmetric,0.5552727686394033,10,fsm_local_memory
1.0,1.0,0.0,1.0,0.0,0.02798512764275074,74,True,narrow_exit,0.4500551255833867,11,fsm_local_memory
1.0,1.0,0.0,0.0,0.0,0.116836778819561,77,True,straight,0.6754701487965136,12,fsm_local_memory
1.0,1.0,0.0,1.0,0.0,0.010106593370437622,111,True,l_shaped,0.5856804401165445,13,fsm_local_memory
0.0,0.0,0.0,0.0,0.0,0.107042096555233,400,False,false_feasible,0.6164674903648799,14,fsm_local_memory
0.0,0.0,0.0,0.0,0.0,0.094333216547966,400,False,false_feasible,0.6005908411988077,15,fsm_local_memory
1.0,1.0,0.0,0.0,0.0,0.09683316200971603,115,True,s_shaped,0.7322889783160995,16,fsm_local_memory
1.0,1.0,0.0,1.0,0.0,0.015751007944345474,105,True,l_shaped,0.5150358849897211,17,fsm_local_memory
1.0,1.0,0.0,0.0,0.0,0.10491922497749329,108,True,l_shaped,0.7159119711666375,18,fsm_local_memory
1.0,1.0,0.0,1.0,0.0,0.005906230304390192,190,True,s_shaped,0.6708181474595345,19,fsm_local_memory
0.0,0.0,0.0,0.0,0.0,4.820000171661377,17,True,s_shaped,0.4597254359461487,20,fsm_local_memory
1.0,1.0,0.0,0.0,0.0,0.09827353805303574,123,True,l_shaped,0.7467401856113558,21,fsm_local_memory
1.0,1.0,0.0,0.0,0.0,0.13922788202762604,86,True,straight,0.6996836112261675,22,fsm_local_memory
1.0,1.0,0.0,0.0,0.0,0.10487291216850281,105,True,l_shaped,0.8788047277813853,23,fsm_local_memory
1.0,1.0,0.0,0.0,0.0,0.08827853947877884,113,True,straight,0.645793677001367,24,fsm_local_memory
1.0,1.0,0.0,0.0,0.0,0.09324789047241211,93,True,asymmetric,0.8520509878640384,25,fsm_local_memory
1.0,1.0,0.0,0.0,0.0,0.08211294561624527,77,True,narrow_entry,0.5886263670960803,26,fsm_local_memory
1.0,1.0,0.0,1.0,0.0,0.03320647031068802,105,True,narrow_exit,0.475858261122017,27,fsm_local_memory
1.0,1.0,0.0,1.0,0.0,0.035771679133176804,78,True,straight,0.5533452134994848,28,fsm_local_memory
1.0,1.0,0.0,1.0,0.0,0.04658341035246849,124,True,s_shaped,0.762418096039299,29,fsm_local_memory
1.0,1.0,0.0,0.0,0.0,0.2117699831724167,87,True,straight,0.8674031479529285,30,fsm_local_memory
1.0,1.0,0.0,0.0,0.0,0.09246876835823059,73,True,narrow_exit,0.5864655172761648,31,fsm_local_memory
1.0,1.0,0.0,0.0,0.0,0.1206139400601387,110,True,straight,0.6386014436923367,32,fsm_local_memory
1.0,1.0,0.0,1.0,0.0,0.04892197996377945,105,True,asymmetric,0.6603217206998813,33,fsm_local_memory
1.0,1.0,0.0,1.0,0.0,0.018295368179678917,175,True,s_shaped,0.722707119315005,34,fsm_local_memory
1.0,1.0,0.0,1.0,0.0,0.02203908935189247,84,True,asymmetric,0.6542535969343349,35,fsm_local_memory
1.0,1.0,0.0,1.0,0.0,0.031769149005413055,77,True,narrow_exit,0.47586024130633336,36,fsm_local_memory
1.0,1.0,0.0,1.0,0.0,0.024967025965452194,73,True,straight,0.5019705286494097,37,fsm_local_memory
1.0,1.0,0.0,0.0,0.0,0.17606152594089508,98,True,straight,0.7160147172499371,38,fsm_local_memory
0.0,0.0,0.0,0.0,0.0,0.1938822716474533,99,True,s_shaped,0.8437522240055739,39,fsm_local_memory
0.0,0.0,0.0,0.0,0.0,4.820000171661377,18,True,s_shaped,0.4721643539674173,40,fsm_local_memory
1.0,1.0,0.0,0.0,0.0,0.17385514080524445,108,True,straight,0.8296087282189888,41,fsm_local_memory
1.0,1.0,0.0,1.0,0.0,0.02545781247317791,95,True,narrow_entry,0.5602193438240632,42,fsm_local_memory
1.0,1.0,0.0,1.0,0.0,0.040410928428173065,92,True,l_shaped,0.7378034720566995,43,fsm_local_memory
1.0,1.0,0.0,0.0,0.0,0.06414861232042313,100,True,l_shaped,0.6148766024218113,44,fsm_local_memory
0.0,0.0,0.0,0.0,0.0,0.11492378264665604,400,False,false_feasible,0.6320903012511723,45,fsm_local_memory
1.0,1.0,0.0,0.0,0.0,0.09025216102600098,107,True,l_shaped,0.7807019230396308,46,fsm_local_memory
1.0,1.0,0.0,0.0,0.0,0.09104153513908386,77,True,straight,0.7765720327221421,47,fsm_local_memory
0.0,0.0,0.0,0.0,0.0,0.11829172074794769,400,False,false_feasible,0.6984205011165886,48,fsm_local_memory
1.0,1.0,0.0,0.0,0.0,0.06463272869586945,90,True,narrow_exit,0.5230374925260929,49,fsm_local_memory
0.0,0.0,0.0,1.0,0.0,0.0002742412325460464,122,True,s_shaped,0.7198170486851756,50,fsm_local_memory
1.0,1.0,0.0,0.0,0.0,0.05329931527376175,101,True,narrow_entry,0.48005479649908284,51,fsm_local_memory
1.0,1.0,0.0,0.0,0.0,0.07726208120584488,108,True,straight,0.5165025176439862,52,fsm_local_memory
0.0,0.0,0.0,1.0,0.0,0.00016300551942549646,34,True,narrow_entry,0.5885051976309232,53,fsm_local_memory
0.0,0.0,0.0,0.0,0.0,0.11005515605211258,400,False,false_feasible,0.7626334197976957,54,fsm_local_memory
0.0,0.0,0.0,1.0,0.0,0.02870841883122921,65,True,asymmetric,0.5829115614048405,55,fsm_local_memory
0.0,0.0,0.0,0.0,0.0,0.06643116474151611,400,False,false_feasible,0.6209771094660098,56,fsm_local_memory
0.0,0.0,0.0,0.0,0.0,4.820000171661377,16,True,asymmetric,0.46304977644201123,57,fsm_local_memory
1.0,1.0,0.0,1.0,0.0,0.03230713680386543,73,True,straight,0.4524434253579152,58,fsm_local_memory
1.0,1.0,0.0,0.0,0.0,0.0686764344573021,143,True,l_shaped,0.8322339793153828,59,fsm_local_memory
0.0,0.0,0.0,1.0,0.0,0.004173624329268932,55,True,asymmetric,0.4680680847961799,60,fsm_local_memory
1.0,1.0,0.0,0.0,0.0,0.14685383439064026,79,True,straight,0.7805794913708227,61,fsm_local_memory
0.0,0.0,0.0,1.0,0.0,0.0021399164106696844,96,False,false_feasible,0.563625078747824,62,fsm_local_memory
1.0,1.0,0.0,0.0,0.0,0.21991264820098877,90,True,straight,0.8910122307993866,63,fsm_local_memory
1.0,1.0,0.0,0.0,0.0,0.05697263032197952,94,True,narrow_exit,0.4742416738526492,64,fsm_local_memory
1.0,1.0,0.0,0.0,0.0,0.13235768675804138,88,True,straight,0.6787587323011239,65,fsm_local_memory
1.0,1.0,0.0,0.0,0.0,0.07866833359003067,84,True,straight,0.5751339956015659,66,fsm_local_memory
1.0,1.0,0.0,1.0,0.0,0.036513954401016235,98,True,narrow_exit,0.45917313480545313,67,fsm_local_memory
1.0,1.0,0.0,0.0,0.0,0.05268965661525726,146,True,s_shaped,0.551516790691895,68,fsm_local_memory
1.0,1.0,0.0,0.0,0.0,0.05634394288063049,86,True,narrow_entry,0.49765527513238017,69,fsm_local_memory
0.0,0.0,0.0,0.0,0.0,0.12253589183092117,400,False,false_feasible,0.6800687786851423,70,fsm_local_memory
0.0,0.0,0.0,0.0,0.0,4.820000171661377,16,True,asymmetric,0.47500556260809507,71,fsm_local_memory
1.0,1.0,0.0,0.0,0.0,0.10572193562984467,87,True,asymmetric,0.8354466106085512,72,fsm_local_memory
0.0,0.0,0.0,0.0,0.0,0.06973829865455627,400,False,false_feasible,0.6277403774801916,73,fsm_local_memory
0.0,0.0,0.0,1.0,0.0,0.007791444659233093,107,True,s_shaped,0.5236880869162331,74,fsm_local_memory
1.0,1.0,0.0,1.0,0.0,0.033909872174263,89,True,straight,0.651710525964458,75,fsm_local_memory
1.0,1.0,0.0,0.0,0.0,0.09721449017524719,110,True,s_shaped,0.6611971203856806,76,fsm_local_memory
1.0,1.0,0.0,0.0,0.0,0.056133490055799484,104,True,s_shaped,0.7139003278566582,77,fsm_local_memory
1.0,1.0,0.0,1.0,0.0,0.04261896759271622,93,True,narrow_exit,0.4859895092878702,78,fsm_local_memory
1.0,1.0,0.0,1.0,0.0,0.044289346784353256,95,True,narrow_entry,0.5108624669226296,79,fsm_local_memory
0.0,0.0,0.0,1.0,0.0,0.012363655492663383,138,True,s_shaped,0.49724087215323176,80,fsm_local_memory
1.0,1.0,0.0,0.0,0.0,0.19989736378192902,90,True,straight,0.867357206326812,81,fsm_local_memory
1.0,1.0,0.0,0.0,0.0,0.0922434851527214,100,True,straight,0.5751099479703663,82,fsm_local_memory
1.0,1.0,0.0,0.0,0.0,0.09595320373773575,100,True,narrow_exit,0.5825990169535296,83,fsm_local_memory
1.0,1.0,0.0,0.0,0.0,0.20252151787281036,88,True,straight,0.7795860763472044,84,fsm_local_memory
0.0,0.0,0.0,1.0,0.0,0.008737107738852501,400,False,false_feasible,0.6220570613719764,85,fsm_local_memory
0.0,0.0,0.0,1.0,0.0,0.038245271891355515,182,True,s_shaped,0.8934930762727168,86,fsm_local_memory
1.0,1.0,0.0,0.0,0.0,0.12125610560178757,106,True,asymmetric,0.8661157502489499,87,fsm_local_memory
1.0,1.0,0.0,1.0,0.0,0.00209811981767416,141,True,narrow_entry,0.5757821786500192,88,fsm_local_memory
0.0,0.0,0.0,0.0,0.0,4.820000171661377,15,True,asymmetric,0.4520250562228466,89,fsm_local_memory
1.0,1.0,0.0,0.0,0.0,0.07808367908000946,112,True,l_shaped,0.8337515083343607,90,fsm_local_memory
1.0,1.0,0.0,0.0,0.0,0.09432674944400787,88,True,l_shaped,0.8489509029773412,91,fsm_local_memory
0.0,0.0,0.0,0.0,0.0,0.11539734899997711,400,False,false_feasible,0.6519854877828206,92,fsm_local_memory
0.0,0.0,0.0,0.0,0.0,0.08480911701917648,400,False,false_feasible,0.5835917283282654,93,fsm_local_memory
1.0,1.0,0.0,0.0,0.0,0.07310661673545837,127,True,l_shaped,0.6391717971773747,94,fsm_local_memory
1.0,1.0,0.0,0.0,0.0,0.0699443444609642,114,True,l_shaped,0.5964042287325046,95,fsm_local_memory
1.0,1.0,0.0,0.0,0.0,0.05783650279045105,89,True,l_shaped,0.5586174277319983,96,fsm_local_memory
1.0,1.0,0.0,1.0,0.0,0.04339597001671791,112,True,narrow_entry,0.4989095265451547,97,fsm_local_memory
1.0,1.0,0.0,0.0,0.0,0.06967679411172867,97,True,narrow_entry,0.521190732072763,98,fsm_local_memory
1.0,1.0,0.0,0.0,0.0,0.2049054652452469,76,True,straight,0.8818985350481492,99,fsm_local_memory
1.0,1.0,0.0,0.0,0.0,0.14406511187553406,92,True,straight,0.6548030290852931,100,fsm_local_memory
1.0,1.0,0.0,0.0,0.0,0.06485427916049957,75,True,straight,0.6230269700954676,101,fsm_local_memory
1.0,1.0,0.0,1.0,0.0,0.03868201747536659,93,True,l_shaped,0.6273565997301439,102,fsm_local_memory
0.0,0.0,0.0,0.0,0.0,0.1103743314743042,49,True,s_shaped,0.6702759029282437,103,fsm_local_memory
1.0,1.0,0.0,1.0,0.0,0.04257941246032715,143,True,l_shaped,0.6659385302479793,104,fsm_local_memory
0.0,0.0,0.0,1.0,0.0,0.0026058435905724764,128,True,s_shaped,0.77020111871855,105,fsm_local_memory
1.0,1.0,0.0,1.0,0.0,0.011247867718338966,97,True,straight,0.4997832604029915,106,fsm_local_memory
1.0,1.0,0.0,0.0,0.0,0.09180669486522675,96,True,narrow_exit,0.5736065026816259,107,fsm_local_memory
1.0,1.0,0.0,0.0,0.0,0.0982343852519989,110,True,l_shaped,0.8634571564062063,108,fsm_local_memory
1.0,1.0,0.0,1.0,0.0,0.043123215436935425,106,True,l_shaped,0.809646085008671,109,fsm_local_memory
1.0,1.0,0.0,1.0,0.0,0.03885979950428009,73,True,straight,0.6059153949332314,110,fsm_local_memory
0.0,0.0,0.0,0.0,0.0,4.820000171661377,15,True,narrow_entry,0.47708757080339614,111,fsm_local_memory
1.0,1.0,0.0,0.0,0.0,0.10212771594524384,114,True,straight,0.6782817157119195,112,fsm_local_memory
0.0,0.0,0.0,0.0,0.0,0.0964621901512146,400,False,false_feasible,0.5817274938796283,113,fsm_local_memory
1.0,1.0,0.0,0.0,0.0,0.0817912220954895,72,True,narrow_exit,0.5705241318316682,114,fsm_local_memory
1.0,1.0,0.0,0.0,0.0,0.09652772545814514,103,True,l_shaped,0.7248465599559383,115,fsm_local_memory
1.0,1.0,0.0,0.0,0.0,0.05314731225371361,71,True,narrow_entry,0.4954690298221449,116,fsm_local_memory
1.0,1.0,0.0,0.0,0.0,0.16953694820404053,88,True,straight,0.8503453897539288,117,fsm_local_memory
0.0,0.0,0.0,0.0,0.0,0.10160381346940994,400,False,false_feasible,0.5998854982248727,118,fsm_local_memory
1.0,1.0,0.0,0.0,0.0,0.07709994912147522,120,True,l_shaped,0.6826587690822432,119,fsm_local_memory
0.0,0.0,0.0,0.0,0.0,0.09516356140375137,400,False,false_feasible,0.7495243589545832,120,fsm_local_memory
1.0,1.0,0.0,1.0,0.0,0.03612251207232475,96,True,narrow_entry,0.4910333798670148,121,fsm_local_memory
0.0,0.0,0.0,0.0,0.0,0.06510365009307861,400,False,false_feasible,0.5991855451876579,122,fsm_local_memory
0.0,0.0,0.0,1.0,0.0,0.02968347817659378,400,False,false_feasible,0.5747311262762056,123,fsm_local_memory
0.0,0.0,0.0,1.0,0.0,0.004339464008808136,90,True,s_shaped,0.5667479279345404,124,fsm_local_memory
1.0,1.0,0.0,0.0,0.0,0.0672370195388794,121,True,l_shaped,0.5826482773085442,125,fsm_local_memory
0.0,0.0,0.0,0.0,0.0,0.09423074871301651,400,False,false_feasible,0.5844483839819513,126,fsm_local_memory
1.0,1.0,0.0,1.0,0.0,0.04766266420483589,79,True,straight,0.5639649634800888,127,fsm_local_memory
0.0,0.0,0.0,0.0,0.0,4.820000171661377,15,True,narrow_entry,0.4868254746758899,128,fsm_local_memory
1.0,1.0,0.0,0.0,0.0,0.16758301854133606,75,True,straight,0.8532549370906337,129,fsm_local_memory
1.0,1.0,0.0,0.0,0.0,0.06406954675912857,90,True,straight,0.6361055690894865,130,fsm_local_memory
1.0,1.0,0.0,0.0,0.0,0.1032668948173523,87,True,asymmetric,0.8435588129350073,131,fsm_local_memory
1.0,1.0,0.0,1.0,0.0,0.03267723694443703,94,True,asymmetric,0.7998114209974616,132,fsm_local_memory
1.0,1.0,0.0,0.0,0.0,0.13141067326068878,92,True,straight,0.8785123721305574,133,fsm_local_memory
0.0,0.0,0.0,1.0,0.0,0.03646911308169365,400,True,narrow_exit,0.4254098241770122,134,fsm_local_memory
1.0,1.0,0.0,0.0,0.0,0.08573264628648758,119,True,s_shaped,0.6302030603603752,135,fsm_local_memory
1.0,1.0,0.0,0.0,0.0,0.18769389390945435,86,True,straight,0.8642996362231056,136,fsm_local_memory
1.0,1.0,0.0,0.0,0.0,0.0695599839091301,80,True,narrow_entry,0.5551509452540747,137,fsm_local_memory
1.0,1.0,0.0,0.0,0.0,0.1940082162618637,83,True,straight,0.8970158242850301,138,fsm_local_memory
1.0,1.0,0.0,1.0,0.0,0.022873887792229652,99,True,straight,0.5185470195709091,139,fsm_local_memory
1.0,1.0,0.0,0.0,0.0,0.05617012083530426,113,True,l_shaped,0.7767810577727555,140,fsm_local_memory
0.0,0.0,0.0,1.0,0.0,0.009945963509380817,80,True,l_shaped,0.5297559755621727,141,fsm_local_memory
1.0,1.0,0.0,1.0,0.0,0.02449892647564411,84,True,narrow_entry,0.5156544860875039,142,fsm_local_memory
1.0,1.0,0.0,0.0,0.0,0.07183609902858734,130,True,s_shaped,0.7028185185283498,143,fsm_local_memory
1.0,1.0,0.0,0.0,0.0,0.07728839665651321,109,True,s_shaped,0.6480225487050986,144,fsm_local_memory
1.0,1.0,0.0,1.0,0.0,0.020115725696086884,128,True,l_shaped,0.5390144312666386,145,fsm_local_memory
0.0,0.0,0.0,1.0,0.0,0.009505468420684338,154,True,l_shaped,0.5123945233050388,146,fsm_local_memory
0.0,0.0,0.0,0.0,0.0,4.820000171661377,15,True,narrow_entry,0.5298108869196912,147,fsm_local_memory
1.0,1.0,0.0,0.0,0.0,0.08460545539855957,96,True,narrow_exit,0.5775193703980521,148,fsm_local_memory
1.0,1.0,0.0,0.0,0.0,0.0931500717997551,112,True,l_shaped,0.6950467809186028,149,fsm_local_memory
0.0,0.0,0.0,0.0,0.0,0.17667850852012634,400,False,false_feasible,0.7945511076911403,150,fsm_local_memory
1.0,1.0,0.0,0.0,0.0,0.06434360146522522,88,True,narrow_exit,0.5254730473372898,151,fsm_local_memory
1.0,1.0,0.0,1.0,0.0,0.02897002547979355,86,True,straight,0.4533781647599999,152,fsm_local_memory
1.0,1.0,0.0,0.0,0.0,0.16154153645038605,77,True,straight,0.798451155532373,153,fsm_local_memory
1.0,1.0,0.0,0.0,0.0,0.06573005020618439,89,True,straight,0.5192836121599319,154,fsm_local_memory
0.0,0.0,0.0,0.0,0.0,4.820000171661377,15,False,false_feasible,0.5844993793369764,155,fsm_local_memory
1.0,1.0,0.0,0.0,0.0,0.11794385313987732,93,True,straight,0.6405729276058443,156,fsm_local_memory
1.0,1.0,0.0,0.0,0.0,0.07551709562540054,75,True,narrow_exit,0.5129626924744154,157,fsm_local_memory
1.0,1.0,0.0,1.0,0.0,0.01866058260202408,116,True,s_shaped,0.6411496161669552,158,fsm_local_memory
1.0,1.0,0.0,1.0,0.0,0.036255404353141785,121,True,s_shaped,0.5946955570084048,159,fsm_local_memory
1.0,1.0,0.0,1.0,0.0,0.039330605417490005,94,True,straight,0.5190864849245762,160,fsm_local_memory
1.0,1.0,0.0,1.0,0.0,0.03392389044165611,105,True,straight,0.6463424968624184,161,fsm_local_memory
0.0,0.0,0.0,0.0,0.0,4.820000171661377,16,True,asymmetric,0.525600381860042,162,fsm_local_memory
1.0,1.0,0.0,1.0,0.0,0.049969058483839035,150,True,l_shaped,0.7820089002478678,163,fsm_local_memory
1.0,1.0,0.0,0.0,0.0,0.058066967874765396,120,True,l_shaped,0.5486351474153845,164,fsm_local_memory
1.0,1.0,0.0,0.0,0.0,0.13738007843494415,91,True,straight,0.8203984302631049,165,fsm_local_memory
1.0,1.0,0.0,0.0,0.0,0.07649016380310059,111,True,narrow_exit,0.5775151558297348,166,fsm_local_memory
1.0,1.0,0.0,0.0,0.0,0.05727018043398857,95,True,narrow_exit,0.5219557171457361,167,fsm_local_memory
1.0,1.0,0.0,0.0,0.0,0.13841897249221802,92,True,straight,0.720701303605207,168,fsm_local_memory
1.0,1.0,0.0,1.0,0.0,0.04050898924469948,82,True,narrow_entry,0.5210201522202079,169,fsm_local_memory
1.0,1.0,0.0,1.0,0.0,0.035756662487983704,111,True,narrow_exit,0.4582098849913337,170,fsm_local_memory
1.0,1.0,0.0,1.0,0.0,0.04905852675437927,107,True,s_shaped,0.6642412905053974,171,fsm_local_memory
0.0,0.0,0.0,0.0,0.0,4.820000171661377,17,True,l_shaped,0.49462063676946644,172,fsm_local_memory
1.0,1.0,0.0,0.0,0.0,0.07902320474386215,86,True,l_shaped,0.6123414089332142,173,fsm_local_memory
1.0,1.0,0.0,0.0,0.0,0.1361905038356781,77,True,asymmetric,0.8683499794137999,174,fsm_local_memory
1.0,1.0,0.0,1.0,0.0,0.013445215299725533,74,True,narrow_entry,0.5146908948394837,175,fsm_local_memory
1.0,1.0,0.0,0.0,0.0,0.0889175608754158,93,True,narrow_exit,0.5961541459020789,176,fsm_local_memory
1.0,1.0,0.0,1.0,0.0,0.04814587160944939,95,True,l_shaped,0.7131387162622216,177,fsm_local_memory
1.0,1.0,0.0,0.0,0.0,0.05140912905335426,98,True,narrow_exit,0.49767342066372383,178,fsm_local_memory
1.0,1.0,0.0,0.0,0.0,0.08946652710437775,104,True,l_shaped,0.6529709250833649,179,fsm_local_memory
1.0,1.0,0.0,0.0,0.0,0.06873388588428497,85,True,l_shaped,0.6203667544018789,180,fsm_local_memory
1.0,1.0,0.0,0.0,0.0,0.08151698112487793,110,True,narrow_exit,0.5688221787462739,181,fsm_local_memory
0.0,0.0,0.0,0.0,0.0,0.15520420670509338,400,False,false_feasible,0.7809751001363575,182,fsm_local_memory
1.0,1.0,0.0,1.0,0.0,0.019987856969237328,73,True,narrow_entry,0.5093551468390755,183,fsm_local_memory
1.0,1.0,0.0,1.0,0.0,0.016186414286494255,132,True,l_shaped,0.7042850597838175,184,fsm_local_memory
0.0,0.0,0.0,0.0,0.0,0.09699343144893646,400,False,false_feasible,0.7639105304256009,185,fsm_local_memory
1.0,1.0,0.0,0.0,0.0,0.0700010433793068,125,True,s_shaped,0.7039767061616304,186,fsm_local_memory
1.0,1.0,0.0,1.0,0.0,0.045984748750925064,106,True,narrow_entry,0.47119148422321355,187,fsm_local_memory
1.0,1.0,0.0,0.0,0.0,0.05618017911911011,95,True,narrow_exit,0.48781212141747776,188,fsm_local_memory
0.0,0.0,0.0,0.0,0.0,4.820000171661377,17,True,l_shaped,0.5128306443806043,189,fsm_local_memory
1.0,1.0,0.0,0.0,0.0,0.06573360413312912,77,True,asymmetric,0.888487705398981,190,fsm_local_memory
1.0,1.0,0.0,1.0,0.0,0.0451824888586998,116,True,straight,0.6905703380801739,191,fsm_local_memory
1.0,1.0,0.0,0.0,0.0,0.07519952207803726,110,True,narrow_entry,0.5825380476131046,192,fsm_local_memory
0.0,0.0,0.0,1.0,0.0,0.008644661866128445,63,True,asymmetric,0.5200909519385607,193,fsm_local_memory
0.0,0.0,0.0,0.0,0.0,0.10448843240737915,400,False,false_feasible,0.5973408729182135,194,fsm_local_memory
0.0,0.0,0.0,0.0,0.0,0.17182689905166626,400,False,false_feasible,0.7858455878194632,195,fsm_local_memory
1.0,1.0,0.0,1.0,0.0,0.03293542563915253,87,True,narrow_entry,0.5021526944223321,196,fsm_local_memory
1.0,1.0,0.0,1.0,0.0,0.025425732135772705,75,True,narrow_entry,0.5875232079380317,197,fsm_local_memory
1.0,1.0,0.0,0.0,0.0,0.09904967248439789,127,True,l_shaped,0.6820900543296231,198,fsm_local_memory
0.0,0.0,0.0,1.0,0.0,0.003566581988707185,31,True,straight,0.5378059084915514,199,fsm_local_memory
1.0,1.0,0.0,0.0,0.0,0.081094890832901,106,True,narrow_exit,0.531202003531005,200,fsm_local_memory
1.0,1.0,0.0,0.0,0.0,0.08728606253862381,111,True,l_shaped,0.6470287045541268,201,fsm_local_memory
1.0,1.0,0.0,0.0,0.0,0.0831889808177948,109,True,l_shaped,0.7439363482602684,202,fsm_local_memory
0.0,0.0,0.0,1.0,0.0,0.01758270524442196,400,False,false_feasible,0.5768280907081301,203,fsm_local_memory
1.0,1.0,0.0,1.0,0.0,0.028794946148991585,146,True,s_shaped,0.6397947282215526,204,fsm_local_memory
0.0,0.0,0.0,1.0,0.0,0.003962544724345207,84,True,s_shaped,0.8535399172158142,205,fsm_local_memory
1.0,1.0,0.0,1.0,0.0,0.04352547228336334,99,True,narrow_exit,0.48258125427046256,206,fsm_local_memory
1.0,1.0,0.0,0.0,0.0,0.07299501448869705,135,True,s_shaped,0.8154553325341767,207,fsm_local_memory
1.0,1.0,0.0,0.0,0.0,0.08231888711452484,103,True,straight,0.7320712422528939,208,fsm_local_memory
1.0,1.0,0.0,0.0,0.0,0.2233027219772339,78,True,straight,0.8802209967851831,209,fsm_local_memory
0.0,0.0,0.0,0.0,0.0,0.08385121077299118,106,True,s_shaped,0.8472715047153352,210,fsm_local_memory
1.0,1.0,0.0,1.0,0.0,0.045637961477041245,95,True,l_shaped,0.5887499417787799,211,fsm_local_memory
1.0,1.0,0.0,0.0,0.0,0.0939793512225151,104,True,narrow_entry,0.5667131573193758,212,fsm_local_memory
1.0,1.0,0.0,0.0,0.0,0.07039175927639008,113,True,s_shaped,0.6264270100869495,213,fsm_local_memory
1.0,1.0,0.0,0.0,0.0,0.08529987186193466,104,True,l_shaped,0.6161727786034359,214,fsm_local_memory
1.0,1.0,0.0,0.0,0.0,0.05457882210612297,97,True,asymmetric,0.8994733368001464,215,fsm_local_memory
1.0,1.0,0.0,0.0,0.0,0.1242450475692749,91,True,straight,0.6647402849773161,216,fsm_local_memory
1.0,1.0,0.0,1.0,0.0,0.03409060090780258,105,True,narrow_exit,0.4605319798989982,217,fsm_local_memory
0.0,0.0,0.0,1.0,0.0,0.005792753305286169,58,True,asymmetric,0.5914565741834572,218,fsm_local_memory
1.0,1.0,0.0,1.0,0.0,0.034364063292741776,281,True,l_shaped,0.5264099881977184,219,fsm_local_memory
1.0,1.0,0.0,0.0,0.0,0.08509055525064468,83,True,narrow_exit,0.5661578762718981,220,fsm_local_memory
0.0,0.0,0.0,0.0,0.0,0.07752406597137451,400,True,asymmetric,0.5558653747870402,221,fsm_local_memory
1.0,1.0,0.0,1.0,0.0,0.03760146722197533,80,True,narrow_entry,0.4880972425602814,222,fsm_local_memory
1.0,1.0,0.0,1.0,0.0,0.0007247645989991724,95,True,straight,0.5435991331688073,223,fsm_local_memory
1.0,1.0,0.0,0.0,0.0,0.0895901620388031,95,True,l_shaped,0.7861841102834488,224,fsm_local_memory
1.0,1.0,0.0,1.0,0.0,0.0001955429615918547,159,True,asymmetric,0.739013588355597,225,fsm_local_memory
1.0,1.0,0.0,1.0,0.0,0.022919276729226112,80,True,narrow_entry,0.4376018395401797,226,fsm_local_memory
0.0,0.0,0.0,0.0,0.0,4.820000171661377,16,True,narrow_entry,0.5644897089519058,227,fsm_local_memory
0.0,0.0,0.0,1.0,0.0,0.007867339067161083,82,True,s_shaped,0.5511102635456432,228,fsm_local_memory
1.0,1.0,0.0,1.0,0.0,0.04491052404046059,132,True,l_shaped,0.862828015169764,229,fsm_local_memory
1.0,1.0,0.0,1.0,0.0,0.013611802831292152,110,True,l_shaped,0.7285123715280867,230,fsm_local_memory
1.0,1.0,0.0,0.0,0.0,0.08035648614168167,176,True,s_shaped,0.8445051624382662,231,fsm_local_memory
1.0,1.0,0.0,0.0,0.0,0.09789165109395981,107,True,l_shaped,0.676293721641159,232,fsm_local_memory
1.0,1.0,0.0,0.0,0.0,0.11849261820316315,114,True,l_shaped,0.7814354479658496,233,fsm_local_memory
1.0,1.0,0.0,1.0,0.0,0.02366182766854763,102,True,narrow_entry,0.5971533476906399,234,fsm_local_memory
1.0,1.0,0.0,0.0,0.0,0.09603562206029892,122,True,s_shaped,0.8439925700372564,235,fsm_local_memory
0.0,0.0,0.0,0.0,0.0,4.820000171661377,14,True,narrow_entry,0.5291453112387963,236,fsm_local_memory
1.0,1.0,0.0,1.0,0.0,0.04566577076911926,108,True,narrow_exit,0.4826896590230621,237,fsm_local_memory
1.0,1.0,0.0,0.0,0.0,0.16847723722457886,82,True,straight,0.7873675879700865,238,fsm_local_memory
0.0,0.0,0.0,0.0,0.0,4.820000171661377,18,True,asymmetric,0.5471661556940697,239,fsm_local_memory
1.0,1.0,0.0,1.0,0.0,0.03551614284515381,92,True,narrow_entry,0.5539190500850983,240,fsm_local_memory
1.0,1.0,0.0,0.0,0.0,0.07897064089775085,86,True,asymmetric,0.8152885670486694,241,fsm_local_memory
0.0,0.0,0.0,0.0,0.0,4.820000171661377,18,True,l_shaped,0.5261106183222851,242,fsm_local_memory
1.0,1.0,0.0,0.0,0.0,0.05842820554971695,104,True,straight,0.5096439364281361,243,fsm_local_memory
1.0,1.0,0.0,0.0,0.0,0.055786408483982086,100,True,narrow_exit,0.5139825167225671,244,fsm_local_memory
1.0,1.0,0.0,0.0,0.0,0.18382510542869568,82,True,straight,0.8084572784112112,245,fsm_local_memory
0.0,0.0,0.0,0.0,0.0,0.09885363280773163,400,True,asymmetric,0.5985905830189792,246,fsm_local_memory
1.0,1.0,0.0,0.0,0.0,0.07079309225082397,82,True,narrow_exit,0.5223900849691774,247,fsm_local_memory
1.0,1.0,0.0,0.0,0.0,0.08978445082902908,98,True,narrow_exit,0.5414550641484401,248,fsm_local_memory
1.0,1.0,0.0,1.0,0.0,0.017402270808815956,90,True,straight,0.5500655675535648,249,fsm_local_memory
1.0,1.0,0.0,1.0,0.0,0.021001633256673813,104,True,asymmetric,0.6956092285827585,250,fsm_local_memory
0.0,0.0,0.0,0.0,0.0,0.060461610555648804,147,True,s_shaped,0.7208986335873884,251,fsm_local_memory
0.0,0.0,0.0,0.0,0.0,0.0540030337870121,400,True,s_shaped,0.8829899948406159,252,fsm_local_memory
0.0,0.0,0.0,0.0,0.0,4.820000171661377,16,True,narrow_entry,0.42578683580451304,253,fsm_local_memory
1.0,1.0,0.0,0.0,0.0,0.08129285275936127,112,True,l_shaped,0.7387025966839585,254,fsm_local_memory
1.0,1.0,0.0,0.0,0.0,0.06393437832593918,83,True,narrow_entry,0.5997891499718648,255,fsm_local_memory
0.0,0.0,0.0,0.0,0.0,0.119744211435318,400,False,false_feasible,0.6816933078405769,256,fsm_local_memory
1.0,1.0,0.0,0.0,0.0,0.06579087674617767,129,True,l_shaped,0.64791406911621,257,fsm_local_memory
1.0,1.0,0.0,0.0,0.0,0.07920798659324646,108,True,l_shaped,0.6962772785421936,258,fsm_local_memory
1.0,1.0,0.0,0.0,0.0,0.09077706933021545,84,True,l_shaped,0.5988046486258587,259,fsm_local_memory
1.0,1.0,0.0,1.0,0.0,0.02562348172068596,79,True,narrow_entry,0.4238080820561928,260,fsm_local_memory
1.0,1.0,0.0,0.0,0.0,0.07648938149213791,74,True,straight,0.7117772840814217,261,fsm_local_memory
1.0,1.0,0.0,1.0,0.0,0.024190742522478104,106,True,narrow_exit,0.43292348562480826,262,fsm_local_memory
0.0,0.0,0.0,1.0,0.0,0.03140615299344063,400,False,false_feasible,0.5875098945620526,263,fsm_local_memory
1.0,1.0,0.0,0.0,0.0,0.10733532905578613,92,True,l_shaped,0.6647548094891085,264,fsm_local_memory
1.0,1.0,0.0,0.0,0.0,0.1339963674545288,96,True,straight,0.6476303309426706,265,fsm_local_memory
1.0,1.0,0.0,1.0,0.0,0.045072752982378006,76,True,asymmetric,0.7702676194137246,266,fsm_local_memory
1.0,1.0,0.0,1.0,0.0,0.009612924419343472,172,True,s_shaped,0.6362686435745704,267,fsm_local_memory
0.0,0.0,0.0,0.0,0.0,0.05472728610038757,400,False,false_feasible,0.5530129657539813,268,fsm_local_memory
1.0,1.0,0.0,1.0,0.0,0.026849929243326187,98,True,asymmetric,0.7262227151140552,269,fsm_local_memory
1.0,1.0,0.0,1.0,0.0,0.0118222301825881,84,True,narrow_entry,0.5050443619616078,270,fsm_local_memory
0.0,0.0,0.0,1.0,0.0,0.0019451335538178682,30,True,straight,0.5488108164909411,271,fsm_local_memory
1.0,1.0,0.0,0.0,0.0,0.09938907623291016,113,True,l_shaped,0.8368025100385041,272,fsm_local_memory
1.0,1.0,0.0,0.0,0.0,0.09122874587774277,108,True,l_shaped,0.7618169657636347,273,fsm_local_memory
1.0,1.0,0.0,0.0,0.0,0.1255468726158142,102,True,straight,0.6638875280476219,274,fsm_local_memory
1.0,1.0,0.0,1.0,0.0,0.011033611372113228,113,True,asymmetric,0.6840323605176697,275,fsm_local_memory
1.0,1.0,0.0,1.0,0.0,0.028636610135436058,107,True,s_shaped,0.5137375355878072,276,fsm_local_memory
1.0,1.0,0.0,0.0,0.0,0.082651287317276,114,True,s_shaped,0.6848443956099852,277,fsm_local_memory
1.0,1.0,0.0,1.0,0.0,0.04488123580813408,90,True,straight,0.5617324115483817,278,fsm_local_memory
1.0,1.0,0.0,1.0,0.0,0.012088024988770485,138,True,l_shaped,0.6886985308213855,279,fsm_local_memory
1.0,1.0,0.0,0.0,0.0,0.10567872226238251,111,True,straight,0.8022692545418904,280,fsm_local_memory
1.0,1.0,0.0,1.0,0.0,0.008716320618987083,147,True,narrow_entry,0.5617600052753791,281,fsm_local_memory
0.0,0.0,0.0,1.0,0.0,0.007690947502851486,90,True,s_shaped,0.5160344549434437,282,fsm_local_memory
0.0,0.0,0.0,1.0,0.0,0.005769757553935051,400,True,s_shaped,0.8901205856045911,283,fsm_local_memory
1.0,1.0,0.0,0.0,0.0,0.10106255114078522,109,True,straight,0.6406448042477723,284,fsm_local_memory
1.0,1.0,0.0,0.0,0.0,0.08289129287004471,110,True,l_shaped,0.6770453578667718,285,fsm_local_memory
0.0,0.0,0.0,0.0,0.0,0.20355525612831116,81,True,s_shaped,0.8894371798868155,286,fsm_local_memory
1.0,1.0,0.0,0.0,0.0,0.18529918789863586,81,True,straight,0.7536657385826413,287,fsm_local_memory
0.0,0.0,0.0,0.0,0.0,4.820000171661377,15,True,narrow_entry,0.48503380179348293,288,fsm_local_memory
1.0,1.0,0.0,0.0,0.0,0.08306654542684555,77,True,straight,0.6725701007885039,289,fsm_local_memory
1.0,1.0,0.0,0.0,0.0,0.22353434562683105,108,True,straight,0.813124900959316,290,fsm_local_memory
0.0,0.0,0.0,0.0,0.0,4.820000171661377,15,True,narrow_entry,0.4814768871962921,291,fsm_local_memory
1.0,1.0,0.0,0.0,0.0,0.20298424363136292,83,True,straight,0.8674507811043997,292,fsm_local_memory
1.0,1.0,0.0,0.0,0.0,0.07299969345331192,89,True,l_shaped,0.5732577758727204,293,fsm_local_memory
1.0,1.0,0.0,1.0,0.0,0.04184844717383385,102,True,l_shaped,0.5975657475888168,294,fsm_local_memory
0.0,0.0,0.0,0.0,0.0,0.08330529928207397,400,False,false_feasible,0.6829559639444835,295,fsm_local_memory
0.0,0.0,0.0,0.0,0.0,4.820000171661377,17,True,narrow_entry,0.475522732049595,296,fsm_local_memory
1.0,1.0,0.0,0.0,0.0,0.08008997142314911,96,True,narrow_exit,0.56386012589863,297,fsm_local_memory
0.0,0.0,0.0,0.0,0.0,4.820000171661377,18,True,s_shaped,0.4691060787726442,298,fsm_local_memory
0.0,0.0,0.0,0.0,0.0,0.10091693699359894,85,True,asymmetric,0.6416869341657822,299,fsm_local_memory
1.0,1.0,0.0,0.0,0.0,0.09452341496944427,116,True,l_shaped,0.7046055987183408,300,fsm_local_memory
0.0,0.0,0.0,1.0,0.0,0.03393610939383507,400,False,false_feasible,0.5855259814629107,301,fsm_local_memory
1.0,1.0,0.0,0.0,0.0,0.0736384317278862,102,True,straight,0.7037380815620913,302,fsm_local_memory
0.0,0.0,0.0,1.0,0.0,0.015192913822829723,400,True,asymmetric,0.48038729148812404,303,fsm_local_memory
1.0,1.0,0.0,0.0,0.0,0.06839089095592499,96,True,straight,0.5954696479642971,304,fsm_local_memory
1.0,1.0,0.0,1.0,0.0,0.014005973935127258,112,True,straight,0.4968681722112922,305,fsm_local_memory
0.0,0.0,0.0,0.0,0.0,0.05317603051662445,400,True,s_shaped,0.8650609373457014,306,fsm_local_memory
1.0,1.0,0.0,0.0,0.0,0.09279435873031616,113,True,s_shaped,0.6372727560302809,307,fsm_local_memory
0.0,0.0,0.0,1.0,0.0,0.005444647278636694,87,True,narrow_exit,0.43692381639038946,308,fsm_local_memory
1.0,1.0,0.0,1.0,0.0,0.04546026140451431,101,True,l_shaped,0.6157548738928549,309,fsm_local_memory
1.0,1.0,0.0,1.0,0.0,0.03478163108229637,108,True,l_shaped,0.5386317941790119,310,fsm_local_memory
0.0,0.0,0.0,0.0,0.0,4.820000171661377,16,True,narrow_entry,0.5257535086600513,311,fsm_local_memory
1.0,1.0,0.0,0.0,0.0,0.05205550417304039,123,True,s_shaped,0.7642432835408647,312,fsm_local_memory
1.0,1.0,0.0,0.0,0.0,0.06497187912464142,176,True,s_shaped,0.7755441157697789,313,fsm_local_memory
1.0,1.0,0.0,0.0,0.0,0.12107276171445847,80,True,straight,0.7002856335590052,314,fsm_local_memory
1.0,1.0,0.0,1.0,0.0,0.042394042015075684,139,True,s_shaped,0.5346469026546081,315,fsm_local_memory
1.0,1.0,0.0,0.0,0.0,0.07613580673933029,112,True,straight,0.5815401945434963,316,fsm_local_memory
0.0,0.0,0.0,1.0,0.0,0.0038888277485966682,72,True,l_shaped,0.584606314874935,317,fsm_local_memory
0.0,0.0,0.0,0.0,0.0,0.12427541613578796,400,False,false_feasible,0.6679100476560947,318,fsm_local_memory
1.0,1.0,0.0,0.0,0.0,0.11334128677845001,75,True,asymmetric,0.8977542377957146,319,fsm_local_memory
1.0,1.0,0.0,0.0,0.0,0.062147170305252075,75,True,narrow_entry,0.5854642047991006,320,fsm_local_memory
0.0,0.0,0.0,1.0,0.0,0.014350967481732368,400,False,false_feasible,0.5995294353530227,321,fsm_local_memory
1.0,1.0,0.0,0.0,0.0,0.05679793283343315,184,True,s_shaped,0.7603928317998392,322,fsm_local_memory
1.0,1.0,0.0,0.0,0.0,0.05269429832696915,108,True,narrow_entry,0.5502741522345308,323,fsm_local_memory
1.0,1.0,0.0,0.0,0.0,0.21908588707447052,80,True,straight,0.8341335779160304,324,fsm_local_memory
0.0,0.0,0.0,0.0,0.0,4.820000171661377,16,True,narrow_entry,0.5101189513190285,325,fsm_local_memory
1.0,1.0,0.0,0.0,0.0,0.05503462255001068,99,True,asymmetric,0.7493462845218546,326,fsm_local_memory
0.0,0.0,0.0,1.0,0.0,0.0017180618597194552,60,True,l_shaped,0.5874662755670266,327,fsm_local_memory
1.0,1.0,0.0,0.0,0.0,0.1856776624917984,105,True,straight,0.7622367003940507,328,fsm_local_memory
0.0,0.0,0.0,0.0,0.0,4.820000171661377,17,True,straight,0.4712626524854183,329,fsm_local_memory
1.0,1.0,0.0,0.0,0.0,0.059959422796964645,86,True,narrow_entry,0.52658390848266,330,fsm_local_memory
1.0,1.0,0.0,0.0,0.0,0.05702783167362213,107,True,l_shaped,0.5352710747342472,331,fsm_local_memory
1.0,1.0,0.0,1.0,0.0,0.040149640291929245,83,True,asymmetric,0.8125977142540357,332,fsm_local_memory
0.0,0.0,0.0,1.0,0.0,0.044113997370004654,400,False,false_feasible,0.6843593933384942,333,fsm_local_memory
0.0,0.0,0.0,0.0,0.0,4.820000171661377,15,True,straight,0.5390913358876082,334,fsm_local_memory
1.0,1.0,0.0,0.0,0.0,0.05917618051171303,102,True,narrow_entry,0.5445324710314174,335,fsm_local_memory
1.0,1.0,0.0,0.0,0.0,0.10355499386787415,121,True,l_shaped,0.7637731478234682,336,fsm_local_memory
0.0,0.0,0.0,0.0,0.0,0.08993089944124222,400,False,false_feasible,0.6006013198759406,337,fsm_local_memory
1.0,1.0,0.0,0.0,0.0,0.08420757204294205,102,True,narrow_exit,0.5354784966013542,338,fsm_local_memory
1.0,1.0,0.0,0.0,0.0,0.05320761725306511,93,True,straight,0.5729204433264841,339,fsm_local_memory
1.0,1.0,0.0,0.0,0.0,0.1685660034418106,80,True,straight,0.716523727699982,340,fsm_local_memory
1.0,1.0,0.0,0.0,0.0,0.053920868784189224,106,True,narrow_exit,0.5003250038090357,341,fsm_local_memory
1.0,1.0,0.0,1.0,0.0,0.01825225166976452,80,True,straight,0.5143533305968733,342,fsm_local_memory
1.0,1.0,0.0,0.0,0.0,0.05201869457960129,168,True,s_shaped,0.555678073466654,343,fsm_local_memory
1.0,1.0,0.0,0.0,0.0,0.16229845583438873,110,True,straight,0.7238968886820527,344,fsm_local_memory
0.0,0.0,0.0,1.0,0.0,0.047317877411842346,400,False,false_feasible,0.6805353618022505,345,fsm_local_memory
0.0,0.0,0.0,0.0,0.0,0.09748315811157227,400,False,false_feasible,0.619299535052635,346,fsm_local_memory
0.0,0.0,0.0,1.0,0.0,0.0003865565231535584,50,True,s_shaped,0.5037517961679152,347,fsm_local_memory
0.0,0.0,0.0,0.0,0.0,4.820000171661377,17,True,l_shaped,0.5234430081230041,348,fsm_local_memory
0.0,0.0,0.0,0.0,0.0,0.0997345969080925,400,False,false_feasible,0.7572718958339757,349,fsm_local_memory
1.0,1.0,0.0,1.0,0.0,0.02754095010459423,91,True,narrow_exit,0.42223149850484326,350,fsm_local_memory
1.0,1.0,0.0,0.0,0.0,0.08248724043369293,116,True,l_shaped,0.6873951935237322,351,fsm_local_memory
1.0,1.0,0.0,0.0,0.0,0.10796262323856354,116,True,s_shaped,0.6746761156383666,352,fsm_local_memory
0.0,0.0,0.0,1.0,0.0,0.0023788439575582743,52,True,s_shaped,0.4639476548165105,353,fsm_local_memory
0.0,0.0,0.0,0.0,0.0,4.820000171661377,19,True,straight,0.4949783350985309,354,fsm_local_memory
1.0,1.0,0.0,0.0,0.0,0.05430278182029724,98,True,narrow_exit,0.5181368822200751,355,fsm_local_memory
0.0,0.0,0.0,0.0,0.0,0.16408151388168335,400,False,false_feasible,0.7590499377394438,356,fsm_local_memory
1.0,1.0,0.0,0.0,0.0,0.07578014582395554,128,True,s_shaped,0.6310668974274827,357,fsm_local_memory
1.0,1.0,0.0,1.0,0.0,0.02853579632937908,112,True,straight,0.633085127725872,358,fsm_local_memory
0.0,0.0,0.0,0.0,0.0,0.05289807170629501,400,True,narrow_exit,0.4256846395247397,359,fsm_local_memory
1.0,1.0,0.0,0.0,0.0,0.0802011489868164,117,True,l_shaped,0.8489905011575196,360,fsm_local_memory
1.0,1.0,0.0,0.0,0.0,0.1871456801891327,106,True,straight,0.8373987758344472,361,fsm_local_memory
0.0,0.0,0.0,0.0,0.0,0.1736823171377182,400,False,false_feasible,0.7829560726988289,362,fsm_local_memory
1.0,1.0,0.0,0.0,0.0,0.12890088558197021,107,True,straight,0.6734542037162343,363,fsm_local_memory
1.0,1.0,0.0,0.0,0.0,0.052025727927684784,114,True,s_shaped,0.6589807318427364,364,fsm_local_memory
0.0,0.0,0.0,0.0,0.0,0.07629166543483734,400,True,asymmetric,0.5809726586027926,365,fsm_local_memory
1.0,1.0,0.0,0.0,0.0,0.06883673369884491,148,True,s_shaped,0.8162620576693067,366,fsm_local_memory
1.0,1.0,0.0,0.0,0.0,0.0648568645119667,102,True,l_shaped,0.8283132767401924,367,fsm_local_memory
0.0,0.0,0.0,1.0,0.0,0.04228929430246353,400,True,asymmetric,0.48155149441988276,368,fsm_local_memory
1.0,1.0,0.0,0.0,0.0,0.08499699831008911,101,True,narrow_exit,0.5672103557924545,369,fsm_local_memory
1.0,1.0,0.0,0.0,0.0,0.10542365163564682,83,True,straight,0.7122071077788414,370,fsm_local_memory
1.0,1.0,0.0,0.0,0.0,0.09125984460115433,87,True,narrow_exit,0.5907563642249145,371,fsm_local_memory
1.0,1.0,0.0,0.0,0.0,0.17103257775306702,73,True,straight,0.8188461987908233,372,fsm_local_memory
1.0,1.0,0.0,0.0,0.0,0.06849132478237152,101,True,narrow_exit,0.5662134503646514,373,fsm_local_memory
1.0,1.0,0.0,0.0,0.0,0.1616969257593155,110,True,straight,0.7392616939501118,374,fsm_local_memory
1.0,1.0,0.0,0.0,0.0,0.19688530266284943,81,True,straight,0.8372535998731345,375,fsm_local_memory
1.0,1.0,0.0,0.0,0.0,0.0932580828666687,93,True,straight,0.7004187407298574,376,fsm_local_memory
0.0,0.0,0.0,0.0,0.0,4.820000171661377,18,True,s_shaped,0.5255720912694887,377,fsm_local_memory
1.0,1.0,0.0,1.0,0.0,0.026680748909711838,135,True,l_shaped,0.6997690282736465,378,fsm_local_memory
0.0,0.0,0.0,0.0,0.0,4.820000171661377,16,True,narrow_entry,0.43675967955453554,379,fsm_local_memory
1.0,1.0,0.0,1.0,0.0,0.04131345450878143,97,True,l_shaped,0.5339979466629434,380,fsm_local_memory
1.0,1.0,0.0,0.0,0.0,0.19304676353931427,103,True,straight,0.8469349692471471,381,fsm_local_memory
1.0,1.0,0.0,0.0,0.0,0.08432501554489136,77,True,narrow_exit,0.5854397396219889,382,fsm_local_memory
1.0,1.0,0.0,1.0,0.0,0.04037816449999809,138,True,s_shaped,0.7539050118042848,383,fsm_local_memory
1.0,1.0,0.0,0.0,0.0,0.053060829639434814,83,True,narrow_entry,0.5367474224646778,384,fsm_local_memory
1.0,1.0,0.0,0.0,0.0,0.0630030557513237,100,True,narrow_exit,0.5445393166870626,385,fsm_local_memory
0.0,0.0,0.0,1.0,0.0,0.01228028442710638,75,True,asymmetric,0.48381273356948834,386,fsm_local_memory
1.0,1.0,0.0,0.0,0.0,0.0702451691031456,73,True,narrow_exit,0.5086433250600779,387,fsm_local_memory
1.0,1.0,0.0,0.0,0.0,0.0655689537525177,89,True,l_shaped,0.7789634429167849,388,fsm_local_memory
0.0,0.0,0.0,0.0,0.0,4.820000171661377,15,True,straight,0.46273153753715157,389,fsm_local_memory
1.0,1.0,0.0,0.0,0.0,0.1246696412563324,110,True,s_shaped,0.8654906530396146,390,fsm_local_memory
1.0,1.0,0.0,0.0,0.0,0.05237125605344772,174,True,s_shaped,0.5489970476972676,391,fsm_local_memory
1.0,1.0,0.0,1.0,0.0,0.04202282056212425,88,True,narrow_exit,0.46868461428884617,392,fsm_local_memory
1.0,1.0,0.0,1.0,0.0,0.04909370839595795,114,True,s_shaped,0.5604103192201321,393,fsm_local_memory
1.0,1.0,0.0,0.0,0.0,0.08571638911962509,108,True,l_shaped,0.6440932266821061,394,fsm_local_memory
1.0,1.0,0.0,1.0,0.0,0.015133223496377468,137,True,s_shaped,0.7865053754159992,395,fsm_local_memory
1.0,1.0,0.0,1.0,0.0,0.01569184847176075,98,True,straight,0.634698663099951,396,fsm_local_memory
1.0,1.0,0.0,1.0,0.0,0.039005670696496964,77,True,narrow_exit,0.46491867166896966,397,fsm_local_memory
0.0,0.0,0.0,1.0,0.0,0.0038385135121643543,42,True,s_shaped,0.4504454972668738,398,fsm_local_memory
1.0,1.0,0.0,0.0,0.0,0.22168320417404175,76,True,straight,0.873615105571611,399,fsm_local_memory
0.0,0.0,0.0,0.0,0.0,0.1274230033159256,400,False,false_feasible,0.7025724879259627,400,fsm_local_memory
1.0,1.0,0.0,0.0,0.0,0.12319537252187729,115,True,l_shaped,0.8690594978157582,401,fsm_local_memory
1.0,1.0,0.0,0.0,0.0,0.17267943918704987,94,True,straight,0.8652889633163358,402,fsm_local_memory
1.0,1.0,0.0,1.0,0.0,0.04589395970106125,159,True,s_shaped,0.7530811716263597,403,fsm_local_memory
0.0,0.0,0.0,1.0,0.0,0.0003878427087329328,70,False,false_feasible,0.590261420704985,404,fsm_local_memory
1.0,1.0,0.0,0.0,0.0,0.06753664463758469,106,True,narrow_exit,0.5213643978453197,405,fsm_local_memory
1.0,1.0,0.0,1.0,0.0,0.013538917526602745,76,True,straight,0.560082209741563,406,fsm_local_memory
0.0,0.0,0.0,1.0,0.0,0.03802739456295967,400,True,asymmetric,0.5258901968122404,407,fsm_local_memory
1.0,1.0,0.0,0.0,0.0,0.14721138775348663,77,True,straight,0.7995099043571807,408,fsm_local_memory
1.0,1.0,0.0,0.0,0.0,0.0534137599170208,92,True,l_shaped,0.5206614738003867,409,fsm_local_memory
1.0,1.0,0.0,0.0,0.0,0.14938564598560333,81,True,straight,0.7164804345775513,410,fsm_local_memory
1.0,1.0,0.0,0.0,0.0,0.07485678046941757,102,True,l_shaped,0.7082303859110689,411,fsm_local_memory
1.0,1.0,0.0,0.0,0.0,0.10067173093557358,132,True,s_shaped,0.818787587347954,412,fsm_local_memory
1.0,1.0,0.0,0.0,0.0,0.17050716280937195,74,True,straight,0.7228127787525637,413,fsm_local_memory
0.0,0.0,0.0,1.0,0.0,0.007684021256864071,127,True,s_shaped,0.5221521562242907,414,fsm_local_memory
1.0,1.0,0.0,0.0,0.0,0.08822319656610489,121,True,s_shaped,0.7448012511411441,415,fsm_local_memory
1.0,1.0,0.0,1.0,0.0,0.03266996145248413,76,True,narrow_entry,0.5593952102007809,416,fsm_local_memory
1.0,1.0,0.0,0.0,0.0,0.05132492259144783,101,True,asymmetric,0.7929328594635792,417,fsm_local_memory
1.0,1.0,0.0,0.0,0.0,0.08427818864583969,123,True,l_shaped,0.6269625604803,418,fsm_local_memory
1.0,1.0,0.0,0.0,0.0,0.115562304854393,106,True,l_shaped,0.8368561355588942,419,fsm_local_memory
1.0,1.0,0.0,0.0,0.0,0.09687826037406921,117,True,l_shaped,0.8934140529757,420,fsm_local_memory
1.0,1.0,0.0,0.0,0.0,0.0789434164762497,150,True,l_shaped,0.8659261726555774,421,fsm_local_memory
1.0,1.0,0.0,0.0,0.0,0.07994651794433594,76,True,narrow_exit,0.5795804244599301,422,fsm_local_memory
1.0,1.0,0.0,0.0,0.0,0.10098804533481598,104,True,s_shaped,0.7278061949665587,423,fsm_local_memory
0.0,0.0,0.0,1.0,0.0,0.0053954776376485825,52,True,asymmetric,0.6182648281319505,424,fsm_local_memory
0.0,0.0,0.0,0.0,0.0,0.1376623958349228,400,False,false_feasible,0.7308898385229509,425,fsm_local_memory
0.0,0.0,0.0,1.0,0.0,0.0036485246382653713,92,True,l_shaped,0.5012582646685599,426,fsm_local_memory
1.0,1.0,0.0,1.0,0.0,0.024842601269483566,187,True,s_shaped,0.6960660571082298,427,fsm_local_memory
1.0,1.0,0.0,0.0,0.0,0.051301393657922745,87,True,straight,0.4876029144668152,428,fsm_local_memory
0.0,0.0,0.0,0.0,0.0,0.1506241112947464,400,False,false_feasible,0.7898448180788078,429,fsm_local_memory
0.0,0.0,0.0,1.0,0.0,0.04013003781437874,400,False,false_feasible,0.6137966280733855,430,fsm_local_memory
1.0,1.0,0.0,0.0,0.0,0.07247571647167206,93,True,l_shaped,0.5727761895044058,431,fsm_local_memory
1.0,1.0,0.0,0.0,0.0,0.1637413501739502,76,True,straight,0.6937823572484527,432,fsm_local_memory
0.0,0.0,0.0,0.0,0.0,0.16195954382419586,48,True,s_shaped,0.8554973909178045,433,fsm_local_memory
0.0,0.0,0.0,1.0,0.0,0.0034646745771169662,24,True,narrow_entry,0.47460077388279576,434,fsm_local_memory
1.0,1.0,0.0,0.0,0.0,0.1025550588965416,71,True,narrow_entry,0.5745182073131728,435,fsm_local_memory
1.0,1.0,0.0,1.0,0.0,0.010998960584402084,77,True,straight,0.5992871906066504,436,fsm_local_memory
1.0,1.0,0.0,0.0,0.0,0.1175009235739708,109,True,l_shaped,0.8920038138631132,437,fsm_local_memory
1.0,1.0,0.0,0.0,0.0,0.06703374534845352,75,True,straight,0.5348520353855511,438,fsm_local_memory
1.0,1.0,0.0,0.0,0.0,0.09034319967031479,73,True,narrow_exit,0.5420420797509233,439,fsm_local_memory
1.0,1.0,0.0,0.0,0.0,0.06371942907571793,117,True,s_shaped,0.8716567503943187,440,fsm_local_memory
0.0,0.0,0.0,1.0,0.0,0.011212630197405815,48,True,asymmetric,0.514484477663621,441,fsm_local_memory
1.0,1.0,0.0,1.0,0.0,0.04677445441484451,95,True,l_shaped,0.6997546106729574,442,fsm_local_memory
0.0,0.0,0.0,0.0,0.0,0.14388617873191833,400,False,false_feasible,0.7820596620280413,443,fsm_local_memory
0.0,0.0,0.0,1.0,0.0,0.005908894818276167,29,True,narrow_entry,0.5262383893820324,444,fsm_local_memory
1.0,1.0,0.0,1.0,0.0,0.008991223759949207,158,True,l_shaped,0.5734104908481463,445,fsm_local_memory
1.0,1.0,0.0,1.0,0.0,0.04733306169509888,90,True,narrow_exit,0.5070320953806626,446,fsm_local_memory
1.0,1.0,0.0,1.0,0.0,0.04610428959131241,110,True,straight,0.5096458414236432,447,fsm_local_memory
1.0,1.0,0.0,0.0,0.0,0.09806375205516815,121,True,l_shaped,0.8542127003301647,448,fsm_local_memory
1.0,1.0,0.0,0.0,0.0,0.12748588621616364,118,True,l_shaped,0.8108580750708367,449,fsm_local_memory
1.0,1.0,0.0,1.0,0.0,0.016293620690703392,144,True,s_shaped,0.4667896315813174,450,fsm_local_memory
1.0,1.0,0.0,0.0,0.0,0.051092054694890976,81,True,narrow_exit,0.48096521401573505,451,fsm_local_memory
1.0,1.0,0.0,0.0,0.0,0.2549261152744293,94,True,straight,0.8818565486283572,452,fsm_local_memory
1.0,1.0,0.0,1.0,0.0,0.004383799619972706,86,True,narrow_entry,0.5070243572425855,453,fsm_local_memory
0.0,0.0,0.0,1.0,0.0,0.0017106113955378532,250,True,l_shaped,0.4924034390007451,454,fsm_local_memory
1.0,1.0,0.0,0.0,0.0,0.07440775632858276,119,True,s_shaped,0.6087351923362321,455,fsm_local_memory
1.0,1.0,0.0,1.0,0.0,0.00025142618687823415,168,True,s_shaped,0.6656501758000399,456,fsm_local_memory
1.0,1.0,0.0,1.0,0.0,0.011071243323385715,76,True,straight,0.47784846466150943,457,fsm_local_memory
0.0,0.0,0.0,0.0,0.0,0.11260368674993515,400,False,false_feasible,0.68651351668702,458,fsm_local_memory
0.0,0.0,0.0,1.0,0.0,0.005201485473662615,124,True,l_shaped,0.4556095469270469,459,fsm_local_memory
1.0,1.0,0.0,1.0,0.0,0.03207667917013168,175,True,s_shaped,0.8319474382772145,460,fsm_local_memory
1.0,1.0,0.0,0.0,0.0,0.07929424941539764,114,True,l_shaped,0.6081073574801689,461,fsm_local_memory
0.0,0.0,0.0,1.0,0.0,0.012808890081942081,71,True,asymmetric,0.5209206809798153,462,fsm_local_memory
1.0,1.0,0.0,1.0,0.0,0.036629755049943924,84,True,l_shaped,0.46479045161991106,463,fsm_local_memory
1.0,1.0,0.0,0.0,0.0,0.0848885253071785,83,True,narrow_exit,0.5400531894414131,464,fsm_local_memory
0.0,0.0,0.0,1.0,0.0,0.004968894645571709,84,True,l_shaped,0.5986430485989414,465,fsm_local_memory
1.0,1.0,0.0,0.0,0.0,0.22734537720680237,77,True,straight,0.8348237759178962,466,fsm_local_memory
1.0,1.0,0.0,0.0,0.0,0.1369425654411316,91,True,straight,0.8619286216903344,467,fsm_local_memory
1.0,1.0,0.0,0.0,0.0,0.10401680320501328,94,True,asymmetric,0.8650753082980338,468,fsm_local_memory
0.0,0.0,0.0,1.0,0.0,0.010303470306098461,157,True,l_shaped,0.5122291506723482,469,fsm_local_memory
1.0,1.0,0.0,1.0,0.0,0.00337864994071424,101,True,straight,0.49957652029775995,470,fsm_local_memory
0.0,0.0,0.0,0.0,0.0,0.10871188342571259,400,True,asymmetric,0.6855407315302016,471,fsm_local_memory
1.0,1.0,0.0,0.0,0.0,0.1538243442773819,78,True,straight,0.7464807668130418,472,fsm_local_memory
1.0,1.0,0.0,0.0,0.0,0.05576803535223007,124,True,l_shaped,0.5544362073014045,473,fsm_local_memory
1.0,1.0,0.0,0.0,0.0,0.10266825556755066,97,True,l_shaped,0.7465518296866449,474,fsm_local_memory
0.0,0.0,0.0,0.0,0.0,0.1284010112285614,400,False,false_feasible,0.6906320301889947,475,fsm_local_memory
0.0,0.0,0.0,0.0,0.0,4.820000171661377,17,True,l_shaped,0.45318840937647664,476,fsm_local_memory
0.0,0.0,0.0,1.0,0.0,0.028642890974879265,400,True,asymmetric,0.6015018634188176,477,fsm_local_memory
1.0,1.0,0.0,1.0,0.0,0.03296959772706032,112,True,straight,0.46579084466526366,478,fsm_local_memory
0.0,0.0,0.0,0.0,0.0,0.15530799329280853,400,False,false_feasible,0.7479618224477685,479,fsm_local_memory
1.0,1.0,0.0,0.0,0.0,0.09764692932367325,88,True,narrow_exit,0.5940175134555659,480,fsm_local_memory
1.0,1.0,0.0,0.0,0.0,0.08041563630104065,109,True,narrow_exit,0.5836291835636911,481,fsm_local_memory
1.0,1.0,0.0,1.0,0.0,8.755827002460137e-05,105,True,asymmetric,0.7033420089298698,482,fsm_local_memory
1.0,1.0,0.0,0.0,0.0,0.07481058686971664,76,True,narrow_exit,0.5298044115200842,483,fsm_local_memory
1.0,1.0,0.0,0.0,0.0,0.11437246948480606,108,True,l_shaped,0.8343911280127465,484,fsm_local_memory
1.0,1.0,0.0,0.0,0.0,0.08838610351085663,82,True,narrow_exit,0.5426470890897435,485,fsm_local_memory
0.0,0.0,0.0,0.0,0.0,0.14990292489528656,400,False,false_feasible,0.7388428853063269,486,fsm_local_memory
1.0,1.0,0.0,0.0,0.0,0.11067243665456772,92,True,straight,0.6214231566218853,487,fsm_local_memory
1.0,1.0,0.0,0.0,0.0,0.18319149315357208,93,True,straight,0.8269277817849692,488,fsm_local_memory
0.0,0.0,0.0,1.0,0.0,0.000503957737237215,53,True,s_shaped,0.5239704266659997,489,fsm_local_memory
1.0,1.0,0.0,0.0,0.0,0.05620104447007179,108,True,asymmetric,0.6948441411670399,490,fsm_local_memory
1.0,1.0,0.0,0.0,0.0,0.20417004823684692,106,True,straight,0.8333842660207158,491,fsm_local_memory
1.0,1.0,0.0,0.0,0.0,0.053708966821432114,134,True,s_shaped,0.5816104671629537,492,fsm_local_memory
1.0,1.0,0.0,1.0,0.0,0.040849536657333374,253,True,s_shaped,0.8570278576887512,493,fsm_local_memory
1.0,1.0,0.0,1.0,0.0,0.04666408523917198,95,True,l_shaped,0.7928766803538789,494,fsm_local_memory
0.0,0.0,0.0,1.0,0.0,0.0028406318742781878,69,True,asymmetric,0.5655041514639754,495,fsm_local_memory
0.0,0.0,0.0,0.0,0.0,0.07530786097049713,400,False,false_feasible,0.6476116275992401,496,fsm_local_memory
1.0,1.0,0.0,1.0,0.0,0.016781644895672798,115,True,straight,0.4699787836097656,497,fsm_local_memory
0.0,0.0,0.0,0.0,0.0,0.07857948541641235,400,False,false_feasible,0.6217088886700382,498,fsm_local_memory
1.0,1.0,0.0,0.0,0.0,0.06001770868897438,112,True,l_shaped,0.5395305202169378,499,fsm_local_memory
1.0,1.0,0.0,0.0,0.0,0.07931234687566757,95,True,narrow_exit,0.5710582648519854,0,fsm_local_memory
1.0,1.0,0.0,0.0,0.0,0.051333148032426834,125,True,s_shaped,0.652964124150499,1,fsm_local_memory
1.0,1.0,0.0,0.0,0.0,0.08343305438756943,119,True,l_shaped,0.8782893074086265,2,fsm_local_memory
0.0,0.0,0.0,0.0,0.0,0.05796252191066742,400,False,false_feasible,0.5584411635789241,3,fsm_local_memory
1.0,1.0,0.0,0.0,0.0,0.08935118466615677,94,True,straight,0.6529366706973919,4,fsm_local_memory
0.0,0.0,0.0,1.0,0.0,0.00698582548648119,84,True,s_shaped,0.5867842997575747,5,fsm_local_memory
1.0,1.0,0.0,0.0,0.0,0.15861618518829346,105,True,straight,0.6926057179448905,6,fsm_local_memory
1.0,1.0,0.0,0.0,0.0,0.0798947885632515,96,True,l_shaped,0.641024637069327,7,fsm_local_memory
1.0,1.0,0.0,0.0,0.0,0.07724273204803467,85,True,narrow_exit,0.5751481317269822,8,fsm_local_memory
1.0,1.0,0.0,0.0,0.0,0.08815363049507141,91,True,narrow_exit,0.5690000981515544,9,fsm_local_memory
0.0,0.0,0.0,1.0,0.0,0.0010886314557865262,71,True,asymmetric,0.7533340169878787,10,fsm_local_memory
1.0,1.0,0.0,1.0,0.0,0.043398793786764145,136,True,s_shaped,0.8467784545259844,11,fsm_local_memory
1.0,1.0,0.0,0.0,0.0,0.09625899791717529,105,True,l_shaped,0.8671206311626448,12,fsm_local_memory
1.0,1.0,0.0,0.0,0.0,0.06987687200307846,87,True,narrow_exit,0.5554771878876439,13,fsm_local_memory
1.0,1.0,0.0,1.0,0.0,0.03377671167254448,109,True,narrow_entry,0.45931545897200626,14,fsm_local_memory
1.0,1.0,0.0,1.0,0.0,0.02161363698542118,187,True,s_shaped,0.7381262984950419,15,fsm_local_memory
1.0,1.0,0.0,0.0,0.0,0.07238490879535675,95,True,narrow_exit,0.5556210466872824,16,fsm_local_memory
1.0,1.0,0.0,1.0,0.0,0.04000329226255417,138,True,s_shaped,0.8714888457119387,17,fsm_local_memory
1.0,1.0,0.0,0.0,0.0,0.1754823923110962,81,True,straight,0.8316619965403942,18,fsm_local_memory
1.0,1.0,0.0,0.0,0.0,0.0885688066482544,97,True,narrow_exit,0.5927660787447737,19,fsm_local_memory
1.0,1.0,0.0,0.0,0.0,0.1512528359889984,105,True,straight,0.729399313589992,20,fsm_local_memory
1.0,1.0,0.0,0.0,0.0,0.06959615647792816,106,True,narrow_exit,0.5449125023696004,21,fsm_local_memory
0.0,0.0,0.0,0.0,0.0,0.06875257194042206,400,False,false_feasible,0.6104446834029358,22,fsm_local_memory
0.0,0.0,0.0,1.0,0.0,0.012841233052313328,108,True,l_shaped,0.48670818841748326,23,fsm_local_memory
1.0,1.0,0.0,0.0,0.0,0.05075127258896828,103,True,narrow_exit,0.49187134863125465,24,fsm_local_memory
1.0,1.0,0.0,0.0,0.0,0.05802600085735321,77,True,straight,0.516385663462141,25,fsm_local_memory
1.0,1.0,0.0,0.0,0.0,0.08610835671424866,112,True,narrow_exit,0.5718317652961328,26,fsm_local_memory
1.0,1.0,0.0,1.0,0.0,0.007297044154256582,95,True,asymmetric,0.7348949872842581,27,fsm_local_memory
1.0,1.0,0.0,0.0,0.0,0.060264892876148224,73,True,narrow_exit,0.5097848613170441,28,fsm_local_memory
1.0,1.0,0.0,0.0,0.0,0.12581725418567657,90,True,straight,0.7366282068970579,29,fsm_local_memory
1.0,1.0,0.0,0.0,0.0,0.15331345796585083,92,True,straight,0.818719622944998,30,fsm_local_memory
1.0,1.0,0.0,0.0,0.0,0.15309235453605652,90,True,straight,0.8322641436824147,31,fsm_local_memory
1.0,1.0,0.0,0.0,0.0,0.07948032766580582,100,True,l_shaped,0.8597137903906623,32,fsm_local_memory
1.0,1.0,0.0,0.0,0.0,0.05328596010804176,111,True,narrow_exit,0.5162802672027167,33,fsm_local_memory
0.0,0.0,0.0,1.0,0.0,0.0010205148719251156,93,True,l_shaped,0.4650086943738273,34,fsm_local_memory
0.0,0.0,0.0,1.0,0.0,0.002813381841406226,47,True,s_shaped,0.6782832551113062,35,fsm_local_memory
1.0,1.0,0.0,1.0,0.0,0.029343552887439728,112,True,narrow_exit,0.4521767951821585,36,fsm_local_memory
1.0,1.0,0.0,1.0,0.0,0.039591848850250244,132,True,s_shaped,0.7220525353364851,37,fsm_local_memory
1.0,1.0,0.0,0.0,0.0,0.1374005824327469,82,True,straight,0.6385777111886426,38,fsm_local_memory
1.0,1.0,0.0,1.0,0.0,0.02809867449104786,86,True,narrow_entry,0.5635085739972248,39,fsm_local_memory
0.0,0.0,0.0,1.0,0.0,0.0024626669473946095,46,True,asymmetric,0.5311685029450932,40,fsm_local_memory
0.0,0.0,0.0,1.0,0.0,0.025180744007229805,400,True,s_shaped,0.8516901939820171,41,fsm_local_memory
0.0,0.0,0.0,1.0,0.0,0.04342851787805557,400,True,asymmetric,0.6379951679448432,42,fsm_local_memory
0.0,0.0,0.0,0.0,0.0,4.820000171661377,17,True,l_shaped,0.47392200267452866,43,fsm_local_memory
0.0,0.0,0.0,0.0,0.0,0.10873112082481384,400,False,false_feasible,0.6104048413884494,44,fsm_local_memory
1.0,1.0,0.0,0.0,0.0,0.08874021470546722,119,True,s_shaped,0.7325260179829371,45,fsm_local_memory
1.0,1.0,0.0,0.0,0.0,0.0816148966550827,96,True,straight,0.6756472425317169,46,fsm_local_memory
0.0,0.0,0.0,0.0,0.0,4.820000171661377,17,True,l_shaped,0.4509992236788563,47,fsm_local_memory
1.0,1.0,0.0,0.0,0.0,0.1332903653383255,99,True,straight,0.7157059602318465,48,fsm_local_memory
0.0,0.0,0.0,0.0,0.0,4.820000171661377,15,True,narrow_entry,0.45220143627404796,49,fsm_local_memory
0.0,0.0,0.0,1.0,0.0,0.009971351362764835,400,True,l_shaped,0.5354481305345156,50,fsm_local_memory
1.0,1.0,0.0,1.0,0.0,0.048366814851760864,85,True,narrow_exit,0.5236854286569477,51,fsm_local_memory
0.0,0.0,0.0,1.0,0.0,0.01032392866909504,400,True,asymmetric,0.5322353577368969,52,fsm_local_memory
1.0,1.0,0.0,1.0,0.0,0.00025977494078688323,92,True,asymmetric,0.7083590484183258,53,fsm_local_memory
1.0,1.0,0.0,1.0,0.0,0.03143167868256569,115,True,l_shaped,0.5869143392133543,54,fsm_local_memory
0.0,0.0,0.0,0.0,0.0,0.05053038150072098,400,True,asymmetric,0.6340425908890464,55,fsm_local_memory
0.0,0.0,0.0,0.0,0.0,0.07080443203449249,400,False,false_feasible,0.6538698884451754,56,fsm_local_memory
1.0,1.0,0.0,1.0,0.0,0.03610571101307869,78,True,straight,0.6077660216430197,57,fsm_local_memory
1.0,1.0,0.0,0.0,0.0,0.0720488503575325,105,True,l_shaped,0.5851490572837779,58,fsm_local_memory
0.0,0.0,0.0,0.0,0.0,0.06553792208433151,400,False,false_feasible,0.6761837521697324,59,fsm_local_memory
0.0,0.0,0.0,0.0,0.0,4.820000171661377,15,True,narrow_entry,0.4659306773122229,60,fsm_local_memory
0.0,0.0,0.0,1.0,0.0,0.007035929709672928,77,True,s_shaped,0.4892146942516627,61,fsm_local_memory
1.0,1.0,0.0,0.0,0.0,0.06018008291721344,101,True,l_shaped,0.5589604652238328,62,fsm_local_memory
1.0,1.0,0.0,0.0,0.0,0.051264438778162,74,True,narrow_entry,0.5374282044417746,63,fsm_local_memory
1.0,1.0,0.0,0.0,0.0,0.05602710321545601,75,True,narrow_exit,0.5090412185719464,64,fsm_local_memory
0.0,0.0,0.0,0.0,0.0,4.820000171661377,16,True,asymmetric,0.47947870261541314,65,fsm_local_memory
1.0,1.0,0.0,0.0,0.0,0.05950580909848213,116,True,s_shaped,0.5838076732695612,66,fsm_local_memory
1.0,1.0,0.0,0.0,0.0,0.08782851696014404,117,True,s_shaped,0.6835599996055097,67,fsm_local_memory
1.0,1.0,0.0,0.0,0.0,0.19070854783058167,77,True,straight,0.7494698439736149,68,fsm_local_memory
1.0,1.0,0.0,1.0,0.0,0.015051127411425114,177,True,s_shaped,0.8222998758555602,69,fsm_local_memory
1.0,1.0,0.0,0.0,0.0,0.09062793850898743,106,True,narrow_exit,0.5992048790728135,70,fsm_local_memory
0.0,0.0,0.0,0.0,0.0,4.820000171661377,15,True,narrow_entry,0.4532113017645904,71,fsm_local_memory
0.0,0.0,0.0,1.0,0.0,0.009657422080636024,214,True,l_shaped,0.5073243119818767,72,fsm_local_memory
1.0,1.0,0.0,0.0,0.0,0.09894975274801254,105,True,narrow_exit,0.5941287592096245,73,fsm_local_memory
1.0,1.0,0.0,0.0,0.0,0.06715639680624008,99,True,l_shaped,0.8053937013182472,74,fsm_local_memory
1.0,1.0,0.0,1.0,0.0,0.03956075385212898,109,True,asymmetric,0.7609754890300231,75,fsm_local_memory
1.0,1.0,0.0,1.0,0.0,0.04544958099722862,114,True,s_shaped,0.6973681875388464,76,fsm_local_memory
0.0,0.0,0.0,0.0,0.0,0.07124115526676178,112,True,asymmetric,0.5953807639852614,77,fsm_local_memory
0.0,0.0,0.0,1.0,0.0,0.03574926406145096,400,True,asymmetric,0.4897928574693353,78,fsm_local_memory
1.0,1.0,0.0,1.0,0.0,0.02249128557741642,178,True,s_shaped,0.8813317714985575,79,fsm_local_memory
1.0,1.0,0.0,1.0,0.0,0.028758713975548744,99,True,narrow_exit,0.4384300763093547,80,fsm_local_memory
1.0,1.0,0.0,0.0,0.0,0.11034270375967026,97,True,l_shaped,0.6713262082395234,81,fsm_local_memory
1.0,1.0,0.0,0.0,0.0,0.09298697113990784,92,True,l_shaped,0.6437512021987551,82,fsm_local_memory
1.0,1.0,0.0,0.0,0.0,0.11275453865528107,110,True,l_shaped,0.800488748846451,83,fsm_local_memory
0.0,0.0,0.0,0.0,0.0,4.820000171661377,16,True,narrow_entry,0.5484743317708323,84,fsm_local_memory
0.0,0.0,0.0,0.0,0.0,0.13246044516563416,53,True,s_shaped,0.7450297880618376,85,fsm_local_memory
1.0,1.0,0.0,0.0,0.0,0.062076669186353683,73,True,narrow_entry,0.5975087551480068,86,fsm_local_memory
1.0,1.0,0.0,1.0,0.0,0.04541512951254845,99,True,narrow_exit,0.4764226865040219,87,fsm_local_memory
1.0,1.0,0.0,0.0,0.0,0.21417510509490967,82,True,straight,0.8555298091487255,88,fsm_local_memory
1.0,1.0,0.0,1.0,0.0,0.03453618288040161,98,True,straight,0.6275764418333523,89,fsm_local_memory
0.0,0.0,0.0,0.0,0.0,0.1063191369175911,400,False,false_feasible,0.7395454622582365,90,fsm_local_memory
1.0,1.0,0.0,1.0,0.0,0.017249153926968575,102,True,straight,0.5040516238782498,91,fsm_local_memory
1.0,1.0,0.0,0.0,0.0,0.053182896226644516,103,True,l_shaped,0.6405268539004191,92,fsm_local_memory
1.0,1.0,0.0,0.0,0.0,0.06462395191192627,111,True,l_shaped,0.8790036145816736,93,fsm_local_memory
0.0,0.0,0.0,1.0,0.0,0.008047533221542835,55,True,l_shaped,0.4880567739504174,94,fsm_local_memory
0.0,0.0,0.0,0.0,0.0,4.820000171661377,15,True,narrow_entry,0.43457884398438446,95,fsm_local_memory
1.0,1.0,0.0,1.0,0.0,0.004321276675909758,147,True,s_shaped,0.48058592449365206,96,fsm_local_memory
0.0,0.0,0.0,0.0,0.0,0.13711100816726685,400,False,false_feasible,0.7811593743228397,97,fsm_local_memory
1.0,1.0,0.0,0.0,0.0,0.11569011211395264,72,True,straight,0.6098228162081836,98,fsm_local_memory
0.0,0.0,0.0,0.0,0.0,0.10959573835134506,400,False,false_feasible,0.7627396634214578,99,fsm_local_memory
1.0,1.0,0.0,1.0,0.0,0.036767542362213135,92,True,narrow_exit,0.4776188861935332,100,fsm_local_memory
1.0,1.0,0.0,0.0,0.0,0.10856372863054276,100,True,l_shaped,0.6548922222120153,101,fsm_local_memory
1.0,1.0,0.0,0.0,0.0,0.1261305809020996,105,True,l_shaped,0.8279212646952949,102,fsm_local_memory
1.0,1.0,0.0,0.0,0.0,0.14538772404193878,91,True,straight,0.8431342114197551,103,fsm_local_memory
1.0,1.0,0.0,0.0,0.0,0.06180766224861145,77,True,narrow_entry,0.5203036528915176,104,fsm_local_memory
0.0,0.0,0.0,1.0,0.0,0.009067810140550137,140,True,s_shaped,0.7624362201007542,105,fsm_local_memory
0.0,0.0,0.0,0.0,0.0,0.14307010173797607,400,False,false_feasible,0.7151240949216233,106,fsm_local_memory
1.0,1.0,0.0,1.0,0.0,0.03893447667360306,97,True,s_shaped,0.5455657257086408,107,fsm_local_memory
1.0,1.0,0.0,0.0,0.0,0.071583591401577,85,True,asymmetric,0.7480294391313413,108,fsm_local_memory
1.0,1.0,0.0,0.0,0.0,0.06282079964876175,147,True,s_shaped,0.8429073689584783,109,fsm_local_memory
1.0,1.0,0.0,0.0,0.0,0.10150213539600372,90,True,l_shaped,0.8827127243412478,110,fsm_local_memory
1.0,1.0,0.0,1.0,0.0,0.027015959843993187,87,True,narrow_entry,0.4566392679759318,111,fsm_local_memory
0.0,0.0,0.0,0.0,0.0,0.10463357716798782,400,False,false_feasible,0.5978689533618424,112,fsm_local_memory
1.0,1.0,0.0,0.0,0.0,0.1875525861978531,113,True,straight,0.8883661299781374,113,fsm_local_memory
0.0,0.0,0.0,0.0,0.0,4.820000171661377,14,True,narrow_entry,0.492510607415293,114,fsm_local_memory
1.0,1.0,0.0,0.0,0.0,0.06368963420391083,112,True,s_shaped,0.6056992436048333,115,fsm_local_memory
1.0,1.0,0.0,0.0,0.0,0.07995796948671341,86,True,straight,0.5849511063429882,116,fsm_local_memory
1.0,1.0,0.0,1.0,0.0,0.018961232155561447,251,True,s_shaped,0.6661948958381584,117,fsm_local_memory
1.0,1.0,0.0,0.0,0.0,0.1190139651298523,88,True,straight,0.6645478826451672,118,fsm_local_memory
1.0,1.0,0.0,0.0,0.0,0.0626571998000145,109,True,s_shaped,0.6297104315254347,119,fsm_local_memory
1.0,1.0,0.0,0.0,0.0,0.06159307807683945,102,True,narrow_exit,0.5285962086771152,120,fsm_local_memory
0.0,0.0,0.0,1.0,0.0,0.0037693483754992485,66,True,asymmetric,0.5279299082265446,121,fsm_local_memory
0.0,0.0,0.0,0.0,0.0,0.11850285530090332,400,False,false_feasible,0.7017620199147774,122,fsm_local_memory
0.0,0.0,0.0,0.0,0.0,4.820000171661377,18,True,s_shaped,0.47126793503715586,123,fsm_local_memory
1.0,1.0,0.0,0.0,0.0,0.06559740751981735,77,True,narrow_exit,0.5569393610904453,124,fsm_local_memory
1.0,1.0,0.0,0.0,0.0,0.06625991314649582,120,True,s_shaped,0.7475362030318109,125,fsm_local_memory
1.0,1.0,0.0,1.0,0.0,0.02786874957382679,92,True,asymmetric,0.622190248910083,126,fsm_local_memory
1.0,1.0,0.0,0.0,0.0,0.08476337790489197,176,True,s_shaped,0.7959812189620142,127,fsm_local_memory
1.0,1.0,0.0,0.0,0.0,0.09443696588277817,87,True,asymmetric,0.8671723086817795,128,fsm_local_memory
1.0,1.0,0.0,0.0,0.0,0.09985724091529846,113,True,straight,0.7486641010764564,129,fsm_local_memory
1.0,1.0,0.0,0.0,0.0,0.11480224132537842,93,True,straight,0.6195445335547406,130,fsm_local_memory
1.0,1.0,0.0,1.0,0.0,0.024438317865133286,109,True,narrow_exit,0.42817268207221243,131,fsm_local_memory
1.0,1.0,0.0,0.0,0.0,0.0643705278635025,107,True,straight,0.5984157108799688,132,fsm_local_memory
1.0,1.0,0.0,0.0,0.0,0.09296414256095886,126,True,s_shaped,0.7635787406536919,133,fsm_local_memory
1.0,1.0,0.0,1.0,0.0,0.04119338095188141,134,True,l_shaped,0.6036274263186685,134,fsm_local_memory
0.0,0.0,0.0,0.0,0.0,0.08157383650541306,400,False,false_feasible,0.5835859777111073,135,fsm_local_memory
1.0,1.0,0.0,0.0,0.0,0.07975040376186371,109,True,asymmetric,0.7980721201437451,136,fsm_local_memory
1.0,1.0,0.0,0.0,0.0,0.17664510011672974,108,True,straight,0.8128322591865067,137,fsm_local_memory
1.0,1.0,0.0,0.0,0.0,0.07693199068307877,81,True,narrow_exit,0.5584785333622208,138,fsm_local_memory
1.0,1.0,0.0,0.0,0.0,0.24900124967098236,105,True,straight,0.8594753808861777,139,fsm_local_memory
0.0,0.0,0.0,0.0,0.0,0.12603530287742615,400,False,false_feasible,0.658969380232167,140,fsm_local_memory
1.0,1.0,0.0,0.0,0.0,0.05335910990834236,150,True,s_shaped,0.5515362607773387,141,fsm_local_memory
1.0,1.0,0.0,0.0,0.0,0.2202180176973343,82,True,straight,0.8106497231757949,142,fsm_local_memory
1.0,1.0,0.0,1.0,0.0,0.048891834914684296,141,True,s_shaped,0.5400958261483305,143,fsm_local_memory
0.0,0.0,0.0,1.0,0.0,0.008406148292124271,48,True,asymmetric,0.4863410758822878,144,fsm_local_memory
1.0,1.0,0.0,0.0,0.0,0.1369698941707611,98,True,straight,0.8431977024409691,145,fsm_local_memory
0.0,0.0,0.0,0.0,0.0,0.08213967084884644,400,False,false_feasible,0.6064712115015038,146,fsm_local_memory
1.0,1.0,0.0,0.0,0.0,0.1273687481880188,101,True,straight,0.7333155357694331,147,fsm_local_memory
1.0,1.0,0.0,1.0,0.0,0.03802470862865448,122,True,s_shaped,0.823148514562952,148,fsm_local_memory
1.0,1.0,0.0,1.0,0.0,0.023581819608807564,76,True,narrow_entry,0.5893469504807111,149,fsm_local_memory
0.0,0.0,0.0,0.0,0.0,0.10705458372831345,400,False,false_feasible,0.6353705207864471,150,fsm_local_memory
0.0,0.0,0.0,1.0,0.0,0.04710189998149872,400,True,s_shaped,0.8487322459542672,151,fsm_local_memory
1.0,1.0,0.0,0.0,0.0,0.15012182295322418,103,True,straight,0.87882745843783,152,fsm_local_memory
1.0,1.0,0.0,1.0,0.0,0.02908872440457344,140,True,s_shaped,0.7164912904061405,153,fsm_local_memory
0.0,0.0,0.0,1.0,0.0,0.00406203418970108,103,True,s_shaped,0.7944023901867442,154,fsm_local_memory
1.0,1.0,0.0,0.0,0.0,0.11237646639347076,72,True,narrow_exit,0.586225541692706,155,fsm_local_memory
1.0,1.0,0.0,0.0,0.0,0.05992218479514122,139,True,l_shaped,0.5527040398032267,156,fsm_local_memory
1.0,1.0,0.0,1.0,0.0,0.045731320977211,99,True,narrow_exit,0.49502921425436586,157,fsm_local_memory
1.0,1.0,0.0,0.0,0.0,0.07892467826604843,108,True,straight,0.5675254996337132,158,fsm_local_memory
1.0,1.0,0.0,0.0,0.0,0.08577006310224533,95,True,straight,0.7393058243226308,159,fsm_local_memory
0.0,0.0,0.0,0.0,0.0,0.09753502905368805,400,False,false_feasible,0.6773090122208592,160,fsm_local_memory
0.0,0.0,0.0,1.0,0.0,0.0210709385573864,400,False,false_feasible,0.5767378581267396,161,fsm_local_memory
1.0,1.0,0.0,0.0,0.0,0.14426743984222412,94,True,straight,0.7059879791308835,162,fsm_local_memory
0.0,0.0,0.0,0.0,0.0,4.820000171661377,17,True,l_shaped,0.5165309046907133,163,fsm_local_memory
1.0,1.0,0.0,0.0,0.0,0.09087961912155151,120,True,l_shaped,0.743122987285161,164,fsm_local_memory
1.0,1.0,0.0,1.0,0.0,0.048324622213840485,102,True,narrow_exit,0.5047711183473821,165,fsm_local_memory
0.0,0.0,0.0,0.0,0.0,0.1022508516907692,400,False,false_feasible,0.7522747759793658,166,fsm_local_memory
0.0,0.0,0.0,1.0,0.0,0.002531401813030243,80,True,l_shaped,0.5175228274043074,167,fsm_local_memory
1.0,1.0,0.0,1.0,0.0,0.034969769418239594,87,True,narrow_exit,0.45879602297308497,168,fsm_local_memory
1.0,1.0,0.0,0.0,0.0,0.2032586932182312,78,True,straight,0.8946956765569211,169,fsm_local_memory
0.0,0.0,0.0,1.0,0.0,0.02932126447558403,110,True,s_shaped,0.7480948721665568,170,fsm_local_memory
1.0,1.0,0.0,0.0,0.0,0.07966192066669464,100,True,straight,0.5245463692251295,171,fsm_local_memory
1.0,1.0,0.0,0.0,0.0,0.17533543705940247,102,True,straight,0.7144611838998676,172,fsm_local_memory
0.0,0.0,0.0,1.0,0.0,0.00437982939183712,28,True,straight,0.5286099284645797,173,fsm_local_memory
1.0,1.0,0.0,0.0,0.0,0.05670398846268654,111,True,l_shaped,0.869700242156807,174,fsm_local_memory
1.0,1.0,0.0,0.0,0.0,0.08150240778923035,96,True,narrow_exit,0.5665250009140779,175,fsm_local_memory
0.0,0.0,0.0,0.0,0.0,0.056283265352249146,400,False,false_feasible,0.6069381404638259,176,fsm_local_memory
1.0,1.0,0.0,1.0,0.0,0.04580112174153328,88,True,narrow_exit,0.4970019125976961,177,fsm_local_memory
1.0,1.0,0.0,1.0,0.0,0.04567386582493782,82,True,straight,0.6196477774103286,178,fsm_local_memory
0.0,0.0,0.0,0.0,0.0,0.11525024473667145,400,False,false_feasible,0.6406753058521475,179,fsm_local_memory
0.0,0.0,0.0,1.0,0.0,0.0030276034958660603,400,False,false_feasible,0.5923079713950523,180,fsm_local_memory
1.0,1.0,0.0,0.0,0.0,0.05525908246636391,94,True,narrow_entry,0.5806730732633173,181,fsm_local_memory
1.0,1.0,0.0,0.0,0.0,0.06542724370956421,119,True,l_shaped,0.6061090400242025,182,fsm_local_memory
1.0,1.0,0.0,0.0,0.0,0.09130903333425522,82,True,straight,0.5602977659576968,183,fsm_local_memory
0.0,0.0,0.0,1.0,0.0,0.0019168959697708488,56,True,l_shaped,0.5812933811281631,184,fsm_local_memory
1.0,1.0,0.0,0.0,0.0,0.12298376858234406,118,True,l_shaped,0.7964465836414769,185,fsm_local_memory
1.0,1.0,0.0,0.0,0.0,0.055721115320920944,83,True,narrow_exit,0.519293334114863,186,fsm_local_memory
0.0,0.0,0.0,0.0,0.0,0.13301436603069305,400,False,false_feasible,0.7017904985145627,187,fsm_local_memory
0.0,0.0,0.0,1.0,0.0,0.0011521882843226194,307,True,l_shaped,0.5145680476820349,188,fsm_local_memory
0.0,0.0,0.0,1.0,0.0,0.04543755203485489,400,True,asymmetric,0.5386701683756236,189,fsm_local_memory
1.0,1.0,0.0,1.0,0.0,0.015311136841773987,92,True,asymmetric,0.6150856638558374,190,fsm_local_memory
1.0,1.0,0.0,0.0,0.0,0.06719490885734558,107,True,narrow_exit,0.5403348765314463,191,fsm_local_memory
1.0,1.0,0.0,1.0,0.0,0.04767053946852684,115,True,l_shaped,0.6193758405344304,192,fsm_local_memory
1.0,1.0,0.0,1.0,0.0,0.023579968139529228,81,True,narrow_entry,0.4389059096656472,193,fsm_local_memory
1.0,1.0,0.0,1.0,0.0,0.025268714874982834,155,True,l_shaped,0.7760951680462301,194,fsm_local_memory
1.0,1.0,0.0,0.0,0.0,0.13021759688854218,87,True,asymmetric,0.8498773258824645,195,fsm_local_memory
1.0,1.0,0.0,0.0,0.0,0.2308160364627838,99,True,straight,0.8404832597886098,196,fsm_local_memory
1.0,1.0,0.0,0.0,0.0,0.07556025683879852,82,True,straight,0.6078672204332506,197,fsm_local_memory
1.0,1.0,0.0,1.0,0.0,0.04989515244960785,140,True,s_shaped,0.6250792778337991,198,fsm_local_memory
1.0,1.0,0.0,1.0,0.0,0.04014315828680992,87,True,narrow_entry,0.5945177721745487,199,fsm_local_memory
1.0,1.0,0.0,0.0,0.0,0.05131106451153755,110,True,l_shaped,0.6834107654401841,200,fsm_local_memory
1.0,1.0,0.0,1.0,0.0,0.002489697653800249,148,True,straight,0.569585317211088,201,fsm_local_memory
1.0,1.0,0.0,0.0,0.0,0.19559165835380554,88,True,straight,0.7798784029463359,202,fsm_local_memory
1.0,1.0,0.0,1.0,0.0,0.037082236260175705,85,True,straight,0.48635386791540325,203,fsm_local_memory
0.0,0.0,0.0,0.0,0.0,0.16934767365455627,400,False,false_feasible,0.7798234164494087,204,fsm_local_memory
1.0,1.0,0.0,0.0,0.0,0.13180460035800934,118,True,l_shaped,0.7684391441022229,205,fsm_local_memory
1.0,1.0,0.0,1.0,0.0,0.018607953563332558,93,True,asymmetric,0.8537269591614179,206,fsm_local_memory
1.0,1.0,0.0,1.0,0.0,0.04998878389596939,133,True,s_shaped,0.5261953508879972,207,fsm_local_memory
1.0,1.0,0.0,0.0,0.0,0.05247105285525322,115,True,s_shaped,0.5775771755802008,208,fsm_local_memory
1.0,1.0,0.0,0.0,0.0,0.06084790080785751,139,True,l_shaped,0.5798568046901935,209,fsm_local_memory
1.0,1.0,0.0,0.0,0.0,0.15486334264278412,73,True,straight,0.8099312509662986,210,fsm_local_memory
1.0,1.0,0.0,1.0,0.0,0.043514434248209,102,True,narrow_exit,0.4634161604224683,211,fsm_local_memory
1.0,1.0,0.0,0.0,0.0,0.08980017900466919,109,True,l_shaped,0.631936464011695,212,fsm_local_memory
1.0,1.0,0.0,0.0,0.0,0.059623707085847855,89,True,narrow_exit,0.5067796597432906,213,fsm_local_memory
0.0,0.0,0.0,1.0,0.0,0.004565421026200056,141,True,l_shaped,0.5175807395258908,214,fsm_local_memory
1.0,1.0,0.0,0.0,0.0,0.05011817440390587,91,True,l_shaped,0.5286860383239097,215,fsm_local_memory
1.0,1.0,0.0,0.0,0.0,0.07526467740535736,117,True,s_shaped,0.768874266027186,216,fsm_local_memory
0.0,0.0,0.0,1.0,0.0,0.003599720075726509,122,True,s_shaped,0.4795163513674487,217,fsm_local_memory
0.0,0.0,0.0,1.0,0.0,0.004301239270716906,400,False,false_feasible,0.5720842271471264,218,fsm_local_memory
1.0,1.0,0.0,0.0,0.0,0.09647872298955917,78,True,narrow_exit,0.5961351610455341,219,fsm_local_memory
1.0,1.0,0.0,0.0,0.0,0.0891319066286087,108,True,narrow_exit,0.5880203091180899,220,fsm_local_memory
0.0,0.0,0.0,0.0,0.0,0.0618850477039814,400,True,asymmetric,0.64796356092756,221,fsm_local_memory
1.0,1.0,0.0,1.0,0.0,0.023701010271906853,87,True,narrow_entry,0.5583102823268637,222,fsm_local_memory
1.0,1.0,0.0,0.0,0.0,0.06928274780511856,95,True,narrow_exit,0.5420095490916605,223,fsm_local_memory
1.0,1.0,0.0,1.0,0.0,0.034302160143852234,118,True,l_shaped,0.6397260167456981,224,fsm_local_memory
1.0,1.0,0.0,0.0,0.0,0.0649544894695282,101,True,l_shaped,0.8784647002425949,225,fsm_local_memory
1.0,1.0,0.0,1.0,0.0,0.008262350223958492,84,True,asymmetric,0.7068272094799302,226,fsm_local_memory
0.0,0.0,0.0,1.0,0.0,0.0045740632340312,400,True,l_shaped,0.5321287426734469,227,fsm_local_memory
1.0,1.0,0.0,0.0,0.0,0.07068845629692078,150,True,s_shaped,0.7436405007167548,228,fsm_local_memory
0.0,0.0,0.0,0.0,0.0,4.820000171661377,15,True,narrow_entry,0.4211497381979191,229,fsm_local_memory
1.0,1.0,0.0,0.0,0.0,0.06740021705627441,90,True,asymmetric,0.8665692132357029,230,fsm_local_memory
1.0,1.0,0.0,0.0,0.0,0.08252044767141342,100,True,asymmetric,0.8826099813772423,231,fsm_local_memory
1.0,1.0,0.0,1.0,0.0,0.023490549996495247,99,True,narrow_exit,0.43628836147329486,232,fsm_local_memory
1.0,1.0,0.0,0.0,0.0,0.08846858143806458,76,True,straight,0.7385257985011596,233,fsm_local_memory
1.0,1.0,0.0,0.0,0.0,0.05640831217169762,100,True,narrow_exit,0.5110875957473175,234,fsm_local_memory
0.0,0.0,0.0,0.0,0.0,0.09489414095878601,400,False,false_feasible,0.5796677230940048,235,fsm_local_memory
1.0,1.0,0.0,0.0,0.0,0.06810580939054489,101,True,l_shaped,0.5695275270211531,236,fsm_local_memory
1.0,1.0,0.0,0.0,0.0,0.19342859089374542,104,True,straight,0.818052860304695,237,fsm_local_memory
1.0,1.0,0.0,0.0,0.0,0.056832704693078995,151,True,s_shaped,0.76163035483547,238,fsm_local_memory
0.0,0.0,0.0,0.0,0.0,0.09111174941062927,400,False,false_feasible,0.6301172596223104,239,fsm_local_memory
0.0,0.0,0.0,0.0,0.0,0.19673463702201843,123,True,s_shaped,0.890881830504338,240,fsm_local_memory
1.0,1.0,0.0,0.0,0.0,0.07100369036197662,76,True,narrow_exit,0.5504917298962243,241,fsm_local_memory
1.0,1.0,0.0,1.0,0.0,0.03405170887708664,112,True,narrow_exit,0.4587304998684267,242,fsm_local_memory
1.0,1.0,0.0,0.0,0.0,0.09275299310684204,74,True,straight,0.7051704061607378,243,fsm_local_memory
1.0,1.0,0.0,1.0,0.0,0.014883010648190975,107,True,asymmetric,0.6025044026546785,244,fsm_local_memory
1.0,1.0,0.0,1.0,0.0,0.02655748836696148,74,True,asymmetric,0.7292219634296524,245,fsm_local_memory
0.0,0.0,0.0,1.0,0.0,0.0025175469927489758,34,True,l_shaped,0.5406578850828053,246,fsm_local_memory
1.0,1.0,0.0,1.0,0.0,0.04165320843458176,101,True,narrow_exit,0.46636233120317044,247,fsm_local_memory
1.0,1.0,0.0,0.0,0.0,0.09319323301315308,179,True,s_shaped,0.873905654406495,248,fsm_local_memory
1.0,1.0,0.0,0.0,0.0,0.2193598449230194,86,True,straight,0.8585250612174882,249,fsm_local_memory
1.0,1.0,0.0,0.0,0.0,0.09547357261180878,112,True,narrow_entry,0.599919587305362,250,fsm_local_memory
1.0,1.0,0.0,1.0,0.0,0.02108827419579029,90,True,l_shaped,0.6684264633818178,251,fsm_local_memory
1.0,1.0,0.0,0.0,0.0,0.17220987379550934,111,True,straight,0.8625944137228939,252,fsm_local_memory
1.0,1.0,0.0,0.0,0.0,0.06765484064817429,104,True,asymmetric,0.7046017161106493,253,fsm_local_memory
1.0,1.0,0.0,1.0,0.0,0.013548617251217365,90,True,narrow_entry,0.5053052623097247,254,fsm_local_memory
0.0,0.0,0.0,1.0,0.0,0.0021496049594134092,60,True,asymmetric,0.7274682282826934,255,fsm_local_memory
1.0,1.0,0.0,1.0,0.0,0.048351921141147614,99,True,narrow_exit,0.48544708053783375,256,fsm_local_memory
1.0,1.0,0.0,0.0,0.0,0.22285425662994385,79,True,straight,0.8134797807818639,257,fsm_local_memory
1.0,1.0,0.0,0.0,0.0,0.06360899657011032,87,True,narrow_entry,0.5930471839426674,258,fsm_local_memory
1.0,1.0,0.0,1.0,0.0,0.049492161720991135,154,True,s_shaped,0.780712827748614,259,fsm_local_memory
1.0,1.0,0.0,1.0,0.0,0.011935088783502579,83,True,narrow_entry,0.4531121551163466,260,fsm_local_memory
1.0,1.0,0.0,0.0,0.0,0.2111268937587738,85,True,straight,0.8315055918165302,261,fsm_local_memory
1.0,1.0,0.0,1.0,0.0,0.04324592277407646,75,True,narrow_exit,0.4935488900495983,262,fsm_local_memory
1.0,1.0,0.0,0.0,0.0,0.0592239648103714,108,True,narrow_exit,0.4790123422194553,263,fsm_local_memory
1.0,1.0,0.0,1.0,0.0,0.04621271416544914,102,True,l_shaped,0.7326496041073036,264,fsm_local_memory
1.0,1.0,0.0,0.0,0.0,0.18758544325828552,94,True,straight,0.778214686040262,265,fsm_local_memory
1.0,1.0,0.0,0.0,0.0,0.05778618901968002,89,True,asymmetric,0.745939735321991,266,fsm_local_memory
0.0,0.0,0.0,0.0,0.0,0.06795304268598557,400,False,false_feasible,0.6159753397461423,267,fsm_local_memory
1.0,1.0,0.0,0.0,0.0,0.1269100159406662,121,True,l_shaped,0.8402285638548403,268,fsm_local_memory
1.0,1.0,0.0,1.0,0.0,0.03445008769631386,85,True,asymmetric,0.7563183504838442,269,fsm_local_memory
0.0,0.0,0.0,1.0,0.0,0.005980034824460745,21,True,narrow_entry,0.4245375312598962,270,fsm_local_memory
0.0,0.0,0.0,0.0,0.0,0.17827436327934265,400,False,false_feasible,0.7997045383401213,271,fsm_local_memory
0.0,0.0,0.0,1.0,0.0,0.0019135596230626106,93,True,asymmetric,0.5606720615226196,272,fsm_local_memory
0.0,0.0,0.0,0.0,0.0,0.058754049241542816,400,False,false_feasible,0.590221985533936,273,fsm_local_memory
1.0,1.0,0.0,0.0,0.0,0.1157018318772316,95,True,l_shaped,0.8570122422594525,274,fsm_local_memory
1.0,1.0,0.0,0.0,0.0,0.0877225399017334,91,True,narrow_exit,0.5374010652398328,275,fsm_local_memory
1.0,1.0,0.0,1.0,0.0,0.049718551337718964,74,True,narrow_exit,0.47416590065285796,276,fsm_local_memory
0.0,0.0,0.0,0.0,0.0,4.820000171661377,15,True,narrow_entry,0.5051300743510212,277,fsm_local_memory
0.0,0.0,0.0,1.0,0.0,0.0402425117790699,400,False,false_feasible,0.5675461700777522,278,fsm_local_memory
1.0,1.0,0.0,0.0,0.0,0.057465240359306335,110,True,asymmetric,0.8293404863457357,279,fsm_local_memory
0.0,0.0,0.0,1.0,0.0,0.021160930395126343,400,True,l_shaped,0.4764880703540573,280,fsm_local_memory
1.0,1.0,0.0,1.0,0.0,0.023758722469210625,154,True,s_shaped,0.6716137093849427,281,fsm_local_memory
1.0,1.0,0.0,0.0,0.0,0.180699422955513,80,True,straight,0.8167531821224217,282,fsm_local_memory
1.0,1.0,0.0,0.0,0.0,0.05529588833451271,78,True,straight,0.5597594596325514,283,fsm_local_memory
1.0,1.0,0.0,1.0,0.0,0.04989185556769371,96,True,straight,0.5011878748679137,284,fsm_local_memory
1.0,1.0,0.0,1.0,0.0,0.04289005696773529,108,True,l_shaped,0.8216438904966257,285,fsm_local_memory
0.0,0.0,0.0,0.0,0.0,0.08655742555856705,400,True,asymmetric,0.5418301795146526,286,fsm_local_memory
0.0,0.0,0.0,0.0,0.0,4.820000171661377,15,True,straight,0.45524900659388107,287,fsm_local_memory
0.0,0.0,0.0,1.0,0.0,0.00048591161612421274,63,False,false_feasible,0.5543594061168692,288,fsm_local_memory
0.0,0.0,0.0,0.0,0.0,0.0816594585776329,400,False,false_feasible,0.6990874109472242,289,fsm_local_memory
1.0,1.0,0.0,0.0,0.0,0.17181356251239777,92,True,straight,0.7149177962090505,290,fsm_local_memory
1.0,1.0,0.0,1.0,0.0,0.018696000799536705,97,True,asymmetric,0.6856027646030275,291,fsm_local_memory
1.0,1.0,0.0,1.0,0.0,0.007429405581206083,292,True,s_shaped,0.6620773042095032,292,fsm_local_memory
0.0,0.0,0.0,1.0,0.0,0.0033170513343065977,188,True,l_shaped,0.4950408655292933,293,fsm_local_memory
0.0,0.0,0.0,1.0,0.0,0.001306164194829762,97,False,false_feasible,0.5529238347691092,294,fsm_local_memory
1.0,1.0,0.0,0.0,0.0,0.06749720871448517,82,True,straight,0.5617236558035832,295,fsm_local_memory
1.0,1.0,0.0,1.0,0.0,0.04290749877691269,95,True,l_shaped,0.8301664344459914,296,fsm_local_memory
0.0,0.0,0.0,0.0,0.0,0.09614301472902298,66,True,asymmetric,0.6447711340106367,297,fsm_local_memory
1.0,1.0,0.0,0.0,0.0,0.06477008759975433,102,True,straight,0.6735889811874466,298,fsm_local_memory
1.0,1.0,0.0,1.0,0.0,0.047944601625204086,95,True,narrow_exit,0.517834407810074,299,fsm_local_memory
0.0,0.0,0.0,0.0,0.0,0.10680680721998215,400,False,false_feasible,0.754986004003612,300,fsm_local_memory
1.0,1.0,0.0,0.0,0.0,0.11890395730733871,80,True,straight,0.6276016968116556,301,fsm_local_memory
1.0,1.0,0.0,0.0,0.0,0.18747834861278534,101,True,straight,0.7480890850397051,302,fsm_local_memory
1.0,1.0,0.0,0.0,0.0,0.05546161159873009,172,True,s_shaped,0.819900833234308,303,fsm_local_memory
0.0,0.0,0.0,0.0,0.0,4.820000171661377,17,True,l_shaped,0.479577031723809,304,fsm_local_memory
1.0,1.0,0.0,1.0,0.0,0.02467210218310356,120,True,asymmetric,0.8732327876022099,305,fsm_local_memory
0.0,0.0,0.0,1.0,0.0,0.0021251244470477104,89,True,l_shaped,0.5320161790183486,306,fsm_local_memory
0.0,0.0,0.0,1.0,0.0,0.012629848904907703,51,True,asymmetric,0.4717385419998652,307,fsm_local_memory
0.0,0.0,0.0,0.0,0.0,0.08903787285089493,400,True,asymmetric,0.6412724080533323,308,fsm_local_memory
1.0,1.0,0.0,0.0,0.0,0.06399697810411453,92,True,narrow_entry,0.5824131402729884,309,fsm_local_memory
1.0,1.0,0.0,0.0,0.0,0.06978940218687057,74,True,asymmetric,0.7027199493567603,310,fsm_local_memory
1.0,1.0,0.0,0.0,0.0,0.06580226868391037,89,True,asymmetric,0.7337803953487817,311,fsm_local_memory
0.0,0.0,0.0,0.0,0.0,0.1650080531835556,400,False,false_feasible,0.7627893946680496,312,fsm_local_memory
1.0,1.0,0.0,1.0,0.0,0.04485372081398964,105,True,narrow_exit,0.4929224386106006,313,fsm_local_memory
1.0,1.0,0.0,0.0,0.0,0.11449188739061356,116,True,l_shaped,0.7104756313889395,314,fsm_local_memory
1.0,1.0,0.0,0.0,0.0,0.10709980875253677,97,True,s_shaped,0.7388123577640271,315,fsm_local_memory
0.0,0.0,0.0,1.0,0.0,0.003525348147377372,109,True,s_shaped,0.7250478303159598,316,fsm_local_memory
0.0,0.0,0.0,0.0,0.0,0.14838066697120667,400,False,false_feasible,0.7269558513069633,317,fsm_local_memory
1.0,1.0,0.0,0.0,0.0,0.06130269169807434,77,True,straight,0.6111554943516184,318,fsm_local_memory
0.0,0.0,0.0,0.0,0.0,0.07156115025281906,400,False,false_feasible,0.6166104299658068,319,fsm_local_memory
1.0,1.0,0.0,0.0,0.0,0.1032695546746254,74,True,narrow_exit,0.5956202167804027,320,fsm_local_memory
0.0,0.0,0.0,0.0,0.0,0.11256139725446701,400,False,false_feasible,0.6827266526381749,321,fsm_local_memory
0.0,0.0,0.0,0.0,0.0,0.16419413685798645,400,False,false_feasible,0.7679798337368472,322,fsm_local_memory
1.0,1.0,0.0,0.0,0.0,0.05608893185853958,99,True,narrow_entry,0.5691297033375753,323,fsm_local_memory
1.0,1.0,0.0,0.0,0.0,0.08198395371437073,112,True,s_shaped,0.695705782604756,324,fsm_local_memory
0.0,0.0,0.0,0.0,0.0,0.053038764744997025,400,False,false_feasible,0.6037079587168848,325,fsm_local_memory
0.0,0.0,0.0,1.0,0.0,0.036609262228012085,400,False,false_feasible,0.5986603206093624,326,fsm_local_memory
0.0,0.0,0.0,1.0,0.0,0.009402692317962646,25,True,narrow_entry,0.49511737386334725,327,fsm_local_memory
1.0,1.0,0.0,1.0,0.0,0.03513215109705925,91,True,asymmetric,0.7743708570226787,328,fsm_local_memory
1.0,1.0,0.0,0.0,0.0,0.09319274872541428,120,True,l_shaped,0.855137402542847,329,fsm_local_memory
1.0,1.0,0.0,0.0,0.0,0.07433740794658661,81,True,narrow_exit,0.5402173787499885,330,fsm_local_memory
1.0,1.0,0.0,0.0,0.0,0.0763997733592987,82,True,narrow_exit,0.5659082655594128,331,fsm_local_memory
1.0,1.0,0.0,1.0,0.0,0.045250728726387024,78,True,narrow_exit,0.4943002926801398,332,fsm_local_memory
1.0,1.0,0.0,0.0,0.0,0.08996892720460892,92,True,narrow_entry,0.5849015205095279,333,fsm_local_memory
1.0,1.0,0.0,1.0,0.0,0.03726394101977348,102,True,l_shaped,0.784783693048752,334,fsm_local_memory
1.0,1.0,0.0,0.0,0.0,0.08404169231653214,78,True,l_shaped,0.6086827412288406,335,fsm_local_memory
1.0,1.0,0.0,0.0,0.0,0.05534723028540611,96,True,narrow_entry,0.48439938692533735,336,fsm_local_memory
1.0,1.0,0.0,0.0,0.0,0.0572807714343071,109,True,narrow_exit,0.5189223212358495,337,fsm_local_memory
1.0,1.0,0.0,0.0,0.0,0.14902320504188538,76,True,straight,0.8045974586453615,338,fsm_local_memory
1.0,1.0,0.0,1.0,0.0,0.012740937061607838,148,True,s_shaped,0.535454311239284,339,fsm_local_memory
1.0,1.0,0.0,0.0,0.0,0.05485471710562706,98,True,straight,0.6165217517649025,340,fsm_local_memory
1.0,1.0,0.0,0.0,0.0,0.1507577747106552,74,True,straight,0.7147453509632772,341,fsm_local_memory
1.0,1.0,0.0,0.0,0.0,0.0780368372797966,114,True,l_shaped,0.6648977503842792,342,fsm_local_memory
1.0,1.0,0.0,0.0,0.0,0.11284113675355911,90,True,straight,0.7009784910946137,343,fsm_local_memory
1.0,1.0,0.0,1.0,0.0,0.047001972794532776,168,True,s_shaped,0.8492554920765324,344,fsm_local_memory
1.0,1.0,0.0,0.0,0.0,0.06079983711242676,124,True,l_shaped,0.5595096769127493,345,fsm_local_memory
1.0,1.0,0.0,0.0,0.0,0.09921093285083771,110,True,straight,0.6730124541457517,346,fsm_local_memory
1.0,1.0,0.0,0.0,0.0,0.05975736677646637,119,True,l_shaped,0.7773505816114591,347,fsm_local_memory
1.0,1.0,0.0,1.0,0.0,0.037845831364393234,88,True,straight,0.45477856389759985,348,fsm_local_memory
0.0,0.0,0.0,0.0,0.0,0.17459829151630402,400,False,false_feasible,0.7846512108975894,349,fsm_local_memory
1.0,1.0,0.0,0.0,0.0,0.0824180468916893,107,True,straight,0.7834788217300419,350,fsm_local_memory
1.0,1.0,0.0,1.0,0.0,0.045922376215457916,110,True,l_shaped,0.7194729126126809,351,fsm_local_memory
1.0,1.0,0.0,1.0,0.0,0.03629406541585922,77,True,narrow_exit,0.4634448038925577,352,fsm_local_memory
1.0,1.0,0.0,0.0,0.0,0.07776031643152237,116,True,l_shaped,0.6721804722847302,353,fsm_local_memory
1.0,1.0,0.0,1.0,0.0,0.04772447794675827,213,True,s_shaped,0.8718865312699862,354,fsm_local_memory
1.0,1.0,0.0,1.0,0.0,0.00830365251749754,117,True,asymmetric,0.6211735010543226,355,fsm_local_memory
0.0,0.0,0.0,1.0,0.0,0.006697243079543114,60,True,s_shaped,0.6590191254045346,356,fsm_local_memory
1.0,1.0,0.0,0.0,0.0,0.10036345571279526,93,True,straight,0.7854340693479843,357,fsm_local_memory
0.0,0.0,0.0,0.0,0.0,0.11962295323610306,62,True,asymmetric,0.6292380604519123,358,fsm_local_memory
0.0,0.0,0.0,1.0,0.0,0.011370544321835041,106,True,l_shaped,0.49812010267372153,359,fsm_local_memory
1.0,1.0,0.0,0.0,0.0,0.19691988825798035,93,True,straight,0.8934860548969821,360,fsm_local_memory
0.0,0.0,0.0,0.0,0.0,4.820000171661377,16,True,asymmetric,0.5045624061316145,361,fsm_local_memory
1.0,1.0,0.0,0.0,0.0,0.1503351628780365,72,True,straight,0.6655051061114889,362,fsm_local_memory
0.0,0.0,0.0,0.0,0.0,0.13893388211727142,400,False,false_feasible,0.6913331522479829,363,fsm_local_memory
1.0,1.0,0.0,0.0,0.0,0.08498278260231018,79,True,straight,0.5624077396743253,364,fsm_local_memory
1.0,1.0,0.0,0.0,0.0,0.06390982866287231,95,True,l_shaped,0.6487135133830443,365,fsm_local_memory
1.0,1.0,0.0,0.0,0.0,0.14552593231201172,108,True,straight,0.8702999166503842,366,fsm_local_memory
1.0,1.0,0.0,1.0,0.0,0.019402306526899338,93,True,narrow_entry,0.4384386502362506,367,fsm_local_memory
1.0,1.0,0.0,0.0,0.0,0.06131230294704437,94,True,narrow_entry,0.5036020293459074,368,fsm_local_memory
0.0,0.0,0.0,0.0,0.0,4.820000171661377,15,True,straight,0.5058257306838063,369,fsm_local_memory
0.0,0.0,0.0,0.0,0.0,4.820000171661377,15,True,narrow_entry,0.5259088041460114,370,fsm_local_memory
1.0,1.0,0.0,0.0,0.0,0.11512581259012222,109,True,asymmetric,0.8335646892461521,371,fsm_local_memory
0.0,0.0,0.0,1.0,0.0,0.000685147475451231,71,True,asymmetric,0.646146856802193,372,fsm_local_memory
1.0,1.0,0.0,1.0,0.0,0.006927611771970987,82,True,narrow_entry,0.5903563995357339,373,fsm_local_memory
0.0,0.0,0.0,0.0,0.0,4.820000171661377,14,True,asymmetric,0.5019889492010106,374,fsm_local_memory
1.0,1.0,0.0,1.0,0.0,0.026988239958882332,80,True,straight,0.6076014085417744,375,fsm_local_memory
1.0,1.0,0.0,1.0,0.0,0.028375789523124695,78,True,narrow_exit,0.44185448212933165,376,fsm_local_memory
0.0,0.0,0.0,0.0,0.0,0.13537894189357758,400,False,false_feasible,0.7240862070769776,377,fsm_local_memory
1.0,1.0,0.0,1.0,0.0,0.01795588992536068,126,True,s_shaped,0.5555934721026827,378,fsm_local_memory
0.0,0.0,0.0,1.0,0.0,0.007362425327301025,400,True,narrow_exit,0.42835438345705973,379,fsm_local_memory
1.0,1.0,0.0,0.0,0.0,0.09777680039405823,75,True,asymmetric,0.7716258991255507,380,fsm_local_memory
0.0,0.0,0.0,1.0,0.0,0.007197536528110504,56,True,s_shaped,0.5705908392749932,381,fsm_local_memory
1.0,1.0,0.0,0.0,0.0,0.13907554745674133,88,True,straight,0.7271978352153152,382,fsm_local_memory
1.0,1.0,0.0,0.0,0.0,0.10673129558563232,72,True,asymmetric,0.7302456737231475,383,fsm_local_memory
1.0,1.0,0.0,0.0,0.0,0.06213688850402832,114,True,s_shaped,0.5651800313364067,384,fsm_local_memory
1.0,1.0,0.0,0.0,0.0,0.14368094503879547,82,True,asymmetric,0.8564505075616118,385,fsm_local_memory
1.0,1.0,0.0,1.0,0.0,0.020772112533450127,115,True,straight,0.49005041811184114,386,fsm_local_memory
1.0,1.0,0.0,1.0,0.0,0.025388233363628387,77,True,narrow_exit,0.4368663456917262,387,fsm_local_memory
0.0,0.0,0.0,0.0,0.0,4.820000171661377,15,True,narrow_entry,0.5361131842178595,388,fsm_local_memory
0.0,0.0,0.0,0.0,0.0,4.820000171661377,15,True,asymmetric,0.49044188733941163,389,fsm_local_memory
0.0,0.0,0.0,0.0,0.0,0.17324957251548767,400,False,false_feasible,0.7836843601151272,390,fsm_local_memory
1.0,1.0,0.0,1.0,0.0,0.03726893290877342,107,True,narrow_exit,0.4718064113972221,391,fsm_local_memory
1.0,1.0,0.0,0.0,0.0,0.07850129157304764,89,True,narrow_exit,0.5776799064188229,392,fsm_local_memory
1.0,1.0,0.0,0.0,0.0,0.07219815254211426,97,True,l_shaped,0.870781964477952,393,fsm_local_memory
1.0,1.0,0.0,0.0,0.0,0.09135160595178604,105,True,l_shaped,0.7548680609398359,394,fsm_local_memory
1.0,1.0,0.0,0.0,0.0,0.09415371716022491,80,True,asymmetric,0.891714648772563,395,fsm_local_memory
1.0,1.0,0.0,0.0,0.0,0.08528165519237518,101,True,narrow_exit,0.5754624922056365,396,fsm_local_memory
1.0,1.0,0.0,0.0,0.0,0.09351800382137299,75,True,straight,0.5564181838467556,397,fsm_local_memory
1.0,1.0,0.0,0.0,0.0,0.17289969325065613,111,True,straight,0.853399207905361,398,fsm_local_memory
1.0,1.0,0.0,1.0,0.0,0.049321893602609634,126,True,s_shaped,0.8149141593352902,399,fsm_local_memory
1.0,1.0,0.0,0.0,0.0,0.07397311180830002,113,True,l_shaped,0.6854332943612675,400,fsm_local_memory
0.0,0.0,0.0,1.0,0.0,0.007990914396941662,400,True,narrow_exit,0.42586388788750956,401,fsm_local_memory
1.0,1.0,0.0,0.0,0.0,0.17782413959503174,105,True,straight,0.8195512003675972,402,fsm_local_memory
0.0,0.0,0.0,0.0,0.0,0.06815699487924576,400,True,asymmetric,0.6994770281635594,403,fsm_local_memory
1.0,1.0,0.0,1.0,0.0,0.032213244587183,73,True,straight,0.5079750878612583,404,fsm_local_memory
0.0,0.0,0.0,1.0,0.0,0.0015953792026266456,112,True,asymmetric,0.5463309467697621,405,fsm_local_memory
1.0,1.0,0.0,0.0,0.0,0.06088798865675926,99,True,narrow_exit,0.5108778960833361,406,fsm_local_memory
1.0,1.0,0.0,0.0,0.0,0.06570051610469818,91,True,l_shaped,0.5404169294868316,407,fsm_local_memory
1.0,1.0,0.0,0.0,0.0,0.0745198130607605,84,True,straight,0.6298312095520335,408,fsm_local_memory
1.0,1.0,0.0,0.0,0.0,0.0787460133433342,184,True,s_shaped,0.849105673480548,409,fsm_local_memory
1.0,1.0,0.0,0.0,0.0,0.05817579850554466,120,True,s_shaped,0.59134806011485,410,fsm_local_memory
1.0,1.0,0.0,1.0,0.0,0.03689813241362572,120,True,l_shaped,0.6037448255097739,411,fsm_local_memory
0.0,0.0,0.0,0.0,0.0,4.820000171661377,20,True,l_shaped,0.45280743256369865,412,fsm_local_memory
1.0,1.0,0.0,1.0,0.0,0.026145577430725098,93,True,narrow_exit,0.4322962058358565,413,fsm_local_memory
1.0,1.0,0.0,1.0,0.0,0.017623912543058395,85,True,asymmetric,0.825888062322826,414,fsm_local_memory
1.0,1.0,0.0,0.0,0.0,0.07227273285388947,105,True,s_shaped,0.7037997549515324,415,fsm_local_memory
1.0,1.0,0.0,1.0,0.0,0.027075976133346558,79,True,asymmetric,0.6871454183331248,416,fsm_local_memory
1.0,1.0,0.0,1.0,0.0,0.02381281554698944,206,True,s_shaped,0.7051659860900208,417,fsm_local_memory
0.0,0.0,0.0,1.0,0.0,0.005177109502255917,53,True,s_shaped,0.5034655764910647,418,fsm_local_memory
1.0,1.0,0.0,1.0,0.0,0.027550244703888893,123,True,l_shaped,0.8583514940418655,419,fsm_local_memory
0.0,0.0,0.0,0.0,0.0,0.13590863347053528,400,False,false_feasible,0.6917537912333709,420,fsm_local_memory
1.0,1.0,0.0,0.0,0.0,0.06214835122227669,85,True,narrow_exit,0.548193189980353,421,fsm_local_memory
1.0,1.0,0.0,0.0,0.0,0.0718146413564682,100,True,narrow_exit,0.5698835120697903,422,fsm_local_memory
0.0,0.0,0.0,0.0,0.0,0.1663437783718109,400,False,false_feasible,0.7657420414653151,423,fsm_local_memory
0.0,0.0,0.0,0.0,0.0,4.820000171661377,15,True,straight,0.5021173467343687,424,fsm_local_memory
1.0,1.0,0.0,1.0,0.0,0.04092813655734062,135,True,l_shaped,0.6872802453256228,425,fsm_local_memory
1.0,1.0,0.0,0.0,0.0,0.07402580231428146,121,True,s_shaped,0.68367921013104,426,fsm_local_memory
1.0,1.0,0.0,0.0,0.0,0.06761418282985687,93,True,l_shaped,0.5760127738192665,427,fsm_local_memory
0.0,0.0,0.0,0.0,0.0,4.820000171661377,16,True,narrow_entry,0.44511048052830143,428,fsm_local_memory
0.0,0.0,0.0,1.0,0.0,0.00629847776144743,115,True,s_shaped,0.49550807500532484,429,fsm_local_memory
1.0,1.0,0.0,1.0,0.0,0.046354155987501144,80,True,narrow_entry,0.48023873852930504,430,fsm_local_memory
0.0,0.0,0.0,1.0,0.0,0.006673860363662243,102,True,l_shaped,0.5003934563637937,431,fsm_local_memory
1.0,1.0,0.0,0.0,0.0,0.06678284704685211,108,True,narrow_exit,0.5060292410879816,432,fsm_local_memory
0.0,0.0,0.0,1.0,0.0,0.0017419711221009493,31,True,narrow_entry,0.5515369094885471,433,fsm_local_memory
0.0,0.0,0.0,0.0,0.0,4.820000171661377,16,True,narrow_entry,0.4571580777706371,434,fsm_local_memory
0.0,0.0,0.0,1.0,0.0,0.0020244691986590624,73,True,l_shaped,0.45933006986733943,435,fsm_local_memory
0.0,0.0,0.0,1.0,0.0,0.0030486932955682278,84,True,l_shaped,0.45255451221545645,436,fsm_local_memory
1.0,1.0,0.0,1.0,0.0,0.010286790318787098,96,True,l_shaped,0.5621179882052608,437,fsm_local_memory
0.0,0.0,0.0,0.0,0.0,0.1427842527627945,400,False,false_feasible,0.7286838489717035,438,fsm_local_memory
1.0,1.0,0.0,0.0,0.0,0.09455026686191559,100,True,narrow_exit,0.5627132542187139,439,fsm_local_memory
1.0,1.0,0.0,0.0,0.0,0.07265947014093399,104,True,narrow_exit,0.5745904524156771,440,fsm_local_memory
1.0,1.0,0.0,0.0,0.0,0.10388578474521637,95,True,straight,0.6840786022553353,441,fsm_local_memory
1.0,1.0,0.0,0.0,0.0,0.09722378104925156,109,True,narrow_exit,0.5612196823202605,442,fsm_local_memory
1.0,1.0,0.0,0.0,0.0,0.058862995356321335,111,True,narrow_exit,0.5123040791951938,443,fsm_local_memory
1.0,1.0,0.0,0.0,0.0,0.144475519657135,83,True,straight,0.8767534935747161,444,fsm_local_memory
1.0,1.0,0.0,0.0,0.0,0.18685060739517212,96,True,straight,0.7461273714269243,445,fsm_local_memory
0.0,0.0,0.0,0.0,0.0,0.10987040400505066,400,False,false_feasible,0.7295294125388756,446,fsm_local_memory
1.0,1.0,0.0,1.0,0.0,0.020818129181861877,110,True,straight,0.5853780206388963,447,fsm_local_memory
0.0,0.0,0.0,0.0,0.0,0.20970889925956726,94,True,s_shaped,0.8933167755166438,448,fsm_local_memory
1.0,1.0,0.0,0.0,0.0,0.14213837683200836,72,True,straight,0.6762941729478129,449,fsm_local_memory
1.0,1.0,0.0,0.0,0.0,0.1796739399433136,79,True,straight,0.768111956803925,450,fsm_local_memory
1.0,1.0,0.0,0.0,0.0,0.062522754073143,73,True,narrow_entry,0.5565493445846378,451,fsm_local_memory
1.0,1.0,0.0,0.0,0.0,0.18905200064182281,99,True,straight,0.8239964248444626,452,fsm_local_memory
1.0,1.0,0.0,1.0,0.0,0.046022217720746994,100,True,narrow_exit,0.48814641065770825,453,fsm_local_memory
1.0,1.0,0.0,1.0,0.0,0.04665358364582062,112,True,narrow_entry,0.5876406565426815,454,fsm_local_memory
1.0,1.0,0.0,0.0,0.0,0.07276395708322525,93,True,narrow_exit,0.5684421479598019,455,fsm_local_memory
0.0,0.0,0.0,0.0,0.0,0.1602163016796112,400,False,false_feasible,0.7597212081465654,456,fsm_local_memory
0.0,0.0,0.0,0.0,0.0,4.820000171661377,18,True,straight,0.5203818218739407,457,fsm_local_memory
1.0,1.0,0.0,0.0,0.0,0.0796419084072113,95,True,narrow_entry,0.5697373016490891,458,fsm_local_memory
0.0,0.0,0.0,0.0,0.0,0.11856495589017868,400,False,false_feasible,0.7792971347671608,459,fsm_local_memory
1.0,1.0,0.0,0.0,0.0,0.08851215243339539,86,True,narrow_exit,0.5491569295946165,460,fsm_local_memory
0.0,0.0,0.0,0.0,0.0,0.08825287222862244,400,False,false_feasible,0.6349918117575468,461,fsm_local_memory
1.0,1.0,0.0,0.0,0.0,0.11829628795385361,81,True,straight,0.6971321724941133,462,fsm_local_memory
0.0,0.0,0.0,1.0,0.0,0.0021146193612366915,107,True,l_shaped,0.5397580332977093,463,fsm_local_memory
1.0,1.0,0.0,0.0,0.0,0.05081001669168472,156,True,s_shaped,0.544260760804875,464,fsm_local_memory
1.0,1.0,0.0,1.0,0.0,0.043535638600587845,105,True,asymmetric,0.8596306324929981,465,fsm_local_memory
0.0,0.0,0.0,1.0,0.0,0.0005116217653267086,80,True,narrow_exit,0.42871615570433114,466,fsm_local_memory
1.0,1.0,0.0,0.0,0.0,0.05048216134309769,118,True,s_shaped,0.6600048392488131,467,fsm_local_memory
1.0,1.0,0.0,0.0,0.0,0.10514899343252182,106,True,l_shaped,0.744656699218429,468,fsm_local_memory
0.0,0.0,0.0,0.0,0.0,0.10120230168104172,400,True,asymmetric,0.6056276234749134,469,fsm_local_memory
1.0,1.0,0.0,0.0,0.0,0.05625712871551514,141,True,s_shaped,0.7972986830361148,470,fsm_local_memory
1.0,1.0,0.0,1.0,0.0,0.02342648059129715,96,True,narrow_exit,0.4343310919222745,471,fsm_local_memory
1.0,1.0,0.0,0.0,0.0,0.1076604425907135,95,True,l_shaped,0.6727334024513261,472,fsm_local_memory
1.0,1.0,0.0,0.0,0.0,0.07343778014183044,133,True,s_shaped,0.5844835810348048,473,fsm_local_memory
0.0,0.0,0.0,0.0,0.0,4.820000171661377,15,True,straight,0.4959249279328948,474,fsm_local_memory
1.0,1.0,0.0,0.0,0.0,0.10432442277669907,114,True,l_shaped,0.8282714006808329,475,fsm_local_memory
1.0,1.0,0.0,1.0,0.0,0.044569116085767746,103,True,l_shaped,0.5166847907398643,476,fsm_local_memory
1.0,1.0,0.0,0.0,0.0,0.059982847422361374,103,True,straight,0.6785755236717885,477,fsm_local_memory
1.0,1.0,0.0,0.0,0.0,0.12189394980669022,97,True,l_shaped,0.8635618096994966,478,fsm_local_memory
0.0,0.0,0.0,1.0,0.0,0.0015221158973872662,86,True,s_shaped,0.47439393932900775,479,fsm_local_memory
1.0,1.0,0.0,0.0,0.0,0.08242057263851166,120,True,s_shaped,0.6166403908537974,480,fsm_local_memory
1.0,1.0,0.0,0.0,0.0,0.05147159844636917,81,True,narrow_entry,0.47495747432733987,481,fsm_local_memory
1.0,1.0,0.0,0.0,0.0,0.08666720986366272,87,True,l_shaped,0.7049323926352751,482,fsm_local_memory
0.0,0.0,0.0,1.0,0.0,0.03612584248185158,400,True,l_shaped,0.4720198490214684,483,fsm_local_memory
0.0,0.0,0.0,0.0,0.0,4.820000171661377,20,True,s_shaped,0.4589772985484778,484,fsm_local_memory
1.0,1.0,0.0,1.0,0.0,0.033462151885032654,86,True,narrow_exit,0.46423369907326917,485,fsm_local_memory
0.0,0.0,0.0,0.0,0.0,0.08520473539829254,400,True,asymmetric,0.6292677836442063,486,fsm_local_memory
0.0,0.0,0.0,0.0,0.0,0.12143447995185852,400,False,false_feasible,0.7831479154810399,487,fsm_local_memory
1.0,1.0,0.0,0.0,0.0,0.1114073246717453,106,True,straight,0.7255210533602207,488,fsm_local_memory
1.0,1.0,0.0,0.0,0.0,0.10286539047956467,99,True,l_shaped,0.7142015728997486,489,fsm_local_memory
1.0,1.0,0.0,0.0,0.0,0.21994304656982422,80,True,straight,0.8969927003287215,490,fsm_local_memory
1.0,1.0,0.0,1.0,0.0,0.002339429222047329,92,True,asymmetric,0.71781498066591,491,fsm_local_memory
1.0,1.0,0.0,0.0,0.0,0.0785205215215683,90,True,l_shaped,0.6015532407253592,492,fsm_local_memory
0.0,0.0,0.0,0.0,0.0,0.06510406732559204,400,False,false_feasible,0.6270418631329638,493,fsm_local_memory
1.0,1.0,0.0,0.0,0.0,0.19010765850543976,93,True,straight,0.7946697552207004,494,fsm_local_memory
0.0,0.0,0.0,0.0,0.0,4.820000171661377,16,True,narrow_entry,0.44833964817777244,495,fsm_local_memory
0.0,0.0,0.0,1.0,0.0,0.007643174845725298,66,True,asymmetric,0.4728980453152145,496,fsm_local_memory
0.0,0.0,0.0,1.0,0.0,0.0007986109703779221,26,True,narrow_entry,0.4724707869962791,497,fsm_local_memory
0.0,0.0,0.0,1.0,0.0,0.005509623792022467,65,True,s_shaped,0.5062975618802955,498,fsm_local_memory
1.0,1.0,0.0,1.0,0.0,0.045620281249284744,82,True,narrow_exit,0.45637615688314553,499,fsm_local_memory
1.0,1.0,0.0,1.0,0.0,0.001991783268749714,128,True,straight,0.5661508836477479,0,fsm_local_memory
0.0,0.0,0.0,1.0,0.0,0.005971245933324099,68,True,asymmetric,0.5233703719819794,1,fsm_local_memory
0.0,0.0,0.0,0.0,0.0,4.820000171661377,15,False,false_feasible,0.5548655277008361,2,fsm_local_memory
1.0,1.0,0.0,0.0,0.0,0.09073109179735184,81,True,straight,0.6957928930785326,3,fsm_local_memory
1.0,1.0,0.0,0.0,0.0,0.059254229068756104,108,True,l_shaped,0.757579555134595,4,fsm_local_memory
0.0,0.0,0.0,0.0,0.0,4.820000171661377,17,True,l_shaped,0.5452302690209478,5,fsm_local_memory
1.0,1.0,0.0,0.0,0.0,0.08810834586620331,109,True,l_shaped,0.8058334756689016,6,fsm_local_memory
1.0,1.0,0.0,1.0,0.0,0.04896042123436928,84,True,narrow_entry,0.5502667675315113,7,fsm_local_memory
0.0,0.0,0.0,0.0,0.0,0.07418566197156906,400,True,asymmetric,0.5718687103432746,8,fsm_local_memory
0.0,0.0,0.0,0.0,0.0,0.1540849804878235,400,False,false_feasible,0.7396065491823672,9,fsm_local_memory
1.0,1.0,0.0,1.0,0.0,0.025335857644677162,106,True,narrow_exit,0.42731652170425655,10,fsm_local_memory
1.0,1.0,0.0,0.0,0.0,0.08072587102651596,96,True,straight,0.7655091961269462,11,fsm_local_memory
1.0,1.0,0.0,0.0,0.0,0.19965697824954987,88,True,straight,0.8248007167804521,12,fsm_local_memory
1.0,1.0,0.0,0.0,0.0,0.13000740110874176,104,True,straight,0.6529614191470621,13,fsm_local_memory
0.0,0.0,0.0,0.0,0.0,0.09236130863428116,400,True,asymmetric,0.5730732880202507,14,fsm_local_memory
1.0,1.0,0.0,0.0,0.0,0.17626282572746277,85,True,straight,0.7668419999727218,15,fsm_local_memory
1.0,1.0,0.0,0.0,0.0,0.1331605762243271,75,True,straight,0.6583327266031102,16,fsm_local_memory
1.0,1.0,0.0,0.0,0.0,0.07296249270439148,131,True,s_shaped,0.7288521800419325,17,fsm_local_memory
1.0,1.0,0.0,1.0,0.0,0.021273231133818626,84,True,straight,0.4879536286140265,18,fsm_local_memory
1.0,1.0,0.0,0.0,0.0,0.1335635781288147,108,True,asymmetric,0.8309187254853225,19,fsm_local_memory
1.0,1.0,0.0,1.0,0.0,0.0028373156674206257,107,True,asymmetric,0.737249151791138,20,fsm_local_memory
0.0,0.0,0.0,0.0,0.0,0.16545416414737701,400,False,false_feasible,0.7648383705995083,21,fsm_local_memory
0.0,0.0,0.0,0.0,0.0,4.820000171661377,17,True,l_shaped,0.5036631430660587,22,fsm_local_memory
1.0,1.0,0.0,0.0,0.0,0.08486288040876389,91,True,asymmetric,0.7585056527097924,23,fsm_local_memory
1.0,1.0,0.0,1.0,0.0,0.032450441271066666,104,True,narrow_exit,0.4711872448542635,24,fsm_local_memory
0.0,0.0,0.0,1.0,0.0,0.049632519483566284,400,False,false_feasible,0.605121494438039,25,fsm_local_memory
0.0,0.0,0.0,1.0,0.0,0.00029937346698716283,400,True,asymmetric,0.5251225868876733,26,fsm_local_memory
1.0,1.0,0.0,0.0,0.0,0.06739193201065063,95,True,straight,0.7385253553631994,27,fsm_local_memory
1.0,1.0,0.0,0.0,0.0,0.05260873958468437,86,True,narrow_exit,0.5066640149633126,28,fsm_local_memory
1.0,1.0,0.0,1.0,0.0,0.036602932959795,99,True,narrow_exit,0.4435747585038711,29,fsm_local_memory
1.0,1.0,0.0,0.0,0.0,0.0787249356508255,98,True,straight,0.7314161723109187,30,fsm_local_memory
1.0,1.0,0.0,0.0,0.0,0.10323256254196167,85,True,l_shaped,0.6503494190686149,31,fsm_local_memory
1.0,1.0,0.0,1.0,0.0,0.04868987202644348,137,True,s_shaped,0.5742652359234547,32,fsm_local_memory
1.0,1.0,0.0,0.0,0.0,0.06068507581949234,98,True,l_shaped,0.5417950634861961,33,fsm_local_memory
0.0,0.0,0.0,0.0,0.0,0.05547141283750534,400,False,false_feasible,0.6144019385100408,34,fsm_local_memory
1.0,1.0,0.0,1.0,0.0,0.026943529024720192,92,True,narrow_exit,0.43723088091776874,35,fsm_local_memory
1.0,1.0,0.0,0.0,0.0,0.1793474704027176,84,True,straight,0.8020838678910598,36,fsm_local_memory
1.0,1.0,0.0,1.0,0.0,0.023341357707977295,102,True,narrow_exit,0.43036622595646046,37,fsm_local_memory
0.0,0.0,0.0,1.0,0.0,0.004108815919607878,63,True,asymmetric,0.4562633186059493,38,fsm_local_memory
1.0,1.0,0.0,0.0,0.0,0.10663165152072906,103,True,narrow_exit,0.5988552398320051,39,fsm_local_memory
1.0,1.0,0.0,0.0,0.0,0.12072943150997162,77,True,straight,0.725432522562784,40,fsm_local_memory
1.0,1.0,0.0,0.0,0.0,0.10735760629177094,84,True,straight,0.6120095387645129,41,fsm_local_memory
0.0,0.0,0.0,0.0,0.0,0.08475890010595322,400,True,asymmetric,0.5923198263419658,42,fsm_local_memory
1.0,1.0,0.0,1.0,0.0,0.022255010902881622,130,True,s_shaped,0.8370483581668494,43,fsm_local_memory
1.0,1.0,0.0,0.0,0.0,0.07445613294839859,113,True,l_shaped,0.8480578586931833,44,fsm_local_memory
0.0,0.0,0.0,0.0,0.0,0.2165643572807312,118,True,s_shaped,0.8897573381136668,45,fsm_local_memory
1.0,1.0,0.0,0.0,0.0,0.0589756965637207,101,True,straight,0.5362229278359497,46,fsm_local_memory
1.0,1.0,0.0,1.0,0.0,0.024969303980469704,103,True,narrow_exit,0.4425239822269924,47,fsm_local_memory
1.0,1.0,0.0,0.0,0.0,0.07514544576406479,90,True,narrow_exit,0.5371511176055458,48,fsm_local_memory
0.0,0.0,0.0,0.0,0.0,0.14703308045864105,400,False,false_feasible,0.7208835652826184,49,fsm_local_memory
0.0,0.0,0.0,0.0,0.0,0.14568790793418884,400,False,false_feasible,0.7575371781441346,50,fsm_local_memory
1.0,1.0,0.0,1.0,0.0,0.0019729083869606256,102,True,asymmetric,0.6275231117261458,51,fsm_local_memory
0.0,0.0,0.0,0.0,0.0,4.820000171661377,15,True,narrow_entry,0.5528487465836486,52,fsm_local_memory
1.0,1.0,0.0,1.0,0.0,0.03775746747851372,140,True,s_shaped,0.7099601420334767,53,fsm_local_memory
1.0,1.0,0.0,0.0,0.0,0.10773304849863052,104,True,straight,0.6595208619747357,54,fsm_local_memory
1.0,1.0,0.0,0.0,0.0,0.11734778434038162,105,True,l_shaped,0.8647340762751858,55,fsm_local_memory
1.0,1.0,0.0,1.0,0.0,0.024493850767612457,87,True,narrow_exit,0.42929452031789417,56,fsm_local_memory
1.0,1.0,0.0,0.0,0.0,0.07943511754274368,87,True,straight,0.5733647325970421,57,fsm_local_memory
1.0,1.0,0.0,1.0,0.0,0.03521062061190605,75,True,narrow_entry,0.5753490242379482,58,fsm_local_memory
1.0,1.0,0.0,1.0,0.0,0.031351350247859955,227,True,s_shaped,0.5279457223978177,59,fsm_local_memory
1.0,1.0,0.0,1.0,0.0,0.04098668321967125,87,True,narrow_entry,0.47364609790741546,60,fsm_local_memory
0.0,0.0,0.0,0.0,0.0,4.820000171661377,15,True,narrow_entry,0.42744906383688636,61,fsm_local_memory
0.0,0.0,0.0,1.0,0.0,0.0007520524668507278,189,True,s_shaped,0.5134542646008197,62,fsm_local_memory
1.0,1.0,0.0,0.0,0.0,0.09982587397098541,90,True,narrow_exit,0.5968172602673276,63,fsm_local_memory
1.0,1.0,0.0,0.0,0.0,0.056707125157117844,109,True,narrow_exit,0.5329603976495223,64,fsm_local_memory
1.0,1.0,0.0,1.0,0.0,0.003075843444094062,90,True,straight,0.5399964414642042,65,fsm_local_memory
1.0,1.0,0.0,1.0,0.0,0.03630774840712547,108,True,straight,0.6046120577461381,66,fsm_local_memory
0.0,0.0,0.0,0.0,0.0,4.820000171661377,16,True,narrow_entry,0.5912509352421983,67,fsm_local_memory
1.0,1.0,0.0,0.0,0.0,0.1328394114971161,110,True,straight,0.8380217625407204,68,fsm_local_memory
0.0,0.0,0.0,0.0,0.0,0.1075684204697609,400,False,false_feasible,0.6208171931233974,69,fsm_local_memory
0.0,0.0,0.0,1.0,0.0,0.009746856056153774,400,False,false_feasible,0.5582930281617959,70,fsm_local_memory
0.0,0.0,0.0,0.0,0.0,4.820000171661377,14,True,straight,0.46072278596289595,71,fsm_local_memory
0.0,0.0,0.0,0.0,0.0,0.12253931164741516,400,False,false_feasible,0.7019815540116525,72,fsm_local_memory
0.0,0.0,0.0,1.0,0.0,0.005034525878727436,101,True,s_shaped,0.4808379957565439,73,fsm_local_memory
1.0,1.0,0.0,1.0,0.0,0.042031388729810715,107,True,l_shaped,0.6536879623358838,74,fsm_local_memory
0.0,0.0,0.0,0.0,0.0,4.820000171661377,15,True,narrow_entry,0.492269341530011,75,fsm_local_memory
1.0,1.0,0.0,0.0,0.0,0.08239668607711792,129,True,s_shaped,0.674604594604723,76,fsm_local_memory
1.0,1.0,0.0,1.0,0.0,0.023611508309841156,112,True,narrow_exit,0.4401594866180569,77,fsm_local_memory
1.0,1.0,0.0,0.0,0.0,0.13690434396266937,83,True,straight,0.7194507433373412,78,fsm_local_memory
1.0,1.0,0.0,0.0,0.0,0.09055212140083313,90,True,straight,0.5457174553103382,79,fsm_local_memory
0.0,0.0,0.0,1.0,0.0,0.0035075454507023096,83,True,l_shaped,0.6335983812133983,80,fsm_local_memory
0.0,0.0,0.0,1.0,0.0,0.003135613165795803,74,False,false_feasible,0.6428783819449548,81,fsm_local_memory
1.0,1.0,0.0,1.0,0.0,0.03209774196147919,174,True,s_shaped,0.6977066367139615,82,fsm_local_memory
1.0,1.0,0.0,1.0,0.0,0.04707217589020729,81,True,narrow_exit,0.48883414178158247,83,fsm_local_memory
1.0,1.0,0.0,1.0,0.0,0.012965498492121696,81,True,narrow_entry,0.5883128762867891,84,fsm_local_memory
1.0,1.0,0.0,1.0,0.0,0.03806998208165169,72,True,narrow_entry,0.4426578434568448,85,fsm_local_memory
1.0,1.0,0.0,0.0,0.0,0.1578337699174881,89,True,asymmetric,0.8955816314667235,86,fsm_local_memory
1.0,1.0,0.0,0.0,0.0,0.10151384770870209,97,True,l_shaped,0.8429297884360163,87,fsm_local_memory
1.0,1.0,0.0,1.0,0.0,0.03825321048498154,102,True,narrow_exit,0.4774908389276114,88,fsm_local_memory
1.0,1.0,0.0,1.0,0.0,0.049133189022541046,107,True,narrow_entry,0.5939268150156898,89,fsm_local_memory
1.0,1.0,0.0,0.0,0.0,0.13117118179798126,122,True,l_shaped,0.7817166229793622,90,fsm_local_memory
0.0,0.0,0.0,0.0,0.0,4.820000171661377,15,True,narrow_entry,0.5489930514543779,91,fsm_local_memory
1.0,1.0,0.0,0.0,0.0,0.06035406515002251,129,True,l_shaped,0.880295120694108,92,fsm_local_memory
1.0,1.0,0.0,0.0,0.0,0.08284852653741837,96,True,narrow_exit,0.5720688978884574,93,fsm_local_memory
1.0,1.0,0.0,0.0,0.0,0.10460181534290314,100,True,straight,0.7670449776704361,94,fsm_local_memory
1.0,1.0,0.0,0.0,0.0,0.05348143354058266,108,True,s_shaped,0.6727968821332084,95,fsm_local_memory
0.0,0.0,0.0,1.0,0.0,0.002552288817241788,112,True,asymmetric,0.5415595389622003,96,fsm_local_memory
1.0,1.0,0.0,0.0,0.0,0.08932702988386154,110,True,narrow_exit,0.546897700493456,97,fsm_local_memory
0.0,0.0,0.0,0.0,0.0,4.820000171661377,16,True,straight,0.5434646894101032,98,fsm_local_memory
1.0,1.0,0.0,1.0,0.0,0.02206718921661377,78,True,narrow_entry,0.4755888964779367,99,fsm_local_memory
1.0,1.0,0.0,1.0,0.0,0.04845966026186943,82,True,narrow_exit,0.482247543457469,100,fsm_local_memory
1.0,1.0,0.0,0.0,0.0,0.06911986321210861,98,True,straight,0.598350569121542,101,fsm_local_memory
1.0,1.0,0.0,0.0,0.0,0.1758773922920227,76,True,straight,0.8943075237273916,102,fsm_local_memory
1.0,1.0,0.0,1.0,0.0,0.01704346388578415,87,True,asymmetric,0.683326348935434,103,fsm_local_memory
1.0,1.0,0.0,0.0,0.0,0.16371510922908783,107,True,straight,0.8098065718061735,104,fsm_local_memory
1.0,1.0,0.0,0.0,0.0,0.10251397639513016,75,True,asymmetric,0.8273907878270851,105,fsm_local_memory
1.0,1.0,0.0,0.0,0.0,0.17575831711292267,93,True,straight,0.8798795126764676,106,fsm_local_memory
1.0,1.0,0.0,1.0,0.0,0.032009776681661606,103,True,narrow_exit,0.45728279347440115,107,fsm_local_memory
0.0,0.0,0.0,0.0,0.0,4.820000171661377,16,True,narrow_entry,0.45302176139825867,108,fsm_local_memory
1.0,1.0,0.0,1.0,0.0,0.034480419009923935,75,True,asymmetric,0.7813655294706134,109,fsm_local_memory
0.0,0.0,0.0,1.0,0.0,0.002936748554930091,128,True,l_shaped,0.45775862446014204,110,fsm_local_memory
1.0,1.0,0.0,0.0,0.0,0.09226122498512268,93,True,narrow_entry,0.5740451723170577,111,fsm_local_memory
1.0,1.0,0.0,1.0,0.0,0.013686536811292171,203,True,s_shaped,0.4870435888323706,112,fsm_local_memory
1.0,1.0,0.0,0.0,0.0,0.051542311906814575,114,True,l_shaped,0.7108643978748297,113,fsm_local_memory
1.0,1.0,0.0,0.0,0.0,0.08512096107006073,75,True,narrow_exit,0.5438883470199346,114,fsm_local_memory
0.0,0.0,0.0,0.0,0.0,0.09445476531982422,400,True,asymmetric,0.6137277089180454,115,fsm_local_memory
0.0,0.0,0.0,0.0,0.0,4.820000171661377,17,True,narrow_entry,0.5600922309347779,116,fsm_local_memory
1.0,1.0,0.0,0.0,0.0,0.1613163948059082,91,True,straight,0.7558046891537344,117,fsm_local_memory
1.0,1.0,0.0,0.0,0.0,0.08657757192850113,111,True,straight,0.6375968725687111,118,fsm_local_memory
0.0,0.0,0.0,1.0,0.0,0.025941692292690277,400,True,s_shaped,0.8976595910276768,119,fsm_local_memory
1.0,1.0,0.0,1.0,0.0,0.026200564578175545,83,True,straight,0.5695429946692852,120,fsm_local_memory
1.0,1.0,0.0,0.0,0.0,0.09221553802490234,95,True,straight,0.5830578425978028,121,fsm_local_memory
1.0,1.0,0.0,0.0,0.0,0.07059358060359955,73,True,straight,0.5053195402035809,122,fsm_local_memory
1.0,1.0,0.0,0.0,0.0,0.05833681672811508,95,True,straight,0.636962545167263,123,fsm_local_memory
1.0,1.0,0.0,1.0,0.0,0.04641619697213173,85,True,narrow_exit,0.49848253035124446,124,fsm_local_memory
1.0,1.0,0.0,1.0,0.0,0.027267521247267723,124,True,s_shaped,0.6215824617763025,125,fsm_local_memory
1.0,1.0,0.0,0.0,0.0,0.10754982382059097,86,True,l_shaped,0.6540366424282349,126,fsm_local_memory
1.0,1.0,0.0,1.0,0.0,0.03171026334166527,109,True,narrow_exit,0.4663383831696767,127,fsm_local_memory
1.0,1.0,0.0,0.0,0.0,0.10771205276250839,111,True,l_shaped,0.8425455487514439,128,fsm_local_memory
1.0,1.0,0.0,1.0,0.0,0.0074126687832176685,76,True,straight,0.5064877809019707,129,fsm_local_memory
1.0,1.0,0.0,0.0,0.0,0.06085536628961563,103,True,l_shaped,0.6385316752431256,130,fsm_local_memory
1.0,1.0,0.0,0.0,0.0,0.07790378481149673,103,True,l_shaped,0.6300370178623333,131,fsm_local_memory
1.0,1.0,0.0,1.0,0.0,0.035817090421915054,108,True,straight,0.482424741995065,132,fsm_local_memory
1.0,1.0,0.0,0.0,0.0,0.05300471559166908,95,True,straight,0.5262578575925465,133,fsm_local_memory
1.0,1.0,0.0,1.0,0.0,0.026022177189588547,109,True,straight,0.45780458482793673,134,fsm_local_memory
1.0,1.0,0.0,0.0,0.0,0.06001150235533714,104,True,narrow_exit,0.5190096445622917,135,fsm_local_memory
1.0,1.0,0.0,1.0,0.0,0.023012453690171242,180,True,s_shaped,0.7595931446352189,136,fsm_local_memory
0.0,0.0,0.0,0.0,0.0,4.820000171661377,14,True,narrow_entry,0.5041725325449173,137,fsm_local_memory
1.0,1.0,0.0,0.0,0.0,0.086226686835289,108,True,l_shaped,0.8087794841954169,138,fsm_local_memory
1.0,1.0,0.0,0.0,0.0,0.07709704339504242,82,True,l_shaped,0.6019540267879364,139,fsm_local_memory
0.0,0.0,0.0,0.0,0.0,4.820000171661377,15,True,narrow_entry,0.4813765278336673,140,fsm_local_memory
1.0,1.0,0.0,1.0,0.0,0.007641933858394623,90,True,narrow_entry,0.46491353265234264,141,fsm_local_memory
1.0,1.0,0.0,0.0,0.0,0.18955855071544647,81,True,straight,0.8386640149975559,142,fsm_local_memory
1.0,1.0,0.0,0.0,0.0,0.15078096091747284,71,True,straight,0.7569888452323249,143,fsm_local_memory
0.0,0.0,0.0,1.0,0.0,0.001992628211155534,77,True,asymmetric,0.6046745548658622,144,fsm_local_memory
0.0,0.0,0.0,0.0,0.0,4.820000171661377,14,True,narrow_entry,0.495506592358284,145,fsm_local_memory
1.0,1.0,0.0,0.0,0.0,0.08525453507900238,104,True,straight,0.6765939184855374,146,fsm_local_memory
1.0,1.0,0.0,1.0,0.0,0.03540877252817154,72,True,narrow_exit,0.4773390076415287,147,fsm_local_memory
0.0,0.0,0.0,0.0,0.0,0.09272220730781555,400,False,false_feasible,0.568939979713289,148,fsm_local_memory
0.0,0.0,0.0,0.0,0.0,4.820000171661377,16,True,straight,0.45689926796611485,149,fsm_local_memory
1.0,1.0,0.0,0.0,0.0,0.053170107305049896,97,True,l_shaped,0.6593707322100824,150,fsm_local_memory
0.0,0.0,0.0,1.0,0.0,0.007118454668670893,129,True,l_shaped,0.5281615680526541,151,fsm_local_memory
1.0,1.0,0.0,0.0,0.0,0.17391054332256317,82,True,straight,0.814488164950965,152,fsm_local_memory
1.0,1.0,0.0,0.0,0.0,0.06545073539018631,82,True,narrow_entry,0.5516393054223531,153,fsm_local_memory
1.0,1.0,0.0,0.0,0.0,0.05671728402376175,76,True,asymmetric,0.7063869923401409,154,fsm_local_memory
1.0,1.0,0.0,0.0,0.0,0.06403012573719025,96,True,narrow_exit,0.5491354149219455,155,fsm_local_memory
1.0,1.0,0.0,1.0,0.0,0.03211008384823799,102,True,narrow_exit,0.46785374890604176,156,fsm_local_memory
1.0,1.0,0.0,0.0,0.0,0.052236780524253845,95,True,narrow_exit,0.5028478736920726,157,fsm_local_memory
1.0,1.0,0.0,0.0,0.0,0.09082014113664627,112,True,narrow_exit,0.5845742350860054,158,fsm_local_memory
1.0,1.0,0.0,1.0,0.0,0.011160154826939106,128,True,s_shaped,0.684994055835837,159,fsm_local_memory
1.0,1.0,0.0,0.0,0.0,0.10445760935544968,110,True,l_shaped,0.7585458135003766,160,fsm_local_memory
1.0,1.0,0.0,1.0,0.0,0.04189610108733177,102,True,l_shaped,0.7148924077108438,161,fsm_local_memory
1.0,1.0,0.0,0.0,0.0,0.0748111754655838,83,True,narrow_exit,0.5558131453120774,162,fsm_local_memory
1.0,1.0,0.0,0.0,0.0,0.0600123405456543,84,True,narrow_entry,0.544851864380858,163,fsm_local_memory
1.0,1.0,0.0,1.0,0.0,0.043438103049993515,82,True,straight,0.5027728321110996,164,fsm_local_memory
1.0,1.0,0.0,0.0,0.0,0.08288898319005966,120,True,s_shaped,0.621666064237258,165,fsm_local_memory
1.0,1.0,0.0,1.0,0.0,0.03128020465373993,90,True,narrow_exit,0.4446044127074401,166,fsm_local_memory
1.0,1.0,0.0,1.0,0.0,0.030494507402181625,183,True,s_shaped,0.530062356017301,167,fsm_local_memory
0.0,0.0,0.0,0.0,0.0,0.12178935110569,400,False,false_feasible,0.6972193117709262,168,fsm_local_memory
0.0,0.0,0.0,0.0,0.0,0.09326586872339249,400,False,false_feasible,0.5691794624230437,169,fsm_local_memory
0.0,0.0,0.0,0.0,0.0,0.1485455185174942,400,False,false_feasible,0.7250319800068078,170,fsm_local_memory
1.0,1.0,0.0,0.0,0.0,0.126400887966156,109,True,l_shaped,0.8863190006574062,171,fsm_local_memory
1.0,1.0,0.0,1.0,0.0,0.0004971539601683617,109,True,asymmetric,0.6373270935368666,172,fsm_local_memory
1.0,1.0,0.0,0.0,0.0,0.08946742862462997,134,True,s_shaped,0.690824229142152,173,fsm_local_memory
1.0,1.0,0.0,0.0,0.0,0.10448533296585083,104,True,straight,0.7597703150610327,174,fsm_local_memory
1.0,1.0,0.0,0.0,0.0,0.10965801775455475,102,True,narrow_exit,0.5985662358586883,175,fsm_local_memory
1.0,1.0,0.0,0.0,0.0,0.07789919525384903,125,True,l_shaped,0.8625231437667575,176,fsm_local_memory
0.0,0.0,0.0,0.0,0.0,4.820000171661377,15,False,false_feasible,0.5607769620829026,177,fsm_local_memory
1.0,1.0,0.0,1.0,0.0,0.03355550393462181,77,True,narrow_exit,0.46593736520372087,178,fsm_local_memory
0.0,0.0,0.0,0.0,0.0,4.820000171661377,14,True,narrow_entry,0.4241290121404686,179,fsm_local_memory
1.0,1.0,0.0,0.0,0.0,0.1178554892539978,94,True,straight,0.6709767584367762,180,fsm_local_memory
1.0,1.0,0.0,1.0,0.0,0.04295370727777481,75,True,narrow_exit,0.48039648826202497,181,fsm_local_memory
1.0,1.0,0.0,0.0,0.0,0.14171309769153595,98,True,straight,0.6555107863538845,182,fsm_local_memory
0.0,0.0,0.0,0.0,0.0,4.820000171661377,16,True,narrow_entry,0.5339199705128345,183,fsm_local_memory
1.0,1.0,0.0,0.0,0.0,0.20780116319656372,93,True,straight,0.8228727578091262,184,fsm_local_memory
0.0,0.0,0.0,0.0,0.0,4.820000171661377,17,True,straight,0.46836210199726036,185,fsm_local_memory
1.0,1.0,0.0,1.0,0.0,0.04253775253891945,103,True,s_shaped,0.5895404018571003,186,fsm_local_memory
1.0,1.0,0.0,0.0,0.0,0.11171045899391174,111,True,straight,0.6267418808582117,187,fsm_local_memory
1.0,1.0,0.0,1.0,0.0,0.013375352136790752,89,True,asymmetric,0.8499380696396119,188,fsm_local_memory
0.0,0.0,0.0,0.0,0.0,0.13081206381320953,400,False,false_feasible,0.6593489252265292,189,fsm_local_memory
1.0,1.0,0.0,0.0,0.0,0.08323392271995544,124,True,l_shaped,0.8846573649966978,190,fsm_local_memory
1.0,1.0,0.0,0.0,0.0,0.0758039578795433,118,True,l_shaped,0.6471237315463513,191,fsm_local_memory
1.0,1.0,0.0,1.0,0.0,0.04351983219385147,123,True,l_shaped,0.8324970131757342,192,fsm_local_memory
0.0,0.0,0.0,0.0,0.0,4.820000171661377,16,True,straight,0.5123739256704638,193,fsm_local_memory
0.0,0.0,0.0,1.0,0.0,0.009837036952376366,400,True,asymmetric,0.583288190119579,194,fsm_local_memory
1.0,1.0,0.0,0.0,0.0,0.11839555203914642,78,True,straight,0.661344212077978,195,fsm_local_memory
1.0,1.0,0.0,0.0,0.0,0.07678575813770294,85,True,straight,0.7470306287893259,196,fsm_local_memory
1.0,1.0,0.0,0.0,0.0,0.1625722199678421,111,True,straight,0.8108032894474879,197,fsm_local_memory
1.0,1.0,0.0,0.0,0.0,0.14189653098583221,101,True,straight,0.6702472319162656,198,fsm_local_memory
0.0,0.0,0.0,1.0,0.0,0.0001866440288722515,53,True,asymmetric,0.47359755603164005,199,fsm_local_memory
0.0,0.0,0.0,0.0,0.0,4.820000171661377,17,True,narrow_entry,0.46257503738018424,200,fsm_local_memory
0.0,0.0,0.0,0.0,0.0,0.11097878962755203,400,False,false_feasible,0.7932155021506591,201,fsm_local_memory
0.0,0.0,0.0,1.0,0.0,0.0008041519322432578,54,True,asymmetric,0.7255036456096886,202,fsm_local_memory
1.0,1.0,0.0,0.0,0.0,0.056939177215099335,106,True,narrow_exit,0.47402333940722585,203,fsm_local_memory
1.0,1.0,0.0,0.0,0.0,0.052632514387369156,95,True,l_shaped,0.6357084283012369,204,fsm_local_memory
1.0,1.0,0.0,1.0,0.0,0.00934020895510912,113,True,asymmetric,0.7271459343440003,205,fsm_local_memory
0.0,0.0,0.0,1.0,0.0,0.0006162875215522945,75,True,narrow_exit,0.4278054630166245,206,fsm_local_memory
1.0,1.0,0.0,0.0,0.0,0.10280180722475052,109,True,straight,0.6912388384985994,207,fsm_local_memory
1.0,1.0,0.0,0.0,0.0,0.07061995565891266,117,True,s_shaped,0.5855585646486636,208,fsm_local_memory
1.0,1.0,0.0,0.0,0.0,0.05188438668847084,89,True,narrow_entry,0.5495016711588436,209,fsm_local_memory
1.0,1.0,0.0,1.0,0.0,0.015500221401453018,130,True,l_shaped,0.6752585765988925,210,fsm_local_memory
1.0,1.0,0.0,0.0,0.0,0.0950072705745697,101,True,straight,0.7022293039988456,211,fsm_local_memory
1.0,1.0,0.0,0.0,0.0,0.06260967254638672,132,True,s_shaped,0.7700060944752454,212,fsm_local_memory
0.0,0.0,0.0,1.0,0.0,0.008545436896383762,121,True,s_shaped,0.5014385763157263,213,fsm_local_memory
1.0,1.0,0.0,0.0,0.0,0.07705437391996384,116,True,s_shaped,0.5950757831158703,214,fsm_local_memory
0.0,0.0,0.0,0.0,0.0,0.06672396510839462,71,True,asymmetric,0.6854453793647753,215,fsm_local_memory
0.0,0.0,0.0,1.0,0.0,0.00017900130478665233,81,True,s_shaped,0.6094034074432924,216,fsm_local_memory
1.0,1.0,0.0,1.0,0.0,0.04505082219839096,141,True,l_shaped,0.8948538911031467,217,fsm_local_memory
1.0,1.0,0.0,0.0,0.0,0.08715134114027023,84,True,narrow_exit,0.5709331812458291,218,fsm_local_memory
1.0,1.0,0.0,0.0,0.0,0.11449778079986572,128,True,l_shaped,0.8877556422645179,219,fsm_local_memory
0.0,0.0,0.0,0.0,0.0,4.820000171661377,15,True,narrow_entry,0.47633827962389347,220,fsm_local_memory
0.0,0.0,0.0,1.0,0.0,0.007846816442906857,92,True,l_shaped,0.508803321982123,221,fsm_local_memory
1.0,1.0,0.0,1.0,0.0,0.016707582399249077,88,True,narrow_entry,0.49890748799546136,222,fsm_local_memory
1.0,1.0,0.0,0.0,0.0,0.06206513196229935,73,True,narrow_entry,0.5645235110657127,223,fsm_local_memory
1.0,1.0,0.0,0.0,0.0,0.08353372663259506,77,True,narrow_exit,0.5429246593333836,224,fsm_local_memory
1.0,1.0,0.0,0.0,0.0,0.09450133889913559,72,True,narrow_entry,0.5680739504788275,225,fsm_local_memory
1.0,1.0,0.0,0.0,0.0,0.053870875388383865,130,True,l_shaped,0.5861931887560692,226,fsm_local_memory
1.0,1.0,0.0,1.0,0.0,0.0018966160714626312,139,True,asymmetric,0.8116674801962066,227,fsm_local_memory
0.0,0.0,0.0,1.0,0.0,0.0029598288238048553,185,True,l_shaped,0.5025058767089599,228,fsm_local_memory
1.0,1.0,0.0,1.0,0.0,0.032480619847774506,94,True,narrow_exit,0.445274760758701,229,fsm_local_memory
0.0,0.0,0.0,0.0,0.0,4.820000171661377,16,True,straight,0.48518786514781254,230,fsm_local_memory
1.0,1.0,0.0,0.0,0.0,0.06025005504488945,88,True,narrow_exit,0.5434588488907586,231,fsm_local_memory
1.0,1.0,0.0,0.0,0.0,0.2069515585899353,86,True,straight,0.8478532110178382,232,fsm_local_memory
1.0,1.0,0.0,0.0,0.0,0.06359074264764786,194,True,s_shaped,0.8231169852162152,233,fsm_local_memory
0.0,0.0,0.0,1.0,0.0,0.002001761458814144,30,True,narrow_entry,0.5286335037722145,234,fsm_local_memory
1.0,1.0,0.0,0.0,0.0,0.2027892768383026,91,True,straight,0.7938707904490372,235,fsm_local_memory
0.0,0.0,0.0,0.0,0.0,0.1527932733297348,400,False,false_feasible,0.7378029112128818,236,fsm_local_memory
1.0,1.0,0.0,1.0,0.0,0.023945176973938942,91,True,narrow_entry,0.542545829099834,237,fsm_local_memory
1.0,1.0,0.0,0.0,0.0,0.05067504569888115,94,True,narrow_exit,0.46260800782126443,238,fsm_local_memory
0.0,0.0,0.0,0.0,0.0,0.09960131347179413,400,False,false_feasible,0.6941783641192707,239,fsm_local_memory
1.0,1.0,0.0,0.0,0.0,0.06844627857208252,92,True,l_shaped,0.7271763004320317,240,fsm_local_memory
1.0,1.0,0.0,0.0,0.0,0.06233666092157364,129,True,l_shaped,0.7205153851916846,241,fsm_local_memory
1.0,1.0,0.0,0.0,0.0,0.08715435117483139,93,True,narrow_exit,0.5917274410016289,242,fsm_local_memory
1.0,1.0,0.0,0.0,0.0,0.0889047384262085,105,True,s_shaped,0.6135607650678738,243,fsm_local_memory
1.0,1.0,0.0,0.0,0.0,0.12655167281627655,92,True,straight,0.7798916721531333,244,fsm_local_memory
1.0,1.0,0.0,0.0,0.0,0.07189619541168213,95,True,narrow_exit,0.5693225041583595,245,fsm_local_memory
1.0,1.0,0.0,1.0,0.0,0.04337391257286072,82,True,narrow_exit,0.47981232693166004,246,fsm_local_memory
1.0,1.0,0.0,0.0,0.0,0.0952536091208458,122,True,l_shaped,0.714317969393873,247,fsm_local_memory
1.0,1.0,0.0,0.0,0.0,0.07814295589923859,94,True,narrow_exit,0.5654314276872818,248,fsm_local_memory
1.0,1.0,0.0,0.0,0.0,0.07304753363132477,99,True,straight,0.5846792757162791,249,fsm_local_memory
1.0,1.0,0.0,0.0,0.0,0.1289069950580597,83,True,straight,0.6546702576690109,250,fsm_local_memory
1.0,1.0,0.0,0.0,0.0,0.08706973493099213,89,True,straight,0.7000230371367061,251,fsm_local_memory
0.0,0.0,0.0,0.0,0.0,4.820000171661377,16,True,narrow_entry,0.42899966908385145,252,fsm_local_memory
0.0,0.0,0.0,1.0,0.0,0.000932070950511843,70,True,asymmetric,0.7872374576745234,253,fsm_local_memory
0.0,0.0,0.0,0.0,0.0,0.07895713299512863,400,False,false_feasible,0.6791604170683834,254,fsm_local_memory
0.0,0.0,0.0,0.0,0.0,4.820000171661377,18,True,straight,0.5221009658040385,255,fsm_local_memory
0.0,0.0,0.0,1.0,0.0,0.013635688461363316,175,True,s_shaped,0.5201275736502201,256,fsm_local_memory
1.0,1.0,0.0,1.0,0.0,0.04403526708483696,81,True,asymmetric,0.6705579089001179,257,fsm_local_memory
1.0,1.0,0.0,0.0,0.0,0.1061037927865982,76,True,straight,0.6060746072262289,258,fsm_local_memory
1.0,1.0,0.0,0.0,0.0,0.1027708575129509,81,True,straight,0.5762065757317139,259,fsm_local_memory
0.0,0.0,0.0,1.0,0.0,0.007508126553148031,24,True,straight,0.4906695374344866,260,fsm_local_memory
0.0,0.0,0.0,0.0,0.0,0.15944132208824158,400,False,false_feasible,0.7594641686780483,261,fsm_local_memory
1.0,1.0,0.0,1.0,0.0,0.025927092880010605,93,True,narrow_exit,0.4224338501381135,262,fsm_local_memory
0.0,0.0,0.0,0.0,0.0,0.14842714369297028,400,False,false_feasible,0.725409096837252,263,fsm_local_memory
0.0,0.0,0.0,0.0,0.0,0.13364015519618988,400,False,false_feasible,0.7160380264565838,264,fsm_local_memory
1.0,1.0,0.0,0.0,0.0,0.1105891689658165,72,True,narrow_entry,0.5855133183714907,265,fsm_local_memory
1.0,1.0,0.0,0.0,0.0,0.09209264814853668,111,True,l_shaped,0.8475413930140507,266,fsm_local_memory
1.0,1.0,0.0,1.0,0.0,0.03279653936624527,144,True,s_shaped,0.7095266997242662,267,fsm_local_memory
1.0,1.0,0.0,0.0,0.0,0.12544284760951996,118,True,l_shaped,0.8722820543598859,268,fsm_local_memory
0.0,0.0,0.0,0.0,0.0,4.820000171661377,14,True,narrow_entry,0.5069308303663955,269,fsm_local_memory
1.0,1.0,0.0,0.0,0.0,0.11227069795131683,92,True,narrow_entry,0.597856038096571,270,fsm_local_memory
0.0,0.0,0.0,1.0,0.0,0.00279179192148149,29,True,narrow_entry,0.514985278167515,271,fsm_local_memory
0.0,0.0,0.0,1.0,0.0,0.005111133214086294,139,True,asymmetric,0.6752973156244955,272,fsm_local_memory
1.0,1.0,0.0,0.0,0.0,0.10341023653745651,96,True,l_shaped,0.8698628526575419,273,fsm_local_memory
1.0,1.0,0.0,1.0,0.0,0.03991755098104477,145,True,l_shaped,0.7524464726237827,274,fsm_local_memory
1.0,1.0,0.0,0.0,0.0,0.17917951941490173,89,True,straight,0.7669207441771506,275,fsm_local_memory
1.0,1.0,0.0,0.0,0.0,0.11383518576622009,110,True,straight,0.7150150386706989,276,fsm_local_memory
1.0,1.0,0.0,0.0,0.0,0.058755867183208466,147,True,s_shaped,0.5577864907283165,277,fsm_local_memory
1.0,1.0,0.0,0.0,0.0,0.11622346192598343,98,True,l_shaped,0.8321948683971027,278,fsm_local_memory
0.0,0.0,0.0,0.0,0.0,0.09684241563081741,400,False,false_feasible,0.6801051840521771,279,fsm_local_memory
1.0,1.0,0.0,1.0,0.0,0.04076007753610611,143,True,s_shaped,0.48991319553790924,280,fsm_local_memory
1.0,1.0,0.0,0.0,0.0,0.07949234545230865,82,True,narrow_exit,0.5341462060718538,281,fsm_local_memory
1.0,1.0,0.0,1.0,0.0,0.04469598829746246,94,True,narrow_exit,0.4533857645129056,282,fsm_local_memory
1.0,1.0,0.0,1.0,0.0,0.0029556911904364824,135,True,s_shaped,0.7079848318219353,283,fsm_local_memory
1.0,1.0,0.0,0.0,0.0,0.1089174896478653,86,True,asymmetric,0.8868931398485057,284,fsm_local_memory
1.0,1.0,0.0,1.0,0.0,0.020794618874788284,102,True,narrow_entry,0.5046666414728542,285,fsm_local_memory
1.0,1.0,0.0,0.0,0.0,0.056724388152360916,102,True,l_shaped,0.6662531847629556,286,fsm_local_memory
1.0,1.0,0.0,0.0,0.0,0.1347222477197647,109,True,straight,0.7286022340234086,287,fsm_local_memory
0.0,0.0,0.0,0.0,0.0,4.820000171661377,14,True,straight,0.4714423980854743,288,fsm_local_memory
1.0,1.0,0.0,0.0,0.0,0.090314120054245,121,True,l_shaped,0.702527174148475,289,fsm_local_memory
1.0,1.0,0.0,1.0,0.0,0.0186715479940176,209,True,s_shaped,0.7107446685644123,290,fsm_local_memory
0.0,0.0,0.0,0.0,0.0,4.820000171661377,16,True,l_shaped,0.47557852432406034,291,fsm_local_memory
1.0,1.0,0.0,1.0,0.0,0.027906915172934532,72,True,narrow_exit,0.4300895657882317,292,fsm_local_memory
0.0,0.0,0.0,0.0,0.0,0.10464134812355042,400,False,false_feasible,0.7117504012919573,293,fsm_local_memory
1.0,1.0,0.0,1.0,0.0,0.04521691054105759,113,True,straight,0.625419618052384,294,fsm_local_memory
0.0,0.0,0.0,0.0,0.0,0.13387231528759003,400,False,false_feasible,0.7685074232152618,295,fsm_local_memory
0.0,0.0,0.0,0.0,0.0,4.820000171661377,17,True,narrow_entry,0.4823221428564818,296,fsm_local_memory
1.0,1.0,0.0,1.0,0.0,0.004609644412994385,103,True,straight,0.5506367387585532,297,fsm_local_memory
1.0,1.0,0.0,0.0,0.0,0.05390080437064171,95,True,narrow_exit,0.5020667471832564,298,fsm_local_memory
0.0,0.0,0.0,0.0,0.0,0.08647090941667557,400,False,false_feasible,0.6897108071896056,299,fsm_local_memory
1.0,1.0,0.0,0.0,0.0,0.05831340700387955,101,True,l_shaped,0.5582414545201989,300,fsm_local_memory
1.0,1.0,0.0,1.0,0.0,0.04743285849690437,107,True,l_shaped,0.6289406512846578,301,fsm_local_memory
1.0,1.0,0.0,1.0,0.0,0.008221836760640144,109,True,narrow_entry,0.44136442590735636,302,fsm_local_memory
1.0,1.0,0.0,0.0,0.0,0.16049958765506744,111,True,straight,0.8661738624881904,303,fsm_local_memory
1.0,1.0,0.0,1.0,0.0,0.0281849205493927,80,True,narrow_exit,0.4480013041689733,304,fsm_local_memory
0.0,0.0,0.0,1.0,0.0,0.035505376756191254,400,True,s_shaped,0.7775312962331988,305,fsm_local_memory
1.0,1.0,0.0,0.0,0.0,0.0596170499920845,80,True,asymmetric,0.7388786759305561,306,fsm_local_memory
1.0,1.0,0.0,0.0,0.0,0.07729176431894302,112,True,s_shaped,0.5822124931701564,307,fsm_local_memory
1.0,1.0,0.0,0.0,0.0,0.056577105075120926,98,True,narrow_exit,0.5016232062800304,308,fsm_local_memory
0.0,0.0,0.0,0.0,0.0,4.820000171661377,16,True,narrow_entry,0.4635071265925246,309,fsm_local_memory
1.0,1.0,0.0,0.0,0.0,0.21070007979869843,98,True,straight,0.8789425728914166,310,fsm_local_memory
0.0,0.0,0.0,0.0,0.0,0.06300672888755798,400,False,false_feasible,0.5969467832429785,311,fsm_local_memory
0.0,0.0,0.0,1.0,0.0,0.007411397062242031,59,True,l_shaped,0.6291971603060174,312,fsm_local_memory
1.0,1.0,0.0,0.0,0.0,0.0852421298623085,83,True,narrow_exit,0.5974310734770286,313,fsm_local_memory
1.0,1.0,0.0,0.0,0.0,0.06076556444168091,83,True,narrow_exit,0.5328892956651914,314,fsm_local_memory
1.0,1.0,0.0,0.0,0.0,0.21372638642787933,80,True,straight,0.8231665887815531,315,fsm_local_memory
0.0,0.0,0.0,0.0,0.0,0.06864505261182785,400,False,false_feasible,0.5912280968652435,316,fsm_local_memory
0.0,0.0,0.0,1.0,0.0,0.032924752682447433,51,True,asymmetric,0.5761137069220625,317,fsm_local_memory
0.0,0.0,0.0,0.0,0.0,0.09006968885660172,400,False,false_feasible,0.7292489277588412,318,fsm_local_memory
0.0,0.0,0.0,0.0,0.0,4.820000171661377,16,True,narrow_entry,0.508758546807744,319,fsm_local_memory
1.0,1.0,0.0,0.0,0.0,0.07342272251844406,99,True,l_shaped,0.6958785292128559,320,fsm_local_memory
1.0,1.0,0.0,0.0,0.0,0.1606689989566803,98,True,straight,0.8665713782649658,321,fsm_local_memory
1.0,1.0,0.0,0.0,0.0,0.07490621507167816,105,True,l_shaped,0.762246701125311,322,fsm_local_memory
1.0,1.0,0.0,1.0,0.0,0.037696465849876404,104,True,narrow_entry,0.5220977399863098,323,fsm_local_memory
1.0,1.0,0.0,1.0,0.0,0.018865101039409637,83,True,narrow_entry,0.506188594644927,324,fsm_local_memory
1.0,1.0,0.0,0.0,0.0,0.0679783746600151,100,True,straight,0.6948504472996953,325,fsm_local_memory
1.0,1.0,0.0,1.0,0.0,0.04671093448996544,109,True,asymmetric,0.8757603163108129,326,fsm_local_memory
1.0,1.0,0.0,0.0,0.0,0.0705597922205925,113,True,l_shaped,0.7437145120664848,327,fsm_local_memory
1.0,1.0,0.0,0.0,0.0,0.09229651838541031,104,True,narrow_exit,0.5930373347889437,328,fsm_local_memory
0.0,0.0,0.0,1.0,0.0,0.00677204504609108,148,True,l_shaped,0.48465800361830597,329,fsm_local_memory
0.0,0.0,0.0,0.0,0.0,4.820000171661377,16,True,straight,0.5388021041198569,330,fsm_local_memory
1.0,1.0,0.0,1.0,0.0,0.04627467319369316,150,True,l_shaped,0.5122599116577535,331,fsm_local_memory
1.0,1.0,0.0,0.0,0.0,0.20841068029403687,94,True,straight,0.8879733804296143,332,fsm_local_memory
1.0,1.0,0.0,0.0,0.0,0.0795857384800911,83,True,straight,0.6088379375046895,333,fsm_local_memory
1.0,1.0,0.0,0.0,0.0,0.06699902564287186,75,True,narrow_exit,0.5395145984455157,334,fsm_local_memory
1.0,1.0,0.0,1.0,0.0,0.03086927905678749,78,True,asymmetric,0.7906213366026622,335,fsm_local_memory
1.0,1.0,0.0,0.0,0.0,0.22761453688144684,92,True,straight,0.8256686591265201,336,fsm_local_memory
1.0,1.0,0.0,0.0,0.0,0.10003053396940231,126,True,s_shaped,0.7798723707538546,337,fsm_local_memory
1.0,1.0,0.0,0.0,0.0,0.05954728648066521,81,True,narrow_exit,0.5309231001240365,338,fsm_local_memory
1.0,1.0,0.0,1.0,0.0,0.02452971413731575,151,True,s_shaped,0.6755564727055106,339,fsm_local_memory
1.0,1.0,0.0,0.0,0.0,0.09147756546735764,72,True,straight,0.5558996745394418,340,fsm_local_memory
1.0,1.0,0.0,0.0,0.0,0.15124455094337463,77,True,straight,0.687617405362166,341,fsm_local_memory
0.0,0.0,0.0,0.0,0.0,0.06538619101047516,400,False,false_feasible,0.596435436836294,342,fsm_local_memory
0.0,0.0,0.0,0.0,0.0,4.820000171661377,18,True,narrow_entry,0.5132458505621796,343,fsm_local_memory
1.0,1.0,0.0,1.0,0.0,0.03182310238480568,86,True,narrow_exit,0.4448462105512341,344,fsm_local_memory
0.0,0.0,0.0,1.0,0.0,0.004334582015872002,51,True,asymmetric,0.49641382419305524,345,fsm_local_memory
0.0,0.0,0.0,0.0,0.0,0.11864445358514786,400,False,false_feasible,0.7002872187880077,346,fsm_local_memory
1.0,1.0,0.0,1.0,0.0,0.0333433635532856,107,True,narrow_exit,0.4441182828076294,347,fsm_local_memory
1.0,1.0,0.0,0.0,0.0,0.0741264596581459,79,True,narrow_exit,0.5184599079991126,348,fsm_local_memory
1.0,1.0,0.0,0.0,0.0,0.09766414016485214,106,True,s_shaped,0.7176830131299876,349,fsm_local_memory
0.0,0.0,0.0,0.0,0.0,0.15624018013477325,400,False,false_feasible,0.7678920937446353,350,fsm_local_memory
0.0,0.0,0.0,1.0,0.0,0.00938071683049202,101,True,l_shaped,0.5156169164171034,351,fsm_local_memory
1.0,1.0,0.0,1.0,0.0,0.026557693257927895,99,True,narrow_exit,0.4418791304607022,352,fsm_local_memory
1.0,1.0,0.0,0.0,0.0,0.1176743283867836,99,True,l_shaped,0.8309334387021174,353,fsm_local_memory
0.0,0.0,0.0,0.0,0.0,0.10454656928777695,91,True,asymmetric,0.6325355724787142,354,fsm_local_memory
1.0,1.0,0.0,0.0,0.0,0.07203289121389389,112,True,asymmetric,0.769853736309047,355,fsm_local_memory
0.0,0.0,0.0,0.0,0.0,4.820000171661377,16,True,narrow_entry,0.4442979320113952,356,fsm_local_memory
0.0,0.0,0.0,0.0,0.0,0.1309642493724823,400,False,false_feasible,0.7220178129377571,357,fsm_local_memory
0.0,0.0,0.0,1.0,0.0,0.012423614040017128,400,True,asymmetric,0.5122639279256973,358,fsm_local_memory
1.0,1.0,0.0,1.0,0.0,0.04271332174539566,96,True,straight,0.5963604019657109,359,fsm_local_memory
1.0,1.0,0.0,0.0,0.0,0.07474227994680405,136,True,s_shaped,0.7531406494787242,360,fsm_local_memory
1.0,1.0,0.0,0.0,0.0,0.1772121638059616,82,True,straight,0.7314355494648314,361,fsm_local_memory
1.0,1.0,0.0,0.0,0.0,0.24517017602920532,83,True,straight,0.8705735193751392,362,fsm_local_memory
0.0,0.0,0.0,0.0,0.0,0.05683297663927078,400,False,false_feasible,0.6850875939252054,363,fsm_local_memory
1.0,1.0,0.0,0.0,0.0,0.14038659632205963,96,True,asymmetric,0.7710180765352601,364,fsm_local_memory
1.0,1.0,0.0,1.0,0.0,0.028441568836569786,98,True,narrow_exit,0.4348439790688405,365,fsm_local_memory
1.0,1.0,0.0,0.0,0.0,0.15708504617214203,83,True,straight,0.7902192468953859,366,fsm_local_memory
1.0,1.0,0.0,0.0,0.0,0.12010467052459717,114,True,s_shaped,0.8335888218286462,367,fsm_local_memory
1.0,1.0,0.0,1.0,0.0,0.027153532952070236,80,True,narrow_exit,0.4381008243004151,368,fsm_local_memory
1.0,1.0,0.0,0.0,0.0,0.1832883507013321,104,True,straight,0.8276510951348086,369,fsm_local_memory
1.0,1.0,0.0,0.0,0.0,0.07026603817939758,85,True,narrow_exit,0.5391956786140941,370,fsm_local_memory
1.0,1.0,0.0,0.0,0.0,0.07121481001377106,121,True,l_shaped,0.847110008824626,371,fsm_local_memory
0.0,0.0,0.0,1.0,0.0,0.013828497380018234,400,True,l_shaped,0.4581934817591373,372,fsm_local_memory
0.0,0.0,0.0,0.0,0.0,4.820000171661377,16,True,narrow_entry,0.4770782590610465,373,fsm_local_memory
1.0,1.0,0.0,1.0,0.0,0.034560322761535645,106,True,narrow_exit,0.4350030436524524,374,fsm_local_memory
0.0,0.0,0.0,0.0,0.0,4.820000171661377,18,True,s_shaped,0.5210959997474712,375,fsm_local_memory
1.0,1.0,0.0,0.0,0.0,0.07535797357559204,109,True,l_shaped,0.7599771207534756,376,fsm_local_memory
0.0,0.0,0.0,0.0,0.0,0.06674544513225555,400,False,false_feasible,0.5763959000903329,377,fsm_local_memory
1.0,1.0,0.0,1.0,0.0,0.04602721333503723,109,True,asymmetric,0.8837715570461839,378,fsm_local_memory
1.0,1.0,0.0,0.0,0.0,0.06117828190326691,117,True,s_shaped,0.6107088674612805,379,fsm_local_memory
1.0,1.0,0.0,0.0,0.0,0.059998299926519394,174,True,s_shaped,0.8665720663572564,380,fsm_local_memory
0.0,0.0,0.0,0.0,0.0,0.08262427151203156,400,False,false_feasible,0.5545469136847588,381,fsm_local_memory
0.0,0.0,0.0,0.0,0.0,0.06721197068691254,67,True,asymmetric,0.6157347958967578,382,fsm_local_memory
1.0,1.0,0.0,0.0,0.0,0.09301437437534332,108,True,asymmetric,0.8243683203342678,383,fsm_local_memory
0.0,0.0,0.0,0.0,0.0,4.820000171661377,18,True,s_shaped,0.49255097431141853,384,fsm_local_memory
1.0,1.0,0.0,0.0,0.0,0.08204755187034607,76,True,narrow_entry,0.529213017611265,385,fsm_local_memory
1.0,1.0,0.0,0.0,0.0,0.06090071052312851,90,True,straight,0.5003285403847338,386,fsm_local_memory
1.0,1.0,0.0,0.0,0.0,0.06586384028196335,119,True,s_shaped,0.6375211634466684,387,fsm_local_memory
0.0,0.0,0.0,0.0,0.0,0.1310834139585495,400,False,false_feasible,0.6893684559830444,388,fsm_local_memory
1.0,1.0,0.0,1.0,0.0,0.035452958196401596,82,True,narrow_exit,0.4820052262399057,389,fsm_local_memory
1.0,1.0,0.0,0.0,0.0,0.060171786695718765,184,True,s_shaped,0.8985314013551302,390,fsm_local_memory
1.0,1.0,0.0,0.0,0.0,0.05048833042383194,134,True,s_shaped,0.8362736956670866,391,fsm_local_memory
1.0,1.0,0.0,1.0,0.0,0.031081819906830788,89,True,narrow_exit,0.4274737393891623,392,fsm_local_memory
0.0,0.0,0.0,1.0,0.0,0.017308617010712624,400,True,s_shaped,0.6570524091911358,393,fsm_local_memory
1.0,1.0,0.0,0.0,0.0,0.0580301359295845,78,True,narrow_exit,0.48806207342713714,394,fsm_local_memory
1.0,1.0,0.0,0.0,0.0,0.18524205684661865,78,True,straight,0.8341386340078032,395,fsm_local_memory
1.0,1.0,0.0,0.0,0.0,0.06887634098529816,110,True,straight,0.6057526932596331,396,fsm_local_memory
0.0,0.0,0.0,1.0,0.0,0.0016736655961722136,133,True,asymmetric,0.7184018283443687,397,fsm_local_memory
0.0,0.0,0.0,0.0,0.0,4.820000171661377,16,True,l_shaped,0.5257672548461756,398,fsm_local_memory
0.0,0.0,0.0,0.0,0.0,0.09816587716341019,400,False,false_feasible,0.5843077481440224,399,fsm_local_memory
1.0,1.0,0.0,1.0,0.0,0.040340524166822433,178,True,s_shaped,0.7658581927788515,400,fsm_local_memory
1.0,1.0,0.0,0.0,0.0,0.057722631841897964,107,True,narrow_exit,0.5233998277867475,401,fsm_local_memory
1.0,1.0,0.0,0.0,0.0,0.08514488488435745,116,True,l_shaped,0.8157214281345769,402,fsm_local_memory
1.0,1.0,0.0,0.0,0.0,0.06133713573217392,98,True,l_shaped,0.6196972727808105,403,fsm_local_memory
0.0,0.0,0.0,1.0,0.0,0.004627897869795561,88,True,s_shaped,0.5739880424521336,404,fsm_local_memory
0.0,0.0,0.0,1.0,0.0,0.03590256720781326,400,True,asymmetric,0.5754713389353762,405,fsm_local_memory
1.0,1.0,0.0,0.0,0.0,0.07159557193517685,105,True,l_shaped,0.6894611704819068,406,fsm_local_memory
1.0,1.0,0.0,0.0,0.0,0.10586103051900864,101,True,narrow_exit,0.5718307171395534,407,fsm_local_memory
0.0,0.0,0.0,0.0,0.0,4.820000171661377,15,True,straight,0.5354402950605919,408,fsm_local_memory
1.0,1.0,0.0,0.0,0.0,0.05716189369559288,132,True,s_shaped,0.541000741632369,409,fsm_local_memory
1.0,1.0,0.0,0.0,0.0,0.07302982360124588,96,True,l_shaped,0.6719368886326066,410,fsm_local_memory
1.0,1.0,0.0,0.0,0.0,0.12574072182178497,130,True,l_shaped,0.7757853337274119,411,fsm_local_memory
1.0,1.0,0.0,0.0,0.0,0.09763378649950027,107,True,l_shaped,0.8242862266851365,412,fsm_local_memory
1.0,1.0,0.0,1.0,0.0,0.005786541383713484,136,True,asymmetric,0.8030965248230605,413,fsm_local_memory
1.0,1.0,0.0,1.0,0.0,0.02803395502269268,95,True,narrow_entry,0.4572849318030954,414,fsm_local_memory
1.0,1.0,0.0,1.0,0.0,0.04782000556588173,168,True,s_shaped,0.743024663743203,415,fsm_local_memory
1.0,1.0,0.0,1.0,0.0,0.048251427710056305,91,True,narrow_exit,0.5054044202070527,416,fsm_local_memory
1.0,1.0,0.0,1.0,0.0,0.04774441942572594,78,True,narrow_exit,0.46289233417751224,417,fsm_local_memory
1.0,1.0,0.0,1.0,0.0,0.046905502676963806,99,True,l_shaped,0.7427339266538968,418,fsm_local_memory
1.0,1.0,0.0,1.0,0.0,0.008842268027365208,87,True,straight,0.4994120990101415,419,fsm_local_memory
0.0,0.0,0.0,0.0,0.0,4.820000171661377,17,True,s_shaped,0.4794957070242279,420,fsm_local_memory
1.0,1.0,0.0,0.0,0.0,0.060893990099430084,85,True,narrow_entry,0.5121001182434277,421,fsm_local_memory
0.0,0.0,0.0,1.0,0.0,0.0007512049051001668,80,True,s_shaped,0.533975671683138,422,fsm_local_memory
0.0,0.0,0.0,0.0,0.0,0.13933151960372925,400,False,false_feasible,0.6957657756137586,423,fsm_local_memory
1.0,1.0,0.0,0.0,0.0,0.08900752663612366,106,True,l_shaped,0.6194442011820822,424,fsm_local_memory
1.0,1.0,0.0,1.0,0.0,0.044134560972452164,87,True,narrow_exit,0.4522407909989023,425,fsm_local_memory
1.0,1.0,0.0,0.0,0.0,0.10811418294906616,114,True,l_shaped,0.7153903586441404,426,fsm_local_memory
0.0,0.0,0.0,0.0,0.0,0.1418486386537552,74,True,l_shaped,0.7606359578464001,427,fsm_local_memory
1.0,1.0,0.0,0.0,0.0,0.09456831961870193,102,True,narrow_exit,0.5692937255883069,428,fsm_local_memory
1.0,1.0,0.0,0.0,0.0,0.12009605020284653,109,True,straight,0.667569585402912,429,fsm_local_memory
0.0,0.0,0.0,0.0,0.0,4.820000171661377,18,True,s_shaped,0.46229221471488235,430,fsm_local_memory
1.0,1.0,0.0,0.0,0.0,0.10037528723478317,83,True,narrow_entry,0.5662318067971783,431,fsm_local_memory
1.0,1.0,0.0,0.0,0.0,0.06542038917541504,122,True,l_shaped,0.7151704433940544,432,fsm_local_memory
1.0,1.0,0.0,0.0,0.0,0.11765040457248688,96,True,l_shaped,0.6817014686813307,433,fsm_local_memory
1.0,1.0,0.0,1.0,0.0,0.03745192661881447,92,True,narrow_entry,0.49704240832005486,434,fsm_local_memory
0.0,0.0,0.0,0.0,0.0,0.14745284616947174,400,False,false_feasible,0.7231042539105264,435,fsm_local_memory
1.0,1.0,0.0,0.0,0.0,0.08429503440856934,90,True,narrow_entry,0.5619788754499856,436,fsm_local_memory
0.0,0.0,0.0,0.0,0.0,0.11147080361843109,400,True,asymmetric,0.6183184619723158,437,fsm_local_memory
1.0,1.0,0.0,1.0,0.0,0.04548868164420128,120,True,s_shaped,0.5873260168506701,438,fsm_local_memory
1.0,1.0,0.0,0.0,0.0,0.05753253027796745,100,True,l_shaped,0.6319094461947308,439,fsm_local_memory
1.0,1.0,0.0,0.0,0.0,0.057199668139219284,127,True,s_shaped,0.5641668563712667,440,fsm_local_memory
1.0,1.0,0.0,0.0,0.0,0.12612994015216827,106,True,straight,0.7924514261034536,441,fsm_local_memory
0.0,0.0,0.0,0.0,0.0,4.820000171661377,15,True,asymmetric,0.5394290418610502,442,fsm_local_memory
1.0,1.0,0.0,0.0,0.0,0.06182160973548889,82,True,asymmetric,0.7669041006137016,443,fsm_local_memory
1.0,1.0,0.0,1.0,0.0,0.0436323918402195,100,True,narrow_entry,0.48507947475726276,444,fsm_local_memory
0.0,0.0,0.0,0.0,0.0,4.820000171661377,15,True,narrow_entry,0.4448377485215979,445,fsm_local_memory
0.0,0.0,0.0,0.0,0.0,0.11324671655893326,400,False,false_feasible,0.66534121783125,446,fsm_local_memory
1.0,1.0,0.0,0.0,0.0,0.06568921357393265,170,True,s_shaped,0.8212836740389787,447,fsm_local_memory
1.0,1.0,0.0,0.0,0.0,0.05483197793364525,96,True,l_shaped,0.8343693759552385,448,fsm_local_memory
0.0,0.0,0.0,0.0,0.0,4.820000171661377,18,True,s_shaped,0.47811239482201906,449,fsm_local_memory
0.0,0.0,0.0,0.0,0.0,0.05680510774254799,205,True,asymmetric,0.6889928791886716,450,fsm_local_memory
1.0,1.0,0.0,0.0,0.0,0.05535929277539253,106,True,l_shaped,0.8473823575317215,451,fsm_local_memory
0.0,0.0,0.0,0.0,0.0,4.820000171661377,17,True,narrow_entry,0.4793145141253425,452,fsm_local_memory
1.0,1.0,0.0,0.0,0.0,0.12369029968976974,95,True,l_shaped,0.7194534275892749,453,fsm_local_memory
1.0,1.0,0.0,1.0,0.0,0.04219606891274452,82,True,narrow_exit,0.5008313913203086,454,fsm_local_memory
1.0,1.0,0.0,0.0,0.0,0.05211338773369789,144,True,s_shaped,0.7729034384834741,455,fsm_local_memory
1.0,1.0,0.0,1.0,0.0,0.022096434608101845,124,True,l_shaped,0.8403729584233337,456,fsm_local_memory
1.0,1.0,0.0,0.0,0.0,0.13010375201702118,85,True,straight,0.7106544776033752,457,fsm_local_memory
1.0,1.0,0.0,0.0,0.0,0.18949227035045624,82,True,straight,0.8419565890810181,458,fsm_local_memory
0.0,0.0,0.0,0.0,0.0,0.11414910852909088,400,False,false_feasible,0.699712765526582,459,fsm_local_memory
1.0,1.0,0.0,0.0,0.0,0.08731769770383835,101,True,l_shaped,0.8596122409195468,460,fsm_local_memory
0.0,0.0,0.0,1.0,0.0,0.0022336477413773537,61,True,asymmetric,0.738572957484812,461,fsm_local_memory
0.0,0.0,0.0,0.0,0.0,0.10307987779378891,400,False,false_feasible,0.5956817875528119,462,fsm_local_memory
0.0,0.0,0.0,1.0,0.0,0.006574684754014015,95,True,s_shaped,0.5127264132900573,463,fsm_local_memory
1.0,1.0,0.0,0.0,0.0,0.0733271986246109,146,True,s_shaped,0.755607688339683,464,fsm_local_memory
1.0,1.0,0.0,1.0,0.0,0.006128977984189987,97,True,straight,0.6098163806817445,465,fsm_local_memory
1.0,1.0,0.0,0.0,0.0,0.10316821932792664,110,True,narrow_exit,0.5665171416124553,466,fsm_local_memory
1.0,1.0,0.0,0.0,0.0,0.11620423942804337,93,True,straight,0.67675689707531,467,fsm_local_memory
0.0,0.0,0.0,0.0,0.0,0.10682283341884613,400,False,false_feasible,0.6659742760173044,468,fsm_local_memory
0.0,0.0,0.0,0.0,0.0,0.11699549853801727,400,False,false_feasible,0.6379955262578458,469,fsm_local_memory
1.0,1.0,0.0,0.0,0.0,0.051975317299366,126,True,s_shaped,0.7659543705172558,470,fsm_local_memory
0.0,0.0,0.0,0.0,0.0,0.09650925546884537,400,False,false_feasible,0.5994554950675489,471,fsm_local_memory
0.0,0.0,0.0,1.0,0.0,0.00625329976901412,58,True,l_shaped,0.7194459474824384,472,fsm_local_memory
0.0,0.0,0.0,0.0,0.0,4.820000171661377,15,True,narrow_entry,0.4953063595030125,473,fsm_local_memory
1.0,1.0,0.0,0.0,0.0,0.09886156022548676,106,True,l_shaped,0.8390071770842968,474,fsm_local_memory
1.0,1.0,0.0,1.0,0.0,0.04909178987145424,161,True,s_shaped,0.8008481356740824,475,fsm_local_memory
1.0,1.0,0.0,1.0,0.0,0.009612824767827988,107,True,straight,0.45669538558625083,476,fsm_local_memory
1.0,1.0,0.0,1.0,0.0,0.019620103761553764,100,True,asymmetric,0.7755399381886307,477,fsm_local_memory
1.0,1.0,0.0,0.0,0.0,0.07053769379854202,91,True,narrow_exit,0.5429622343090762,478,fsm_local_memory
1.0,1.0,0.0,0.0,0.0,0.08492764830589294,115,True,l_shaped,0.882291560851034,479,fsm_local_memory
0.0,0.0,0.0,1.0,0.0,0.03114611655473709,400,True,asymmetric,0.5689488956035859,480,fsm_local_memory
1.0,1.0,0.0,1.0,0.0,0.04452141746878624,112,True,l_shaped,0.533416030625003,481,fsm_local_memory
1.0,1.0,0.0,1.0,0.0,0.012801405042409897,95,True,narrow_entry,0.45608961609163023,482,fsm_local_memory
1.0,1.0,0.0,1.0,0.0,0.0133529556915164,75,True,straight,0.46005413463446826,483,fsm_local_memory
1.0,1.0,0.0,0.0,0.0,0.2055174708366394,105,True,straight,0.8795550248747721,484,fsm_local_memory
1.0,1.0,0.0,0.0,0.0,0.07045932114124298,78,True,narrow_exit,0.5009812265146899,485,fsm_local_memory
0.0,0.0,0.0,0.0,0.0,4.820000171661377,18,True,l_shaped,0.548101919685828,486,fsm_local_memory
1.0,1.0,0.0,0.0,0.0,0.10778661072254181,92,True,l_shaped,0.681719111660769,487,fsm_local_memory
1.0,1.0,0.0,0.0,0.0,0.08039437979459763,115,True,s_shaped,0.6616720988573537,488,fsm_local_memory
1.0,1.0,0.0,1.0,0.0,0.023463543504476547,89,True,asymmetric,0.7987479849360539,489,fsm_local_memory
0.0,0.0,0.0,0.0,0.0,0.16847288608551025,400,False,false_feasible,0.7710663494109717,490,fsm_local_memory
0.0,0.0,0.0,1.0,0.0,0.04627181962132454,400,True,asymmetric,0.5597360027771825,491,fsm_local_memory
0.0,0.0,0.0,1.0,0.0,0.006911681033670902,165,True,l_shaped,0.5024743256492846,492,fsm_local_memory
0.0,0.0,0.0,0.0,0.0,4.820000171661377,18,True,l_shaped,0.45249321789687336,493,fsm_local_memory
1.0,1.0,0.0,0.0,0.0,0.18088947236537933,96,True,straight,0.78822288455471,494,fsm_local_memory
1.0,1.0,0.0,1.0,0.0,0.029833553358912468,75,True,narrow_exit,0.45400128804807605,495,fsm_local_memory
1.0,1.0,0.0,1.0,0.0,0.034334033727645874,91,True,l_shaped,0.5302308343152444,496,fsm_local_memory
1.0,1.0,0.0,0.0,0.0,0.11194323003292084,93,True,straight,0.8141176441223474,497,fsm_local_memory
1.0,1.0,0.0,0.0,0.0,0.12338908016681671,104,True,straight,0.783420860840579,498,fsm_local_memory
1.0,1.0,0.0,0.0,0.0,0.1532214879989624,96,True,straight,0.7197207512753752,499,fsm_local_memory
1.0,1.0,0.0,0.0,0.0,0.08816903084516525,75,True,narrow_entry,0.5745476255840488,0,fsm_cross_memory
1.0,1.0,0.0,0.0,0.0,0.0846744179725647,86,True,straight,0.6526736720530052,1,fsm_cross_memory
0.0,0.0,0.0,1.0,0.0,0.0051115467213094234,50,True,asymmetric,0.649536389472299,2,fsm_cross_memory
1.0,1.0,0.0,0.0,0.0,0.10785651206970215,125,True,l_shaped,0.8868141109777066,3,fsm_cross_memory
1.0,1.0,0.0,0.0,0.0,0.08646634221076965,103,True,straight,0.7573720289591046,4,fsm_cross_memory
1.0,1.0,0.0,0.0,0.0,0.08230413496494293,90,True,l_shaped,0.6613001150741136,5,fsm_cross_memory
1.0,1.0,0.0,0.0,0.0,0.07362280040979385,174,True,s_shaped,0.8247051882260268,6,fsm_cross_memory
1.0,1.0,0.0,1.0,0.0,0.022802164778113365,102,True,narrow_exit,0.42132520855518096,7,fsm_cross_memory
1.0,1.0,0.0,0.0,0.0,0.10389618575572968,109,True,s_shaped,0.7059335381788022,8,fsm_cross_memory
1.0,1.0,0.0,1.0,0.0,0.0410475991666317,74,True,narrow_exit,0.47471101765127016,9,fsm_cross_memory
0.0,0.0,0.0,0.0,0.0,0.07653502374887466,400,True,asymmetric,0.5552727686394033,10,fsm_cross_memory
1.0,1.0,0.0,1.0,0.0,0.02798512764275074,74,True,narrow_exit,0.4500551255833867,11,fsm_cross_memory
1.0,1.0,0.0,0.0,0.0,0.116836778819561,77,True,straight,0.6754701487965136,12,fsm_cross_memory
1.0,1.0,0.0,1.0,0.0,0.010106593370437622,111,True,l_shaped,0.5856804401165445,13,fsm_cross_memory
0.0,0.0,0.0,0.0,0.0,0.107042096555233,400,False,false_feasible,0.6164674903648799,14,fsm_cross_memory
0.0,0.0,0.0,0.0,0.0,0.094333216547966,400,False,false_feasible,0.6005908411988077,15,fsm_cross_memory
1.0,1.0,0.0,0.0,0.0,0.09683316200971603,115,True,s_shaped,0.7322889783160995,16,fsm_cross_memory
1.0,1.0,0.0,1.0,0.0,0.015751007944345474,105,True,l_shaped,0.5150358849897211,17,fsm_cross_memory
1.0,1.0,0.0,0.0,0.0,0.10491922497749329,108,True,l_shaped,0.7159119711666375,18,fsm_cross_memory
1.0,1.0,0.0,1.0,0.0,0.005906230304390192,190,True,s_shaped,0.6708181474595345,19,fsm_cross_memory
0.0,0.0,0.0,0.0,0.0,4.820000171661377,17,True,s_shaped,0.4597254359461487,20,fsm_cross_memory
1.0,1.0,0.0,0.0,0.0,0.09827353805303574,123,True,l_shaped,0.7467401856113558,21,fsm_cross_memory
1.0,1.0,0.0,0.0,0.0,0.13922788202762604,86,True,straight,0.6996836112261675,22,fsm_cross_memory
1.0,1.0,0.0,0.0,0.0,0.10487291216850281,105,True,l_shaped,0.8788047277813853,23,fsm_cross_memory
1.0,1.0,0.0,0.0,0.0,0.08827853947877884,113,True,straight,0.645793677001367,24,fsm_cross_memory
1.0,1.0,0.0,0.0,0.0,0.09324789047241211,93,True,asymmetric,0.8520509878640384,25,fsm_cross_memory
1.0,1.0,0.0,0.0,0.0,0.08211294561624527,77,True,narrow_entry,0.5886263670960803,26,fsm_cross_memory
1.0,1.0,0.0,1.0,0.0,0.03320647031068802,105,True,narrow_exit,0.475858261122017,27,fsm_cross_memory
1.0,1.0,0.0,1.0,0.0,0.035771679133176804,78,True,straight,0.5533452134994848,28,fsm_cross_memory
1.0,1.0,0.0,1.0,0.0,0.04658341035246849,124,True,s_shaped,0.762418096039299,29,fsm_cross_memory
1.0,1.0,0.0,0.0,0.0,0.2117699831724167,87,True,straight,0.8674031479529285,30,fsm_cross_memory
1.0,1.0,0.0,0.0,0.0,0.09246876835823059,73,True,narrow_exit,0.5864655172761648,31,fsm_cross_memory
1.0,1.0,0.0,0.0,0.0,0.1206139400601387,110,True,straight,0.6386014436923367,32,fsm_cross_memory
1.0,1.0,0.0,1.0,0.0,0.04892197996377945,105,True,asymmetric,0.6603217206998813,33,fsm_cross_memory
1.0,1.0,0.0,1.0,0.0,0.018295368179678917,175,True,s_shaped,0.722707119315005,34,fsm_cross_memory
1.0,1.0,0.0,1.0,0.0,0.02203908935189247,84,True,asymmetric,0.6542535969343349,35,fsm_cross_memory
1.0,1.0,0.0,1.0,0.0,0.031769149005413055,77,True,narrow_exit,0.47586024130633336,36,fsm_cross_memory
1.0,1.0,0.0,1.0,0.0,0.024967025965452194,73,True,straight,0.5019705286494097,37,fsm_cross_memory
1.0,1.0,0.0,0.0,0.0,0.17606152594089508,98,True,straight,0.7160147172499371,38,fsm_cross_memory
0.0,0.0,0.0,0.0,0.0,0.1938822716474533,99,True,s_shaped,0.8437522240055739,39,fsm_cross_memory
0.0,0.0,0.0,0.0,0.0,4.820000171661377,18,True,s_shaped,0.4721643539674173,40,fsm_cross_memory
1.0,1.0,0.0,0.0,0.0,0.17385514080524445,108,True,straight,0.8296087282189888,41,fsm_cross_memory
1.0,1.0,0.0,1.0,0.0,0.02545781247317791,95,True,narrow_entry,0.5602193438240632,42,fsm_cross_memory
1.0,1.0,0.0,1.0,0.0,0.040410928428173065,92,True,l_shaped,0.7378034720566995,43,fsm_cross_memory
1.0,1.0,0.0,0.0,0.0,0.06414861232042313,100,True,l_shaped,0.6148766024218113,44,fsm_cross_memory
0.0,0.0,0.0,0.0,0.0,0.11492378264665604,400,False,false_feasible,0.6320903012511723,45,fsm_cross_memory
1.0,1.0,0.0,0.0,0.0,0.09025216102600098,107,True,l_shaped,0.7807019230396308,46,fsm_cross_memory
1.0,1.0,0.0,0.0,0.0,0.09104153513908386,77,True,straight,0.7765720327221421,47,fsm_cross_memory
0.0,0.0,0.0,0.0,0.0,0.11829172074794769,400,False,false_feasible,0.6984205011165886,48,fsm_cross_memory
1.0,1.0,0.0,0.0,0.0,0.06463272869586945,90,True,narrow_exit,0.5230374925260929,49,fsm_cross_memory
0.0,0.0,0.0,1.0,0.0,0.0002742412325460464,122,True,s_shaped,0.7198170486851756,50,fsm_cross_memory
1.0,1.0,0.0,0.0,0.0,0.05329931527376175,101,True,narrow_entry,0.48005479649908284,51,fsm_cross_memory
1.0,1.0,0.0,0.0,0.0,0.07726208120584488,108,True,straight,0.5165025176439862,52,fsm_cross_memory
0.0,0.0,0.0,1.0,0.0,0.00016300551942549646,34,True,narrow_entry,0.5885051976309232,53,fsm_cross_memory
0.0,0.0,0.0,0.0,0.0,0.11005515605211258,400,False,false_feasible,0.7626334197976957,54,fsm_cross_memory
0.0,0.0,0.0,1.0,0.0,0.02870841883122921,65,True,asymmetric,0.5829115614048405,55,fsm_cross_memory
0.0,0.0,0.0,0.0,0.0,0.06643116474151611,400,False,false_feasible,0.6209771094660098,56,fsm_cross_memory
0.0,0.0,0.0,0.0,0.0,4.820000171661377,16,True,asymmetric,0.46304977644201123,57,fsm_cross_memory
1.0,1.0,0.0,1.0,0.0,0.03230713680386543,73,True,straight,0.4524434253579152,58,fsm_cross_memory
1.0,1.0,0.0,0.0,0.0,0.0686764344573021,143,True,l_shaped,0.8322339793153828,59,fsm_cross_memory
0.0,0.0,0.0,1.0,0.0,0.004173624329268932,55,True,asymmetric,0.4680680847961799,60,fsm_cross_memory
1.0,1.0,0.0,0.0,0.0,0.14685383439064026,79,True,straight,0.7805794913708227,61,fsm_cross_memory
0.0,0.0,0.0,1.0,0.0,0.0021399164106696844,96,False,false_feasible,0.563625078747824,62,fsm_cross_memory
1.0,1.0,0.0,0.0,0.0,0.21991264820098877,90,True,straight,0.8910122307993866,63,fsm_cross_memory
1.0,1.0,0.0,0.0,0.0,0.05697263032197952,94,True,narrow_exit,0.4742416738526492,64,fsm_cross_memory
1.0,1.0,0.0,0.0,0.0,0.13235768675804138,88,True,straight,0.6787587323011239,65,fsm_cross_memory
1.0,1.0,0.0,0.0,0.0,0.07866833359003067,84,True,straight,0.5751339956015659,66,fsm_cross_memory
1.0,1.0,0.0,1.0,0.0,0.036513954401016235,98,True,narrow_exit,0.45917313480545313,67,fsm_cross_memory
1.0,1.0,0.0,0.0,0.0,0.05268965661525726,146,True,s_shaped,0.551516790691895,68,fsm_cross_memory
1.0,1.0,0.0,0.0,0.0,0.05634394288063049,86,True,narrow_entry,0.49765527513238017,69,fsm_cross_memory
0.0,0.0,0.0,0.0,0.0,0.12253589183092117,400,False,false_feasible,0.6800687786851423,70,fsm_cross_memory
0.0,0.0,0.0,0.0,0.0,4.820000171661377,16,True,asymmetric,0.47500556260809507,71,fsm_cross_memory
1.0,1.0,0.0,0.0,0.0,0.10572193562984467,87,True,asymmetric,0.8354466106085512,72,fsm_cross_memory
0.0,0.0,0.0,0.0,0.0,0.06973829865455627,400,False,false_feasible,0.6277403774801916,73,fsm_cross_memory
0.0,0.0,0.0,1.0,0.0,0.007791444659233093,107,True,s_shaped,0.5236880869162331,74,fsm_cross_memory
1.0,1.0,0.0,1.0,0.0,0.033909872174263,89,True,straight,0.651710525964458,75,fsm_cross_memory
1.0,1.0,0.0,0.0,0.0,0.09721449017524719,110,True,s_shaped,0.6611971203856806,76,fsm_cross_memory
1.0,1.0,0.0,0.0,0.0,0.056133490055799484,104,True,s_shaped,0.7139003278566582,77,fsm_cross_memory
1.0,1.0,0.0,1.0,0.0,0.04261896759271622,93,True,narrow_exit,0.4859895092878702,78,fsm_cross_memory
1.0,1.0,0.0,1.0,0.0,0.044289346784353256,95,True,narrow_entry,0.5108624669226296,79,fsm_cross_memory
0.0,0.0,0.0,1.0,0.0,0.012363655492663383,138,True,s_shaped,0.49724087215323176,80,fsm_cross_memory
1.0,1.0,0.0,0.0,0.0,0.19989736378192902,90,True,straight,0.867357206326812,81,fsm_cross_memory
1.0,1.0,0.0,0.0,0.0,0.0922434851527214,100,True,straight,0.5751099479703663,82,fsm_cross_memory
1.0,1.0,0.0,0.0,0.0,0.09595320373773575,100,True,narrow_exit,0.5825990169535296,83,fsm_cross_memory
1.0,1.0,0.0,0.0,0.0,0.20252151787281036,88,True,straight,0.7795860763472044,84,fsm_cross_memory
0.0,0.0,0.0,1.0,0.0,0.008737107738852501,400,False,false_feasible,0.6220570613719764,85,fsm_cross_memory
0.0,0.0,0.0,1.0,0.0,0.038245271891355515,182,True,s_shaped,0.8934930762727168,86,fsm_cross_memory
1.0,1.0,0.0,0.0,0.0,0.12125610560178757,106,True,asymmetric,0.8661157502489499,87,fsm_cross_memory
1.0,1.0,0.0,1.0,0.0,0.00209811981767416,141,True,narrow_entry,0.5757821786500192,88,fsm_cross_memory
0.0,0.0,0.0,0.0,0.0,4.820000171661377,15,True,asymmetric,0.4520250562228466,89,fsm_cross_memory
1.0,1.0,0.0,0.0,0.0,0.07808367908000946,112,True,l_shaped,0.8337515083343607,90,fsm_cross_memory
1.0,1.0,0.0,0.0,0.0,0.09432674944400787,88,True,l_shaped,0.8489509029773412,91,fsm_cross_memory
0.0,0.0,0.0,0.0,0.0,0.11539734899997711,400,False,false_feasible,0.6519854877828206,92,fsm_cross_memory
0.0,0.0,0.0,0.0,0.0,0.08480911701917648,400,False,false_feasible,0.5835917283282654,93,fsm_cross_memory
1.0,1.0,0.0,0.0,0.0,0.07310661673545837,127,True,l_shaped,0.6391717971773747,94,fsm_cross_memory
1.0,1.0,0.0,0.0,0.0,0.0699443444609642,114,True,l_shaped,0.5964042287325046,95,fsm_cross_memory
1.0,1.0,0.0,0.0,0.0,0.05783650279045105,89,True,l_shaped,0.5586174277319983,96,fsm_cross_memory
1.0,1.0,0.0,1.0,0.0,0.04339597001671791,112,True,narrow_entry,0.4989095265451547,97,fsm_cross_memory
1.0,1.0,0.0,0.0,0.0,0.06967679411172867,97,True,narrow_entry,0.521190732072763,98,fsm_cross_memory
1.0,1.0,0.0,0.0,0.0,0.2049054652452469,76,True,straight,0.8818985350481492,99,fsm_cross_memory
1.0,1.0,0.0,0.0,0.0,0.14406511187553406,92,True,straight,0.6548030290852931,100,fsm_cross_memory
1.0,1.0,0.0,0.0,0.0,0.06485427916049957,75,True,straight,0.6230269700954676,101,fsm_cross_memory
1.0,1.0,0.0,1.0,0.0,0.03868201747536659,93,True,l_shaped,0.6273565997301439,102,fsm_cross_memory
0.0,0.0,0.0,0.0,0.0,0.1103743314743042,49,True,s_shaped,0.6702759029282437,103,fsm_cross_memory
1.0,1.0,0.0,1.0,0.0,0.04257941246032715,143,True,l_shaped,0.6659385302479793,104,fsm_cross_memory
0.0,0.0,0.0,1.0,0.0,0.0026058435905724764,128,True,s_shaped,0.77020111871855,105,fsm_cross_memory
1.0,1.0,0.0,1.0,0.0,0.011247867718338966,97,True,straight,0.4997832604029915,106,fsm_cross_memory
1.0,1.0,0.0,0.0,0.0,0.09180669486522675,96,True,narrow_exit,0.5736065026816259,107,fsm_cross_memory
1.0,1.0,0.0,0.0,0.0,0.0982343852519989,110,True,l_shaped,0.8634571564062063,108,fsm_cross_memory
1.0,1.0,0.0,1.0,0.0,0.043123215436935425,106,True,l_shaped,0.809646085008671,109,fsm_cross_memory
1.0,1.0,0.0,1.0,0.0,0.03885979950428009,73,True,straight,0.6059153949332314,110,fsm_cross_memory
0.0,0.0,0.0,0.0,0.0,4.820000171661377,15,True,narrow_entry,0.47708757080339614,111,fsm_cross_memory
1.0,1.0,0.0,0.0,0.0,0.10212771594524384,114,True,straight,0.6782817157119195,112,fsm_cross_memory
0.0,0.0,0.0,0.0,0.0,0.0964621901512146,400,False,false_feasible,0.5817274938796283,113,fsm_cross_memory
1.0,1.0,0.0,0.0,0.0,0.0817912220954895,72,True,narrow_exit,0.5705241318316682,114,fsm_cross_memory
1.0,1.0,0.0,0.0,0.0,0.09652772545814514,103,True,l_shaped,0.7248465599559383,115,fsm_cross_memory
1.0,1.0,0.0,0.0,0.0,0.05314731225371361,71,True,narrow_entry,0.4954690298221449,116,fsm_cross_memory
1.0,1.0,0.0,0.0,0.0,0.16953694820404053,88,True,straight,0.8503453897539288,117,fsm_cross_memory
0.0,0.0,0.0,0.0,0.0,0.10160381346940994,400,False,false_feasible,0.5998854982248727,118,fsm_cross_memory
1.0,1.0,0.0,0.0,0.0,0.07709994912147522,120,True,l_shaped,0.6826587690822432,119,fsm_cross_memory
0.0,0.0,0.0,0.0,0.0,0.09516356140375137,400,False,false_feasible,0.7495243589545832,120,fsm_cross_memory
1.0,1.0,0.0,1.0,0.0,0.03612251207232475,96,True,narrow_entry,0.4910333798670148,121,fsm_cross_memory
0.0,0.0,0.0,0.0,0.0,0.06510365009307861,400,False,false_feasible,0.5991855451876579,122,fsm_cross_memory
0.0,0.0,0.0,1.0,0.0,0.02968347817659378,400,False,false_feasible,0.5747311262762056,123,fsm_cross_memory
0.0,0.0,0.0,1.0,0.0,0.004339464008808136,90,True,s_shaped,0.5667479279345404,124,fsm_cross_memory
1.0,1.0,0.0,0.0,0.0,0.0672370195388794,121,True,l_shaped,0.5826482773085442,125,fsm_cross_memory
0.0,0.0,0.0,0.0,0.0,0.09423074871301651,400,False,false_feasible,0.5844483839819513,126,fsm_cross_memory
1.0,1.0,0.0,1.0,0.0,0.04766266420483589,79,True,straight,0.5639649634800888,127,fsm_cross_memory
0.0,0.0,0.0,0.0,0.0,4.820000171661377,15,True,narrow_entry,0.4868254746758899,128,fsm_cross_memory
1.0,1.0,0.0,0.0,0.0,0.16758301854133606,75,True,straight,0.8532549370906337,129,fsm_cross_memory
1.0,1.0,0.0,0.0,0.0,0.06406954675912857,90,True,straight,0.6361055690894865,130,fsm_cross_memory
1.0,1.0,0.0,0.0,0.0,0.1032668948173523,87,True,asymmetric,0.8435588129350073,131,fsm_cross_memory
1.0,1.0,0.0,1.0,0.0,0.03267723694443703,94,True,asymmetric,0.7998114209974616,132,fsm_cross_memory
1.0,1.0,0.0,0.0,0.0,0.13141067326068878,92,True,straight,0.8785123721305574,133,fsm_cross_memory
0.0,0.0,0.0,1.0,0.0,0.03646911308169365,400,True,narrow_exit,0.4254098241770122,134,fsm_cross_memory
1.0,1.0,0.0,0.0,0.0,0.08573264628648758,119,True,s_shaped,0.6302030603603752,135,fsm_cross_memory
1.0,1.0,0.0,0.0,0.0,0.18769389390945435,86,True,straight,0.8642996362231056,136,fsm_cross_memory
1.0,1.0,0.0,0.0,0.0,0.0695599839091301,80,True,narrow_entry,0.5551509452540747,137,fsm_cross_memory
1.0,1.0,0.0,0.0,0.0,0.1940082162618637,83,True,straight,0.8970158242850301,138,fsm_cross_memory
1.0,1.0,0.0,1.0,0.0,0.022873887792229652,99,True,straight,0.5185470195709091,139,fsm_cross_memory
1.0,1.0,0.0,0.0,0.0,0.05617012083530426,113,True,l_shaped,0.7767810577727555,140,fsm_cross_memory
0.0,0.0,0.0,1.0,0.0,0.009945963509380817,80,True,l_shaped,0.5297559755621727,141,fsm_cross_memory
1.0,1.0,0.0,1.0,0.0,0.02449892647564411,84,True,narrow_entry,0.5156544860875039,142,fsm_cross_memory
1.0,1.0,0.0,0.0,0.0,0.07183609902858734,130,True,s_shaped,0.7028185185283498,143,fsm_cross_memory
1.0,1.0,0.0,0.0,0.0,0.07728839665651321,109,True,s_shaped,0.6480225487050986,144,fsm_cross_memory
1.0,1.0,0.0,1.0,0.0,0.020115725696086884,128,True,l_shaped,0.5390144312666386,145,fsm_cross_memory
0.0,0.0,0.0,1.0,0.0,0.009505468420684338,154,True,l_shaped,0.5123945233050388,146,fsm_cross_memory
0.0,0.0,0.0,0.0,0.0,4.820000171661377,15,True,narrow_entry,0.5298108869196912,147,fsm_cross_memory
1.0,1.0,0.0,0.0,0.0,0.08460545539855957,96,True,narrow_exit,0.5775193703980521,148,fsm_cross_memory
1.0,1.0,0.0,0.0,0.0,0.0931500717997551,112,True,l_shaped,0.6950467809186028,149,fsm_cross_memory
0.0,0.0,0.0,0.0,0.0,0.17667850852012634,400,False,false_feasible,0.7945511076911403,150,fsm_cross_memory
1.0,1.0,0.0,0.0,0.0,0.06434360146522522,88,True,narrow_exit,0.5254730473372898,151,fsm_cross_memory
1.0,1.0,0.0,1.0,0.0,0.02897002547979355,86,True,straight,0.4533781647599999,152,fsm_cross_memory
1.0,1.0,0.0,0.0,0.0,0.16154153645038605,77,True,straight,0.798451155532373,153,fsm_cross_memory
1.0,1.0,0.0,0.0,0.0,0.06573005020618439,89,True,straight,0.5192836121599319,154,fsm_cross_memory
0.0,0.0,0.0,0.0,0.0,4.820000171661377,15,False,false_feasible,0.5844993793369764,155,fsm_cross_memory
1.0,1.0,0.0,0.0,0.0,0.11794385313987732,93,True,straight,0.6405729276058443,156,fsm_cross_memory
1.0,1.0,0.0,0.0,0.0,0.07551709562540054,75,True,narrow_exit,0.5129626924744154,157,fsm_cross_memory
1.0,1.0,0.0,1.0,0.0,0.01866058260202408,116,True,s_shaped,0.6411496161669552,158,fsm_cross_memory
1.0,1.0,0.0,1.0,0.0,0.036255404353141785,121,True,s_shaped,0.5946955570084048,159,fsm_cross_memory
1.0,1.0,0.0,1.0,0.0,0.039330605417490005,94,True,straight,0.5190864849245762,160,fsm_cross_memory
1.0,1.0,0.0,1.0,0.0,0.03392389044165611,105,True,straight,0.6463424968624184,161,fsm_cross_memory
0.0,0.0,0.0,0.0,0.0,4.820000171661377,16,True,asymmetric,0.525600381860042,162,fsm_cross_memory
1.0,1.0,0.0,1.0,0.0,0.049969058483839035,150,True,l_shaped,0.7820089002478678,163,fsm_cross_memory
1.0,1.0,0.0,0.0,0.0,0.058066967874765396,120,True,l_shaped,0.5486351474153845,164,fsm_cross_memory
1.0,1.0,0.0,0.0,0.0,0.13738007843494415,91,True,straight,0.8203984302631049,165,fsm_cross_memory
1.0,1.0,0.0,0.0,0.0,0.07649016380310059,111,True,narrow_exit,0.5775151558297348,166,fsm_cross_memory
1.0,1.0,0.0,0.0,0.0,0.05727018043398857,95,True,narrow_exit,0.5219557171457361,167,fsm_cross_memory
1.0,1.0,0.0,0.0,0.0,0.13841897249221802,92,True,straight,0.720701303605207,168,fsm_cross_memory
1.0,1.0,0.0,1.0,0.0,0.04050898924469948,82,True,narrow_entry,0.5210201522202079,169,fsm_cross_memory
1.0,1.0,0.0,1.0,0.0,0.035756662487983704,111,True,narrow_exit,0.4582098849913337,170,fsm_cross_memory
1.0,1.0,0.0,1.0,0.0,0.04905852675437927,107,True,s_shaped,0.6642412905053974,171,fsm_cross_memory
0.0,0.0,0.0,0.0,0.0,4.820000171661377,17,True,l_shaped,0.49462063676946644,172,fsm_cross_memory
1.0,1.0,0.0,0.0,0.0,0.07902320474386215,86,True,l_shaped,0.6123414089332142,173,fsm_cross_memory
1.0,1.0,0.0,0.0,0.0,0.1361905038356781,77,True,asymmetric,0.8683499794137999,174,fsm_cross_memory
1.0,1.0,0.0,1.0,0.0,0.013445215299725533,74,True,narrow_entry,0.5146908948394837,175,fsm_cross_memory
1.0,1.0,0.0,0.0,0.0,0.0889175608754158,93,True,narrow_exit,0.5961541459020789,176,fsm_cross_memory
1.0,1.0,0.0,1.0,0.0,0.04814587160944939,95,True,l_shaped,0.7131387162622216,177,fsm_cross_memory
1.0,1.0,0.0,0.0,0.0,0.05140912905335426,98,True,narrow_exit,0.49767342066372383,178,fsm_cross_memory
1.0,1.0,0.0,0.0,0.0,0.08946652710437775,104,True,l_shaped,0.6529709250833649,179,fsm_cross_memory
1.0,1.0,0.0,0.0,0.0,0.06873388588428497,85,True,l_shaped,0.6203667544018789,180,fsm_cross_memory
1.0,1.0,0.0,0.0,0.0,0.08151698112487793,110,True,narrow_exit,0.5688221787462739,181,fsm_cross_memory
0.0,0.0,0.0,0.0,0.0,0.15520420670509338,400,False,false_feasible,0.7809751001363575,182,fsm_cross_memory
1.0,1.0,0.0,1.0,0.0,0.019987856969237328,73,True,narrow_entry,0.5093551468390755,183,fsm_cross_memory
1.0,1.0,0.0,1.0,0.0,0.016186414286494255,132,True,l_shaped,0.7042850597838175,184,fsm_cross_memory
0.0,0.0,0.0,0.0,0.0,0.09699343144893646,400,False,false_feasible,0.7639105304256009,185,fsm_cross_memory
1.0,1.0,0.0,0.0,0.0,0.0700010433793068,125,True,s_shaped,0.7039767061616304,186,fsm_cross_memory
1.0,1.0,0.0,1.0,0.0,0.045984748750925064,106,True,narrow_entry,0.47119148422321355,187,fsm_cross_memory
1.0,1.0,0.0,0.0,0.0,0.05618017911911011,95,True,narrow_exit,0.48781212141747776,188,fsm_cross_memory
0.0,0.0,0.0,0.0,0.0,4.820000171661377,17,True,l_shaped,0.5128306443806043,189,fsm_cross_memory
1.0,1.0,0.0,0.0,0.0,0.06573360413312912,77,True,asymmetric,0.888487705398981,190,fsm_cross_memory
1.0,1.0,0.0,1.0,0.0,0.0451824888586998,116,True,straight,0.6905703380801739,191,fsm_cross_memory
1.0,1.0,0.0,0.0,0.0,0.07519952207803726,110,True,narrow_entry,0.5825380476131046,192,fsm_cross_memory
0.0,0.0,0.0,1.0,0.0,0.008644661866128445,63,True,asymmetric,0.5200909519385607,193,fsm_cross_memory
0.0,0.0,0.0,0.0,0.0,0.10448843240737915,400,False,false_feasible,0.5973408729182135,194,fsm_cross_memory
0.0,0.0,0.0,0.0,0.0,0.17182689905166626,400,False,false_feasible,0.7858455878194632,195,fsm_cross_memory
1.0,1.0,0.0,1.0,0.0,0.03293542563915253,87,True,narrow_entry,0.5021526944223321,196,fsm_cross_memory
1.0,1.0,0.0,1.0,0.0,0.025425732135772705,75,True,narrow_entry,0.5875232079380317,197,fsm_cross_memory
1.0,1.0,0.0,0.0,0.0,0.09904967248439789,127,True,l_shaped,0.6820900543296231,198,fsm_cross_memory
0.0,0.0,0.0,1.0,0.0,0.003566581988707185,31,True,straight,0.5378059084915514,199,fsm_cross_memory
1.0,1.0,0.0,0.0,0.0,0.081094890832901,106,True,narrow_exit,0.531202003531005,200,fsm_cross_memory
1.0,1.0,0.0,0.0,0.0,0.08728606253862381,111,True,l_shaped,0.6470287045541268,201,fsm_cross_memory
1.0,1.0,0.0,0.0,0.0,0.0831889808177948,109,True,l_shaped,0.7439363482602684,202,fsm_cross_memory
0.0,0.0,0.0,1.0,0.0,0.01758270524442196,400,False,false_feasible,0.5768280907081301,203,fsm_cross_memory
1.0,1.0,0.0,1.0,0.0,0.028794946148991585,146,True,s_shaped,0.6397947282215526,204,fsm_cross_memory
0.0,0.0,0.0,1.0,0.0,0.003962544724345207,84,True,s_shaped,0.8535399172158142,205,fsm_cross_memory
1.0,1.0,0.0,1.0,0.0,0.04352547228336334,99,True,narrow_exit,0.48258125427046256,206,fsm_cross_memory
1.0,1.0,0.0,0.0,0.0,0.07299501448869705,135,True,s_shaped,0.8154553325341767,207,fsm_cross_memory
1.0,1.0,0.0,0.0,0.0,0.08231888711452484,103,True,straight,0.7320712422528939,208,fsm_cross_memory
1.0,1.0,0.0,0.0,0.0,0.2233027219772339,78,True,straight,0.8802209967851831,209,fsm_cross_memory
0.0,0.0,0.0,0.0,0.0,0.08385121077299118,106,True,s_shaped,0.8472715047153352,210,fsm_cross_memory
1.0,1.0,0.0,1.0,0.0,0.045637961477041245,95,True,l_shaped,0.5887499417787799,211,fsm_cross_memory
1.0,1.0,0.0,0.0,0.0,0.0939793512225151,104,True,narrow_entry,0.5667131573193758,212,fsm_cross_memory
1.0,1.0,0.0,0.0,0.0,0.07039175927639008,113,True,s_shaped,0.6264270100869495,213,fsm_cross_memory
1.0,1.0,0.0,0.0,0.0,0.08529987186193466,104,True,l_shaped,0.6161727786034359,214,fsm_cross_memory
1.0,1.0,0.0,0.0,0.0,0.05457882210612297,97,True,asymmetric,0.8994733368001464,215,fsm_cross_memory
1.0,1.0,0.0,0.0,0.0,0.1242450475692749,91,True,straight,0.6647402849773161,216,fsm_cross_memory
1.0,1.0,0.0,1.0,0.0,0.03409060090780258,105,True,narrow_exit,0.4605319798989982,217,fsm_cross_memory
0.0,0.0,0.0,1.0,0.0,0.005792753305286169,58,True,asymmetric,0.5914565741834572,218,fsm_cross_memory
1.0,1.0,0.0,1.0,0.0,0.034364063292741776,281,True,l_shaped,0.5264099881977184,219,fsm_cross_memory
1.0,1.0,0.0,0.0,0.0,0.08509055525064468,83,True,narrow_exit,0.5661578762718981,220,fsm_cross_memory
0.0,0.0,0.0,0.0,0.0,0.07752406597137451,400,True,asymmetric,0.5558653747870402,221,fsm_cross_memory
1.0,1.0,0.0,1.0,0.0,0.03760146722197533,80,True,narrow_entry,0.4880972425602814,222,fsm_cross_memory
1.0,1.0,0.0,1.0,0.0,0.0007247645989991724,95,True,straight,0.5435991331688073,223,fsm_cross_memory
1.0,1.0,0.0,0.0,0.0,0.0895901620388031,95,True,l_shaped,0.7861841102834488,224,fsm_cross_memory
1.0,1.0,0.0,1.0,0.0,0.0001955429615918547,159,True,asymmetric,0.739013588355597,225,fsm_cross_memory
1.0,1.0,0.0,1.0,0.0,0.022919276729226112,80,True,narrow_entry,0.4376018395401797,226,fsm_cross_memory
0.0,0.0,0.0,0.0,0.0,4.820000171661377,16,True,narrow_entry,0.5644897089519058,227,fsm_cross_memory
0.0,0.0,0.0,1.0,0.0,0.007867339067161083,82,True,s_shaped,0.5511102635456432,228,fsm_cross_memory
1.0,1.0,0.0,1.0,0.0,0.04491052404046059,132,True,l_shaped,0.862828015169764,229,fsm_cross_memory
1.0,1.0,0.0,1.0,0.0,0.013611802831292152,110,True,l_shaped,0.7285123715280867,230,fsm_cross_memory
1.0,1.0,0.0,0.0,0.0,0.08035648614168167,176,True,s_shaped,0.8445051624382662,231,fsm_cross_memory
1.0,1.0,0.0,0.0,0.0,0.09789165109395981,107,True,l_shaped,0.676293721641159,232,fsm_cross_memory
1.0,1.0,0.0,0.0,0.0,0.11849261820316315,114,True,l_shaped,0.7814354479658496,233,fsm_cross_memory
1.0,1.0,0.0,1.0,0.0,0.02366182766854763,102,True,narrow_entry,0.5971533476906399,234,fsm_cross_memory
1.0,1.0,0.0,0.0,0.0,0.09603562206029892,122,True,s_shaped,0.8439925700372564,235,fsm_cross_memory
0.0,0.0,0.0,0.0,0.0,4.820000171661377,14,True,narrow_entry,0.5291453112387963,236,fsm_cross_memory
1.0,1.0,0.0,1.0,0.0,0.04566577076911926,108,True,narrow_exit,0.4826896590230621,237,fsm_cross_memory
1.0,1.0,0.0,0.0,0.0,0.16847723722457886,82,True,straight,0.7873675879700865,238,fsm_cross_memory
0.0,0.0,0.0,0.0,0.0,4.820000171661377,18,True,asymmetric,0.5471661556940697,239,fsm_cross_memory
1.0,1.0,0.0,1.0,0.0,0.03551614284515381,92,True,narrow_entry,0.5539190500850983,240,fsm_cross_memory
1.0,1.0,0.0,0.0,0.0,0.07897064089775085,86,True,asymmetric,0.8152885670486694,241,fsm_cross_memory
0.0,0.0,0.0,0.0,0.0,4.820000171661377,18,True,l_shaped,0.5261106183222851,242,fsm_cross_memory
1.0,1.0,0.0,0.0,0.0,0.05842820554971695,104,True,straight,0.5096439364281361,243,fsm_cross_memory
1.0,1.0,0.0,0.0,0.0,0.055786408483982086,100,True,narrow_exit,0.5139825167225671,244,fsm_cross_memory
1.0,1.0,0.0,0.0,0.0,0.18382510542869568,82,True,straight,0.8084572784112112,245,fsm_cross_memory
0.0,0.0,0.0,0.0,0.0,0.09885363280773163,400,True,asymmetric,0.5985905830189792,246,fsm_cross_memory
1.0,1.0,0.0,0.0,0.0,0.07079309225082397,82,True,narrow_exit,0.5223900849691774,247,fsm_cross_memory
1.0,1.0,0.0,0.0,0.0,0.08978445082902908,98,True,narrow_exit,0.5414550641484401,248,fsm_cross_memory
1.0,1.0,0.0,1.0,0.0,0.017402270808815956,90,True,straight,0.5500655675535648,249,fsm_cross_memory
1.0,1.0,0.0,1.0,0.0,0.021001633256673813,104,True,asymmetric,0.6956092285827585,250,fsm_cross_memory
0.0,0.0,0.0,0.0,0.0,0.060461610555648804,147,True,s_shaped,0.7208986335873884,251,fsm_cross_memory
0.0,0.0,0.0,0.0,0.0,0.0540030337870121,400,True,s_shaped,0.8829899948406159,252,fsm_cross_memory
0.0,0.0,0.0,0.0,0.0,4.820000171661377,16,True,narrow_entry,0.42578683580451304,253,fsm_cross_memory
1.0,1.0,0.0,0.0,0.0,0.08129285275936127,112,True,l_shaped,0.7387025966839585,254,fsm_cross_memory
1.0,1.0,0.0,0.0,0.0,0.06393437832593918,83,True,narrow_entry,0.5997891499718648,255,fsm_cross_memory
0.0,0.0,0.0,0.0,0.0,0.119744211435318,400,False,false_feasible,0.6816933078405769,256,fsm_cross_memory
1.0,1.0,0.0,0.0,0.0,0.06579087674617767,129,True,l_shaped,0.64791406911621,257,fsm_cross_memory
1.0,1.0,0.0,0.0,0.0,0.07920798659324646,108,True,l_shaped,0.6962772785421936,258,fsm_cross_memory
1.0,1.0,0.0,0.0,0.0,0.09077706933021545,84,True,l_shaped,0.5988046486258587,259,fsm_cross_memory
1.0,1.0,0.0,1.0,0.0,0.02562348172068596,79,True,narrow_entry,0.4238080820561928,260,fsm_cross_memory
1.0,1.0,0.0,0.0,0.0,0.07648938149213791,74,True,straight,0.7117772840814217,261,fsm_cross_memory
1.0,1.0,0.0,1.0,0.0,0.024190742522478104,106,True,narrow_exit,0.43292348562480826,262,fsm_cross_memory
0.0,0.0,0.0,1.0,0.0,0.03140615299344063,400,False,false_feasible,0.5875098945620526,263,fsm_cross_memory
1.0,1.0,0.0,0.0,0.0,0.10733532905578613,92,True,l_shaped,0.6647548094891085,264,fsm_cross_memory
1.0,1.0,0.0,0.0,0.0,0.1339963674545288,96,True,straight,0.6476303309426706,265,fsm_cross_memory
1.0,1.0,0.0,1.0,0.0,0.045072752982378006,76,True,asymmetric,0.7702676194137246,266,fsm_cross_memory
1.0,1.0,0.0,1.0,0.0,0.009612924419343472,172,True,s_shaped,0.6362686435745704,267,fsm_cross_memory
0.0,0.0,0.0,0.0,0.0,0.05472728610038757,400,False,false_feasible,0.5530129657539813,268,fsm_cross_memory
1.0,1.0,0.0,1.0,0.0,0.026849929243326187,98,True,asymmetric,0.7262227151140552,269,fsm_cross_memory
1.0,1.0,0.0,1.0,0.0,0.0118222301825881,84,True,narrow_entry,0.5050443619616078,270,fsm_cross_memory
0.0,0.0,0.0,1.0,0.0,0.0019451335538178682,30,True,straight,0.5488108164909411,271,fsm_cross_memory
1.0,1.0,0.0,0.0,0.0,0.09938907623291016,113,True,l_shaped,0.8368025100385041,272,fsm_cross_memory
1.0,1.0,0.0,0.0,0.0,0.09122874587774277,108,True,l_shaped,0.7618169657636347,273,fsm_cross_memory
1.0,1.0,0.0,0.0,0.0,0.1255468726158142,102,True,straight,0.6638875280476219,274,fsm_cross_memory
1.0,1.0,0.0,1.0,0.0,0.011033611372113228,113,True,asymmetric,0.6840323605176697,275,fsm_cross_memory
1.0,1.0,0.0,1.0,0.0,0.028636610135436058,107,True,s_shaped,0.5137375355878072,276,fsm_cross_memory
1.0,1.0,0.0,0.0,0.0,0.082651287317276,114,True,s_shaped,0.6848443956099852,277,fsm_cross_memory
1.0,1.0,0.0,1.0,0.0,0.04488123580813408,90,True,straight,0.5617324115483817,278,fsm_cross_memory
1.0,1.0,0.0,1.0,0.0,0.012088024988770485,138,True,l_shaped,0.6886985308213855,279,fsm_cross_memory
1.0,1.0,0.0,0.0,0.0,0.10567872226238251,111,True,straight,0.8022692545418904,280,fsm_cross_memory
1.0,1.0,0.0,1.0,0.0,0.008716320618987083,147,True,narrow_entry,0.5617600052753791,281,fsm_cross_memory
0.0,0.0,0.0,1.0,0.0,0.007690947502851486,90,True,s_shaped,0.5160344549434437,282,fsm_cross_memory
0.0,0.0,0.0,1.0,0.0,0.005769757553935051,400,True,s_shaped,0.8901205856045911,283,fsm_cross_memory
1.0,1.0,0.0,0.0,0.0,0.10106255114078522,109,True,straight,0.6406448042477723,284,fsm_cross_memory
1.0,1.0,0.0,0.0,0.0,0.08289129287004471,110,True,l_shaped,0.6770453578667718,285,fsm_cross_memory
0.0,0.0,0.0,0.0,0.0,0.20355525612831116,81,True,s_shaped,0.8894371798868155,286,fsm_cross_memory
1.0,1.0,0.0,0.0,0.0,0.18529918789863586,81,True,straight,0.7536657385826413,287,fsm_cross_memory
0.0,0.0,0.0,0.0,0.0,4.820000171661377,15,True,narrow_entry,0.48503380179348293,288,fsm_cross_memory
1.0,1.0,0.0,0.0,0.0,0.08306654542684555,77,True,straight,0.6725701007885039,289,fsm_cross_memory
1.0,1.0,0.0,0.0,0.0,0.22353434562683105,108,True,straight,0.813124900959316,290,fsm_cross_memory
0.0,0.0,0.0,0.0,0.0,4.820000171661377,15,True,narrow_entry,0.4814768871962921,291,fsm_cross_memory
1.0,1.0,0.0,0.0,0.0,0.20298424363136292,83,True,straight,0.8674507811043997,292,fsm_cross_memory
1.0,1.0,0.0,0.0,0.0,0.07299969345331192,89,True,l_shaped,0.5732577758727204,293,fsm_cross_memory
1.0,1.0,0.0,1.0,0.0,0.04184844717383385,102,True,l_shaped,0.5975657475888168,294,fsm_cross_memory
0.0,0.0,0.0,0.0,0.0,0.08330529928207397,400,False,false_feasible,0.6829559639444835,295,fsm_cross_memory
0.0,0.0,0.0,0.0,0.0,4.820000171661377,17,True,narrow_entry,0.475522732049595,296,fsm_cross_memory
1.0,1.0,0.0,0.0,0.0,0.08008997142314911,96,True,narrow_exit,0.56386012589863,297,fsm_cross_memory
0.0,0.0,0.0,0.0,0.0,4.820000171661377,18,True,s_shaped,0.4691060787726442,298,fsm_cross_memory
0.0,0.0,0.0,0.0,0.0,0.10091693699359894,85,True,asymmetric,0.6416869341657822,299,fsm_cross_memory
1.0,1.0,0.0,0.0,0.0,0.09452341496944427,116,True,l_shaped,0.7046055987183408,300,fsm_cross_memory
0.0,0.0,0.0,1.0,0.0,0.03393610939383507,400,False,false_feasible,0.5855259814629107,301,fsm_cross_memory
1.0,1.0,0.0,0.0,0.0,0.0736384317278862,102,True,straight,0.7037380815620913,302,fsm_cross_memory
0.0,0.0,0.0,1.0,0.0,0.015192913822829723,400,True,asymmetric,0.48038729148812404,303,fsm_cross_memory
1.0,1.0,0.0,0.0,0.0,0.06839089095592499,96,True,straight,0.5954696479642971,304,fsm_cross_memory
1.0,1.0,0.0,1.0,0.0,0.014005973935127258,112,True,straight,0.4968681722112922,305,fsm_cross_memory
0.0,0.0,0.0,0.0,0.0,0.05317603051662445,400,True,s_shaped,0.8650609373457014,306,fsm_cross_memory
1.0,1.0,0.0,0.0,0.0,0.09279435873031616,113,True,s_shaped,0.6372727560302809,307,fsm_cross_memory
0.0,0.0,0.0,1.0,0.0,0.005444647278636694,87,True,narrow_exit,0.43692381639038946,308,fsm_cross_memory
1.0,1.0,0.0,1.0,0.0,0.04546026140451431,101,True,l_shaped,0.6157548738928549,309,fsm_cross_memory
1.0,1.0,0.0,1.0,0.0,0.03478163108229637,108,True,l_shaped,0.5386317941790119,310,fsm_cross_memory
0.0,0.0,0.0,0.0,0.0,4.820000171661377,16,True,narrow_entry,0.5257535086600513,311,fsm_cross_memory
1.0,1.0,0.0,0.0,0.0,0.05205550417304039,123,True,s_shaped,0.7642432835408647,312,fsm_cross_memory
1.0,1.0,0.0,0.0,0.0,0.06497187912464142,176,True,s_shaped,0.7755441157697789,313,fsm_cross_memory
1.0,1.0,0.0,0.0,0.0,0.12107276171445847,80,True,straight,0.7002856335590052,314,fsm_cross_memory
1.0,1.0,0.0,1.0,0.0,0.042394042015075684,139,True,s_shaped,0.5346469026546081,315,fsm_cross_memory
1.0,1.0,0.0,0.0,0.0,0.07613580673933029,112,True,straight,0.5815401945434963,316,fsm_cross_memory
0.0,0.0,0.0,1.0,0.0,0.0038888277485966682,72,True,l_shaped,0.584606314874935,317,fsm_cross_memory
0.0,0.0,0.0,0.0,0.0,0.12427541613578796,400,False,false_feasible,0.6679100476560947,318,fsm_cross_memory
1.0,1.0,0.0,0.0,0.0,0.11334128677845001,75,True,asymmetric,0.8977542377957146,319,fsm_cross_memory
1.0,1.0,0.0,0.0,0.0,0.062147170305252075,75,True,narrow_entry,0.5854642047991006,320,fsm_cross_memory
0.0,0.0,0.0,1.0,0.0,0.014350967481732368,400,False,false_feasible,0.5995294353530227,321,fsm_cross_memory
1.0,1.0,0.0,0.0,0.0,0.05679793283343315,184,True,s_shaped,0.7603928317998392,322,fsm_cross_memory
1.0,1.0,0.0,0.0,0.0,0.05269429832696915,108,True,narrow_entry,0.5502741522345308,323,fsm_cross_memory
1.0,1.0,0.0,0.0,0.0,0.21908588707447052,80,True,straight,0.8341335779160304,324,fsm_cross_memory
0.0,0.0,0.0,0.0,0.0,4.820000171661377,16,True,narrow_entry,0.5101189513190285,325,fsm_cross_memory
1.0,1.0,0.0,0.0,0.0,0.05503462255001068,99,True,asymmetric,0.7493462845218546,326,fsm_cross_memory
0.0,0.0,0.0,1.0,0.0,0.0017180618597194552,60,True,l_shaped,0.5874662755670266,327,fsm_cross_memory
1.0,1.0,0.0,0.0,0.0,0.1856776624917984,105,True,straight,0.7622367003940507,328,fsm_cross_memory
0.0,0.0,0.0,0.0,0.0,4.820000171661377,17,True,straight,0.4712626524854183,329,fsm_cross_memory
1.0,1.0,0.0,0.0,0.0,0.059959422796964645,86,True,narrow_entry,0.52658390848266,330,fsm_cross_memory
1.0,1.0,0.0,0.0,0.0,0.05702783167362213,107,True,l_shaped,0.5352710747342472,331,fsm_cross_memory
1.0,1.0,0.0,1.0,0.0,0.040149640291929245,83,True,asymmetric,0.8125977142540357,332,fsm_cross_memory
0.0,0.0,0.0,1.0,0.0,0.044113997370004654,400,False,false_feasible,0.6843593933384942,333,fsm_cross_memory
0.0,0.0,0.0,0.0,0.0,4.820000171661377,15,True,straight,0.5390913358876082,334,fsm_cross_memory
1.0,1.0,0.0,0.0,0.0,0.05917618051171303,102,True,narrow_entry,0.5445324710314174,335,fsm_cross_memory
1.0,1.0,0.0,0.0,0.0,0.10355499386787415,121,True,l_shaped,0.7637731478234682,336,fsm_cross_memory
0.0,0.0,0.0,0.0,0.0,0.08993089944124222,400,False,false_feasible,0.6006013198759406,337,fsm_cross_memory
1.0,1.0,0.0,0.0,0.0,0.08420757204294205,102,True,narrow_exit,0.5354784966013542,338,fsm_cross_memory
1.0,1.0,0.0,0.0,0.0,0.05320761725306511,93,True,straight,0.5729204433264841,339,fsm_cross_memory
1.0,1.0,0.0,0.0,0.0,0.1685660034418106,80,True,straight,0.716523727699982,340,fsm_cross_memory
1.0,1.0,0.0,0.0,0.0,0.053920868784189224,106,True,narrow_exit,0.5003250038090357,341,fsm_cross_memory
1.0,1.0,0.0,1.0,0.0,0.01825225166976452,80,True,straight,0.5143533305968733,342,fsm_cross_memory
1.0,1.0,0.0,0.0,0.0,0.05201869457960129,168,True,s_shaped,0.555678073466654,343,fsm_cross_memory
1.0,1.0,0.0,0.0,0.0,0.16229845583438873,110,True,straight,0.7238968886820527,344,fsm_cross_memory
0.0,0.0,0.0,1.0,0.0,0.047317877411842346,400,False,false_feasible,0.6805353618022505,345,fsm_cross_memory
0.0,0.0,0.0,0.0,0.0,0.09748315811157227,400,False,false_feasible,0.619299535052635,346,fsm_cross_memory
0.0,0.0,0.0,1.0,0.0,0.0003865565231535584,50,True,s_shaped,0.5037517961679152,347,fsm_cross_memory
0.0,0.0,0.0,0.0,0.0,4.820000171661377,17,True,l_shaped,0.5234430081230041,348,fsm_cross_memory
0.0,0.0,0.0,0.0,0.0,0.0997345969080925,400,False,false_feasible,0.7572718958339757,349,fsm_cross_memory
1.0,1.0,0.0,1.0,0.0,0.02754095010459423,91,True,narrow_exit,0.42223149850484326,350,fsm_cross_memory
1.0,1.0,0.0,0.0,0.0,0.08248724043369293,116,True,l_shaped,0.6873951935237322,351,fsm_cross_memory
1.0,1.0,0.0,0.0,0.0,0.10796262323856354,116,True,s_shaped,0.6746761156383666,352,fsm_cross_memory
0.0,0.0,0.0,1.0,0.0,0.0023788439575582743,52,True,s_shaped,0.4639476548165105,353,fsm_cross_memory
0.0,0.0,0.0,0.0,0.0,4.820000171661377,19,True,straight,0.4949783350985309,354,fsm_cross_memory
1.0,1.0,0.0,0.0,0.0,0.05430278182029724,98,True,narrow_exit,0.5181368822200751,355,fsm_cross_memory
0.0,0.0,0.0,0.0,0.0,0.16408151388168335,400,False,false_feasible,0.7590499377394438,356,fsm_cross_memory
1.0,1.0,0.0,0.0,0.0,0.07578014582395554,128,True,s_shaped,0.6310668974274827,357,fsm_cross_memory
1.0,1.0,0.0,1.0,0.0,0.02853579632937908,112,True,straight,0.633085127725872,358,fsm_cross_memory
0.0,0.0,0.0,0.0,0.0,0.05289807170629501,400,True,narrow_exit,0.4256846395247397,359,fsm_cross_memory
1.0,1.0,0.0,0.0,0.0,0.0802011489868164,117,True,l_shaped,0.8489905011575196,360,fsm_cross_memory
1.0,1.0,0.0,0.0,0.0,0.1871456801891327,106,True,straight,0.8373987758344472,361,fsm_cross_memory
0.0,0.0,0.0,0.0,0.0,0.1736823171377182,400,False,false_feasible,0.7829560726988289,362,fsm_cross_memory
1.0,1.0,0.0,0.0,0.0,0.12890088558197021,107,True,straight,0.6734542037162343,363,fsm_cross_memory
1.0,1.0,0.0,0.0,0.0,0.052025727927684784,114,True,s_shaped,0.6589807318427364,364,fsm_cross_memory
0.0,0.0,0.0,0.0,0.0,0.07629166543483734,400,True,asymmetric,0.5809726586027926,365,fsm_cross_memory
1.0,1.0,0.0,0.0,0.0,0.06883673369884491,148,True,s_shaped,0.8162620576693067,366,fsm_cross_memory
1.0,1.0,0.0,0.0,0.0,0.0648568645119667,102,True,l_shaped,0.8283132767401924,367,fsm_cross_memory
0.0,0.0,0.0,1.0,0.0,0.04228929430246353,400,True,asymmetric,0.48155149441988276,368,fsm_cross_memory
1.0,1.0,0.0,0.0,0.0,0.08499699831008911,101,True,narrow_exit,0.5672103557924545,369,fsm_cross_memory
1.0,1.0,0.0,0.0,0.0,0.10542365163564682,83,True,straight,0.7122071077788414,370,fsm_cross_memory
1.0,1.0,0.0,0.0,0.0,0.09125984460115433,87,True,narrow_exit,0.5907563642249145,371,fsm_cross_memory
1.0,1.0,0.0,0.0,0.0,0.17103257775306702,73,True,straight,0.8188461987908233,372,fsm_cross_memory
1.0,1.0,0.0,0.0,0.0,0.06849132478237152,101,True,narrow_exit,0.5662134503646514,373,fsm_cross_memory
1.0,1.0,0.0,0.0,0.0,0.1616969257593155,110,True,straight,0.7392616939501118,374,fsm_cross_memory
1.0,1.0,0.0,0.0,0.0,0.19688530266284943,81,True,straight,0.8372535998731345,375,fsm_cross_memory
1.0,1.0,0.0,0.0,0.0,0.0932580828666687,93,True,straight,0.7004187407298574,376,fsm_cross_memory
0.0,0.0,0.0,0.0,0.0,4.820000171661377,18,True,s_shaped,0.5255720912694887,377,fsm_cross_memory
1.0,1.0,0.0,1.0,0.0,0.026680748909711838,135,True,l_shaped,0.6997690282736465,378,fsm_cross_memory
0.0,0.0,0.0,0.0,0.0,4.820000171661377,16,True,narrow_entry,0.43675967955453554,379,fsm_cross_memory
1.0,1.0,0.0,1.0,0.0,0.04131345450878143,97,True,l_shaped,0.5339979466629434,380,fsm_cross_memory
1.0,1.0,0.0,0.0,0.0,0.19304676353931427,103,True,straight,0.8469349692471471,381,fsm_cross_memory
1.0,1.0,0.0,0.0,0.0,0.08432501554489136,77,True,narrow_exit,0.5854397396219889,382,fsm_cross_memory
1.0,1.0,0.0,1.0,0.0,0.04037816449999809,138,True,s_shaped,0.7539050118042848,383,fsm_cross_memory
1.0,1.0,0.0,0.0,0.0,0.053060829639434814,83,True,narrow_entry,0.5367474224646778,384,fsm_cross_memory
1.0,1.0,0.0,0.0,0.0,0.0630030557513237,100,True,narrow_exit,0.5445393166870626,385,fsm_cross_memory
0.0,0.0,0.0,1.0,0.0,0.01228028442710638,75,True,asymmetric,0.48381273356948834,386,fsm_cross_memory
1.0,1.0,0.0,0.0,0.0,0.0702451691031456,73,True,narrow_exit,0.5086433250600779,387,fsm_cross_memory
1.0,1.0,0.0,0.0,0.0,0.0655689537525177,89,True,l_shaped,0.7789634429167849,388,fsm_cross_memory
0.0,0.0,0.0,0.0,0.0,4.820000171661377,15,True,straight,0.46273153753715157,389,fsm_cross_memory
1.0,1.0,0.0,0.0,0.0,0.1246696412563324,110,True,s_shaped,0.8654906530396146,390,fsm_cross_memory
1.0,1.0,0.0,0.0,0.0,0.05237125605344772,174,True,s_shaped,0.5489970476972676,391,fsm_cross_memory
1.0,1.0,0.0,1.0,0.0,0.04202282056212425,88,True,narrow_exit,0.46868461428884617,392,fsm_cross_memory
1.0,1.0,0.0,1.0,0.0,0.04909370839595795,114,True,s_shaped,0.5604103192201321,393,fsm_cross_memory
1.0,1.0,0.0,0.0,0.0,0.08571638911962509,108,True,l_shaped,0.6440932266821061,394,fsm_cross_memory
1.0,1.0,0.0,1.0,0.0,0.015133223496377468,137,True,s_shaped,0.7865053754159992,395,fsm_cross_memory
1.0,1.0,0.0,1.0,0.0,0.01569184847176075,98,True,straight,0.634698663099951,396,fsm_cross_memory
1.0,1.0,0.0,1.0,0.0,0.039005670696496964,77,True,narrow_exit,0.46491867166896966,397,fsm_cross_memory
0.0,0.0,0.0,1.0,0.0,0.0038385135121643543,42,True,s_shaped,0.4504454972668738,398,fsm_cross_memory
1.0,1.0,0.0,0.0,0.0,0.22168320417404175,76,True,straight,0.873615105571611,399,fsm_cross_memory
0.0,0.0,0.0,0.0,0.0,0.1274230033159256,400,False,false_feasible,0.7025724879259627,400,fsm_cross_memory
1.0,1.0,0.0,0.0,0.0,0.12319537252187729,115,True,l_shaped,0.8690594978157582,401,fsm_cross_memory
1.0,1.0,0.0,0.0,0.0,0.17267943918704987,94,True,straight,0.8652889633163358,402,fsm_cross_memory
1.0,1.0,0.0,1.0,0.0,0.04589395970106125,159,True,s_shaped,0.7530811716263597,403,fsm_cross_memory
0.0,0.0,0.0,1.0,0.0,0.0003878427087329328,70,False,false_feasible,0.590261420704985,404,fsm_cross_memory
1.0,1.0,0.0,0.0,0.0,0.06753664463758469,106,True,narrow_exit,0.5213643978453197,405,fsm_cross_memory
1.0,1.0,0.0,1.0,0.0,0.013538917526602745,76,True,straight,0.560082209741563,406,fsm_cross_memory
0.0,0.0,0.0,1.0,0.0,0.03802739456295967,400,True,asymmetric,0.5258901968122404,407,fsm_cross_memory
1.0,1.0,0.0,0.0,0.0,0.14721138775348663,77,True,straight,0.7995099043571807,408,fsm_cross_memory
1.0,1.0,0.0,0.0,0.0,0.0534137599170208,92,True,l_shaped,0.5206614738003867,409,fsm_cross_memory
1.0,1.0,0.0,0.0,0.0,0.14938564598560333,81,True,straight,0.7164804345775513,410,fsm_cross_memory
1.0,1.0,0.0,0.0,0.0,0.07485678046941757,102,True,l_shaped,0.7082303859110689,411,fsm_cross_memory
1.0,1.0,0.0,0.0,0.0,0.10067173093557358,132,True,s_shaped,0.818787587347954,412,fsm_cross_memory
1.0,1.0,0.0,0.0,0.0,0.17050716280937195,74,True,straight,0.7228127787525637,413,fsm_cross_memory
0.0,0.0,0.0,1.0,0.0,0.007684021256864071,127,True,s_shaped,0.5221521562242907,414,fsm_cross_memory
1.0,1.0,0.0,0.0,0.0,0.08822319656610489,121,True,s_shaped,0.7448012511411441,415,fsm_cross_memory
1.0,1.0,0.0,1.0,0.0,0.03266996145248413,76,True,narrow_entry,0.5593952102007809,416,fsm_cross_memory
1.0,1.0,0.0,0.0,0.0,0.05132492259144783,101,True,asymmetric,0.7929328594635792,417,fsm_cross_memory
1.0,1.0,0.0,0.0,0.0,0.08427818864583969,123,True,l_shaped,0.6269625604803,418,fsm_cross_memory
1.0,1.0,0.0,0.0,0.0,0.115562304854393,106,True,l_shaped,0.8368561355588942,419,fsm_cross_memory
1.0,1.0,0.0,0.0,0.0,0.09687826037406921,117,True,l_shaped,0.8934140529757,420,fsm_cross_memory
1.0,1.0,0.0,0.0,0.0,0.0789434164762497,150,True,l_shaped,0.8659261726555774,421,fsm_cross_memory
1.0,1.0,0.0,0.0,0.0,0.07994651794433594,76,True,narrow_exit,0.5795804244599301,422,fsm_cross_memory
1.0,1.0,0.0,0.0,0.0,0.10098804533481598,104,True,s_shaped,0.7278061949665587,423,fsm_cross_memory
0.0,0.0,0.0,1.0,0.0,0.0053954776376485825,52,True,asymmetric,0.6182648281319505,424,fsm_cross_memory
0.0,0.0,0.0,0.0,0.0,0.1376623958349228,400,False,false_feasible,0.7308898385229509,425,fsm_cross_memory
0.0,0.0,0.0,1.0,0.0,0.0036485246382653713,92,True,l_shaped,0.5012582646685599,426,fsm_cross_memory
1.0,1.0,0.0,1.0,0.0,0.024842601269483566,187,True,s_shaped,0.6960660571082298,427,fsm_cross_memory
1.0,1.0,0.0,0.0,0.0,0.051301393657922745,87,True,straight,0.4876029144668152,428,fsm_cross_memory
0.0,0.0,0.0,0.0,0.0,0.1506241112947464,400,False,false_feasible,0.7898448180788078,429,fsm_cross_memory
0.0,0.0,0.0,1.0,0.0,0.04013003781437874,400,False,false_feasible,0.6137966280733855,430,fsm_cross_memory
1.0,1.0,0.0,0.0,0.0,0.07247571647167206,93,True,l_shaped,0.5727761895044058,431,fsm_cross_memory
1.0,1.0,0.0,0.0,0.0,0.1637413501739502,76,True,straight,0.6937823572484527,432,fsm_cross_memory
0.0,0.0,0.0,0.0,0.0,0.16195954382419586,48,True,s_shaped,0.8554973909178045,433,fsm_cross_memory
0.0,0.0,0.0,1.0,0.0,0.0034646745771169662,24,True,narrow_entry,0.47460077388279576,434,fsm_cross_memory
1.0,1.0,0.0,0.0,0.0,0.1025550588965416,71,True,narrow_entry,0.5745182073131728,435,fsm_cross_memory
1.0,1.0,0.0,1.0,0.0,0.010998960584402084,77,True,straight,0.5992871906066504,436,fsm_cross_memory
1.0,1.0,0.0,0.0,0.0,0.1175009235739708,109,True,l_shaped,0.8920038138631132,437,fsm_cross_memory
1.0,1.0,0.0,0.0,0.0,0.06703374534845352,75,True,straight,0.5348520353855511,438,fsm_cross_memory
1.0,1.0,0.0,0.0,0.0,0.09034319967031479,73,True,narrow_exit,0.5420420797509233,439,fsm_cross_memory
1.0,1.0,0.0,0.0,0.0,0.06371942907571793,117,True,s_shaped,0.8716567503943187,440,fsm_cross_memory
0.0,0.0,0.0,1.0,0.0,0.011212630197405815,48,True,asymmetric,0.514484477663621,441,fsm_cross_memory
1.0,1.0,0.0,1.0,0.0,0.04677445441484451,95,True,l_shaped,0.6997546106729574,442,fsm_cross_memory
0.0,0.0,0.0,0.0,0.0,0.14388617873191833,400,False,false_feasible,0.7820596620280413,443,fsm_cross_memory
0.0,0.0,0.0,1.0,0.0,0.005908894818276167,29,True,narrow_entry,0.5262383893820324,444,fsm_cross_memory
1.0,1.0,0.0,1.0,0.0,0.008991223759949207,158,True,l_shaped,0.5734104908481463,445,fsm_cross_memory
1.0,1.0,0.0,1.0,0.0,0.04733306169509888,90,True,narrow_exit,0.5070320953806626,446,fsm_cross_memory
1.0,1.0,0.0,1.0,0.0,0.04610428959131241,110,True,straight,0.5096458414236432,447,fsm_cross_memory
1.0,1.0,0.0,0.0,0.0,0.09806375205516815,121,True,l_shaped,0.8542127003301647,448,fsm_cross_memory
1.0,1.0,0.0,0.0,0.0,0.12748588621616364,118,True,l_shaped,0.8108580750708367,449,fsm_cross_memory
1.0,1.0,0.0,1.0,0.0,0.016293620690703392,144,True,s_shaped,0.4667896315813174,450,fsm_cross_memory
1.0,1.0,0.0,0.0,0.0,0.051092054694890976,81,True,narrow_exit,0.48096521401573505,451,fsm_cross_memory
1.0,1.0,0.0,0.0,0.0,0.2549261152744293,94,True,straight,0.8818565486283572,452,fsm_cross_memory
1.0,1.0,0.0,1.0,0.0,0.004383799619972706,86,True,narrow_entry,0.5070243572425855,453,fsm_cross_memory
0.0,0.0,0.0,1.0,0.0,0.0017106113955378532,250,True,l_shaped,0.4924034390007451,454,fsm_cross_memory
1.0,1.0,0.0,0.0,0.0,0.07440775632858276,119,True,s_shaped,0.6087351923362321,455,fsm_cross_memory
1.0,1.0,0.0,1.0,0.0,0.00025142618687823415,168,True,s_shaped,0.6656501758000399,456,fsm_cross_memory
1.0,1.0,0.0,1.0,0.0,0.011071243323385715,76,True,straight,0.47784846466150943,457,fsm_cross_memory
0.0,0.0,0.0,0.0,0.0,0.11260368674993515,400,False,false_feasible,0.68651351668702,458,fsm_cross_memory
0.0,0.0,0.0,1.0,0.0,0.005201485473662615,124,True,l_shaped,0.4556095469270469,459,fsm_cross_memory
1.0,1.0,0.0,1.0,0.0,0.03207667917013168,175,True,s_shaped,0.8319474382772145,460,fsm_cross_memory
1.0,1.0,0.0,0.0,0.0,0.07929424941539764,114,True,l_shaped,0.6081073574801689,461,fsm_cross_memory
0.0,0.0,0.0,1.0,0.0,0.012808890081942081,71,True,asymmetric,0.5209206809798153,462,fsm_cross_memory
1.0,1.0,0.0,1.0,0.0,0.036629755049943924,84,True,l_shaped,0.46479045161991106,463,fsm_cross_memory
1.0,1.0,0.0,0.0,0.0,0.0848885253071785,83,True,narrow_exit,0.5400531894414131,464,fsm_cross_memory
0.0,0.0,0.0,1.0,0.0,0.004968894645571709,84,True,l_shaped,0.5986430485989414,465,fsm_cross_memory
1.0,1.0,0.0,0.0,0.0,0.22734537720680237,77,True,straight,0.8348237759178962,466,fsm_cross_memory
1.0,1.0,0.0,0.0,0.0,0.1369425654411316,91,True,straight,0.8619286216903344,467,fsm_cross_memory
1.0,1.0,0.0,0.0,0.0,0.10401680320501328,94,True,asymmetric,0.8650753082980338,468,fsm_cross_memory
0.0,0.0,0.0,1.0,0.0,0.010303470306098461,157,True,l_shaped,0.5122291506723482,469,fsm_cross_memory
1.0,1.0,0.0,1.0,0.0,0.00337864994071424,101,True,straight,0.49957652029775995,470,fsm_cross_memory
0.0,0.0,0.0,0.0,0.0,0.10871188342571259,400,True,asymmetric,0.6855407315302016,471,fsm_cross_memory
1.0,1.0,0.0,0.0,0.0,0.1538243442773819,78,True,straight,0.7464807668130418,472,fsm_cross_memory
1.0,1.0,0.0,0.0,0.0,0.05576803535223007,124,True,l_shaped,0.5544362073014045,473,fsm_cross_memory
1.0,1.0,0.0,0.0,0.0,0.10266825556755066,97,True,l_shaped,0.7465518296866449,474,fsm_cross_memory
0.0,0.0,0.0,0.0,0.0,0.1284010112285614,400,False,false_feasible,0.6906320301889947,475,fsm_cross_memory
0.0,0.0,0.0,0.0,0.0,4.820000171661377,17,True,l_shaped,0.45318840937647664,476,fsm_cross_memory
0.0,0.0,0.0,1.0,0.0,0.028642890974879265,400,True,asymmetric,0.6015018634188176,477,fsm_cross_memory
1.0,1.0,0.0,1.0,0.0,0.03296959772706032,112,True,straight,0.46579084466526366,478,fsm_cross_memory
0.0,0.0,0.0,0.0,0.0,0.15530799329280853,400,False,false_feasible,0.7479618224477685,479,fsm_cross_memory
1.0,1.0,0.0,0.0,0.0,0.09764692932367325,88,True,narrow_exit,0.5940175134555659,480,fsm_cross_memory
1.0,1.0,0.0,0.0,0.0,0.08041563630104065,109,True,narrow_exit,0.5836291835636911,481,fsm_cross_memory
1.0,1.0,0.0,1.0,0.0,8.755827002460137e-05,105,True,asymmetric,0.7033420089298698,482,fsm_cross_memory
1.0,1.0,0.0,0.0,0.0,0.07481058686971664,76,True,narrow_exit,0.5298044115200842,483,fsm_cross_memory
1.0,1.0,0.0,0.0,0.0,0.11437246948480606,108,True,l_shaped,0.8343911280127465,484,fsm_cross_memory
1.0,1.0,0.0,0.0,0.0,0.08838610351085663,82,True,narrow_exit,0.5426470890897435,485,fsm_cross_memory
0.0,0.0,0.0,0.0,0.0,0.14990292489528656,400,False,false_feasible,0.7388428853063269,486,fsm_cross_memory
1.0,1.0,0.0,0.0,0.0,0.11067243665456772,92,True,straight,0.6214231566218853,487,fsm_cross_memory
1.0,1.0,0.0,0.0,0.0,0.18319149315357208,93,True,straight,0.8269277817849692,488,fsm_cross_memory
0.0,0.0,0.0,1.0,0.0,0.000503957737237215,53,True,s_shaped,0.5239704266659997,489,fsm_cross_memory
1.0,1.0,0.0,0.0,0.0,0.05620104447007179,108,True,asymmetric,0.6948441411670399,490,fsm_cross_memory
1.0,1.0,0.0,0.0,0.0,0.20417004823684692,106,True,straight,0.8333842660207158,491,fsm_cross_memory
1.0,1.0,0.0,0.0,0.0,0.053708966821432114,134,True,s_shaped,0.5816104671629537,492,fsm_cross_memory
1.0,1.0,0.0,1.0,0.0,0.040849536657333374,253,True,s_shaped,0.8570278576887512,493,fsm_cross_memory
1.0,1.0,0.0,1.0,0.0,0.04666408523917198,95,True,l_shaped,0.7928766803538789,494,fsm_cross_memory
0.0,0.0,0.0,1.0,0.0,0.0028406318742781878,69,True,asymmetric,0.5655041514639754,495,fsm_cross_memory
0.0,0.0,0.0,0.0,0.0,0.07530786097049713,400,False,false_feasible,0.6476116275992401,496,fsm_cross_memory
1.0,1.0,0.0,1.0,0.0,0.016781644895672798,115,True,straight,0.4699787836097656,497,fsm_cross_memory
0.0,0.0,0.0,0.0,0.0,0.07857948541641235,400,False,false_feasible,0.6217088886700382,498,fsm_cross_memory
1.0,1.0,0.0,0.0,0.0,0.06001770868897438,112,True,l_shaped,0.5395305202169378,499,fsm_cross_memory
1.0,1.0,0.0,0.0,0.0,0.07931234687566757,95,True,narrow_exit,0.5710582648519854,0,fsm_cross_memory
1.0,1.0,0.0,0.0,0.0,0.051333148032426834,125,True,s_shaped,0.652964124150499,1,fsm_cross_memory
1.0,1.0,0.0,0.0,0.0,0.08343305438756943,119,True,l_shaped,0.8782893074086265,2,fsm_cross_memory
0.0,0.0,0.0,0.0,0.0,0.05796252191066742,400,False,false_feasible,0.5584411635789241,3,fsm_cross_memory
1.0,1.0,0.0,0.0,0.0,0.08935118466615677,94,True,straight,0.6529366706973919,4,fsm_cross_memory
0.0,0.0,0.0,1.0,0.0,0.00698582548648119,84,True,s_shaped,0.5867842997575747,5,fsm_cross_memory
1.0,1.0,0.0,0.0,0.0,0.15861618518829346,105,True,straight,0.6926057179448905,6,fsm_cross_memory
1.0,1.0,0.0,0.0,0.0,0.0798947885632515,96,True,l_shaped,0.641024637069327,7,fsm_cross_memory
1.0,1.0,0.0,0.0,0.0,0.07724273204803467,85,True,narrow_exit,0.5751481317269822,8,fsm_cross_memory
1.0,1.0,0.0,0.0,0.0,0.08815363049507141,91,True,narrow_exit,0.5690000981515544,9,fsm_cross_memory
0.0,0.0,0.0,1.0,0.0,0.0010886314557865262,71,True,asymmetric,0.7533340169878787,10,fsm_cross_memory
1.0,1.0,0.0,1.0,0.0,0.043398793786764145,136,True,s_shaped,0.8467784545259844,11,fsm_cross_memory
1.0,1.0,0.0,0.0,0.0,0.09625899791717529,105,True,l_shaped,0.8671206311626448,12,fsm_cross_memory
1.0,1.0,0.0,0.0,0.0,0.06987687200307846,87,True,narrow_exit,0.5554771878876439,13,fsm_cross_memory
1.0,1.0,0.0,1.0,0.0,0.03377671167254448,109,True,narrow_entry,0.45931545897200626,14,fsm_cross_memory
1.0,1.0,0.0,1.0,0.0,0.02161363698542118,187,True,s_shaped,0.7381262984950419,15,fsm_cross_memory
1.0,1.0,0.0,0.0,0.0,0.07238490879535675,95,True,narrow_exit,0.5556210466872824,16,fsm_cross_memory
1.0,1.0,0.0,1.0,0.0,0.04000329226255417,138,True,s_shaped,0.8714888457119387,17,fsm_cross_memory
1.0,1.0,0.0,0.0,0.0,0.1754823923110962,81,True,straight,0.8316619965403942,18,fsm_cross_memory
1.0,1.0,0.0,0.0,0.0,0.0885688066482544,97,True,narrow_exit,0.5927660787447737,19,fsm_cross_memory
1.0,1.0,0.0,0.0,0.0,0.1512528359889984,105,True,straight,0.729399313589992,20,fsm_cross_memory
1.0,1.0,0.0,0.0,0.0,0.06959615647792816,106,True,narrow_exit,0.5449125023696004,21,fsm_cross_memory
0.0,0.0,0.0,0.0,0.0,0.06875257194042206,400,False,false_feasible,0.6104446834029358,22,fsm_cross_memory
0.0,0.0,0.0,1.0,0.0,0.012841233052313328,108,True,l_shaped,0.48670818841748326,23,fsm_cross_memory
1.0,1.0,0.0,0.0,0.0,0.05075127258896828,103,True,narrow_exit,0.49187134863125465,24,fsm_cross_memory
1.0,1.0,0.0,0.0,0.0,0.05802600085735321,77,True,straight,0.516385663462141,25,fsm_cross_memory
1.0,1.0,0.0,0.0,0.0,0.08610835671424866,112,True,narrow_exit,0.5718317652961328,26,fsm_cross_memory
1.0,1.0,0.0,1.0,0.0,0.007297044154256582,95,True,asymmetric,0.7348949872842581,27,fsm_cross_memory
1.0,1.0,0.0,0.0,0.0,0.060264892876148224,73,True,narrow_exit,0.5097848613170441,28,fsm_cross_memory
1.0,1.0,0.0,0.0,0.0,0.12581725418567657,90,True,straight,0.7366282068970579,29,fsm_cross_memory
1.0,1.0,0.0,0.0,0.0,0.15331345796585083,92,True,straight,0.818719622944998,30,fsm_cross_memory
1.0,1.0,0.0,0.0,0.0,0.15309235453605652,90,True,straight,0.8322641436824147,31,fsm_cross_memory
1.0,1.0,0.0,0.0,0.0,0.07948032766580582,100,True,l_shaped,0.8597137903906623,32,fsm_cross_memory
1.0,1.0,0.0,0.0,0.0,0.05328596010804176,111,True,narrow_exit,0.5162802672027167,33,fsm_cross_memory
0.0,0.0,0.0,1.0,0.0,0.0010205148719251156,93,True,l_shaped,0.4650086943738273,34,fsm_cross_memory
0.0,0.0,0.0,1.0,0.0,0.002813381841406226,47,True,s_shaped,0.6782832551113062,35,fsm_cross_memory
1.0,1.0,0.0,1.0,0.0,0.029343552887439728,112,True,narrow_exit,0.4521767951821585,36,fsm_cross_memory
1.0,1.0,0.0,1.0,0.0,0.039591848850250244,132,True,s_shaped,0.7220525353364851,37,fsm_cross_memory
1.0,1.0,0.0,0.0,0.0,0.1374005824327469,82,True,straight,0.6385777111886426,38,fsm_cross_memory
1.0,1.0,0.0,1.0,0.0,0.02809867449104786,86,True,narrow_entry,0.5635085739972248,39,fsm_cross_memory
0.0,0.0,0.0,1.0,0.0,0.0024626669473946095,46,True,asymmetric,0.5311685029450932,40,fsm_cross_memory
0.0,0.0,0.0,1.0,0.0,0.025180744007229805,400,True,s_shaped,0.8516901939820171,41,fsm_cross_memory
0.0,0.0,0.0,1.0,0.0,0.04342851787805557,400,True,asymmetric,0.6379951679448432,42,fsm_cross_memory
0.0,0.0,0.0,0.0,0.0,4.820000171661377,17,True,l_shaped,0.47392200267452866,43,fsm_cross_memory
0.0,0.0,0.0,0.0,0.0,0.10873112082481384,400,False,false_feasible,0.6104048413884494,44,fsm_cross_memory
1.0,1.0,0.0,0.0,0.0,0.08874021470546722,119,True,s_shaped,0.7325260179829371,45,fsm_cross_memory
1.0,1.0,0.0,0.0,0.0,0.0816148966550827,96,True,straight,0.6756472425317169,46,fsm_cross_memory
0.0,0.0,0.0,0.0,0.0,4.820000171661377,17,True,l_shaped,0.4509992236788563,47,fsm_cross_memory
1.0,1.0,0.0,0.0,0.0,0.1332903653383255,99,True,straight,0.7157059602318465,48,fsm_cross_memory
0.0,0.0,0.0,0.0,0.0,4.820000171661377,15,True,narrow_entry,0.45220143627404796,49,fsm_cross_memory
0.0,0.0,0.0,1.0,0.0,0.009971351362764835,400,True,l_shaped,0.5354481305345156,50,fsm_cross_memory
1.0,1.0,0.0,1.0,0.0,0.048366814851760864,85,True,narrow_exit,0.5236854286569477,51,fsm_cross_memory
0.0,0.0,0.0,1.0,0.0,0.01032392866909504,400,True,asymmetric,0.5322353577368969,52,fsm_cross_memory
1.0,1.0,0.0,1.0,0.0,0.00025977494078688323,92,True,asymmetric,0.7083590484183258,53,fsm_cross_memory
1.0,1.0,0.0,1.0,0.0,0.03143167868256569,115,True,l_shaped,0.5869143392133543,54,fsm_cross_memory
0.0,0.0,0.0,0.0,0.0,0.05053038150072098,400,True,asymmetric,0.6340425908890464,55,fsm_cross_memory
0.0,0.0,0.0,0.0,0.0,0.07080443203449249,400,False,false_feasible,0.6538698884451754,56,fsm_cross_memory
1.0,1.0,0.0,1.0,0.0,0.03610571101307869,78,True,straight,0.6077660216430197,57,fsm_cross_memory
1.0,1.0,0.0,0.0,0.0,0.0720488503575325,105,True,l_shaped,0.5851490572837779,58,fsm_cross_memory
0.0,0.0,0.0,0.0,0.0,0.06553792208433151,400,False,false_feasible,0.6761837521697324,59,fsm_cross_memory
0.0,0.0,0.0,0.0,0.0,4.820000171661377,15,True,narrow_entry,0.4659306773122229,60,fsm_cross_memory
0.0,0.0,0.0,1.0,0.0,0.007035929709672928,77,True,s_shaped,0.4892146942516627,61,fsm_cross_memory
1.0,1.0,0.0,0.0,0.0,0.06018008291721344,101,True,l_shaped,0.5589604652238328,62,fsm_cross_memory
1.0,1.0,0.0,0.0,0.0,0.051264438778162,74,True,narrow_entry,0.5374282044417746,63,fsm_cross_memory
1.0,1.0,0.0,0.0,0.0,0.05602710321545601,75,True,narrow_exit,0.5090412185719464,64,fsm_cross_memory
0.0,0.0,0.0,0.0,0.0,4.820000171661377,16,True,asymmetric,0.47947870261541314,65,fsm_cross_memory
1.0,1.0,0.0,0.0,0.0,0.05950580909848213,116,True,s_shaped,0.5838076732695612,66,fsm_cross_memory
1.0,1.0,0.0,0.0,0.0,0.08782851696014404,117,True,s_shaped,0.6835599996055097,67,fsm_cross_memory
1.0,1.0,0.0,0.0,0.0,0.19070854783058167,77,True,straight,0.7494698439736149,68,fsm_cross_memory
1.0,1.0,0.0,1.0,0.0,0.015051127411425114,177,True,s_shaped,0.8222998758555602,69,fsm_cross_memory
1.0,1.0,0.0,0.0,0.0,0.09062793850898743,106,True,narrow_exit,0.5992048790728135,70,fsm_cross_memory
0.0,0.0,0.0,0.0,0.0,4.820000171661377,15,True,narrow_entry,0.4532113017645904,71,fsm_cross_memory
0.0,0.0,0.0,1.0,0.0,0.009657422080636024,214,True,l_shaped,0.5073243119818767,72,fsm_cross_memory
1.0,1.0,0.0,0.0,0.0,0.09894975274801254,105,True,narrow_exit,0.5941287592096245,73,fsm_cross_memory
1.0,1.0,0.0,0.0,0.0,0.06715639680624008,99,True,l_shaped,0.8053937013182472,74,fsm_cross_memory
1.0,1.0,0.0,1.0,0.0,0.03956075385212898,109,True,asymmetric,0.7609754890300231,75,fsm_cross_memory
1.0,1.0,0.0,1.0,0.0,0.04544958099722862,114,True,s_shaped,0.6973681875388464,76,fsm_cross_memory
0.0,0.0,0.0,0.0,0.0,0.07124115526676178,112,True,asymmetric,0.5953807639852614,77,fsm_cross_memory
0.0,0.0,0.0,1.0,0.0,0.03574926406145096,400,True,asymmetric,0.4897928574693353,78,fsm_cross_memory
1.0,1.0,0.0,1.0,0.0,0.02249128557741642,178,True,s_shaped,0.8813317714985575,79,fsm_cross_memory
1.0,1.0,0.0,1.0,0.0,0.028758713975548744,99,True,narrow_exit,0.4384300763093547,80,fsm_cross_memory
1.0,1.0,0.0,0.0,0.0,0.11034270375967026,97,True,l_shaped,0.6713262082395234,81,fsm_cross_memory
1.0,1.0,0.0,0.0,0.0,0.09298697113990784,92,True,l_shaped,0.6437512021987551,82,fsm_cross_memory
1.0,1.0,0.0,0.0,0.0,0.11275453865528107,110,True,l_shaped,0.800488748846451,83,fsm_cross_memory
0.0,0.0,0.0,0.0,0.0,4.820000171661377,16,True,narrow_entry,0.5484743317708323,84,fsm_cross_memory
0.0,0.0,0.0,0.0,0.0,0.13246044516563416,53,True,s_shaped,0.7450297880618376,85,fsm_cross_memory
1.0,1.0,0.0,0.0,0.0,0.062076669186353683,73,True,narrow_entry,0.5975087551480068,86,fsm_cross_memory
1.0,1.0,0.0,1.0,0.0,0.04541512951254845,99,True,narrow_exit,0.4764226865040219,87,fsm_cross_memory
1.0,1.0,0.0,0.0,0.0,0.21417510509490967,82,True,straight,0.8555298091487255,88,fsm_cross_memory
1.0,1.0,0.0,1.0,0.0,0.03453618288040161,98,True,straight,0.6275764418333523,89,fsm_cross_memory
0.0,0.0,0.0,0.0,0.0,0.1063191369175911,400,False,false_feasible,0.7395454622582365,90,fsm_cross_memory
1.0,1.0,0.0,1.0,0.0,0.017249153926968575,102,True,straight,0.5040516238782498,91,fsm_cross_memory
1.0,1.0,0.0,0.0,0.0,0.053182896226644516,103,True,l_shaped,0.6405268539004191,92,fsm_cross_memory
1.0,1.0,0.0,0.0,0.0,0.06462395191192627,111,True,l_shaped,0.8790036145816736,93,fsm_cross_memory
0.0,0.0,0.0,1.0,0.0,0.008047533221542835,55,True,l_shaped,0.4880567739504174,94,fsm_cross_memory
0.0,0.0,0.0,0.0,0.0,4.820000171661377,15,True,narrow_entry,0.43457884398438446,95,fsm_cross_memory
1.0,1.0,0.0,1.0,0.0,0.004321276675909758,147,True,s_shaped,0.48058592449365206,96,fsm_cross_memory
0.0,0.0,0.0,0.0,0.0,0.13711100816726685,400,False,false_feasible,0.7811593743228397,97,fsm_cross_memory
1.0,1.0,0.0,0.0,0.0,0.11569011211395264,72,True,straight,0.6098228162081836,98,fsm_cross_memory
0.0,0.0,0.0,0.0,0.0,0.10959573835134506,400,False,false_feasible,0.7627396634214578,99,fsm_cross_memory
1.0,1.0,0.0,1.0,0.0,0.036767542362213135,92,True,narrow_exit,0.4776188861935332,100,fsm_cross_memory
1.0,1.0,0.0,0.0,0.0,0.10856372863054276,100,True,l_shaped,0.6548922222120153,101,fsm_cross_memory
1.0,1.0,0.0,0.0,0.0,0.1261305809020996,105,True,l_shaped,0.8279212646952949,102,fsm_cross_memory
1.0,1.0,0.0,0.0,0.0,0.14538772404193878,91,True,straight,0.8431342114197551,103,fsm_cross_memory
1.0,1.0,0.0,0.0,0.0,0.06180766224861145,77,True,narrow_entry,0.5203036528915176,104,fsm_cross_memory
0.0,0.0,0.0,1.0,0.0,0.009067810140550137,140,True,s_shaped,0.7624362201007542,105,fsm_cross_memory
0.0,0.0,0.0,0.0,0.0,0.14307010173797607,400,False,false_feasible,0.7151240949216233,106,fsm_cross_memory
1.0,1.0,0.0,1.0,0.0,0.03893447667360306,97,True,s_shaped,0.5455657257086408,107,fsm_cross_memory
1.0,1.0,0.0,0.0,0.0,0.071583591401577,85,True,asymmetric,0.7480294391313413,108,fsm_cross_memory
1.0,1.0,0.0,0.0,0.0,0.06282079964876175,147,True,s_shaped,0.8429073689584783,109,fsm_cross_memory
1.0,1.0,0.0,0.0,0.0,0.10150213539600372,90,True,l_shaped,0.8827127243412478,110,fsm_cross_memory
1.0,1.0,0.0,1.0,0.0,0.027015959843993187,87,True,narrow_entry,0.4566392679759318,111,fsm_cross_memory
0.0,0.0,0.0,0.0,0.0,0.10463357716798782,400,False,false_feasible,0.5978689533618424,112,fsm_cross_memory
1.0,1.0,0.0,0.0,0.0,0.1875525861978531,113,True,straight,0.8883661299781374,113,fsm_cross_memory
0.0,0.0,0.0,0.0,0.0,4.820000171661377,14,True,narrow_entry,0.492510607415293,114,fsm_cross_memory
1.0,1.0,0.0,0.0,0.0,0.06368963420391083,112,True,s_shaped,0.6056992436048333,115,fsm_cross_memory
1.0,1.0,0.0,0.0,0.0,0.07995796948671341,86,True,straight,0.5849511063429882,116,fsm_cross_memory
1.0,1.0,0.0,1.0,0.0,0.018961232155561447,251,True,s_shaped,0.6661948958381584,117,fsm_cross_memory
1.0,1.0,0.0,0.0,0.0,0.1190139651298523,88,True,straight,0.6645478826451672,118,fsm_cross_memory
1.0,1.0,0.0,0.0,0.0,0.0626571998000145,109,True,s_shaped,0.6297104315254347,119,fsm_cross_memory
1.0,1.0,0.0,0.0,0.0,0.06159307807683945,102,True,narrow_exit,0.5285962086771152,120,fsm_cross_memory
0.0,0.0,0.0,1.0,0.0,0.0037693483754992485,66,True,asymmetric,0.5279299082265446,121,fsm_cross_memory
0.0,0.0,0.0,0.0,0.0,0.11850285530090332,400,False,false_feasible,0.7017620199147774,122,fsm_cross_memory
0.0,0.0,0.0,0.0,0.0,4.820000171661377,18,True,s_shaped,0.47126793503715586,123,fsm_cross_memory
1.0,1.0,0.0,0.0,0.0,0.06559740751981735,77,True,narrow_exit,0.5569393610904453,124,fsm_cross_memory
1.0,1.0,0.0,0.0,0.0,0.06625991314649582,120,True,s_shaped,0.7475362030318109,125,fsm_cross_memory
1.0,1.0,0.0,1.0,0.0,0.02786874957382679,92,True,asymmetric,0.622190248910083,126,fsm_cross_memory
1.0,1.0,0.0,0.0,0.0,0.08476337790489197,176,True,s_shaped,0.7959812189620142,127,fsm_cross_memory
1.0,1.0,0.0,0.0,0.0,0.09443696588277817,87,True,asymmetric,0.8671723086817795,128,fsm_cross_memory
1.0,1.0,0.0,0.0,0.0,0.09985724091529846,113,True,straight,0.7486641010764564,129,fsm_cross_memory
1.0,1.0,0.0,0.0,0.0,0.11480224132537842,93,True,straight,0.6195445335547406,130,fsm_cross_memory
1.0,1.0,0.0,1.0,0.0,0.024438317865133286,109,True,narrow_exit,0.42817268207221243,131,fsm_cross_memory
1.0,1.0,0.0,0.0,0.0,0.0643705278635025,107,True,straight,0.5984157108799688,132,fsm_cross_memory
1.0,1.0,0.0,0.0,0.0,0.09296414256095886,126,True,s_shaped,0.7635787406536919,133,fsm_cross_memory
1.0,1.0,0.0,1.0,0.0,0.04119338095188141,134,True,l_shaped,0.6036274263186685,134,fsm_cross_memory
0.0,0.0,0.0,0.0,0.0,0.08157383650541306,400,False,false_feasible,0.5835859777111073,135,fsm_cross_memory
1.0,1.0,0.0,0.0,0.0,0.07975040376186371,109,True,asymmetric,0.7980721201437451,136,fsm_cross_memory
1.0,1.0,0.0,0.0,0.0,0.17664510011672974,108,True,straight,0.8128322591865067,137,fsm_cross_memory
1.0,1.0,0.0,0.0,0.0,0.07693199068307877,81,True,narrow_exit,0.5584785333622208,138,fsm_cross_memory
1.0,1.0,0.0,0.0,0.0,0.24900124967098236,105,True,straight,0.8594753808861777,139,fsm_cross_memory
0.0,0.0,0.0,0.0,0.0,0.12603530287742615,400,False,false_feasible,0.658969380232167,140,fsm_cross_memory
1.0,1.0,0.0,0.0,0.0,0.05335910990834236,150,True,s_shaped,0.5515362607773387,141,fsm_cross_memory
1.0,1.0,0.0,0.0,0.0,0.2202180176973343,82,True,straight,0.8106497231757949,142,fsm_cross_memory
1.0,1.0,0.0,1.0,0.0,0.048891834914684296,141,True,s_shaped,0.5400958261483305,143,fsm_cross_memory
0.0,0.0,0.0,1.0,0.0,0.008406148292124271,48,True,asymmetric,0.4863410758822878,144,fsm_cross_memory
1.0,1.0,0.0,0.0,0.0,0.1369698941707611,98,True,straight,0.8431977024409691,145,fsm_cross_memory
0.0,0.0,0.0,0.0,0.0,0.08213967084884644,400,False,false_feasible,0.6064712115015038,146,fsm_cross_memory
1.0,1.0,0.0,0.0,0.0,0.1273687481880188,101,True,straight,0.7333155357694331,147,fsm_cross_memory
1.0,1.0,0.0,1.0,0.0,0.03802470862865448,122,True,s_shaped,0.823148514562952,148,fsm_cross_memory
1.0,1.0,0.0,1.0,0.0,0.023581819608807564,76,True,narrow_entry,0.5893469504807111,149,fsm_cross_memory
0.0,0.0,0.0,0.0,0.0,0.10705458372831345,400,False,false_feasible,0.6353705207864471,150,fsm_cross_memory
0.0,0.0,0.0,1.0,0.0,0.04710189998149872,400,True,s_shaped,0.8487322459542672,151,fsm_cross_memory
1.0,1.0,0.0,0.0,0.0,0.15012182295322418,103,True,straight,0.87882745843783,152,fsm_cross_memory
1.0,1.0,0.0,1.0,0.0,0.02908872440457344,140,True,s_shaped,0.7164912904061405,153,fsm_cross_memory
0.0,0.0,0.0,1.0,0.0,0.00406203418970108,103,True,s_shaped,0.7944023901867442,154,fsm_cross_memory
1.0,1.0,0.0,0.0,0.0,0.11237646639347076,72,True,narrow_exit,0.586225541692706,155,fsm_cross_memory
1.0,1.0,0.0,0.0,0.0,0.05992218479514122,139,True,l_shaped,0.5527040398032267,156,fsm_cross_memory
1.0,1.0,0.0,1.0,0.0,0.045731320977211,99,True,narrow_exit,0.49502921425436586,157,fsm_cross_memory
1.0,1.0,0.0,0.0,0.0,0.07892467826604843,108,True,straight,0.5675254996337132,158,fsm_cross_memory
1.0,1.0,0.0,0.0,0.0,0.08577006310224533,95,True,straight,0.7393058243226308,159,fsm_cross_memory
0.0,0.0,0.0,0.0,0.0,0.09753502905368805,400,False,false_feasible,0.6773090122208592,160,fsm_cross_memory
0.0,0.0,0.0,1.0,0.0,0.0210709385573864,400,False,false_feasible,0.5767378581267396,161,fsm_cross_memory
1.0,1.0,0.0,0.0,0.0,0.14426743984222412,94,True,straight,0.7059879791308835,162,fsm_cross_memory
0.0,0.0,0.0,0.0,0.0,4.820000171661377,17,True,l_shaped,0.5165309046907133,163,fsm_cross_memory
1.0,1.0,0.0,0.0,0.0,0.09087961912155151,120,True,l_shaped,0.743122987285161,164,fsm_cross_memory
1.0,1.0,0.0,1.0,0.0,0.048324622213840485,102,True,narrow_exit,0.5047711183473821,165,fsm_cross_memory
0.0,0.0,0.0,0.0,0.0,0.1022508516907692,400,False,false_feasible,0.7522747759793658,166,fsm_cross_memory
0.0,0.0,0.0,1.0,0.0,0.002531401813030243,80,True,l_shaped,0.5175228274043074,167,fsm_cross_memory
1.0,1.0,0.0,1.0,0.0,0.034969769418239594,87,True,narrow_exit,0.45879602297308497,168,fsm_cross_memory
1.0,1.0,0.0,0.0,0.0,0.2032586932182312,78,True,straight,0.8946956765569211,169,fsm_cross_memory
0.0,0.0,0.0,1.0,0.0,0.02932126447558403,110,True,s_shaped,0.7480948721665568,170,fsm_cross_memory
1.0,1.0,0.0,0.0,0.0,0.07966192066669464,100,True,straight,0.5245463692251295,171,fsm_cross_memory
1.0,1.0,0.0,0.0,0.0,0.17533543705940247,102,True,straight,0.7144611838998676,172,fsm_cross_memory
0.0,0.0,0.0,1.0,0.0,0.00437982939183712,28,True,straight,0.5286099284645797,173,fsm_cross_memory
1.0,1.0,0.0,0.0,0.0,0.05670398846268654,111,True,l_shaped,0.869700242156807,174,fsm_cross_memory
1.0,1.0,0.0,0.0,0.0,0.08150240778923035,96,True,narrow_exit,0.5665250009140779,175,fsm_cross_memory
0.0,0.0,0.0,0.0,0.0,0.056283265352249146,400,False,false_feasible,0.6069381404638259,176,fsm_cross_memory
1.0,1.0,0.0,1.0,0.0,0.04580112174153328,88,True,narrow_exit,0.4970019125976961,177,fsm_cross_memory
1.0,1.0,0.0,1.0,0.0,0.04567386582493782,82,True,straight,0.6196477774103286,178,fsm_cross_memory
0.0,0.0,0.0,0.0,0.0,0.11525024473667145,400,False,false_feasible,0.6406753058521475,179,fsm_cross_memory
0.0,0.0,0.0,1.0,0.0,0.0030276034958660603,400,False,false_feasible,0.5923079713950523,180,fsm_cross_memory
1.0,1.0,0.0,0.0,0.0,0.05525908246636391,94,True,narrow_entry,0.5806730732633173,181,fsm_cross_memory
1.0,1.0,0.0,0.0,0.0,0.06542724370956421,119,True,l_shaped,0.6061090400242025,182,fsm_cross_memory
1.0,1.0,0.0,0.0,0.0,0.09130903333425522,82,True,straight,0.5602977659576968,183,fsm_cross_memory
0.0,0.0,0.0,1.0,0.0,0.0019168959697708488,56,True,l_shaped,0.5812933811281631,184,fsm_cross_memory
1.0,1.0,0.0,0.0,0.0,0.12298376858234406,118,True,l_shaped,0.7964465836414769,185,fsm_cross_memory
1.0,1.0,0.0,0.0,0.0,0.055721115320920944,83,True,narrow_exit,0.519293334114863,186,fsm_cross_memory
0.0,0.0,0.0,0.0,0.0,0.13301436603069305,400,False,false_feasible,0.7017904985145627,187,fsm_cross_memory
0.0,0.0,0.0,1.0,0.0,0.0011521882843226194,307,True,l_shaped,0.5145680476820349,188,fsm_cross_memory
0.0,0.0,0.0,1.0,0.0,0.04543755203485489,400,True,asymmetric,0.5386701683756236,189,fsm_cross_memory
1.0,1.0,0.0,1.0,0.0,0.015311136841773987,92,True,asymmetric,0.6150856638558374,190,fsm_cross_memory
1.0,1.0,0.0,0.0,0.0,0.06719490885734558,107,True,narrow_exit,0.5403348765314463,191,fsm_cross_memory
1.0,1.0,0.0,1.0,0.0,0.04767053946852684,115,True,l_shaped,0.6193758405344304,192,fsm_cross_memory
1.0,1.0,0.0,1.0,0.0,0.023579968139529228,81,True,narrow_entry,0.4389059096656472,193,fsm_cross_memory
1.0,1.0,0.0,1.0,0.0,0.025268714874982834,155,True,l_shaped,0.7760951680462301,194,fsm_cross_memory
1.0,1.0,0.0,0.0,0.0,0.13021759688854218,87,True,asymmetric,0.8498773258824645,195,fsm_cross_memory
1.0,1.0,0.0,0.0,0.0,0.2308160364627838,99,True,straight,0.8404832597886098,196,fsm_cross_memory
1.0,1.0,0.0,0.0,0.0,0.07556025683879852,82,True,straight,0.6078672204332506,197,fsm_cross_memory
1.0,1.0,0.0,1.0,0.0,0.04989515244960785,140,True,s_shaped,0.6250792778337991,198,fsm_cross_memory
1.0,1.0,0.0,1.0,0.0,0.04014315828680992,87,True,narrow_entry,0.5945177721745487,199,fsm_cross_memory
1.0,1.0,0.0,0.0,0.0,0.05131106451153755,110,True,l_shaped,0.6834107654401841,200,fsm_cross_memory
1.0,1.0,0.0,1.0,0.0,0.002489697653800249,148,True,straight,0.569585317211088,201,fsm_cross_memory
1.0,1.0,0.0,0.0,0.0,0.19559165835380554,88,True,straight,0.7798784029463359,202,fsm_cross_memory
1.0,1.0,0.0,1.0,0.0,0.037082236260175705,85,True,straight,0.48635386791540325,203,fsm_cross_memory
0.0,0.0,0.0,0.0,0.0,0.16934767365455627,400,False,false_feasible,0.7798234164494087,204,fsm_cross_memory
1.0,1.0,0.0,0.0,0.0,0.13180460035800934,118,True,l_shaped,0.7684391441022229,205,fsm_cross_memory
1.0,1.0,0.0,1.0,0.0,0.018607953563332558,93,True,asymmetric,0.8537269591614179,206,fsm_cross_memory
1.0,1.0,0.0,1.0,0.0,0.04998878389596939,133,True,s_shaped,0.5261953508879972,207,fsm_cross_memory
1.0,1.0,0.0,0.0,0.0,0.05247105285525322,115,True,s_shaped,0.5775771755802008,208,fsm_cross_memory
1.0,1.0,0.0,0.0,0.0,0.06084790080785751,139,True,l_shaped,0.5798568046901935,209,fsm_cross_memory
1.0,1.0,0.0,0.0,0.0,0.15486334264278412,73,True,straight,0.8099312509662986,210,fsm_cross_memory
1.0,1.0,0.0,1.0,0.0,0.043514434248209,102,True,narrow_exit,0.4634161604224683,211,fsm_cross_memory
1.0,1.0,0.0,0.0,0.0,0.08980017900466919,109,True,l_shaped,0.631936464011695,212,fsm_cross_memory
1.0,1.0,0.0,0.0,0.0,0.059623707085847855,89,True,narrow_exit,0.5067796597432906,213,fsm_cross_memory
0.0,0.0,0.0,1.0,0.0,0.004565421026200056,141,True,l_shaped,0.5175807395258908,214,fsm_cross_memory
1.0,1.0,0.0,0.0,0.0,0.05011817440390587,91,True,l_shaped,0.5286860383239097,215,fsm_cross_memory
1.0,1.0,0.0,0.0,0.0,0.07526467740535736,117,True,s_shaped,0.768874266027186,216,fsm_cross_memory
0.0,0.0,0.0,1.0,0.0,0.003599720075726509,122,True,s_shaped,0.4795163513674487,217,fsm_cross_memory
0.0,0.0,0.0,1.0,0.0,0.004301239270716906,400,False,false_feasible,0.5720842271471264,218,fsm_cross_memory
1.0,1.0,0.0,0.0,0.0,0.09647872298955917,78,True,narrow_exit,0.5961351610455341,219,fsm_cross_memory
1.0,1.0,0.0,0.0,0.0,0.0891319066286087,108,True,narrow_exit,0.5880203091180899,220,fsm_cross_memory
0.0,0.0,0.0,0.0,0.0,0.0618850477039814,400,True,asymmetric,0.64796356092756,221,fsm_cross_memory
1.0,1.0,0.0,1.0,0.0,0.023701010271906853,87,True,narrow_entry,0.5583102823268637,222,fsm_cross_memory
1.0,1.0,0.0,0.0,0.0,0.06928274780511856,95,True,narrow_exit,0.5420095490916605,223,fsm_cross_memory
1.0,1.0,0.0,1.0,0.0,0.034302160143852234,118,True,l_shaped,0.6397260167456981,224,fsm_cross_memory
1.0,1.0,0.0,0.0,0.0,0.0649544894695282,101,True,l_shaped,0.8784647002425949,225,fsm_cross_memory
1.0,1.0,0.0,1.0,0.0,0.008262350223958492,84,True,asymmetric,0.7068272094799302,226,fsm_cross_memory
0.0,0.0,0.0,1.0,0.0,0.0045740632340312,400,True,l_shaped,0.5321287426734469,227,fsm_cross_memory
1.0,1.0,0.0,0.0,0.0,0.07068845629692078,150,True,s_shaped,0.7436405007167548,228,fsm_cross_memory
0.0,0.0,0.0,0.0,0.0,4.820000171661377,15,True,narrow_entry,0.4211497381979191,229,fsm_cross_memory
1.0,1.0,0.0,0.0,0.0,0.06740021705627441,90,True,asymmetric,0.8665692132357029,230,fsm_cross_memory
1.0,1.0,0.0,0.0,0.0,0.08252044767141342,100,True,asymmetric,0.8826099813772423,231,fsm_cross_memory
1.0,1.0,0.0,1.0,0.0,0.023490549996495247,99,True,narrow_exit,0.43628836147329486,232,fsm_cross_memory
1.0,1.0,0.0,0.0,0.0,0.08846858143806458,76,True,straight,0.7385257985011596,233,fsm_cross_memory
1.0,1.0,0.0,0.0,0.0,0.05640831217169762,100,True,narrow_exit,0.5110875957473175,234,fsm_cross_memory
0.0,0.0,0.0,0.0,0.0,0.09489414095878601,400,False,false_feasible,0.5796677230940048,235,fsm_cross_memory
1.0,1.0,0.0,0.0,0.0,0.06810580939054489,101,True,l_shaped,0.5695275270211531,236,fsm_cross_memory
1.0,1.0,0.0,0.0,0.0,0.19342859089374542,104,True,straight,0.818052860304695,237,fsm_cross_memory
1.0,1.0,0.0,0.0,0.0,0.056832704693078995,151,True,s_shaped,0.76163035483547,238,fsm_cross_memory
0.0,0.0,0.0,0.0,0.0,0.09111174941062927,400,False,false_feasible,0.6301172596223104,239,fsm_cross_memory
0.0,0.0,0.0,0.0,0.0,0.19673463702201843,123,True,s_shaped,0.890881830504338,240,fsm_cross_memory
1.0,1.0,0.0,0.0,0.0,0.07100369036197662,76,True,narrow_exit,0.5504917298962243,241,fsm_cross_memory
1.0,1.0,0.0,1.0,0.0,0.03405170887708664,112,True,narrow_exit,0.4587304998684267,242,fsm_cross_memory
1.0,1.0,0.0,0.0,0.0,0.09275299310684204,74,True,straight,0.7051704061607378,243,fsm_cross_memory
1.0,1.0,0.0,1.0,0.0,0.014883010648190975,107,True,asymmetric,0.6025044026546785,244,fsm_cross_memory
1.0,1.0,0.0,1.0,0.0,0.02655748836696148,74,True,asymmetric,0.7292219634296524,245,fsm_cross_memory
0.0,0.0,0.0,1.0,0.0,0.0025175469927489758,34,True,l_shaped,0.5406578850828053,246,fsm_cross_memory
1.0,1.0,0.0,1.0,0.0,0.04165320843458176,101,True,narrow_exit,0.46636233120317044,247,fsm_cross_memory
1.0,1.0,0.0,0.0,0.0,0.09319323301315308,179,True,s_shaped,0.873905654406495,248,fsm_cross_memory
1.0,1.0,0.0,0.0,0.0,0.2193598449230194,86,True,straight,0.8585250612174882,249,fsm_cross_memory
1.0,1.0,0.0,0.0,0.0,0.09547357261180878,112,True,narrow_entry,0.599919587305362,250,fsm_cross_memory
1.0,1.0,0.0,1.0,0.0,0.02108827419579029,90,True,l_shaped,0.6684264633818178,251,fsm_cross_memory
1.0,1.0,0.0,0.0,0.0,0.17220987379550934,111,True,straight,0.8625944137228939,252,fsm_cross_memory
1.0,1.0,0.0,0.0,0.0,0.06765484064817429,104,True,asymmetric,0.7046017161106493,253,fsm_cross_memory
1.0,1.0,0.0,1.0,0.0,0.013548617251217365,90,True,narrow_entry,0.5053052623097247,254,fsm_cross_memory
0.0,0.0,0.0,1.0,0.0,0.0021496049594134092,60,True,asymmetric,0.7274682282826934,255,fsm_cross_memory
1.0,1.0,0.0,1.0,0.0,0.048351921141147614,99,True,narrow_exit,0.48544708053783375,256,fsm_cross_memory
1.0,1.0,0.0,0.0,0.0,0.22285425662994385,79,True,straight,0.8134797807818639,257,fsm_cross_memory
1.0,1.0,0.0,0.0,0.0,0.06360899657011032,87,True,narrow_entry,0.5930471839426674,258,fsm_cross_memory
1.0,1.0,0.0,1.0,0.0,0.049492161720991135,154,True,s_shaped,0.780712827748614,259,fsm_cross_memory
1.0,1.0,0.0,1.0,0.0,0.011935088783502579,83,True,narrow_entry,0.4531121551163466,260,fsm_cross_memory
1.0,1.0,0.0,0.0,0.0,0.2111268937587738,85,True,straight,0.8315055918165302,261,fsm_cross_memory
1.0,1.0,0.0,1.0,0.0,0.04324592277407646,75,True,narrow_exit,0.4935488900495983,262,fsm_cross_memory
1.0,1.0,0.0,0.0,0.0,0.0592239648103714,108,True,narrow_exit,0.4790123422194553,263,fsm_cross_memory
1.0,1.0,0.0,1.0,0.0,0.04621271416544914,102,True,l_shaped,0.7326496041073036,264,fsm_cross_memory
1.0,1.0,0.0,0.0,0.0,0.18758544325828552,94,True,straight,0.778214686040262,265,fsm_cross_memory
1.0,1.0,0.0,0.0,0.0,0.05778618901968002,89,True,asymmetric,0.745939735321991,266,fsm_cross_memory
0.0,0.0,0.0,0.0,0.0,0.06795304268598557,400,False,false_feasible,0.6159753397461423,267,fsm_cross_memory
1.0,1.0,0.0,0.0,0.0,0.1269100159406662,121,True,l_shaped,0.8402285638548403,268,fsm_cross_memory
1.0,1.0,0.0,1.0,0.0,0.03445008769631386,85,True,asymmetric,0.7563183504838442,269,fsm_cross_memory
0.0,0.0,0.0,1.0,0.0,0.005980034824460745,21,True,narrow_entry,0.4245375312598962,270,fsm_cross_memory
0.0,0.0,0.0,0.0,0.0,0.17827436327934265,400,False,false_feasible,0.7997045383401213,271,fsm_cross_memory
0.0,0.0,0.0,1.0,0.0,0.0019135596230626106,93,True,asymmetric,0.5606720615226196,272,fsm_cross_memory
0.0,0.0,0.0,0.0,0.0,0.058754049241542816,400,False,false_feasible,0.590221985533936,273,fsm_cross_memory
1.0,1.0,0.0,0.0,0.0,0.1157018318772316,95,True,l_shaped,0.8570122422594525,274,fsm_cross_memory
1.0,1.0,0.0,0.0,0.0,0.0877225399017334,91,True,narrow_exit,0.5374010652398328,275,fsm_cross_memory
1.0,1.0,0.0,1.0,0.0,0.049718551337718964,74,True,narrow_exit,0.47416590065285796,276,fsm_cross_memory
0.0,0.0,0.0,0.0,0.0,4.820000171661377,15,True,narrow_entry,0.5051300743510212,277,fsm_cross_memory
0.0,0.0,0.0,1.0,0.0,0.0402425117790699,400,False,false_feasible,0.5675461700777522,278,fsm_cross_memory
1.0,1.0,0.0,0.0,0.0,0.057465240359306335,110,True,asymmetric,0.8293404863457357,279,fsm_cross_memory
0.0,0.0,0.0,1.0,0.0,0.021160930395126343,400,True,l_shaped,0.4764880703540573,280,fsm_cross_memory
1.0,1.0,0.0,1.0,0.0,0.023758722469210625,154,True,s_shaped,0.6716137093849427,281,fsm_cross_memory
1.0,1.0,0.0,0.0,0.0,0.180699422955513,80,True,straight,0.8167531821224217,282,fsm_cross_memory
1.0,1.0,0.0,0.0,0.0,0.05529588833451271,78,True,straight,0.5597594596325514,283,fsm_cross_memory
1.0,1.0,0.0,1.0,0.0,0.04989185556769371,96,True,straight,0.5011878748679137,284,fsm_cross_memory
1.0,1.0,0.0,1.0,0.0,0.04289005696773529,108,True,l_shaped,0.8216438904966257,285,fsm_cross_memory
0.0,0.0,0.0,0.0,0.0,0.08655742555856705,400,True,asymmetric,0.5418301795146526,286,fsm_cross_memory
0.0,0.0,0.0,0.0,0.0,4.820000171661377,15,True,straight,0.45524900659388107,287,fsm_cross_memory
0.0,0.0,0.0,1.0,0.0,0.00048591161612421274,63,False,false_feasible,0.5543594061168692,288,fsm_cross_memory
0.0,0.0,0.0,0.0,0.0,0.0816594585776329,400,False,false_feasible,0.6990874109472242,289,fsm_cross_memory
1.0,1.0,0.0,0.0,0.0,0.17181356251239777,92,True,straight,0.7149177962090505,290,fsm_cross_memory
1.0,1.0,0.0,1.0,0.0,0.018696000799536705,97,True,asymmetric,0.6856027646030275,291,fsm_cross_memory
1.0,1.0,0.0,1.0,0.0,0.007429405581206083,292,True,s_shaped,0.6620773042095032,292,fsm_cross_memory
0.0,0.0,0.0,1.0,0.0,0.0033170513343065977,188,True,l_shaped,0.4950408655292933,293,fsm_cross_memory
0.0,0.0,0.0,1.0,0.0,0.001306164194829762,97,False,false_feasible,0.5529238347691092,294,fsm_cross_memory
1.0,1.0,0.0,0.0,0.0,0.06749720871448517,82,True,straight,0.5617236558035832,295,fsm_cross_memory
1.0,1.0,0.0,1.0,0.0,0.04290749877691269,95,True,l_shaped,0.8301664344459914,296,fsm_cross_memory
0.0,0.0,0.0,0.0,0.0,0.09614301472902298,66,True,asymmetric,0.6447711340106367,297,fsm_cross_memory
1.0,1.0,0.0,0.0,0.0,0.06477008759975433,102,True,straight,0.6735889811874466,298,fsm_cross_memory
1.0,1.0,0.0,1.0,0.0,0.047944601625204086,95,True,narrow_exit,0.517834407810074,299,fsm_cross_memory
0.0,0.0,0.0,0.0,0.0,0.10680680721998215,400,False,false_feasible,0.754986004003612,300,fsm_cross_memory
1.0,1.0,0.0,0.0,0.0,0.11890395730733871,80,True,straight,0.6276016968116556,301,fsm_cross_memory
1.0,1.0,0.0,0.0,0.0,0.18747834861278534,101,True,straight,0.7480890850397051,302,fsm_cross_memory
1.0,1.0,0.0,0.0,0.0,0.05546161159873009,172,True,s_shaped,0.819900833234308,303,fsm_cross_memory
0.0,0.0,0.0,0.0,0.0,4.820000171661377,17,True,l_shaped,0.479577031723809,304,fsm_cross_memory
1.0,1.0,0.0,1.0,0.0,0.02467210218310356,120,True,asymmetric,0.8732327876022099,305,fsm_cross_memory
0.0,0.0,0.0,1.0,0.0,0.0021251244470477104,89,True,l_shaped,0.5320161790183486,306,fsm_cross_memory
0.0,0.0,0.0,1.0,0.0,0.012629848904907703,51,True,asymmetric,0.4717385419998652,307,fsm_cross_memory
0.0,0.0,0.0,0.0,0.0,0.08903787285089493,400,True,asymmetric,0.6412724080533323,308,fsm_cross_memory
1.0,1.0,0.0,0.0,0.0,0.06399697810411453,92,True,narrow_entry,0.5824131402729884,309,fsm_cross_memory
1.0,1.0,0.0,0.0,0.0,0.06978940218687057,74,True,asymmetric,0.7027199493567603,310,fsm_cross_memory
1.0,1.0,0.0,0.0,0.0,0.06580226868391037,89,True,asymmetric,0.7337803953487817,311,fsm_cross_memory
0.0,0.0,0.0,0.0,0.0,0.1650080531835556,400,False,false_feasible,0.7627893946680496,312,fsm_cross_memory
1.0,1.0,0.0,1.0,0.0,0.04485372081398964,105,True,narrow_exit,0.4929224386106006,313,fsm_cross_memory
1.0,1.0,0.0,0.0,0.0,0.11449188739061356,116,True,l_shaped,0.7104756313889395,314,fsm_cross_memory
1.0,1.0,0.0,0.0,0.0,0.10709980875253677,97,True,s_shaped,0.7388123577640271,315,fsm_cross_memory
0.0,0.0,0.0,1.0,0.0,0.003525348147377372,109,True,s_shaped,0.7250478303159598,316,fsm_cross_memory
0.0,0.0,0.0,0.0,0.0,0.14838066697120667,400,False,false_feasible,0.7269558513069633,317,fsm_cross_memory
1.0,1.0,0.0,0.0,0.0,0.06130269169807434,77,True,straight,0.6111554943516184,318,fsm_cross_memory
0.0,0.0,0.0,0.0,0.0,0.07156115025281906,400,False,false_feasible,0.6166104299658068,319,fsm_cross_memory
1.0,1.0,0.0,0.0,0.0,0.1032695546746254,74,True,narrow_exit,0.5956202167804027,320,fsm_cross_memory
0.0,0.0,0.0,0.0,0.0,0.11256139725446701,400,False,false_feasible,0.6827266526381749,321,fsm_cross_memory
0.0,0.0,0.0,0.0,0.0,0.16419413685798645,400,False,false_feasible,0.7679798337368472,322,fsm_cross_memory
1.0,1.0,0.0,0.0,0.0,0.05608893185853958,99,True,narrow_entry,0.5691297033375753,323,fsm_cross_memory
1.0,1.0,0.0,0.0,0.0,0.08198395371437073,112,True,s_shaped,0.695705782604756,324,fsm_cross_memory
0.0,0.0,0.0,0.0,0.0,0.053038764744997025,400,False,false_feasible,0.6037079587168848,325,fsm_cross_memory
0.0,0.0,0.0,1.0,0.0,0.036609262228012085,400,False,false_feasible,0.5986603206093624,326,fsm_cross_memory
0.0,0.0,0.0,1.0,0.0,0.009402692317962646,25,True,narrow_entry,0.49511737386334725,327,fsm_cross_memory
1.0,1.0,0.0,1.0,0.0,0.03513215109705925,91,True,asymmetric,0.7743708570226787,328,fsm_cross_memory
1.0,1.0,0.0,0.0,0.0,0.09319274872541428,120,True,l_shaped,0.855137402542847,329,fsm_cross_memory
1.0,1.0,0.0,0.0,0.0,0.07433740794658661,81,True,narrow_exit,0.5402173787499885,330,fsm_cross_memory
1.0,1.0,0.0,0.0,0.0,0.0763997733592987,82,True,narrow_exit,0.5659082655594128,331,fsm_cross_memory
1.0,1.0,0.0,1.0,0.0,0.045250728726387024,78,True,narrow_exit,0.4943002926801398,332,fsm_cross_memory
1.0,1.0,0.0,0.0,0.0,0.08996892720460892,92,True,narrow_entry,0.5849015205095279,333,fsm_cross_memory
1.0,1.0,0.0,1.0,0.0,0.03726394101977348,102,True,l_shaped,0.784783693048752,334,fsm_cross_memory
1.0,1.0,0.0,0.0,0.0,0.08404169231653214,78,True,l_shaped,0.6086827412288406,335,fsm_cross_memory
1.0,1.0,0.0,0.0,0.0,0.05534723028540611,96,True,narrow_entry,0.48439938692533735,336,fsm_cross_memory
1.0,1.0,0.0,0.0,0.0,0.0572807714343071,109,True,narrow_exit,0.5189223212358495,337,fsm_cross_memory
1.0,1.0,0.0,0.0,0.0,0.14902320504188538,76,True,straight,0.8045974586453615,338,fsm_cross_memory
1.0,1.0,0.0,1.0,0.0,0.012740937061607838,148,True,s_shaped,0.535454311239284,339,fsm_cross_memory
1.0,1.0,0.0,0.0,0.0,0.05485471710562706,98,True,straight,0.6165217517649025,340,fsm_cross_memory
1.0,1.0,0.0,0.0,0.0,0.1507577747106552,74,True,straight,0.7147453509632772,341,fsm_cross_memory
1.0,1.0,0.0,0.0,0.0,0.0780368372797966,114,True,l_shaped,0.6648977503842792,342,fsm_cross_memory
1.0,1.0,0.0,0.0,0.0,0.11284113675355911,90,True,straight,0.7009784910946137,343,fsm_cross_memory
1.0,1.0,0.0,1.0,0.0,0.047001972794532776,168,True,s_shaped,0.8492554920765324,344,fsm_cross_memory
1.0,1.0,0.0,0.0,0.0,0.06079983711242676,124,True,l_shaped,0.5595096769127493,345,fsm_cross_memory
1.0,1.0,0.0,0.0,0.0,0.09921093285083771,110,True,straight,0.6730124541457517,346,fsm_cross_memory
1.0,1.0,0.0,0.0,0.0,0.05975736677646637,119,True,l_shaped,0.7773505816114591,347,fsm_cross_memory
1.0,1.0,0.0,1.0,0.0,0.037845831364393234,88,True,straight,0.45477856389759985,348,fsm_cross_memory
0.0,0.0,0.0,0.0,0.0,0.17459829151630402,400,False,false_feasible,0.7846512108975894,349,fsm_cross_memory
1.0,1.0,0.0,0.0,0.0,0.0824180468916893,107,True,straight,0.7834788217300419,350,fsm_cross_memory
1.0,1.0,0.0,1.0,0.0,0.045922376215457916,110,True,l_shaped,0.7194729126126809,351,fsm_cross_memory
1.0,1.0,0.0,1.0,0.0,0.03629406541585922,77,True,narrow_exit,0.4634448038925577,352,fsm_cross_memory
1.0,1.0,0.0,0.0,0.0,0.07776031643152237,116,True,l_shaped,0.6721804722847302,353,fsm_cross_memory
1.0,1.0,0.0,1.0,0.0,0.04772447794675827,213,True,s_shaped,0.8718865312699862,354,fsm_cross_memory
1.0,1.0,0.0,1.0,0.0,0.00830365251749754,117,True,asymmetric,0.6211735010543226,355,fsm_cross_memory
0.0,0.0,0.0,1.0,0.0,0.006697243079543114,60,True,s_shaped,0.6590191254045346,356,fsm_cross_memory
1.0,1.0,0.0,0.0,0.0,0.10036345571279526,93,True,straight,0.7854340693479843,357,fsm_cross_memory
0.0,0.0,0.0,0.0,0.0,0.11962295323610306,62,True,asymmetric,0.6292380604519123,358,fsm_cross_memory
0.0,0.0,0.0,1.0,0.0,0.011370544321835041,106,True,l_shaped,0.49812010267372153,359,fsm_cross_memory
1.0,1.0,0.0,0.0,0.0,0.19691988825798035,93,True,straight,0.8934860548969821,360,fsm_cross_memory
0.0,0.0,0.0,0.0,0.0,4.820000171661377,16,True,asymmetric,0.5045624061316145,361,fsm_cross_memory
1.0,1.0,0.0,0.0,0.0,0.1503351628780365,72,True,straight,0.6655051061114889,362,fsm_cross_memory
0.0,0.0,0.0,0.0,0.0,0.13893388211727142,400,False,false_feasible,0.6913331522479829,363,fsm_cross_memory
1.0,1.0,0.0,0.0,0.0,0.08498278260231018,79,True,straight,0.5624077396743253,364,fsm_cross_memory
1.0,1.0,0.0,0.0,0.0,0.06390982866287231,95,True,l_shaped,0.6487135133830443,365,fsm_cross_memory
1.0,1.0,0.0,0.0,0.0,0.14552593231201172,108,True,straight,0.8702999166503842,366,fsm_cross_memory
1.0,1.0,0.0,1.0,0.0,0.019402306526899338,93,True,narrow_entry,0.4384386502362506,367,fsm_cross_memory
1.0,1.0,0.0,0.0,0.0,0.06131230294704437,94,True,narrow_entry,0.5036020293459074,368,fsm_cross_memory
0.0,0.0,0.0,0.0,0.0,4.820000171661377,15,True,straight,0.5058257306838063,369,fsm_cross_memory
0.0,0.0,0.0,0.0,0.0,4.820000171661377,15,True,narrow_entry,0.5259088041460114,370,fsm_cross_memory
1.0,1.0,0.0,0.0,0.0,0.11512581259012222,109,True,asymmetric,0.8335646892461521,371,fsm_cross_memory
0.0,0.0,0.0,1.0,0.0,0.000685147475451231,71,True,asymmetric,0.646146856802193,372,fsm_cross_memory
1.0,1.0,0.0,1.0,0.0,0.006927611771970987,82,True,narrow_entry,0.5903563995357339,373,fsm_cross_memory
0.0,0.0,0.0,0.0,0.0,4.820000171661377,14,True,asymmetric,0.5019889492010106,374,fsm_cross_memory
1.0,1.0,0.0,1.0,0.0,0.026988239958882332,80,True,straight,0.6076014085417744,375,fsm_cross_memory
1.0,1.0,0.0,1.0,0.0,0.028375789523124695,78,True,narrow_exit,0.44185448212933165,376,fsm_cross_memory
0.0,0.0,0.0,0.0,0.0,0.13537894189357758,400,False,false_feasible,0.7240862070769776,377,fsm_cross_memory
1.0,1.0,0.0,1.0,0.0,0.01795588992536068,126,True,s_shaped,0.5555934721026827,378,fsm_cross_memory
0.0,0.0,0.0,1.0,0.0,0.007362425327301025,400,True,narrow_exit,0.42835438345705973,379,fsm_cross_memory
1.0,1.0,0.0,0.0,0.0,0.09777680039405823,75,True,asymmetric,0.7716258991255507,380,fsm_cross_memory
0.0,0.0,0.0,1.0,0.0,0.007197536528110504,56,True,s_shaped,0.5705908392749932,381,fsm_cross_memory
1.0,1.0,0.0,0.0,0.0,0.13907554745674133,88,True,straight,0.7271978352153152,382,fsm_cross_memory
1.0,1.0,0.0,0.0,0.0,0.10673129558563232,72,True,asymmetric,0.7302456737231475,383,fsm_cross_memory
1.0,1.0,0.0,0.0,0.0,0.06213688850402832,114,True,s_shaped,0.5651800313364067,384,fsm_cross_memory
1.0,1.0,0.0,0.0,0.0,0.14368094503879547,82,True,asymmetric,0.8564505075616118,385,fsm_cross_memory
1.0,1.0,0.0,1.0,0.0,0.020772112533450127,115,True,straight,0.49005041811184114,386,fsm_cross_memory
1.0,1.0,0.0,1.0,0.0,0.025388233363628387,77,True,narrow_exit,0.4368663456917262,387,fsm_cross_memory
0.0,0.0,0.0,0.0,0.0,4.820000171661377,15,True,narrow_entry,0.5361131842178595,388,fsm_cross_memory
0.0,0.0,0.0,0.0,0.0,4.820000171661377,15,True,asymmetric,0.49044188733941163,389,fsm_cross_memory
0.0,0.0,0.0,0.0,0.0,0.17324957251548767,400,False,false_feasible,0.7836843601151272,390,fsm_cross_memory
1.0,1.0,0.0,1.0,0.0,0.03726893290877342,107,True,narrow_exit,0.4718064113972221,391,fsm_cross_memory
1.0,1.0,0.0,0.0,0.0,0.07850129157304764,89,True,narrow_exit,0.5776799064188229,392,fsm_cross_memory
1.0,1.0,0.0,0.0,0.0,0.07219815254211426,97,True,l_shaped,0.870781964477952,393,fsm_cross_memory
1.0,1.0,0.0,0.0,0.0,0.09135160595178604,105,True,l_shaped,0.7548680609398359,394,fsm_cross_memory
1.0,1.0,0.0,0.0,0.0,0.09415371716022491,80,True,asymmetric,0.891714648772563,395,fsm_cross_memory
1.0,1.0,0.0,0.0,0.0,0.08528165519237518,101,True,narrow_exit,0.5754624922056365,396,fsm_cross_memory
1.0,1.0,0.0,0.0,0.0,0.09351800382137299,75,True,straight,0.5564181838467556,397,fsm_cross_memory
1.0,1.0,0.0,0.0,0.0,0.17289969325065613,111,True,straight,0.853399207905361,398,fsm_cross_memory
1.0,1.0,0.0,1.0,0.0,0.049321893602609634,126,True,s_shaped,0.8149141593352902,399,fsm_cross_memory
1.0,1.0,0.0,0.0,0.0,0.07397311180830002,113,True,l_shaped,0.6854332943612675,400,fsm_cross_memory
0.0,0.0,0.0,1.0,0.0,0.007990914396941662,400,True,narrow_exit,0.42586388788750956,401,fsm_cross_memory
1.0,1.0,0.0,0.0,0.0,0.17782413959503174,105,True,straight,0.8195512003675972,402,fsm_cross_memory
0.0,0.0,0.0,0.0,0.0,0.06815699487924576,400,True,asymmetric,0.6994770281635594,403,fsm_cross_memory
1.0,1.0,0.0,1.0,0.0,0.032213244587183,73,True,straight,0.5079750878612583,404,fsm_cross_memory
0.0,0.0,0.0,1.0,0.0,0.0015953792026266456,112,True,asymmetric,0.5463309467697621,405,fsm_cross_memory
1.0,1.0,0.0,0.0,0.0,0.06088798865675926,99,True,narrow_exit,0.5108778960833361,406,fsm_cross_memory
1.0,1.0,0.0,0.0,0.0,0.06570051610469818,91,True,l_shaped,0.5404169294868316,407,fsm_cross_memory
1.0,1.0,0.0,0.0,0.0,0.0745198130607605,84,True,straight,0.6298312095520335,408,fsm_cross_memory
1.0,1.0,0.0,0.0,0.0,0.0787460133433342,184,True,s_shaped,0.849105673480548,409,fsm_cross_memory
1.0,1.0,0.0,0.0,0.0,0.05817579850554466,120,True,s_shaped,0.59134806011485,410,fsm_cross_memory
1.0,1.0,0.0,1.0,0.0,0.03689813241362572,120,True,l_shaped,0.6037448255097739,411,fsm_cross_memory
0.0,0.0,0.0,0.0,0.0,4.820000171661377,20,True,l_shaped,0.45280743256369865,412,fsm_cross_memory
1.0,1.0,0.0,1.0,0.0,0.026145577430725098,93,True,narrow_exit,0.4322962058358565,413,fsm_cross_memory
1.0,1.0,0.0,1.0,0.0,0.017623912543058395,85,True,asymmetric,0.825888062322826,414,fsm_cross_memory
1.0,1.0,0.0,0.0,0.0,0.07227273285388947,105,True,s_shaped,0.7037997549515324,415,fsm_cross_memory
1.0,1.0,0.0,1.0,0.0,0.027075976133346558,79,True,asymmetric,0.6871454183331248,416,fsm_cross_memory
1.0,1.0,0.0,1.0,0.0,0.02381281554698944,206,True,s_shaped,0.7051659860900208,417,fsm_cross_memory
0.0,0.0,0.0,1.0,0.0,0.005177109502255917,53,True,s_shaped,0.5034655764910647,418,fsm_cross_memory
1.0,1.0,0.0,1.0,0.0,0.027550244703888893,123,True,l_shaped,0.8583514940418655,419,fsm_cross_memory
0.0,0.0,0.0,0.0,0.0,0.13590863347053528,400,False,false_feasible,0.6917537912333709,420,fsm_cross_memory
1.0,1.0,0.0,0.0,0.0,0.06214835122227669,85,True,narrow_exit,0.548193189980353,421,fsm_cross_memory
1.0,1.0,0.0,0.0,0.0,0.0718146413564682,100,True,narrow_exit,0.5698835120697903,422,fsm_cross_memory
0.0,0.0,0.0,0.0,0.0,0.1663437783718109,400,False,false_feasible,0.7657420414653151,423,fsm_cross_memory
0.0,0.0,0.0,0.0,0.0,4.820000171661377,15,True,straight,0.5021173467343687,424,fsm_cross_memory
1.0,1.0,0.0,1.0,0.0,0.04092813655734062,135,True,l_shaped,0.6872802453256228,425,fsm_cross_memory
1.0,1.0,0.0,0.0,0.0,0.07402580231428146,121,True,s_shaped,0.68367921013104,426,fsm_cross_memory
1.0,1.0,0.0,0.0,0.0,0.06761418282985687,93,True,l_shaped,0.5760127738192665,427,fsm_cross_memory
0.0,0.0,0.0,0.0,0.0,4.820000171661377,16,True,narrow_entry,0.44511048052830143,428,fsm_cross_memory
0.0,0.0,0.0,1.0,0.0,0.00629847776144743,115,True,s_shaped,0.49550807500532484,429,fsm_cross_memory
1.0,1.0,0.0,1.0,0.0,0.046354155987501144,80,True,narrow_entry,0.48023873852930504,430,fsm_cross_memory
0.0,0.0,0.0,1.0,0.0,0.006673860363662243,102,True,l_shaped,0.5003934563637937,431,fsm_cross_memory
1.0,1.0,0.0,0.0,0.0,0.06678284704685211,108,True,narrow_exit,0.5060292410879816,432,fsm_cross_memory
0.0,0.0,0.0,1.0,0.0,0.0017419711221009493,31,True,narrow_entry,0.5515369094885471,433,fsm_cross_memory
0.0,0.0,0.0,0.0,0.0,4.820000171661377,16,True,narrow_entry,0.4571580777706371,434,fsm_cross_memory
0.0,0.0,0.0,1.0,0.0,0.0020244691986590624,73,True,l_shaped,0.45933006986733943,435,fsm_cross_memory
0.0,0.0,0.0,1.0,0.0,0.0030486932955682278,84,True,l_shaped,0.45255451221545645,436,fsm_cross_memory
1.0,1.0,0.0,1.0,0.0,0.010286790318787098,96,True,l_shaped,0.5621179882052608,437,fsm_cross_memory
0.0,0.0,0.0,0.0,0.0,0.1427842527627945,400,False,false_feasible,0.7286838489717035,438,fsm_cross_memory
1.0,1.0,0.0,0.0,0.0,0.09455026686191559,100,True,narrow_exit,0.5627132542187139,439,fsm_cross_memory
1.0,1.0,0.0,0.0,0.0,0.07265947014093399,104,True,narrow_exit,0.5745904524156771,440,fsm_cross_memory
1.0,1.0,0.0,0.0,0.0,0.10388578474521637,95,True,straight,0.6840786022553353,441,fsm_cross_memory
1.0,1.0,0.0,0.0,0.0,0.09722378104925156,109,True,narrow_exit,0.5612196823202605,442,fsm_cross_memory
1.0,1.0,0.0,0.0,0.0,0.058862995356321335,111,True,narrow_exit,0.5123040791951938,443,fsm_cross_memory
1.0,1.0,0.0,0.0,0.0,0.144475519657135,83,True,straight,0.8767534935747161,444,fsm_cross_memory
1.0,1.0,0.0,0.0,0.0,0.18685060739517212,96,True,straight,0.7461273714269243,445,fsm_cross_memory
0.0,0.0,0.0,0.0,0.0,0.10987040400505066,400,False,false_feasible,0.7295294125388756,446,fsm_cross_memory
1.0,1.0,0.0,1.0,0.0,0.020818129181861877,110,True,straight,0.5853780206388963,447,fsm_cross_memory
0.0,0.0,0.0,0.0,0.0,0.20970889925956726,94,True,s_shaped,0.8933167755166438,448,fsm_cross_memory
1.0,1.0,0.0,0.0,0.0,0.14213837683200836,72,True,straight,0.6762941729478129,449,fsm_cross_memory
1.0,1.0,0.0,0.0,0.0,0.1796739399433136,79,True,straight,0.768111956803925,450,fsm_cross_memory
1.0,1.0,0.0,0.0,0.0,0.062522754073143,73,True,narrow_entry,0.5565493445846378,451,fsm_cross_memory
1.0,1.0,0.0,0.0,0.0,0.18905200064182281,99,True,straight,0.8239964248444626,452,fsm_cross_memory
1.0,1.0,0.0,1.0,0.0,0.046022217720746994,100,True,narrow_exit,0.48814641065770825,453,fsm_cross_memory
1.0,1.0,0.0,1.0,0.0,0.04665358364582062,112,True,narrow_entry,0.5876406565426815,454,fsm_cross_memory
1.0,1.0,0.0,0.0,0.0,0.07276395708322525,93,True,narrow_exit,0.5684421479598019,455,fsm_cross_memory
0.0,0.0,0.0,0.0,0.0,0.1602163016796112,400,False,false_feasible,0.7597212081465654,456,fsm_cross_memory
0.0,0.0,0.0,0.0,0.0,4.820000171661377,18,True,straight,0.5203818218739407,457,fsm_cross_memory
1.0,1.0,0.0,0.0,0.0,0.0796419084072113,95,True,narrow_entry,0.5697373016490891,458,fsm_cross_memory
0.0,0.0,0.0,0.0,0.0,0.11856495589017868,400,False,false_feasible,0.7792971347671608,459,fsm_cross_memory
1.0,1.0,0.0,0.0,0.0,0.08851215243339539,86,True,narrow_exit,0.5491569295946165,460,fsm_cross_memory
0.0,0.0,0.0,0.0,0.0,0.08825287222862244,400,False,false_feasible,0.6349918117575468,461,fsm_cross_memory
1.0,1.0,0.0,0.0,0.0,0.11829628795385361,81,True,straight,0.6971321724941133,462,fsm_cross_memory
0.0,0.0,0.0,1.0,0.0,0.0021146193612366915,107,True,l_shaped,0.5397580332977093,463,fsm_cross_memory
1.0,1.0,0.0,0.0,0.0,0.05081001669168472,156,True,s_shaped,0.544260760804875,464,fsm_cross_memory
1.0,1.0,0.0,1.0,0.0,0.043535638600587845,105,True,asymmetric,0.8596306324929981,465,fsm_cross_memory
0.0,0.0,0.0,1.0,0.0,0.0005116217653267086,80,True,narrow_exit,0.42871615570433114,466,fsm_cross_memory
1.0,1.0,0.0,0.0,0.0,0.05048216134309769,118,True,s_shaped,0.6600048392488131,467,fsm_cross_memory
1.0,1.0,0.0,0.0,0.0,0.10514899343252182,106,True,l_shaped,0.744656699218429,468,fsm_cross_memory
0.0,0.0,0.0,0.0,0.0,0.10120230168104172,400,True,asymmetric,0.6056276234749134,469,fsm_cross_memory
1.0,1.0,0.0,0.0,0.0,0.05625712871551514,141,True,s_shaped,0.7972986830361148,470,fsm_cross_memory
1.0,1.0,0.0,1.0,0.0,0.02342648059129715,96,True,narrow_exit,0.4343310919222745,471,fsm_cross_memory
1.0,1.0,0.0,0.0,0.0,0.1076604425907135,95,True,l_shaped,0.6727334024513261,472,fsm_cross_memory
1.0,1.0,0.0,0.0,0.0,0.07343778014183044,133,True,s_shaped,0.5844835810348048,473,fsm_cross_memory
0.0,0.0,0.0,0.0,0.0,4.820000171661377,15,True,straight,0.4959249279328948,474,fsm_cross_memory
1.0,1.0,0.0,0.0,0.0,0.10432442277669907,114,True,l_shaped,0.8282714006808329,475,fsm_cross_memory
1.0,1.0,0.0,1.0,0.0,0.044569116085767746,103,True,l_shaped,0.5166847907398643,476,fsm_cross_memory
1.0,1.0,0.0,0.0,0.0,0.059982847422361374,103,True,straight,0.6785755236717885,477,fsm_cross_memory
1.0,1.0,0.0,0.0,0.0,0.12189394980669022,97,True,l_shaped,0.8635618096994966,478,fsm_cross_memory
0.0,0.0,0.0,1.0,0.0,0.0015221158973872662,86,True,s_shaped,0.47439393932900775,479,fsm_cross_memory
1.0,1.0,0.0,0.0,0.0,0.08242057263851166,120,True,s_shaped,0.6166403908537974,480,fsm_cross_memory
1.0,1.0,0.0,0.0,0.0,0.05147159844636917,81,True,narrow_entry,0.47495747432733987,481,fsm_cross_memory
1.0,1.0,0.0,0.0,0.0,0.08666720986366272,87,True,l_shaped,0.7049323926352751,482,fsm_cross_memory
0.0,0.0,0.0,1.0,0.0,0.03612584248185158,400,True,l_shaped,0.4720198490214684,483,fsm_cross_memory
0.0,0.0,0.0,0.0,0.0,4.820000171661377,20,True,s_shaped,0.4589772985484778,484,fsm_cross_memory
1.0,1.0,0.0,1.0,0.0,0.033462151885032654,86,True,narrow_exit,0.46423369907326917,485,fsm_cross_memory
0.0,0.0,0.0,0.0,0.0,0.08520473539829254,400,True,asymmetric,0.6292677836442063,486,fsm_cross_memory
0.0,0.0,0.0,0.0,0.0,0.12143447995185852,400,False,false_feasible,0.7831479154810399,487,fsm_cross_memory
1.0,1.0,0.0,0.0,0.0,0.1114073246717453,106,True,straight,0.7255210533602207,488,fsm_cross_memory
1.0,1.0,0.0,0.0,0.0,0.10286539047956467,99,True,l_shaped,0.7142015728997486,489,fsm_cross_memory
1.0,1.0,0.0,0.0,0.0,0.21994304656982422,80,True,straight,0.8969927003287215,490,fsm_cross_memory
1.0,1.0,0.0,1.0,0.0,0.002339429222047329,92,True,asymmetric,0.71781498066591,491,fsm_cross_memory
1.0,1.0,0.0,0.0,0.0,0.0785205215215683,90,True,l_shaped,0.6015532407253592,492,fsm_cross_memory
0.0,0.0,0.0,0.0,0.0,0.06510406732559204,400,False,false_feasible,0.6270418631329638,493,fsm_cross_memory
1.0,1.0,0.0,0.0,0.0,0.19010765850543976,93,True,straight,0.7946697552207004,494,fsm_cross_memory
0.0,0.0,0.0,0.0,0.0,4.820000171661377,16,True,narrow_entry,0.44833964817777244,495,fsm_cross_memory
0.0,0.0,0.0,1.0,0.0,0.007643174845725298,66,True,asymmetric,0.4728980453152145,496,fsm_cross_memory
0.0,0.0,0.0,1.0,0.0,0.0007986109703779221,26,True,narrow_entry,0.4724707869962791,497,fsm_cross_memory
0.0,0.0,0.0,1.0,0.0,0.005509623792022467,65,True,s_shaped,0.5062975618802955,498,fsm_cross_memory
1.0,1.0,0.0,1.0,0.0,0.045620281249284744,82,True,narrow_exit,0.45637615688314553,499,fsm_cross_memory
1.0,1.0,0.0,1.0,0.0,0.001991783268749714,128,True,straight,0.5661508836477479,0,fsm_cross_memory
0.0,0.0,0.0,1.0,0.0,0.005971245933324099,68,True,asymmetric,0.5233703719819794,1,fsm_cross_memory
0.0,0.0,0.0,0.0,0.0,4.820000171661377,15,False,false_feasible,0.5548655277008361,2,fsm_cross_memory
1.0,1.0,0.0,0.0,0.0,0.09073109179735184,81,True,straight,0.6957928930785326,3,fsm_cross_memory
1.0,1.0,0.0,0.0,0.0,0.059254229068756104,108,True,l_shaped,0.757579555134595,4,fsm_cross_memory
0.0,0.0,0.0,0.0,0.0,4.820000171661377,17,True,l_shaped,0.5452302690209478,5,fsm_cross_memory
1.0,1.0,0.0,0.0,0.0,0.08810834586620331,109,True,l_shaped,0.8058334756689016,6,fsm_cross_memory
1.0,1.0,0.0,1.0,0.0,0.04896042123436928,84,True,narrow_entry,0.5502667675315113,7,fsm_cross_memory
0.0,0.0,0.0,0.0,0.0,0.07418566197156906,400,True,asymmetric,0.5718687103432746,8,fsm_cross_memory
0.0,0.0,0.0,0.0,0.0,0.1540849804878235,400,False,false_feasible,0.7396065491823672,9,fsm_cross_memory
1.0,1.0,0.0,1.0,0.0,0.025335857644677162,106,True,narrow_exit,0.42731652170425655,10,fsm_cross_memory
1.0,1.0,0.0,0.0,0.0,0.08072587102651596,96,True,straight,0.7655091961269462,11,fsm_cross_memory
1.0,1.0,0.0,0.0,0.0,0.19965697824954987,88,True,straight,0.8248007167804521,12,fsm_cross_memory
1.0,1.0,0.0,0.0,0.0,0.13000740110874176,104,True,straight,0.6529614191470621,13,fsm_cross_memory
0.0,0.0,0.0,0.0,0.0,0.09236130863428116,400,True,asymmetric,0.5730732880202507,14,fsm_cross_memory
1.0,1.0,0.0,0.0,0.0,0.17626282572746277,85,True,straight,0.7668419999727218,15,fsm_cross_memory
1.0,1.0,0.0,0.0,0.0,0.1331605762243271,75,True,straight,0.6583327266031102,16,fsm_cross_memory
1.0,1.0,0.0,0.0,0.0,0.07296249270439148,131,True,s_shaped,0.7288521800419325,17,fsm_cross_memory
1.0,1.0,0.0,1.0,0.0,0.021273231133818626,84,True,straight,0.4879536286140265,18,fsm_cross_memory
1.0,1.0,0.0,0.0,0.0,0.1335635781288147,108,True,asymmetric,0.8309187254853225,19,fsm_cross_memory
1.0,1.0,0.0,1.0,0.0,0.0028373156674206257,107,True,asymmetric,0.737249151791138,20,fsm_cross_memory
0.0,0.0,0.0,0.0,0.0,0.16545416414737701,400,False,false_feasible,0.7648383705995083,21,fsm_cross_memory
0.0,0.0,0.0,0.0,0.0,4.820000171661377,17,True,l_shaped,0.5036631430660587,22,fsm_cross_memory
1.0,1.0,0.0,0.0,0.0,0.08486288040876389,91,True,asymmetric,0.7585056527097924,23,fsm_cross_memory
1.0,1.0,0.0,1.0,0.0,0.032450441271066666,104,True,narrow_exit,0.4711872448542635,24,fsm_cross_memory
0.0,0.0,0.0,1.0,0.0,0.049632519483566284,400,False,false_feasible,0.605121494438039,25,fsm_cross_memory
0.0,0.0,0.0,1.0,0.0,0.00029937346698716283,400,True,asymmetric,0.5251225868876733,26,fsm_cross_memory
1.0,1.0,0.0,0.0,0.0,0.06739193201065063,95,True,straight,0.7385253553631994,27,fsm_cross_memory
1.0,1.0,0.0,0.0,0.0,0.05260873958468437,86,True,narrow_exit,0.5066640149633126,28,fsm_cross_memory
1.0,1.0,0.0,1.0,0.0,0.036602932959795,99,True,narrow_exit,0.4435747585038711,29,fsm_cross_memory
1.0,1.0,0.0,0.0,0.0,0.0787249356508255,98,True,straight,0.7314161723109187,30,fsm_cross_memory
1.0,1.0,0.0,0.0,0.0,0.10323256254196167,85,True,l_shaped,0.6503494190686149,31,fsm_cross_memory
1.0,1.0,0.0,1.0,0.0,0.04868987202644348,137,True,s_shaped,0.5742652359234547,32,fsm_cross_memory
1.0,1.0,0.0,0.0,0.0,0.06068507581949234,98,True,l_shaped,0.5417950634861961,33,fsm_cross_memory
0.0,0.0,0.0,0.0,0.0,0.05547141283750534,400,False,false_feasible,0.6144019385100408,34,fsm_cross_memory
1.0,1.0,0.0,1.0,0.0,0.026943529024720192,92,True,narrow_exit,0.43723088091776874,35,fsm_cross_memory
1.0,1.0,0.0,0.0,0.0,0.1793474704027176,84,True,straight,0.8020838678910598,36,fsm_cross_memory
1.0,1.0,0.0,1.0,0.0,0.023341357707977295,102,True,narrow_exit,0.43036622595646046,37,fsm_cross_memory
0.0,0.0,0.0,1.0,0.0,0.004108815919607878,63,True,asymmetric,0.4562633186059493,38,fsm_cross_memory
1.0,1.0,0.0,0.0,0.0,0.10663165152072906,103,True,narrow_exit,0.5988552398320051,39,fsm_cross_memory
1.0,1.0,0.0,0.0,0.0,0.12072943150997162,77,True,straight,0.725432522562784,40,fsm_cross_memory
1.0,1.0,0.0,0.0,0.0,0.10735760629177094,84,True,straight,0.6120095387645129,41,fsm_cross_memory
0.0,0.0,0.0,0.0,0.0,0.08475890010595322,400,True,asymmetric,0.5923198263419658,42,fsm_cross_memory
1.0,1.0,0.0,1.0,0.0,0.022255010902881622,130,True,s_shaped,0.8370483581668494,43,fsm_cross_memory
1.0,1.0,0.0,0.0,0.0,0.07445613294839859,113,True,l_shaped,0.8480578586931833,44,fsm_cross_memory
0.0,0.0,0.0,0.0,0.0,0.2165643572807312,118,True,s_shaped,0.8897573381136668,45,fsm_cross_memory
1.0,1.0,0.0,0.0,0.0,0.0589756965637207,101,True,straight,0.5362229278359497,46,fsm_cross_memory
1.0,1.0,0.0,1.0,0.0,0.024969303980469704,103,True,narrow_exit,0.4425239822269924,47,fsm_cross_memory
1.0,1.0,0.0,0.0,0.0,0.07514544576406479,90,True,narrow_exit,0.5371511176055458,48,fsm_cross_memory
0.0,0.0,0.0,0.0,0.0,0.14703308045864105,400,False,false_feasible,0.7208835652826184,49,fsm_cross_memory
0.0,0.0,0.0,0.0,0.0,0.14568790793418884,400,False,false_feasible,0.7575371781441346,50,fsm_cross_memory
1.0,1.0,0.0,1.0,0.0,0.0019729083869606256,102,True,asymmetric,0.6275231117261458,51,fsm_cross_memory
0.0,0.0,0.0,0.0,0.0,4.820000171661377,15,True,narrow_entry,0.5528487465836486,52,fsm_cross_memory
1.0,1.0,0.0,1.0,0.0,0.03775746747851372,140,True,s_shaped,0.7099601420334767,53,fsm_cross_memory
1.0,1.0,0.0,0.0,0.0,0.10773304849863052,104,True,straight,0.6595208619747357,54,fsm_cross_memory
1.0,1.0,0.0,0.0,0.0,0.11734778434038162,105,True,l_shaped,0.8647340762751858,55,fsm_cross_memory
1.0,1.0,0.0,1.0,0.0,0.024493850767612457,87,True,narrow_exit,0.42929452031789417,56,fsm_cross_memory
1.0,1.0,0.0,0.0,0.0,0.07943511754274368,87,True,straight,0.5733647325970421,57,fsm_cross_memory
1.0,1.0,0.0,1.0,0.0,0.03521062061190605,75,True,narrow_entry,0.5753490242379482,58,fsm_cross_memory
1.0,1.0,0.0,1.0,0.0,0.031351350247859955,227,True,s_shaped,0.5279457223978177,59,fsm_cross_memory
1.0,1.0,0.0,1.0,0.0,0.04098668321967125,87,True,narrow_entry,0.47364609790741546,60,fsm_cross_memory
0.0,0.0,0.0,0.0,0.0,4.820000171661377,15,True,narrow_entry,0.42744906383688636,61,fsm_cross_memory
0.0,0.0,0.0,1.0,0.0,0.0007520524668507278,189,True,s_shaped,0.5134542646008197,62,fsm_cross_memory
1.0,1.0,0.0,0.0,0.0,0.09982587397098541,90,True,narrow_exit,0.5968172602673276,63,fsm_cross_memory
1.0,1.0,0.0,0.0,0.0,0.056707125157117844,109,True,narrow_exit,0.5329603976495223,64,fsm_cross_memory
1.0,1.0,0.0,1.0,0.0,0.003075843444094062,90,True,straight,0.5399964414642042,65,fsm_cross_memory
1.0,1.0,0.0,1.0,0.0,0.03630774840712547,108,True,straight,0.6046120577461381,66,fsm_cross_memory
0.0,0.0,0.0,0.0,0.0,4.820000171661377,16,True,narrow_entry,0.5912509352421983,67,fsm_cross_memory
1.0,1.0,0.0,0.0,0.0,0.1328394114971161,110,True,straight,0.8380217625407204,68,fsm_cross_memory
0.0,0.0,0.0,0.0,0.0,0.1075684204697609,400,False,false_feasible,0.6208171931233974,69,fsm_cross_memory
0.0,0.0,0.0,1.0,0.0,0.009746856056153774,400,False,false_feasible,0.5582930281617959,70,fsm_cross_memory
0.0,0.0,0.0,0.0,0.0,4.820000171661377,14,True,straight,0.46072278596289595,71,fsm_cross_memory
0.0,0.0,0.0,0.0,0.0,0.12253931164741516,400,False,false_feasible,0.7019815540116525,72,fsm_cross_memory
0.0,0.0,0.0,1.0,0.0,0.005034525878727436,101,True,s_shaped,0.4808379957565439,73,fsm_cross_memory
1.0,1.0,0.0,1.0,0.0,0.042031388729810715,107,True,l_shaped,0.6536879623358838,74,fsm_cross_memory
0.0,0.0,0.0,0.0,0.0,4.820000171661377,15,True,narrow_entry,0.492269341530011,75,fsm_cross_memory
1.0,1.0,0.0,0.0,0.0,0.08239668607711792,129,True,s_shaped,0.674604594604723,76,fsm_cross_memory
1.0,1.0,0.0,1.0,0.0,0.023611508309841156,112,True,narrow_exit,0.4401594866180569,77,fsm_cross_memory
1.0,1.0,0.0,0.0,0.0,0.13690434396266937,83,True,straight,0.7194507433373412,78,fsm_cross_memory
1.0,1.0,0.0,0.0,0.0,0.09055212140083313,90,True,straight,0.5457174553103382,79,fsm_cross_memory
0.0,0.0,0.0,1.0,0.0,0.0035075454507023096,83,True,l_shaped,0.6335983812133983,80,fsm_cross_memory
0.0,0.0,0.0,1.0,0.0,0.003135613165795803,74,False,false_feasible,0.6428783819449548,81,fsm_cross_memory
1.0,1.0,0.0,1.0,0.0,0.03209774196147919,174,True,s_shaped,0.6977066367139615,82,fsm_cross_memory
1.0,1.0,0.0,1.0,0.0,0.04707217589020729,81,True,narrow_exit,0.48883414178158247,83,fsm_cross_memory
1.0,1.0,0.0,1.0,0.0,0.012965498492121696,81,True,narrow_entry,0.5883128762867891,84,fsm_cross_memory
1.0,1.0,0.0,1.0,0.0,0.03806998208165169,72,True,narrow_entry,0.4426578434568448,85,fsm_cross_memory
1.0,1.0,0.0,0.0,0.0,0.1578337699174881,89,True,asymmetric,0.8955816314667235,86,fsm_cross_memory
1.0,1.0,0.0,0.0,0.0,0.10151384770870209,97,True,l_shaped,0.8429297884360163,87,fsm_cross_memory
1.0,1.0,0.0,1.0,0.0,0.03825321048498154,102,True,narrow_exit,0.4774908389276114,88,fsm_cross_memory
1.0,1.0,0.0,1.0,0.0,0.049133189022541046,107,True,narrow_entry,0.5939268150156898,89,fsm_cross_memory
1.0,1.0,0.0,0.0,0.0,0.13117118179798126,122,True,l_shaped,0.7817166229793622,90,fsm_cross_memory
0.0,0.0,0.0,0.0,0.0,4.820000171661377,15,True,narrow_entry,0.5489930514543779,91,fsm_cross_memory
1.0,1.0,0.0,0.0,0.0,0.06035406515002251,129,True,l_shaped,0.880295120694108,92,fsm_cross_memory
1.0,1.0,0.0,0.0,0.0,0.08284852653741837,96,True,narrow_exit,0.5720688978884574,93,fsm_cross_memory
1.0,1.0,0.0,0.0,0.0,0.10460181534290314,100,True,straight,0.7670449776704361,94,fsm_cross_memory
1.0,1.0,0.0,0.0,0.0,0.05348143354058266,108,True,s_shaped,0.6727968821332084,95,fsm_cross_memory
0.0,0.0,0.0,1.0,0.0,0.002552288817241788,112,True,asymmetric,0.5415595389622003,96,fsm_cross_memory
1.0,1.0,0.0,0.0,0.0,0.08932702988386154,110,True,narrow_exit,0.546897700493456,97,fsm_cross_memory
0.0,0.0,0.0,0.0,0.0,4.820000171661377,16,True,straight,0.5434646894101032,98,fsm_cross_memory
1.0,1.0,0.0,1.0,0.0,0.02206718921661377,78,True,narrow_entry,0.4755888964779367,99,fsm_cross_memory
1.0,1.0,0.0,1.0,0.0,0.04845966026186943,82,True,narrow_exit,0.482247543457469,100,fsm_cross_memory
1.0,1.0,0.0,0.0,0.0,0.06911986321210861,98,True,straight,0.598350569121542,101,fsm_cross_memory
1.0,1.0,0.0,0.0,0.0,0.1758773922920227,76,True,straight,0.8943075237273916,102,fsm_cross_memory
1.0,1.0,0.0,1.0,0.0,0.01704346388578415,87,True,asymmetric,0.683326348935434,103,fsm_cross_memory
1.0,1.0,0.0,0.0,0.0,0.16371510922908783,107,True,straight,0.8098065718061735,104,fsm_cross_memory
1.0,1.0,0.0,0.0,0.0,0.10251397639513016,75,True,asymmetric,0.8273907878270851,105,fsm_cross_memory
1.0,1.0,0.0,0.0,0.0,0.17575831711292267,93,True,straight,0.8798795126764676,106,fsm_cross_memory
1.0,1.0,0.0,1.0,0.0,0.032009776681661606,103,True,narrow_exit,0.45728279347440115,107,fsm_cross_memory
0.0,0.0,0.0,0.0,0.0,4.820000171661377,16,True,narrow_entry,0.45302176139825867,108,fsm_cross_memory
1.0,1.0,0.0,1.0,0.0,0.034480419009923935,75,True,asymmetric,0.7813655294706134,109,fsm_cross_memory
0.0,0.0,0.0,1.0,0.0,0.002936748554930091,128,True,l_shaped,0.45775862446014204,110,fsm_cross_memory
1.0,1.0,0.0,0.0,0.0,0.09226122498512268,93,True,narrow_entry,0.5740451723170577,111,fsm_cross_memory
1.0,1.0,0.0,1.0,0.0,0.013686536811292171,203,True,s_shaped,0.4870435888323706,112,fsm_cross_memory
1.0,1.0,0.0,0.0,0.0,0.051542311906814575,114,True,l_shaped,0.7108643978748297,113,fsm_cross_memory
1.0,1.0,0.0,0.0,0.0,0.08512096107006073,75,True,narrow_exit,0.5438883470199346,114,fsm_cross_memory
0.0,0.0,0.0,0.0,0.0,0.09445476531982422,400,True,asymmetric,0.6137277089180454,115,fsm_cross_memory
0.0,0.0,0.0,0.0,0.0,4.820000171661377,17,True,narrow_entry,0.5600922309347779,116,fsm_cross_memory
1.0,1.0,0.0,0.0,0.0,0.1613163948059082,91,True,straight,0.7558046891537344,117,fsm_cross_memory
1.0,1.0,0.0,0.0,0.0,0.08657757192850113,111,True,straight,0.6375968725687111,118,fsm_cross_memory
0.0,0.0,0.0,1.0,0.0,0.025941692292690277,400,True,s_shaped,0.8976595910276768,119,fsm_cross_memory
1.0,1.0,0.0,1.0,0.0,0.026200564578175545,83,True,straight,0.5695429946692852,120,fsm_cross_memory
1.0,1.0,0.0,0.0,0.0,0.09221553802490234,95,True,straight,0.5830578425978028,121,fsm_cross_memory
1.0,1.0,0.0,0.0,0.0,0.07059358060359955,73,True,straight,0.5053195402035809,122,fsm_cross_memory
1.0,1.0,0.0,0.0,0.0,0.05833681672811508,95,True,straight,0.636962545167263,123,fsm_cross_memory
1.0,1.0,0.0,1.0,0.0,0.04641619697213173,85,True,narrow_exit,0.49848253035124446,124,fsm_cross_memory
1.0,1.0,0.0,1.0,0.0,0.027267521247267723,124,True,s_shaped,0.6215824617763025,125,fsm_cross_memory
1.0,1.0,0.0,0.0,0.0,0.10754982382059097,86,True,l_shaped,0.6540366424282349,126,fsm_cross_memory
1.0,1.0,0.0,1.0,0.0,0.03171026334166527,109,True,narrow_exit,0.4663383831696767,127,fsm_cross_memory
1.0,1.0,0.0,0.0,0.0,0.10771205276250839,111,True,l_shaped,0.8425455487514439,128,fsm_cross_memory
1.0,1.0,0.0,1.0,0.0,0.0074126687832176685,76,True,straight,0.5064877809019707,129,fsm_cross_memory
1.0,1.0,0.0,0.0,0.0,0.06085536628961563,103,True,l_shaped,0.6385316752431256,130,fsm_cross_memory
1.0,1.0,0.0,0.0,0.0,0.07790378481149673,103,True,l_shaped,0.6300370178623333,131,fsm_cross_memory
1.0,1.0,0.0,1.0,0.0,0.035817090421915054,108,True,straight,0.482424741995065,132,fsm_cross_memory
1.0,1.0,0.0,0.0,0.0,0.05300471559166908,95,True,straight,0.5262578575925465,133,fsm_cross_memory
1.0,1.0,0.0,1.0,0.0,0.026022177189588547,109,True,straight,0.45780458482793673,134,fsm_cross_memory
1.0,1.0,0.0,0.0,0.0,0.06001150235533714,104,True,narrow_exit,0.5190096445622917,135,fsm_cross_memory
1.0,1.0,0.0,1.0,0.0,0.023012453690171242,180,True,s_shaped,0.7595931446352189,136,fsm_cross_memory
0.0,0.0,0.0,0.0,0.0,4.820000171661377,14,True,narrow_entry,0.5041725325449173,137,fsm_cross_memory
1.0,1.0,0.0,0.0,0.0,0.086226686835289,108,True,l_shaped,0.8087794841954169,138,fsm_cross_memory
1.0,1.0,0.0,0.0,0.0,0.07709704339504242,82,True,l_shaped,0.6019540267879364,139,fsm_cross_memory
0.0,0.0,0.0,0.0,0.0,4.820000171661377,15,True,narrow_entry,0.4813765278336673,140,fsm_cross_memory
1.0,1.0,0.0,1.0,0.0,0.007641933858394623,90,True,narrow_entry,0.46491353265234264,141,fsm_cross_memory
1.0,1.0,0.0,0.0,0.0,0.18955855071544647,81,True,straight,0.8386640149975559,142,fsm_cross_memory
1.0,1.0,0.0,0.0,0.0,0.15078096091747284,71,True,straight,0.7569888452323249,143,fsm_cross_memory
0.0,0.0,0.0,1.0,0.0,0.001992628211155534,77,True,asymmetric,0.6046745548658622,144,fsm_cross_memory
0.0,0.0,0.0,0.0,0.0,4.820000171661377,14,True,narrow_entry,0.495506592358284,145,fsm_cross_memory
1.0,1.0,0.0,0.0,0.0,0.08525453507900238,104,True,straight,0.6765939184855374,146,fsm_cross_memory
1.0,1.0,0.0,1.0,0.0,0.03540877252817154,72,True,narrow_exit,0.4773390076415287,147,fsm_cross_memory
0.0,0.0,0.0,0.0,0.0,0.09272220730781555,400,False,false_feasible,0.568939979713289,148,fsm_cross_memory
0.0,0.0,0.0,0.0,0.0,4.820000171661377,16,True,straight,0.45689926796611485,149,fsm_cross_memory
1.0,1.0,0.0,0.0,0.0,0.053170107305049896,97,True,l_shaped,0.6593707322100824,150,fsm_cross_memory
0.0,0.0,0.0,1.0,0.0,0.007118454668670893,129,True,l_shaped,0.5281615680526541,151,fsm_cross_memory
1.0,1.0,0.0,0.0,0.0,0.17391054332256317,82,True,straight,0.814488164950965,152,fsm_cross_memory
1.0,1.0,0.0,0.0,0.0,0.06545073539018631,82,True,narrow_entry,0.5516393054223531,153,fsm_cross_memory
1.0,1.0,0.0,0.0,0.0,0.05671728402376175,76,True,asymmetric,0.7063869923401409,154,fsm_cross_memory
1.0,1.0,0.0,0.0,0.0,0.06403012573719025,96,True,narrow_exit,0.5491354149219455,155,fsm_cross_memory
1.0,1.0,0.0,1.0,0.0,0.03211008384823799,102,True,narrow_exit,0.46785374890604176,156,fsm_cross_memory
1.0,1.0,0.0,0.0,0.0,0.052236780524253845,95,True,narrow_exit,0.5028478736920726,157,fsm_cross_memory
1.0,1.0,0.0,0.0,0.0,0.09082014113664627,112,True,narrow_exit,0.5845742350860054,158,fsm_cross_memory
1.0,1.0,0.0,1.0,0.0,0.011160154826939106,128,True,s_shaped,0.684994055835837,159,fsm_cross_memory
1.0,1.0,0.0,0.0,0.0,0.10445760935544968,110,True,l_shaped,0.7585458135003766,160,fsm_cross_memory
1.0,1.0,0.0,1.0,0.0,0.04189610108733177,102,True,l_shaped,0.7148924077108438,161,fsm_cross_memory
1.0,1.0,0.0,0.0,0.0,0.0748111754655838,83,True,narrow_exit,0.5558131453120774,162,fsm_cross_memory
1.0,1.0,0.0,0.0,0.0,0.0600123405456543,84,True,narrow_entry,0.544851864380858,163,fsm_cross_memory
1.0,1.0,0.0,1.0,0.0,0.043438103049993515,82,True,straight,0.5027728321110996,164,fsm_cross_memory
1.0,1.0,0.0,0.0,0.0,0.08288898319005966,120,True,s_shaped,0.621666064237258,165,fsm_cross_memory
1.0,1.0,0.0,1.0,0.0,0.03128020465373993,90,True,narrow_exit,0.4446044127074401,166,fsm_cross_memory
1.0,1.0,0.0,1.0,0.0,0.030494507402181625,183,True,s_shaped,0.530062356017301,167,fsm_cross_memory
0.0,0.0,0.0,0.0,0.0,0.12178935110569,400,False,false_feasible,0.6972193117709262,168,fsm_cross_memory
0.0,0.0,0.0,0.0,0.0,0.09326586872339249,400,False,false_feasible,0.5691794624230437,169,fsm_cross_memory
0.0,0.0,0.0,0.0,0.0,0.1485455185174942,400,False,false_feasible,0.7250319800068078,170,fsm_cross_memory
1.0,1.0,0.0,0.0,0.0,0.126400887966156,109,True,l_shaped,0.8863190006574062,171,fsm_cross_memory
1.0,1.0,0.0,1.0,0.0,0.0004971539601683617,109,True,asymmetric,0.6373270935368666,172,fsm_cross_memory
1.0,1.0,0.0,0.0,0.0,0.08946742862462997,134,True,s_shaped,0.690824229142152,173,fsm_cross_memory
1.0,1.0,0.0,0.0,0.0,0.10448533296585083,104,True,straight,0.7597703150610327,174,fsm_cross_memory
1.0,1.0,0.0,0.0,0.0,0.10965801775455475,102,True,narrow_exit,0.5985662358586883,175,fsm_cross_memory
1.0,1.0,0.0,0.0,0.0,0.07789919525384903,125,True,l_shaped,0.8625231437667575,176,fsm_cross_memory
0.0,0.0,0.0,0.0,0.0,4.820000171661377,15,False,false_feasible,0.5607769620829026,177,fsm_cross_memory
1.0,1.0,0.0,1.0,0.0,0.03355550393462181,77,True,narrow_exit,0.46593736520372087,178,fsm_cross_memory
0.0,0.0,0.0,0.0,0.0,4.820000171661377,14,True,narrow_entry,0.4241290121404686,179,fsm_cross_memory
1.0,1.0,0.0,0.0,0.0,0.1178554892539978,94,True,straight,0.6709767584367762,180,fsm_cross_memory
1.0,1.0,0.0,1.0,0.0,0.04295370727777481,75,True,narrow_exit,0.48039648826202497,181,fsm_cross_memory
1.0,1.0,0.0,0.0,0.0,0.14171309769153595,98,True,straight,0.6555107863538845,182,fsm_cross_memory
0.0,0.0,0.0,0.0,0.0,4.820000171661377,16,True,narrow_entry,0.5339199705128345,183,fsm_cross_memory
1.0,1.0,0.0,0.0,0.0,0.20780116319656372,93,True,straight,0.8228727578091262,184,fsm_cross_memory
0.0,0.0,0.0,0.0,0.0,4.820000171661377,17,True,straight,0.46836210199726036,185,fsm_cross_memory
1.0,1.0,0.0,1.0,0.0,0.04253775253891945,103,True,s_shaped,0.5895404018571003,186,fsm_cross_memory
1.0,1.0,0.0,0.0,0.0,0.11171045899391174,111,True,straight,0.6267418808582117,187,fsm_cross_memory
1.0,1.0,0.0,1.0,0.0,0.013375352136790752,89,True,asymmetric,0.8499380696396119,188,fsm_cross_memory
0.0,0.0,0.0,0.0,0.0,0.13081206381320953,400,False,false_feasible,0.6593489252265292,189,fsm_cross_memory
1.0,1.0,0.0,0.0,0.0,0.08323392271995544,124,True,l_shaped,0.8846573649966978,190,fsm_cross_memory
1.0,1.0,0.0,0.0,0.0,0.0758039578795433,118,True,l_shaped,0.6471237315463513,191,fsm_cross_memory
1.0,1.0,0.0,1.0,0.0,0.04351983219385147,123,True,l_shaped,0.8324970131757342,192,fsm_cross_memory
0.0,0.0,0.0,0.0,0.0,4.820000171661377,16,True,straight,0.5123739256704638,193,fsm_cross_memory
0.0,0.0,0.0,1.0,0.0,0.009837036952376366,400,True,asymmetric,0.583288190119579,194,fsm_cross_memory
1.0,1.0,0.0,0.0,0.0,0.11839555203914642,78,True,straight,0.661344212077978,195,fsm_cross_memory
1.0,1.0,0.0,0.0,0.0,0.07678575813770294,85,True,straight,0.7470306287893259,196,fsm_cross_memory
1.0,1.0,0.0,0.0,0.0,0.1625722199678421,111,True,straight,0.8108032894474879,197,fsm_cross_memory
1.0,1.0,0.0,0.0,0.0,0.14189653098583221,101,True,straight,0.6702472319162656,198,fsm_cross_memory
0.0,0.0,0.0,1.0,0.0,0.0001866440288722515,53,True,asymmetric,0.47359755603164005,199,fsm_cross_memory
0.0,0.0,0.0,0.0,0.0,4.820000171661377,17,True,narrow_entry,0.46257503738018424,200,fsm_cross_memory
0.0,0.0,0.0,0.0,0.0,0.11097878962755203,400,False,false_feasible,0.7932155021506591,201,fsm_cross_memory
0.0,0.0,0.0,1.0,0.0,0.0008041519322432578,54,True,asymmetric,0.7255036456096886,202,fsm_cross_memory
1.0,1.0,0.0,0.0,0.0,0.056939177215099335,106,True,narrow_exit,0.47402333940722585,203,fsm_cross_memory
1.0,1.0,0.0,0.0,0.0,0.052632514387369156,95,True,l_shaped,0.6357084283012369,204,fsm_cross_memory
1.0,1.0,0.0,1.0,0.0,0.00934020895510912,113,True,asymmetric,0.7271459343440003,205,fsm_cross_memory
0.0,0.0,0.0,1.0,0.0,0.0006162875215522945,75,True,narrow_exit,0.4278054630166245,206,fsm_cross_memory
1.0,1.0,0.0,0.0,0.0,0.10280180722475052,109,True,straight,0.6912388384985994,207,fsm_cross_memory
1.0,1.0,0.0,0.0,0.0,0.07061995565891266,117,True,s_shaped,0.5855585646486636,208,fsm_cross_memory
1.0,1.0,0.0,0.0,0.0,0.05188438668847084,89,True,narrow_entry,0.5495016711588436,209,fsm_cross_memory
1.0,1.0,0.0,1.0,0.0,0.015500221401453018,130,True,l_shaped,0.6752585765988925,210,fsm_cross_memory
1.0,1.0,0.0,0.0,0.0,0.0950072705745697,101,True,straight,0.7022293039988456,211,fsm_cross_memory
1.0,1.0,0.0,0.0,0.0,0.06260967254638672,132,True,s_shaped,0.7700060944752454,212,fsm_cross_memory
0.0,0.0,0.0,1.0,0.0,0.008545436896383762,121,True,s_shaped,0.5014385763157263,213,fsm_cross_memory
1.0,1.0,0.0,0.0,0.0,0.07705437391996384,116,True,s_shaped,0.5950757831158703,214,fsm_cross_memory
0.0,0.0,0.0,0.0,0.0,0.06672396510839462,71,True,asymmetric,0.6854453793647753,215,fsm_cross_memory
0.0,0.0,0.0,1.0,0.0,0.00017900130478665233,81,True,s_shaped,0.6094034074432924,216,fsm_cross_memory
1.0,1.0,0.0,1.0,0.0,0.04505082219839096,141,True,l_shaped,0.8948538911031467,217,fsm_cross_memory
1.0,1.0,0.0,0.0,0.0,0.08715134114027023,84,True,narrow_exit,0.5709331812458291,218,fsm_cross_memory
1.0,1.0,0.0,0.0,0.0,0.11449778079986572,128,True,l_shaped,0.8877556422645179,219,fsm_cross_memory
0.0,0.0,0.0,0.0,0.0,4.820000171661377,15,True,narrow_entry,0.47633827962389347,220,fsm_cross_memory
0.0,0.0,0.0,1.0,0.0,0.007846816442906857,92,True,l_shaped,0.508803321982123,221,fsm_cross_memory
1.0,1.0,0.0,1.0,0.0,0.016707582399249077,88,True,narrow_entry,0.49890748799546136,222,fsm_cross_memory
1.0,1.0,0.0,0.0,0.0,0.06206513196229935,73,True,narrow_entry,0.5645235110657127,223,fsm_cross_memory
1.0,1.0,0.0,0.0,0.0,0.08353372663259506,77,True,narrow_exit,0.5429246593333836,224,fsm_cross_memory
1.0,1.0,0.0,0.0,0.0,0.09450133889913559,72,True,narrow_entry,0.5680739504788275,225,fsm_cross_memory
1.0,1.0,0.0,0.0,0.0,0.053870875388383865,130,True,l_shaped,0.5861931887560692,226,fsm_cross_memory
1.0,1.0,0.0,1.0,0.0,0.0018966160714626312,139,True,asymmetric,0.8116674801962066,227,fsm_cross_memory
0.0,0.0,0.0,1.0,0.0,0.0029598288238048553,185,True,l_shaped,0.5025058767089599,228,fsm_cross_memory
1.0,1.0,0.0,1.0,0.0,0.032480619847774506,94,True,narrow_exit,0.445274760758701,229,fsm_cross_memory
0.0,0.0,0.0,0.0,0.0,4.820000171661377,16,True,straight,0.48518786514781254,230,fsm_cross_memory
1.0,1.0,0.0,0.0,0.0,0.06025005504488945,88,True,narrow_exit,0.5434588488907586,231,fsm_cross_memory
1.0,1.0,0.0,0.0,0.0,0.2069515585899353,86,True,straight,0.8478532110178382,232,fsm_cross_memory
1.0,1.0,0.0,0.0,0.0,0.06359074264764786,194,True,s_shaped,0.8231169852162152,233,fsm_cross_memory
0.0,0.0,0.0,1.0,0.0,0.002001761458814144,30,True,narrow_entry,0.5286335037722145,234,fsm_cross_memory
1.0,1.0,0.0,0.0,0.0,0.2027892768383026,91,True,straight,0.7938707904490372,235,fsm_cross_memory
0.0,0.0,0.0,0.0,0.0,0.1527932733297348,400,False,false_feasible,0.7378029112128818,236,fsm_cross_memory
1.0,1.0,0.0,1.0,0.0,0.023945176973938942,91,True,narrow_entry,0.542545829099834,237,fsm_cross_memory
1.0,1.0,0.0,0.0,0.0,0.05067504569888115,94,True,narrow_exit,0.46260800782126443,238,fsm_cross_memory
0.0,0.0,0.0,0.0,0.0,0.09960131347179413,400,False,false_feasible,0.6941783641192707,239,fsm_cross_memory
1.0,1.0,0.0,0.0,0.0,0.06844627857208252,92,True,l_shaped,0.7271763004320317,240,fsm_cross_memory
1.0,1.0,0.0,0.0,0.0,0.06233666092157364,129,True,l_shaped,0.7205153851916846,241,fsm_cross_memory
1.0,1.0,0.0,0.0,0.0,0.08715435117483139,93,True,narrow_exit,0.5917274410016289,242,fsm_cross_memory
1.0,1.0,0.0,0.0,0.0,0.0889047384262085,105,True,s_shaped,0.6135607650678738,243,fsm_cross_memory
1.0,1.0,0.0,0.0,0.0,0.12655167281627655,92,True,straight,0.7798916721531333,244,fsm_cross_memory
1.0,1.0,0.0,0.0,0.0,0.07189619541168213,95,True,narrow_exit,0.5693225041583595,245,fsm_cross_memory
1.0,1.0,0.0,1.0,0.0,0.04337391257286072,82,True,narrow_exit,0.47981232693166004,246,fsm_cross_memory
1.0,1.0,0.0,0.0,0.0,0.0952536091208458,122,True,l_shaped,0.714317969393873,247,fsm_cross_memory
1.0,1.0,0.0,0.0,0.0,0.07814295589923859,94,True,narrow_exit,0.5654314276872818,248,fsm_cross_memory
1.0,1.0,0.0,0.0,0.0,0.07304753363132477,99,True,straight,0.5846792757162791,249,fsm_cross_memory
1.0,1.0,0.0,0.0,0.0,0.1289069950580597,83,True,straight,0.6546702576690109,250,fsm_cross_memory
1.0,1.0,0.0,0.0,0.0,0.08706973493099213,89,True,straight,0.7000230371367061,251,fsm_cross_memory
0.0,0.0,0.0,0.0,0.0,4.820000171661377,16,True,narrow_entry,0.42899966908385145,252,fsm_cross_memory
0.0,0.0,0.0,1.0,0.0,0.000932070950511843,70,True,asymmetric,0.7872374576745234,253,fsm_cross_memory
0.0,0.0,0.0,0.0,0.0,0.07895713299512863,400,False,false_feasible,0.6791604170683834,254,fsm_cross_memory
0.0,0.0,0.0,0.0,0.0,4.820000171661377,18,True,straight,0.5221009658040385,255,fsm_cross_memory
0.0,0.0,0.0,1.0,0.0,0.013635688461363316,175,True,s_shaped,0.5201275736502201,256,fsm_cross_memory
1.0,1.0,0.0,1.0,0.0,0.04403526708483696,81,True,asymmetric,0.6705579089001179,257,fsm_cross_memory
1.0,1.0,0.0,0.0,0.0,0.1061037927865982,76,True,straight,0.6060746072262289,258,fsm_cross_memory
1.0,1.0,0.0,0.0,0.0,0.1027708575129509,81,True,straight,0.5762065757317139,259,fsm_cross_memory
0.0,0.0,0.0,1.0,0.0,0.007508126553148031,24,True,straight,0.4906695374344866,260,fsm_cross_memory
0.0,0.0,0.0,0.0,0.0,0.15944132208824158,400,False,false_feasible,0.7594641686780483,261,fsm_cross_memory
1.0,1.0,0.0,1.0,0.0,0.025927092880010605,93,True,narrow_exit,0.4224338501381135,262,fsm_cross_memory
0.0,0.0,0.0,0.0,0.0,0.14842714369297028,400,False,false_feasible,0.725409096837252,263,fsm_cross_memory
0.0,0.0,0.0,0.0,0.0,0.13364015519618988,400,False,false_feasible,0.7160380264565838,264,fsm_cross_memory
1.0,1.0,0.0,0.0,0.0,0.1105891689658165,72,True,narrow_entry,0.5855133183714907,265,fsm_cross_memory
1.0,1.0,0.0,0.0,0.0,0.09209264814853668,111,True,l_shaped,0.8475413930140507,266,fsm_cross_memory
1.0,1.0,0.0,1.0,0.0,0.03279653936624527,144,True,s_shaped,0.7095266997242662,267,fsm_cross_memory
1.0,1.0,0.0,0.0,0.0,0.12544284760951996,118,True,l_shaped,0.8722820543598859,268,fsm_cross_memory
0.0,0.0,0.0,0.0,0.0,4.820000171661377,14,True,narrow_entry,0.5069308303663955,269,fsm_cross_memory
1.0,1.0,0.0,0.0,0.0,0.11227069795131683,92,True,narrow_entry,0.597856038096571,270,fsm_cross_memory
0.0,0.0,0.0,1.0,0.0,0.00279179192148149,29,True,narrow_entry,0.514985278167515,271,fsm_cross_memory
0.0,0.0,0.0,1.0,0.0,0.005111133214086294,139,True,asymmetric,0.6752973156244955,272,fsm_cross_memory
1.0,1.0,0.0,0.0,0.0,0.10341023653745651,96,True,l_shaped,0.8698628526575419,273,fsm_cross_memory
1.0,1.0,0.0,1.0,0.0,0.03991755098104477,145,True,l_shaped,0.7524464726237827,274,fsm_cross_memory
1.0,1.0,0.0,0.0,0.0,0.17917951941490173,89,True,straight,0.7669207441771506,275,fsm_cross_memory
1.0,1.0,0.0,0.0,0.0,0.11383518576622009,110,True,straight,0.7150150386706989,276,fsm_cross_memory
1.0,1.0,0.0,0.0,0.0,0.058755867183208466,147,True,s_shaped,0.5577864907283165,277,fsm_cross_memory
1.0,1.0,0.0,0.0,0.0,0.11622346192598343,98,True,l_shaped,0.8321948683971027,278,fsm_cross_memory
0.0,0.0,0.0,0.0,0.0,0.09684241563081741,400,False,false_feasible,0.6801051840521771,279,fsm_cross_memory
1.0,1.0,0.0,1.0,0.0,0.04076007753610611,143,True,s_shaped,0.48991319553790924,280,fsm_cross_memory
1.0,1.0,0.0,0.0,0.0,0.07949234545230865,82,True,narrow_exit,0.5341462060718538,281,fsm_cross_memory
1.0,1.0,0.0,1.0,0.0,0.04469598829746246,94,True,narrow_exit,0.4533857645129056,282,fsm_cross_memory
1.0,1.0,0.0,1.0,0.0,0.0029556911904364824,135,True,s_shaped,0.7079848318219353,283,fsm_cross_memory
1.0,1.0,0.0,0.0,0.0,0.1089174896478653,86,True,asymmetric,0.8868931398485057,284,fsm_cross_memory
1.0,1.0,0.0,1.0,0.0,0.020794618874788284,102,True,narrow_entry,0.5046666414728542,285,fsm_cross_memory
1.0,1.0,0.0,0.0,0.0,0.056724388152360916,102,True,l_shaped,0.6662531847629556,286,fsm_cross_memory
1.0,1.0,0.0,0.0,0.0,0.1347222477197647,109,True,straight,0.7286022340234086,287,fsm_cross_memory
0.0,0.0,0.0,0.0,0.0,4.820000171661377,14,True,straight,0.4714423980854743,288,fsm_cross_memory
1.0,1.0,0.0,0.0,0.0,0.090314120054245,121,True,l_shaped,0.702527174148475,289,fsm_cross_memory
1.0,1.0,0.0,1.0,0.0,0.0186715479940176,209,True,s_shaped,0.7107446685644123,290,fsm_cross_memory
0.0,0.0,0.0,0.0,0.0,4.820000171661377,16,True,l_shaped,0.47557852432406034,291,fsm_cross_memory
1.0,1.0,0.0,1.0,0.0,0.027906915172934532,72,True,narrow_exit,0.4300895657882317,292,fsm_cross_memory
0.0,0.0,0.0,0.0,0.0,0.10464134812355042,400,False,false_feasible,0.7117504012919573,293,fsm_cross_memory
1.0,1.0,0.0,1.0,0.0,0.04521691054105759,113,True,straight,0.625419618052384,294,fsm_cross_memory
0.0,0.0,0.0,0.0,0.0,0.13387231528759003,400,False,false_feasible,0.7685074232152618,295,fsm_cross_memory
0.0,0.0,0.0,0.0,0.0,4.820000171661377,17,True,narrow_entry,0.4823221428564818,296,fsm_cross_memory
1.0,1.0,0.0,1.0,0.0,0.004609644412994385,103,True,straight,0.5506367387585532,297,fsm_cross_memory
1.0,1.0,0.0,0.0,0.0,0.05390080437064171,95,True,narrow_exit,0.5020667471832564,298,fsm_cross_memory
0.0,0.0,0.0,0.0,0.0,0.08647090941667557,400,False,false_feasible,0.6897108071896056,299,fsm_cross_memory
1.0,1.0,0.0,0.0,0.0,0.05831340700387955,101,True,l_shaped,0.5582414545201989,300,fsm_cross_memory
1.0,1.0,0.0,1.0,0.0,0.04743285849690437,107,True,l_shaped,0.6289406512846578,301,fsm_cross_memory
1.0,1.0,0.0,1.0,0.0,0.008221836760640144,109,True,narrow_entry,0.44136442590735636,302,fsm_cross_memory
1.0,1.0,0.0,0.0,0.0,0.16049958765506744,111,True,straight,0.8661738624881904,303,fsm_cross_memory
1.0,1.0,0.0,1.0,0.0,0.0281849205493927,80,True,narrow_exit,0.4480013041689733,304,fsm_cross_memory
0.0,0.0,0.0,1.0,0.0,0.035505376756191254,400,True,s_shaped,0.7775312962331988,305,fsm_cross_memory
1.0,1.0,0.0,0.0,0.0,0.0596170499920845,80,True,asymmetric,0.7388786759305561,306,fsm_cross_memory
1.0,1.0,0.0,0.0,0.0,0.07729176431894302,112,True,s_shaped,0.5822124931701564,307,fsm_cross_memory
1.0,1.0,0.0,0.0,0.0,0.056577105075120926,98,True,narrow_exit,0.5016232062800304,308,fsm_cross_memory
0.0,0.0,0.0,0.0,0.0,4.820000171661377,16,True,narrow_entry,0.4635071265925246,309,fsm_cross_memory
1.0,1.0,0.0,0.0,0.0,0.21070007979869843,98,True,straight,0.8789425728914166,310,fsm_cross_memory
0.0,0.0,0.0,0.0,0.0,0.06300672888755798,400,False,false_feasible,0.5969467832429785,311,fsm_cross_memory
0.0,0.0,0.0,1.0,0.0,0.007411397062242031,59,True,l_shaped,0.6291971603060174,312,fsm_cross_memory
1.0,1.0,0.0,0.0,0.0,0.0852421298623085,83,True,narrow_exit,0.5974310734770286,313,fsm_cross_memory
1.0,1.0,0.0,0.0,0.0,0.06076556444168091,83,True,narrow_exit,0.5328892956651914,314,fsm_cross_memory
1.0,1.0,0.0,0.0,0.0,0.21372638642787933,80,True,straight,0.8231665887815531,315,fsm_cross_memory
0.0,0.0,0.0,0.0,0.0,0.06864505261182785,400,False,false_feasible,0.5912280968652435,316,fsm_cross_memory
0.0,0.0,0.0,1.0,0.0,0.032924752682447433,51,True,asymmetric,0.5761137069220625,317,fsm_cross_memory
0.0,0.0,0.0,0.0,0.0,0.09006968885660172,400,False,false_feasible,0.7292489277588412,318,fsm_cross_memory
0.0,0.0,0.0,0.0,0.0,4.820000171661377,16,True,narrow_entry,0.508758546807744,319,fsm_cross_memory
1.0,1.0,0.0,0.0,0.0,0.07342272251844406,99,True,l_shaped,0.6958785292128559,320,fsm_cross_memory
1.0,1.0,0.0,0.0,0.0,0.1606689989566803,98,True,straight,0.8665713782649658,321,fsm_cross_memory
1.0,1.0,0.0,0.0,0.0,0.07490621507167816,105,True,l_shaped,0.762246701125311,322,fsm_cross_memory
1.0,1.0,0.0,1.0,0.0,0.037696465849876404,104,True,narrow_entry,0.5220977399863098,323,fsm_cross_memory
1.0,1.0,0.0,1.0,0.0,0.018865101039409637,83,True,narrow_entry,0.506188594644927,324,fsm_cross_memory
1.0,1.0,0.0,0.0,0.0,0.0679783746600151,100,True,straight,0.6948504472996953,325,fsm_cross_memory
1.0,1.0,0.0,1.0,0.0,0.04671093448996544,109,True,asymmetric,0.8757603163108129,326,fsm_cross_memory
1.0,1.0,0.0,0.0,0.0,0.0705597922205925,113,True,l_shaped,0.7437145120664848,327,fsm_cross_memory
1.0,1.0,0.0,0.0,0.0,0.09229651838541031,104,True,narrow_exit,0.5930373347889437,328,fsm_cross_memory
0.0,0.0,0.0,1.0,0.0,0.00677204504609108,148,True,l_shaped,0.48465800361830597,329,fsm_cross_memory
0.0,0.0,0.0,0.0,0.0,4.820000171661377,16,True,straight,0.5388021041198569,330,fsm_cross_memory
1.0,1.0,0.0,1.0,0.0,0.04627467319369316,150,True,l_shaped,0.5122599116577535,331,fsm_cross_memory
1.0,1.0,0.0,0.0,0.0,0.20841068029403687,94,True,straight,0.8879733804296143,332,fsm_cross_memory
1.0,1.0,0.0,0.0,0.0,0.0795857384800911,83,True,straight,0.6088379375046895,333,fsm_cross_memory
1.0,1.0,0.0,0.0,0.0,0.06699902564287186,75,True,narrow_exit,0.5395145984455157,334,fsm_cross_memory
1.0,1.0,0.0,1.0,0.0,0.03086927905678749,78,True,asymmetric,0.7906213366026622,335,fsm_cross_memory
1.0,1.0,0.0,0.0,0.0,0.22761453688144684,92,True,straight,0.8256686591265201,336,fsm_cross_memory
1.0,1.0,0.0,0.0,0.0,0.10003053396940231,126,True,s_shaped,0.7798723707538546,337,fsm_cross_memory
1.0,1.0,0.0,0.0,0.0,0.05954728648066521,81,True,narrow_exit,0.5309231001240365,338,fsm_cross_memory
1.0,1.0,0.0,1.0,0.0,0.02452971413731575,151,True,s_shaped,0.6755564727055106,339,fsm_cross_memory
1.0,1.0,0.0,0.0,0.0,0.09147756546735764,72,True,straight,0.5558996745394418,340,fsm_cross_memory
1.0,1.0,0.0,0.0,0.0,0.15124455094337463,77,True,straight,0.687617405362166,341,fsm_cross_memory
0.0,0.0,0.0,0.0,0.0,0.06538619101047516,400,False,false_feasible,0.596435436836294,342,fsm_cross_memory
0.0,0.0,0.0,0.0,0.0,4.820000171661377,18,True,narrow_entry,0.5132458505621796,343,fsm_cross_memory
1.0,1.0,0.0,1.0,0.0,0.03182310238480568,86,True,narrow_exit,0.4448462105512341,344,fsm_cross_memory
0.0,0.0,0.0,1.0,0.0,0.004334582015872002,51,True,asymmetric,0.49641382419305524,345,fsm_cross_memory
0.0,0.0,0.0,0.0,0.0,0.11864445358514786,400,False,false_feasible,0.7002872187880077,346,fsm_cross_memory
1.0,1.0,0.0,1.0,0.0,0.0333433635532856,107,True,narrow_exit,0.4441182828076294,347,fsm_cross_memory
1.0,1.0,0.0,0.0,0.0,0.0741264596581459,79,True,narrow_exit,0.5184599079991126,348,fsm_cross_memory
1.0,1.0,0.0,0.0,0.0,0.09766414016485214,106,True,s_shaped,0.7176830131299876,349,fsm_cross_memory
0.0,0.0,0.0,0.0,0.0,0.15624018013477325,400,False,false_feasible,0.7678920937446353,350,fsm_cross_memory
0.0,0.0,0.0,1.0,0.0,0.00938071683049202,101,True,l_shaped,0.5156169164171034,351,fsm_cross_memory
1.0,1.0,0.0,1.0,0.0,0.026557693257927895,99,True,narrow_exit,0.4418791304607022,352,fsm_cross_memory
1.0,1.0,0.0,0.0,0.0,0.1176743283867836,99,True,l_shaped,0.8309334387021174,353,fsm_cross_memory
0.0,0.0,0.0,0.0,0.0,0.10454656928777695,91,True,asymmetric,0.6325355724787142,354,fsm_cross_memory
1.0,1.0,0.0,0.0,0.0,0.07203289121389389,112,True,asymmetric,0.769853736309047,355,fsm_cross_memory
0.0,0.0,0.0,0.0,0.0,4.820000171661377,16,True,narrow_entry,0.4442979320113952,356,fsm_cross_memory
0.0,0.0,0.0,0.0,0.0,0.1309642493724823,400,False,false_feasible,0.7220178129377571,357,fsm_cross_memory
0.0,0.0,0.0,1.0,0.0,0.012423614040017128,400,True,asymmetric,0.5122639279256973,358,fsm_cross_memory
1.0,1.0,0.0,1.0,0.0,0.04271332174539566,96,True,straight,0.5963604019657109,359,fsm_cross_memory
1.0,1.0,0.0,0.0,0.0,0.07474227994680405,136,True,s_shaped,0.7531406494787242,360,fsm_cross_memory
1.0,1.0,0.0,0.0,0.0,0.1772121638059616,82,True,straight,0.7314355494648314,361,fsm_cross_memory
1.0,1.0,0.0,0.0,0.0,0.24517017602920532,83,True,straight,0.8705735193751392,362,fsm_cross_memory
0.0,0.0,0.0,0.0,0.0,0.05683297663927078,400,False,false_feasible,0.6850875939252054,363,fsm_cross_memory
1.0,1.0,0.0,0.0,0.0,0.14038659632205963,96,True,asymmetric,0.7710180765352601,364,fsm_cross_memory
1.0,1.0,0.0,1.0,0.0,0.028441568836569786,98,True,narrow_exit,0.4348439790688405,365,fsm_cross_memory
1.0,1.0,0.0,0.0,0.0,0.15708504617214203,83,True,straight,0.7902192468953859,366,fsm_cross_memory
1.0,1.0,0.0,0.0,0.0,0.12010467052459717,114,True,s_shaped,0.8335888218286462,367,fsm_cross_memory
1.0,1.0,0.0,1.0,0.0,0.027153532952070236,80,True,narrow_exit,0.4381008243004151,368,fsm_cross_memory
1.0,1.0,0.0,0.0,0.0,0.1832883507013321,104,True,straight,0.8276510951348086,369,fsm_cross_memory
1.0,1.0,0.0,0.0,0.0,0.07026603817939758,85,True,narrow_exit,0.5391956786140941,370,fsm_cross_memory
1.0,1.0,0.0,0.0,0.0,0.07121481001377106,121,True,l_shaped,0.847110008824626,371,fsm_cross_memory
0.0,0.0,0.0,1.0,0.0,0.013828497380018234,400,True,l_shaped,0.4581934817591373,372,fsm_cross_memory
0.0,0.0,0.0,0.0,0.0,4.820000171661377,16,True,narrow_entry,0.4770782590610465,373,fsm_cross_memory
1.0,1.0,0.0,1.0,0.0,0.034560322761535645,106,True,narrow_exit,0.4350030436524524,374,fsm_cross_memory
0.0,0.0,0.0,0.0,0.0,4.820000171661377,18,True,s_shaped,0.5210959997474712,375,fsm_cross_memory
1.0,1.0,0.0,0.0,0.0,0.07535797357559204,109,True,l_shaped,0.7599771207534756,376,fsm_cross_memory
0.0,0.0,0.0,0.0,0.0,0.06674544513225555,400,False,false_feasible,0.5763959000903329,377,fsm_cross_memory
1.0,1.0,0.0,1.0,0.0,0.04602721333503723,109,True,asymmetric,0.8837715570461839,378,fsm_cross_memory
1.0,1.0,0.0,0.0,0.0,0.06117828190326691,117,True,s_shaped,0.6107088674612805,379,fsm_cross_memory
1.0,1.0,0.0,0.0,0.0,0.059998299926519394,174,True,s_shaped,0.8665720663572564,380,fsm_cross_memory
0.0,0.0,0.0,0.0,0.0,0.08262427151203156,400,False,false_feasible,0.5545469136847588,381,fsm_cross_memory
0.0,0.0,0.0,0.0,0.0,0.06721197068691254,67,True,asymmetric,0.6157347958967578,382,fsm_cross_memory
1.0,1.0,0.0,0.0,0.0,0.09301437437534332,108,True,asymmetric,0.8243683203342678,383,fsm_cross_memory
0.0,0.0,0.0,0.0,0.0,4.820000171661377,18,True,s_shaped,0.49255097431141853,384,fsm_cross_memory
1.0,1.0,0.0,0.0,0.0,0.08204755187034607,76,True,narrow_entry,0.529213017611265,385,fsm_cross_memory
1.0,1.0,0.0,0.0,0.0,0.06090071052312851,90,True,straight,0.5003285403847338,386,fsm_cross_memory
1.0,1.0,0.0,0.0,0.0,0.06586384028196335,119,True,s_shaped,0.6375211634466684,387,fsm_cross_memory
0.0,0.0,0.0,0.0,0.0,0.1310834139585495,400,False,false_feasible,0.6893684559830444,388,fsm_cross_memory
1.0,1.0,0.0,1.0,0.0,0.035452958196401596,82,True,narrow_exit,0.4820052262399057,389,fsm_cross_memory
1.0,1.0,0.0,0.0,0.0,0.060171786695718765,184,True,s_shaped,0.8985314013551302,390,fsm_cross_memory
1.0,1.0,0.0,0.0,0.0,0.05048833042383194,134,True,s_shaped,0.8362736956670866,391,fsm_cross_memory
1.0,1.0,0.0,1.0,0.0,0.031081819906830788,89,True,narrow_exit,0.4274737393891623,392,fsm_cross_memory
0.0,0.0,0.0,1.0,0.0,0.017308617010712624,400,True,s_shaped,0.6570524091911358,393,fsm_cross_memory
1.0,1.0,0.0,0.0,0.0,0.0580301359295845,78,True,narrow_exit,0.48806207342713714,394,fsm_cross_memory
1.0,1.0,0.0,0.0,0.0,0.18524205684661865,78,True,straight,0.8341386340078032,395,fsm_cross_memory
1.0,1.0,0.0,0.0,0.0,0.06887634098529816,110,True,straight,0.6057526932596331,396,fsm_cross_memory
0.0,0.0,0.0,1.0,0.0,0.0016736655961722136,133,True,asymmetric,0.7184018283443687,397,fsm_cross_memory
0.0,0.0,0.0,0.0,0.0,4.820000171661377,16,True,l_shaped,0.5257672548461756,398,fsm_cross_memory
0.0,0.0,0.0,0.0,0.0,0.09816587716341019,400,False,false_feasible,0.5843077481440224,399,fsm_cross_memory
1.0,1.0,0.0,1.0,0.0,0.040340524166822433,178,True,s_shaped,0.7658581927788515,400,fsm_cross_memory
1.0,1.0,0.0,0.0,0.0,0.057722631841897964,107,True,narrow_exit,0.5233998277867475,401,fsm_cross_memory
1.0,1.0,0.0,0.0,0.0,0.08514488488435745,116,True,l_shaped,0.8157214281345769,402,fsm_cross_memory
1.0,1.0,0.0,0.0,0.0,0.06133713573217392,98,True,l_shaped,0.6196972727808105,403,fsm_cross_memory
0.0,0.0,0.0,1.0,0.0,0.004627897869795561,88,True,s_shaped,0.5739880424521336,404,fsm_cross_memory
0.0,0.0,0.0,1.0,0.0,0.03590256720781326,400,True,asymmetric,0.5754713389353762,405,fsm_cross_memory
1.0,1.0,0.0,0.0,0.0,0.07159557193517685,105,True,l_shaped,0.6894611704819068,406,fsm_cross_memory
1.0,1.0,0.0,0.0,0.0,0.10586103051900864,101,True,narrow_exit,0.5718307171395534,407,fsm_cross_memory
0.0,0.0,0.0,0.0,0.0,4.820000171661377,15,True,straight,0.5354402950605919,408,fsm_cross_memory
1.0,1.0,0.0,0.0,0.0,0.05716189369559288,132,True,s_shaped,0.541000741632369,409,fsm_cross_memory
1.0,1.0,0.0,0.0,0.0,0.07302982360124588,96,True,l_shaped,0.6719368886326066,410,fsm_cross_memory
1.0,1.0,0.0,0.0,0.0,0.12574072182178497,130,True,l_shaped,0.7757853337274119,411,fsm_cross_memory
1.0,1.0,0.0,0.0,0.0,0.09763378649950027,107,True,l_shaped,0.8242862266851365,412,fsm_cross_memory
1.0,1.0,0.0,1.0,0.0,0.005786541383713484,136,True,asymmetric,0.8030965248230605,413,fsm_cross_memory
1.0,1.0,0.0,1.0,0.0,0.02803395502269268,95,True,narrow_entry,0.4572849318030954,414,fsm_cross_memory
1.0,1.0,0.0,1.0,0.0,0.04782000556588173,168,True,s_shaped,0.743024663743203,415,fsm_cross_memory
1.0,1.0,0.0,1.0,0.0,0.048251427710056305,91,True,narrow_exit,0.5054044202070527,416,fsm_cross_memory
1.0,1.0,0.0,1.0,0.0,0.04774441942572594,78,True,narrow_exit,0.46289233417751224,417,fsm_cross_memory
1.0,1.0,0.0,1.0,0.0,0.046905502676963806,99,True,l_shaped,0.7427339266538968,418,fsm_cross_memory
1.0,1.0,0.0,1.0,0.0,0.008842268027365208,87,True,straight,0.4994120990101415,419,fsm_cross_memory
0.0,0.0,0.0,0.0,0.0,4.820000171661377,17,True,s_shaped,0.4794957070242279,420,fsm_cross_memory
1.0,1.0,0.0,0.0,0.0,0.060893990099430084,85,True,narrow_entry,0.5121001182434277,421,fsm_cross_memory
0.0,0.0,0.0,1.0,0.0,0.0007512049051001668,80,True,s_shaped,0.533975671683138,422,fsm_cross_memory
0.0,0.0,0.0,0.0,0.0,0.13933151960372925,400,False,false_feasible,0.6957657756137586,423,fsm_cross_memory
1.0,1.0,0.0,0.0,0.0,0.08900752663612366,106,True,l_shaped,0.6194442011820822,424,fsm_cross_memory
1.0,1.0,0.0,1.0,0.0,0.044134560972452164,87,True,narrow_exit,0.4522407909989023,425,fsm_cross_memory
1.0,1.0,0.0,0.0,0.0,0.10811418294906616,114,True,l_shaped,0.7153903586441404,426,fsm_cross_memory
0.0,0.0,0.0,0.0,0.0,0.1418486386537552,74,True,l_shaped,0.7606359578464001,427,fsm_cross_memory
1.0,1.0,0.0,0.0,0.0,0.09456831961870193,102,True,narrow_exit,0.5692937255883069,428,fsm_cross_memory
1.0,1.0,0.0,0.0,0.0,0.12009605020284653,109,True,straight,0.667569585402912,429,fsm_cross_memory
0.0,0.0,0.0,0.0,0.0,4.820000171661377,18,True,s_shaped,0.46229221471488235,430,fsm_cross_memory
1.0,1.0,0.0,0.0,0.0,0.10037528723478317,83,True,narrow_entry,0.5662318067971783,431,fsm_cross_memory
1.0,1.0,0.0,0.0,0.0,0.06542038917541504,122,True,l_shaped,0.7151704433940544,432,fsm_cross_memory
1.0,1.0,0.0,0.0,0.0,0.11765040457248688,96,True,l_shaped,0.6817014686813307,433,fsm_cross_memory
1.0,1.0,0.0,1.0,0.0,0.03745192661881447,92,True,narrow_entry,0.49704240832005486,434,fsm_cross_memory
0.0,0.0,0.0,0.0,0.0,0.14745284616947174,400,False,false_feasible,0.7231042539105264,435,fsm_cross_memory
1.0,1.0,0.0,0.0,0.0,0.08429503440856934,90,True,narrow_entry,0.5619788754499856,436,fsm_cross_memory
0.0,0.0,0.0,0.0,0.0,0.11147080361843109,400,True,asymmetric,0.6183184619723158,437,fsm_cross_memory
1.0,1.0,0.0,1.0,0.0,0.04548868164420128,120,True,s_shaped,0.5873260168506701,438,fsm_cross_memory
1.0,1.0,0.0,0.0,0.0,0.05753253027796745,100,True,l_shaped,0.6319094461947308,439,fsm_cross_memory
1.0,1.0,0.0,0.0,0.0,0.057199668139219284,127,True,s_shaped,0.5641668563712667,440,fsm_cross_memory
1.0,1.0,0.0,0.0,0.0,0.12612994015216827,106,True,straight,0.7924514261034536,441,fsm_cross_memory
0.0,0.0,0.0,0.0,0.0,4.820000171661377,15,True,asymmetric,0.5394290418610502,442,fsm_cross_memory
1.0,1.0,0.0,0.0,0.0,0.06182160973548889,82,True,asymmetric,0.7669041006137016,443,fsm_cross_memory
1.0,1.0,0.0,1.0,0.0,0.0436323918402195,100,True,narrow_entry,0.48507947475726276,444,fsm_cross_memory
0.0,0.0,0.0,0.0,0.0,4.820000171661377,15,True,narrow_entry,0.4448377485215979,445,fsm_cross_memory
0.0,0.0,0.0,0.0,0.0,0.11324671655893326,400,False,false_feasible,0.66534121783125,446,fsm_cross_memory
1.0,1.0,0.0,0.0,0.0,0.06568921357393265,170,True,s_shaped,0.8212836740389787,447,fsm_cross_memory
1.0,1.0,0.0,0.0,0.0,0.05483197793364525,96,True,l_shaped,0.8343693759552385,448,fsm_cross_memory
0.0,0.0,0.0,0.0,0.0,4.820000171661377,18,True,s_shaped,0.47811239482201906,449,fsm_cross_memory
0.0,0.0,0.0,0.0,0.0,0.05680510774254799,205,True,asymmetric,0.6889928791886716,450,fsm_cross_memory
1.0,1.0,0.0,0.0,0.0,0.05535929277539253,106,True,l_shaped,0.8473823575317215,451,fsm_cross_memory
0.0,0.0,0.0,0.0,0.0,4.820000171661377,17,True,narrow_entry,0.4793145141253425,452,fsm_cross_memory
1.0,1.0,0.0,0.0,0.0,0.12369029968976974,95,True,l_shaped,0.7194534275892749,453,fsm_cross_memory
1.0,1.0,0.0,1.0,0.0,0.04219606891274452,82,True,narrow_exit,0.5008313913203086,454,fsm_cross_memory
1.0,1.0,0.0,0.0,0.0,0.05211338773369789,144,True,s_shaped,0.7729034384834741,455,fsm_cross_memory
1.0,1.0,0.0,1.0,0.0,0.022096434608101845,124,True,l_shaped,0.8403729584233337,456,fsm_cross_memory
1.0,1.0,0.0,0.0,0.0,0.13010375201702118,85,True,straight,0.7106544776033752,457,fsm_cross_memory
1.0,1.0,0.0,0.0,0.0,0.18949227035045624,82,True,straight,0.8419565890810181,458,fsm_cross_memory
0.0,0.0,0.0,0.0,0.0,0.11414910852909088,400,False,false_feasible,0.699712765526582,459,fsm_cross_memory
1.0,1.0,0.0,0.0,0.0,0.08731769770383835,101,True,l_shaped,0.8596122409195468,460,fsm_cross_memory
0.0,0.0,0.0,1.0,0.0,0.0022336477413773537,61,True,asymmetric,0.738572957484812,461,fsm_cross_memory
0.0,0.0,0.0,0.0,0.0,0.10307987779378891,400,False,false_feasible,0.5956817875528119,462,fsm_cross_memory
0.0,0.0,0.0,1.0,0.0,0.006574684754014015,95,True,s_shaped,0.5127264132900573,463,fsm_cross_memory
1.0,1.0,0.0,0.0,0.0,0.0733271986246109,146,True,s_shaped,0.755607688339683,464,fsm_cross_memory
1.0,1.0,0.0,1.0,0.0,0.006128977984189987,97,True,straight,0.6098163806817445,465,fsm_cross_memory
1.0,1.0,0.0,0.0,0.0,0.10316821932792664,110,True,narrow_exit,0.5665171416124553,466,fsm_cross_memory
1.0,1.0,0.0,0.0,0.0,0.11620423942804337,93,True,straight,0.67675689707531,467,fsm_cross_memory
0.0,0.0,0.0,0.0,0.0,0.10682283341884613,400,False,false_feasible,0.6659742760173044,468,fsm_cross_memory
0.0,0.0,0.0,0.0,0.0,0.11699549853801727,400,False,false_feasible,0.6379955262578458,469,fsm_cross_memory
1.0,1.0,0.0,0.0,0.0,0.051975317299366,126,True,s_shaped,0.7659543705172558,470,fsm_cross_memory
0.0,0.0,0.0,0.0,0.0,0.09650925546884537,400,False,false_feasible,0.5994554950675489,471,fsm_cross_memory
0.0,0.0,0.0,1.0,0.0,0.00625329976901412,58,True,l_shaped,0.7194459474824384,472,fsm_cross_memory
0.0,0.0,0.0,0.0,0.0,4.820000171661377,15,True,narrow_entry,0.4953063595030125,473,fsm_cross_memory
1.0,1.0,0.0,0.0,0.0,0.09886156022548676,106,True,l_shaped,0.8390071770842968,474,fsm_cross_memory
1.0,1.0,0.0,1.0,0.0,0.04909178987145424,161,True,s_shaped,0.8008481356740824,475,fsm_cross_memory
1.0,1.0,0.0,1.0,0.0,0.009612824767827988,107,True,straight,0.45669538558625083,476,fsm_cross_memory
1.0,1.0,0.0,1.0,0.0,0.019620103761553764,100,True,asymmetric,0.7755399381886307,477,fsm_cross_memory
1.0,1.0,0.0,0.0,0.0,0.07053769379854202,91,True,narrow_exit,0.5429622343090762,478,fsm_cross_memory
1.0,1.0,0.0,0.0,0.0,0.08492764830589294,115,True,l_shaped,0.882291560851034,479,fsm_cross_memory
0.0,0.0,0.0,1.0,0.0,0.03114611655473709,400,True,asymmetric,0.5689488956035859,480,fsm_cross_memory
1.0,1.0,0.0,1.0,0.0,0.04452141746878624,112,True,l_shaped,0.533416030625003,481,fsm_cross_memory
1.0,1.0,0.0,1.0,0.0,0.012801405042409897,95,True,narrow_entry,0.45608961609163023,482,fsm_cross_memory
1.0,1.0,0.0,1.0,0.0,0.0133529556915164,75,True,straight,0.46005413463446826,483,fsm_cross_memory
1.0,1.0,0.0,0.0,0.0,0.2055174708366394,105,True,straight,0.8795550248747721,484,fsm_cross_memory
1.0,1.0,0.0,0.0,0.0,0.07045932114124298,78,True,narrow_exit,0.5009812265146899,485,fsm_cross_memory
0.0,0.0,0.0,0.0,0.0,4.820000171661377,18,True,l_shaped,0.548101919685828,486,fsm_cross_memory
1.0,1.0,0.0,0.0,0.0,0.10778661072254181,92,True,l_shaped,0.681719111660769,487,fsm_cross_memory
1.0,1.0,0.0,0.0,0.0,0.08039437979459763,115,True,s_shaped,0.6616720988573537,488,fsm_cross_memory
1.0,1.0,0.0,1.0,0.0,0.023463543504476547,89,True,asymmetric,0.7987479849360539,489,fsm_cross_memory
0.0,0.0,0.0,0.0,0.0,0.16847288608551025,400,False,false_feasible,0.7710663494109717,490,fsm_cross_memory
0.0,0.0,0.0,1.0,0.0,0.04627181962132454,400,True,asymmetric,0.5597360027771825,491,fsm_cross_memory
0.0,0.0,0.0,1.0,0.0,0.006911681033670902,165,True,l_shaped,0.5024743256492846,492,fsm_cross_memory
0.0,0.0,0.0,0.0,0.0,4.820000171661377,18,True,l_shaped,0.45249321789687336,493,fsm_cross_memory
1.0,1.0,0.0,0.0,0.0,0.18088947236537933,96,True,straight,0.78822288455471,494,fsm_cross_memory
1.0,1.0,0.0,1.0,0.0,0.029833553358912468,75,True,narrow_exit,0.45400128804807605,495,fsm_cross_memory
1.0,1.0,0.0,1.0,0.0,0.034334033727645874,91,True,l_shaped,0.5302308343152444,496,fsm_cross_memory
1.0,1.0,0.0,0.0,0.0,0.11194323003292084,93,True,straight,0.8141176441223474,497,fsm_cross_memory
1.0,1.0,0.0,0.0,0.0,0.12338908016681671,104,True,straight,0.783420860840579,498,fsm_cross_memory
1.0,1.0,0.0,0.0,0.0,0.1532214879989624,96,True,straight,0.7197207512753752,499,fsm_cross_memory
