success,collision,near_collision,min_body_margin,steps,passable,corridor_type,passage_width,episode_idx,method
1.0,0.0,1.0,0.012246760539710522,60,True,narrow_entry,0.5745476255840488,0,rule_baseline
0.0,0.0,0.0,4.820000171661377,12,True,straight,0.6526736720530052,1,rule_baseline
0.0,0.0,0.0,0.11102550476789474,27,True,asymmetric,0.649536389472299,2,rule_baseline
0.0,0.0,1.0,0.010245800949633121,59,True,l_shaped,0.8868141109777066,3,rule_baseline
0.0,0.0,0.0,4.820000171661377,12,True,straight,0.7573720289591046,4,rule_baseline
0.0,0.0,0.0,4.820000171661377,14,True,l_shaped,0.6613001150741136,5,rule_baseline
0.0,0.0,1.0,0.02238045074045658,40,True,s_shaped,0.8247051882260268,6,rule_baseline
0.0,0.0,1.0,0.00474197743460536,55,True,narrow_exit,0.42132520855518096,7,rule_baseline
0.0,0.0,0.0,0.17256787419319153,400,True,s_shaped,0.7059335381788022,8,rule_baseline
0.0,0.0,1.0,0.011388128623366356,39,True,narrow_exit,0.47471101765127016,9,rule_baseline
0.0,0.0,0.0,0.0907980352640152,29,True,asymmetric,0.5552727686394033,10,rule_baseline
0.0,0.0,1.0,0.03813779354095459,36,True,narrow_exit,0.4500551255833867,11,rule_baseline
1.0,0.0,0.0,0.05284475162625313,62,True,straight,0.6754701487965136,12,rule_baseline
0.0,0.0,0.0,4.820000171661377,13,True,l_shaped,0.5856804401165445,13,rule_baseline
0.0,0.0,0.0,0.06424558907747269,38,False,false_feasible,0.6164674903648799,14,rule_baseline
0.0,0.0,1.0,0.01834622025489807,28,False,false_feasible,0.6005908411988077,15,rule_baseline
0.0,0.0,0.0,4.820000171661377,14,True,s_shaped,0.7322889783160995,16,rule_baseline
0.0,0.0,0.0,4.820000171661377,14,True,l_shaped,0.5150358849897211,17,rule_baseline
0.0,0.0,0.0,4.820000171661377,14,True,l_shaped,0.7159119711666375,18,rule_baseline
0.0,0.0,0.0,0.0686093419790268,400,True,s_shaped,0.6708181474595345,19,rule_baseline
0.0,0.0,0.0,4.820000171661377,14,True,s_shaped,0.4597254359461487,20,rule_baseline
0.0,0.0,0.0,4.820000171661377,13,True,l_shaped,0.7467401856113558,21,rule_baseline
1.0,0.0,1.0,0.04317155107855797,69,True,straight,0.6996836112261675,22,rule_baseline
0.0,0.0,0.0,4.820000171661377,14,True,l_shaped,0.8788047277813853,23,rule_baseline
0.0,0.0,0.0,4.820000171661377,11,True,straight,0.645793677001367,24,rule_baseline
1.0,0.0,0.0,0.0857706069946289,73,True,asymmetric,0.8520509878640384,25,rule_baseline
0.0,0.0,0.0,4.820000171661377,13,True,narrow_entry,0.5886263670960803,26,rule_baseline
1.0,0.0,1.0,0.013306783512234688,81,True,narrow_exit,0.475858261122017,27,rule_baseline
0.0,0.0,0.0,4.820000171661377,13,True,straight,0.5533452134994848,28,rule_baseline
0.0,0.0,1.0,0.035890232771635056,400,True,s_shaped,0.762418096039299,29,rule_baseline
1.0,0.0,0.0,0.1555977612733841,69,True,straight,0.8674031479529285,30,rule_baseline
0.0,0.0,1.0,0.008547906763851643,42,True,narrow_exit,0.5864655172761648,31,rule_baseline
1.0,0.0,0.0,0.13366329669952393,88,True,straight,0.6386014436923367,32,rule_baseline
0.0,0.0,0.0,4.820000171661377,12,True,asymmetric,0.6603217206998813,33,rule_baseline
0.0,0.0,0.0,0.12532350420951843,400,True,s_shaped,0.722707119315005,34,rule_baseline
0.0,0.0,1.0,0.003354390151798725,37,True,asymmetric,0.6542535969343349,35,rule_baseline
0.0,0.0,1.0,0.023596305400133133,45,True,narrow_exit,0.47586024130633336,36,rule_baseline
0.0,0.0,0.0,4.820000171661377,13,True,straight,0.5019705286494097,37,rule_baseline
1.0,0.0,0.0,0.14745785295963287,78,True,straight,0.7160147172499371,38,rule_baseline
0.0,0.0,0.0,0.10766783356666565,400,True,s_shaped,0.8437522240055739,39,rule_baseline
0.0,0.0,0.0,4.820000171661377,14,True,s_shaped,0.4721643539674173,40,rule_baseline
1.0,0.0,1.0,0.03239784017205238,87,True,straight,0.8296087282189888,41,rule_baseline
0.0,0.0,0.0,4.820000171661377,12,True,narrow_entry,0.5602193438240632,42,rule_baseline
0.0,0.0,0.0,0.18061774969100952,400,True,l_shaped,0.7378034720566995,43,rule_baseline
0.0,0.0,0.0,4.820000171661377,14,True,l_shaped,0.6148766024218113,44,rule_baseline
0.0,0.0,0.0,0.13580499589443207,33,False,false_feasible,0.6320903012511723,45,rule_baseline
1.0,0.0,1.0,0.012113542295992374,70,True,l_shaped,0.7807019230396308,46,rule_baseline
0.0,0.0,0.0,4.820000171661377,13,True,straight,0.7765720327221421,47,rule_baseline
0.0,0.0,0.0,0.07393787801265717,35,False,false_feasible,0.6984205011165886,48,rule_baseline
0.0,0.0,1.0,0.0015723488759249449,49,True,narrow_exit,0.5230374925260929,49,rule_baseline
0.0,0.0,1.0,0.005516946781426668,42,True,s_shaped,0.7198170486851756,50,rule_baseline
1.0,0.0,1.0,0.015198901295661926,81,True,narrow_entry,0.48005479649908284,51,rule_baseline
1.0,0.0,0.0,0.061696168035268784,86,True,straight,0.5165025176439862,52,rule_baseline
0.0,0.0,0.0,4.820000171661377,12,True,narrow_entry,0.5885051976309232,53,rule_baseline
0.0,0.0,0.0,4.820000171661377,12,False,false_feasible,0.7626334197976957,54,rule_baseline
0.0,0.0,0.0,4.820000171661377,12,True,asymmetric,0.5829115614048405,55,rule_baseline
0.0,0.0,1.0,0.00462919007986784,28,False,false_feasible,0.6209771094660098,56,rule_baseline
0.0,0.0,0.0,4.820000171661377,13,True,asymmetric,0.46304977644201123,57,rule_baseline
1.0,0.0,1.0,0.030701663345098495,58,True,straight,0.4524434253579152,58,rule_baseline
0.0,0.0,0.0,0.1247483342885971,400,True,l_shaped,0.8322339793153828,59,rule_baseline
0.0,0.0,1.0,0.03257107362151146,35,True,asymmetric,0.4680680847961799,60,rule_baseline
1.0,0.0,0.0,0.06948433816432953,63,True,straight,0.7805794913708227,61,rule_baseline
0.0,0.0,0.0,4.820000171661377,12,False,false_feasible,0.563625078747824,62,rule_baseline
1.0,0.0,0.0,0.1404413878917694,72,True,straight,0.8910122307993866,63,rule_baseline
1.0,0.0,1.0,0.03708384931087494,75,True,narrow_exit,0.4742416738526492,64,rule_baseline
1.0,0.0,0.0,0.1250164806842804,70,True,straight,0.6787587323011239,65,rule_baseline
1.0,0.0,0.0,0.05765252187848091,66,True,straight,0.5751339956015659,66,rule_baseline
0.0,0.0,1.0,0.009508004412055016,42,True,narrow_exit,0.45917313480545313,67,rule_baseline
0.0,0.0,0.0,4.820000171661377,14,True,s_shaped,0.551516790691895,68,rule_baseline
0.0,0.0,0.0,4.820000171661377,12,True,narrow_entry,0.49765527513238017,69,rule_baseline
0.0,0.0,1.0,0.02081163413822651,30,False,false_feasible,0.6800687786851423,70,rule_baseline
0.0,0.0,0.0,4.820000171661377,13,True,asymmetric,0.47500556260809507,71,rule_baseline
1.0,0.0,0.0,0.11241841316223145,69,True,asymmetric,0.8354466106085512,72,rule_baseline
0.0,0.0,0.0,4.820000171661377,12,False,false_feasible,0.6277403774801916,73,rule_baseline
0.0,0.0,0.0,4.820000171661377,14,True,s_shaped,0.5236880869162331,74,rule_baseline
0.0,0.0,0.0,4.820000171661377,12,True,straight,0.651710525964458,75,rule_baseline
0.0,0.0,1.0,0.04292897507548332,400,True,s_shaped,0.6611971203856806,76,rule_baseline
0.0,0.0,0.0,0.12675423920154572,400,True,s_shaped,0.7139003278566582,77,rule_baseline
0.0,0.0,1.0,0.0042983293533325195,42,True,narrow_exit,0.4859895092878702,78,rule_baseline
0.0,0.0,0.0,4.820000171661377,12,True,narrow_entry,0.5108624669226296,79,rule_baseline
0.0,0.0,1.0,0.02637418732047081,400,True,s_shaped,0.49724087215323176,80,rule_baseline
1.0,0.0,0.0,0.14514140784740448,71,True,straight,0.867357206326812,81,rule_baseline
1.0,0.0,0.0,0.10273317992687225,79,True,straight,0.5751099479703663,82,rule_baseline
1.0,0.0,1.0,0.015861565247178078,80,True,narrow_exit,0.5825990169535296,83,rule_baseline
1.0,0.0,0.0,0.20241424441337585,71,True,straight,0.7795860763472044,84,rule_baseline
0.0,0.0,0.0,4.820000171661377,12,False,false_feasible,0.6220570613719764,85,rule_baseline
1.0,0.0,1.0,0.0030436611268669367,79,True,s_shaped,0.8934930762727168,86,rule_baseline
1.0,0.0,1.0,0.03581627458333969,84,True,asymmetric,0.8661157502489499,87,rule_baseline
0.0,0.0,0.0,4.820000171661377,12,True,narrow_entry,0.5757821786500192,88,rule_baseline
0.0,0.0,0.0,4.820000171661377,12,True,asymmetric,0.4520250562228466,89,rule_baseline
0.0,0.0,1.0,0.004903600551187992,48,True,l_shaped,0.8337515083343607,90,rule_baseline
0.0,0.0,1.0,0.00820042472332716,44,True,l_shaped,0.8489509029773412,91,rule_baseline
0.0,0.0,0.0,0.08493978530168533,26,False,false_feasible,0.6519854877828206,92,rule_baseline
0.0,0.0,0.0,0.07163266837596893,25,False,false_feasible,0.5835917283282654,93,rule_baseline
0.0,0.0,0.0,4.820000171661377,13,True,l_shaped,0.6391717971773747,94,rule_baseline
0.0,0.0,0.0,0.09194605052471161,400,True,l_shaped,0.5964042287325046,95,rule_baseline
0.0,0.0,0.0,4.820000171661377,14,True,l_shaped,0.5586174277319983,96,rule_baseline
0.0,0.0,0.0,4.820000171661377,11,True,narrow_entry,0.4989095265451547,97,rule_baseline
1.0,0.0,0.0,0.06585252285003662,77,True,narrow_entry,0.521190732072763,98,rule_baseline
1.0,0.0,0.0,0.06306497752666473,61,True,straight,0.8818985350481492,99,rule_baseline
1.0,0.0,0.0,0.1094268187880516,73,True,straight,0.6548030290852931,100,rule_baseline
0.0,0.0,0.0,4.820000171661377,13,True,straight,0.6230269700954676,101,rule_baseline
0.0,0.0,0.0,4.820000171661377,14,True,l_shaped,0.6273565997301439,102,rule_baseline
0.0,0.0,1.0,0.0002637268917169422,35,True,s_shaped,0.6702759029282437,103,rule_baseline
0.0,0.0,0.0,4.820000171661377,13,True,l_shaped,0.6659385302479793,104,rule_baseline
0.0,0.0,0.0,4.820000171661377,14,True,s_shaped,0.77020111871855,105,rule_baseline
0.0,0.0,0.0,4.820000171661377,12,True,straight,0.4997832604029915,106,rule_baseline
1.0,0.0,1.0,0.014510853216052055,77,True,narrow_exit,0.5736065026816259,107,rule_baseline
1.0,0.0,1.0,0.011524769477546215,78,True,l_shaped,0.8634571564062063,108,rule_baseline
0.0,0.0,0.0,0.1858254373073578,400,True,l_shaped,0.809646085008671,109,rule_baseline
0.0,0.0,0.0,4.820000171661377,13,True,straight,0.6059153949332314,110,rule_baseline
0.0,0.0,0.0,4.820000171661377,12,True,narrow_entry,0.47708757080339614,111,rule_baseline
0.0,0.0,0.0,4.820000171661377,11,True,straight,0.6782817157119195,112,rule_baseline
0.0,0.0,0.0,0.05328300967812538,38,False,false_feasible,0.5817274938796283,113,rule_baseline
0.0,0.0,1.0,0.025389453396201134,39,True,narrow_exit,0.5705241318316682,114,rule_baseline
0.0,0.0,0.0,0.07788533717393875,400,True,l_shaped,0.7248465599559383,115,rule_baseline
1.0,0.0,1.0,0.046119123697280884,57,True,narrow_entry,0.4954690298221449,116,rule_baseline
1.0,0.0,0.0,0.1103028804063797,70,True,straight,0.8503453897539288,117,rule_baseline
0.0,0.0,0.0,0.05000917986035347,38,False,false_feasible,0.5998854982248727,118,rule_baseline
0.0,0.0,0.0,0.07729703933000565,400,True,l_shaped,0.6826587690822432,119,rule_baseline
0.0,0.0,0.0,4.820000171661377,13,False,false_feasible,0.7495243589545832,120,rule_baseline
1.0,0.0,1.0,0.007370861247181892,76,True,narrow_entry,0.4910333798670148,121,rule_baseline
0.0,0.0,1.0,0.00727054663002491,28,False,false_feasible,0.5991855451876579,122,rule_baseline
0.0,0.0,0.0,4.820000171661377,12,False,false_feasible,0.5747311262762056,123,rule_baseline
0.0,0.0,0.0,0.05729899927973747,400,True,s_shaped,0.5667479279345404,124,rule_baseline
0.0,0.0,0.0,4.820000171661377,13,True,l_shaped,0.5826482773085442,125,rule_baseline
0.0,0.0,0.0,0.059129420667886734,28,False,false_feasible,0.5844483839819513,126,rule_baseline
0.0,0.0,0.0,4.820000171661377,13,True,straight,0.5639649634800888,127,rule_baseline
0.0,0.0,0.0,4.820000171661377,12,True,narrow_entry,0.4868254746758899,128,rule_baseline
1.0,0.0,0.0,0.08582819998264313,61,True,straight,0.8532549370906337,129,rule_baseline
0.0,0.0,0.0,4.820000171661377,12,True,straight,0.6361055690894865,130,rule_baseline
1.0,0.0,1.0,0.017896611243486404,69,True,asymmetric,0.8435588129350073,131,rule_baseline
1.0,0.0,0.0,0.05933742597699165,73,True,asymmetric,0.7998114209974616,132,rule_baseline
0.0,0.0,0.0,4.820000171661377,12,True,straight,0.8785123721305574,133,rule_baseline
0.0,0.0,1.0,0.022002076730132103,44,True,narrow_exit,0.4254098241770122,134,rule_baseline
0.0,0.0,1.0,0.010389174334704876,400,True,s_shaped,0.6302030603603752,135,rule_baseline
1.0,0.0,1.0,0.046809952706098557,69,True,straight,0.8642996362231056,136,rule_baseline
1.0,0.0,1.0,0.049208998680114746,63,True,narrow_entry,0.5551509452540747,137,rule_baseline
1.0,0.0,0.0,0.05473773181438446,67,True,straight,0.8970158242850301,138,rule_baseline
0.0,0.0,0.0,4.820000171661377,12,True,straight,0.5185470195709091,139,rule_baseline
0.0,0.0,1.0,0.01226152665913105,48,True,l_shaped,0.7767810577727555,140,rule_baseline
0.0,0.0,1.0,0.010983374901115894,400,True,l_shaped,0.5297559755621727,141,rule_baseline
0.0,0.0,0.0,4.820000171661377,12,True,narrow_entry,0.5156544860875039,142,rule_baseline
0.0,0.0,1.0,0.0032563155982643366,40,True,s_shaped,0.7028185185283498,143,rule_baseline
0.0,0.0,1.0,0.0005729797994717956,400,True,s_shaped,0.6480225487050986,144,rule_baseline
0.0,0.0,0.0,4.820000171661377,13,True,l_shaped,0.5390144312666386,145,rule_baseline
0.0,0.0,0.0,4.820000171661377,14,True,l_shaped,0.5123945233050388,146,rule_baseline
0.0,0.0,0.0,4.820000171661377,12,True,narrow_entry,0.5298108869196912,147,rule_baseline
0.0,0.0,1.0,0.009688655845820904,47,True,narrow_exit,0.5775193703980521,148,rule_baseline
0.0,0.0,0.0,4.820000171661377,14,True,l_shaped,0.6950467809186028,149,rule_baseline
0.0,0.0,0.0,0.206679567694664,33,False,false_feasible,0.7945511076911403,150,rule_baseline
0.0,0.0,1.0,0.017375720664858818,43,True,narrow_exit,0.5254730473372898,151,rule_baseline
0.0,0.0,0.0,4.820000171661377,12,True,straight,0.4533781647599999,152,rule_baseline
1.0,0.0,0.0,0.09873317182064056,61,True,straight,0.798451155532373,153,rule_baseline
1.0,0.0,0.0,0.07325828820466995,70,True,straight,0.5192836121599319,154,rule_baseline
0.0,0.0,0.0,4.820000171661377,12,False,false_feasible,0.5844993793369764,155,rule_baseline
1.0,0.0,0.0,0.11743603646755219,74,True,straight,0.6405729276058443,156,rule_baseline
0.0,0.0,1.0,0.01706582121551037,40,True,narrow_exit,0.5129626924744154,157,rule_baseline
0.0,0.0,1.0,0.014420668594539165,400,True,s_shaped,0.6411496161669552,158,rule_baseline
0.0,0.0,0.0,4.820000171661377,14,True,s_shaped,0.5946955570084048,159,rule_baseline
0.0,0.0,0.0,4.820000171661377,12,True,straight,0.5190864849245762,160,rule_baseline
0.0,0.0,0.0,4.820000171661377,12,True,straight,0.6463424968624184,161,rule_baseline
0.0,0.0,0.0,4.820000171661377,13,True,asymmetric,0.525600381860042,162,rule_baseline
0.0,0.0,0.0,0.08145645260810852,400,True,l_shaped,0.7820089002478678,163,rule_baseline
0.0,0.0,0.0,4.820000171661377,14,True,l_shaped,0.5486351474153845,164,rule_baseline
0.0,0.0,0.0,4.820000171661377,12,True,straight,0.8203984302631049,165,rule_baseline
0.0,0.0,1.0,0.003885143669322133,62,True,narrow_exit,0.5775151558297348,166,rule_baseline
0.0,0.0,1.0,0.024359088391065598,51,True,narrow_exit,0.5219557171457361,167,rule_baseline
1.0,0.0,0.0,0.07057179510593414,72,True,straight,0.720701303605207,168,rule_baseline
0.0,0.0,0.0,4.820000171661377,12,True,narrow_entry,0.5210201522202079,169,rule_baseline
0.0,0.0,0.0,4.820000171661377,12,True,narrow_exit,0.4582098849913337,170,rule_baseline
0.0,0.0,0.0,4.820000171661377,14,True,s_shaped,0.6642412905053974,171,rule_baseline
0.0,0.0,0.0,4.820000171661377,14,True,l_shaped,0.49462063676946644,172,rule_baseline
0.0,0.0,1.0,0.0051147365011274815,38,True,l_shaped,0.6123414089332142,173,rule_baseline
0.0,0.0,1.0,0.02136593870818615,25,True,asymmetric,0.8683499794137999,174,rule_baseline
0.0,0.0,0.0,4.820000171661377,13,True,narrow_entry,0.5146908948394837,175,rule_baseline
0.0,0.0,0.0,4.820000171661377,12,True,narrow_exit,0.5961541459020789,176,rule_baseline
0.0,0.0,0.0,4.820000171661377,14,True,l_shaped,0.7131387162622216,177,rule_baseline
0.0,0.0,1.0,0.0013541360385715961,50,True,narrow_exit,0.49767342066372383,178,rule_baseline
0.0,0.0,0.0,0.09690861403942108,400,True,l_shaped,0.6529709250833649,179,rule_baseline
0.0,0.0,1.0,0.04430516064167023,38,True,l_shaped,0.6203667544018789,180,rule_baseline
0.0,0.0,1.0,0.014618058688938618,55,True,narrow_exit,0.5688221787462739,181,rule_baseline
0.0,0.0,0.0,0.11847851425409317,24,False,false_feasible,0.7809751001363575,182,rule_baseline
0.0,0.0,0.0,4.820000171661377,13,True,narrow_entry,0.5093551468390755,183,rule_baseline
0.0,0.0,1.0,0.00480478722602129,43,True,l_shaped,0.7042850597838175,184,rule_baseline
0.0,0.0,0.0,4.820000171661377,13,False,false_feasible,0.7639105304256009,185,rule_baseline
0.0,0.0,1.0,0.007348981685936451,42,True,s_shaped,0.7039767061616304,186,rule_baseline
1.0,0.0,1.0,0.04082662984728813,84,True,narrow_entry,0.47119148422321355,187,rule_baseline
1.0,0.0,1.0,0.041987527161836624,76,True,narrow_exit,0.48781212141747776,188,rule_baseline
0.0,0.0,0.0,4.820000171661377,14,True,l_shaped,0.5128306443806043,189,rule_baseline
1.0,0.0,1.0,0.039620112627744675,59,True,asymmetric,0.888487705398981,190,rule_baseline
0.0,0.0,0.0,4.820000171661377,11,True,straight,0.6905703380801739,191,rule_baseline
0.0,0.0,0.0,4.820000171661377,11,True,narrow_entry,0.5825380476131046,192,rule_baseline
0.0,0.0,0.0,0.05340959131717682,41,True,asymmetric,0.5200909519385607,193,rule_baseline
0.0,0.0,0.0,0.055700842291116714,32,False,false_feasible,0.5973408729182135,194,rule_baseline
0.0,0.0,0.0,0.07368113100528717,27,False,false_feasible,0.7858455878194632,195,rule_baseline
0.0,0.0,0.0,4.820000171661377,12,True,narrow_entry,0.5021526944223321,196,rule_baseline
0.0,0.0,0.0,4.820000171661377,13,True,narrow_entry,0.5875232079380317,197,rule_baseline
0.0,0.0,0.0,4.820000171661377,13,True,l_shaped,0.6820900543296231,198,rule_baseline
0.0,0.0,0.0,4.820000171661377,12,True,straight,0.5378059084915514,199,rule_baseline
1.0,0.0,0.0,0.060332003980875015,84,True,narrow_exit,0.531202003531005,200,rule_baseline
0.0,0.0,0.0,0.08381174504756927,400,True,l_shaped,0.6470287045541268,201,rule_baseline
0.0,0.0,1.0,0.0010883499635383487,55,True,l_shaped,0.7439363482602684,202,rule_baseline
0.0,0.0,0.0,4.820000171661377,12,False,false_feasible,0.5768280907081301,203,rule_baseline
0.0,0.0,0.0,4.820000171661377,14,True,s_shaped,0.6397947282215526,204,rule_baseline
0.0,0.0,0.0,0.09691473096609116,400,True,s_shaped,0.8535399172158142,205,rule_baseline
0.0,0.0,1.0,0.0182426068931818,48,True,narrow_exit,0.48258125427046256,206,rule_baseline
1.0,0.0,1.0,0.039569590240716934,74,True,s_shaped,0.8154553325341767,207,rule_baseline
0.0,0.0,0.0,4.820000171661377,12,True,straight,0.7320712422528939,208,rule_baseline
1.0,0.0,0.0,0.13491716980934143,62,True,straight,0.8802209967851831,209,rule_baseline
0.0,0.0,1.0,0.015640728175640106,41,True,s_shaped,0.8472715047153352,210,rule_baseline
0.0,0.0,0.0,4.820000171661377,14,True,l_shaped,0.5887499417787799,211,rule_baseline
1.0,0.0,0.0,0.07387702912092209,83,True,narrow_entry,0.5667131573193758,212,rule_baseline
0.0,0.0,0.0,4.820000171661377,14,True,s_shaped,0.6264270100869495,213,rule_baseline
0.0,0.0,1.0,0.03671815246343613,41,True,l_shaped,0.6161727786034359,214,rule_baseline
1.0,0.0,0.0,0.0686659887433052,76,True,asymmetric,0.8994733368001464,215,rule_baseline
1.0,0.0,0.0,0.0975315272808075,72,True,straight,0.6647402849773161,216,rule_baseline
0.0,0.0,0.0,4.820000171661377,12,True,narrow_exit,0.4605319798989982,217,rule_baseline
0.0,0.0,1.0,0.030924415215849876,38,True,asymmetric,0.5914565741834572,218,rule_baseline
0.0,0.0,0.0,4.820000171661377,14,True,l_shaped,0.5264099881977184,219,rule_baseline
0.0,0.0,0.0,4.820000171661377,12,True,narrow_exit,0.5661578762718981,220,rule_baseline
0.0,0.0,0.0,0.09486398100852966,31,True,asymmetric,0.5558653747870402,221,rule_baseline
1.0,0.0,1.0,0.03498074412345886,63,True,narrow_entry,0.4880972425602814,222,rule_baseline
0.0,0.0,0.0,4.820000171661377,12,True,straight,0.5435991331688073,223,rule_baseline
0.0,0.0,0.0,0.17068561911582947,400,True,l_shaped,0.7861841102834488,224,rule_baseline
0.0,0.0,0.0,4.820000171661377,12,True,asymmetric,0.739013588355597,225,rule_baseline
1.0,0.0,1.0,0.030619904398918152,63,True,narrow_entry,0.4376018395401797,226,rule_baseline
0.0,0.0,0.0,4.820000171661377,13,True,narrow_entry,0.5644897089519058,227,rule_baseline
0.0,0.0,1.0,0.016773227602243423,39,True,s_shaped,0.5511102635456432,228,rule_baseline
0.0,0.0,0.0,4.820000171661377,13,True,l_shaped,0.862828015169764,229,rule_baseline
0.0,0.0,0.0,4.820000171661377,13,True,l_shaped,0.7285123715280867,230,rule_baseline
0.0,0.0,1.0,0.005447989329695702,39,True,s_shaped,0.8445051624382662,231,rule_baseline
0.0,0.0,1.0,0.01845451258122921,48,True,l_shaped,0.676293721641159,232,rule_baseline
0.0,0.0,1.0,0.013197913765907288,53,True,l_shaped,0.7814354479658496,233,rule_baseline
0.0,0.0,0.0,4.820000171661377,12,True,narrow_entry,0.5971533476906399,234,rule_baseline
0.0,0.0,1.0,0.025441881269216537,400,True,s_shaped,0.8439925700372564,235,rule_baseline
0.0,0.0,0.0,4.820000171661377,12,True,narrow_entry,0.5291453112387963,236,rule_baseline
0.0,0.0,1.0,0.0161809790879488,46,True,narrow_exit,0.4826896590230621,237,rule_baseline
1.0,0.0,0.0,0.0609830878674984,65,True,straight,0.7873675879700865,238,rule_baseline
0.0,0.0,0.0,4.820000171661377,12,True,asymmetric,0.5471661556940697,239,rule_baseline
0.0,0.0,0.0,4.820000171661377,12,True,narrow_entry,0.5539190500850983,240,rule_baseline
1.0,0.0,0.0,0.07831300050020218,68,True,asymmetric,0.8152885670486694,241,rule_baseline
0.0,0.0,0.0,4.820000171661377,14,True,l_shaped,0.5261106183222851,242,rule_baseline
1.0,0.0,0.0,0.06876226514577866,83,True,straight,0.5096439364281361,243,rule_baseline
1.0,0.0,1.0,0.004066778346896172,79,True,narrow_exit,0.5139825167225671,244,rule_baseline
1.0,0.0,0.0,0.0825352743268013,65,True,straight,0.8084572784112112,245,rule_baseline
0.0,0.0,0.0,0.058292288333177567,33,True,asymmetric,0.5985905830189792,246,rule_baseline
1.0,0.0,1.0,0.034048378467559814,66,True,narrow_exit,0.5223900849691774,247,rule_baseline
1.0,0.0,0.0,0.07551350444555283,78,True,narrow_exit,0.5414550641484401,248,rule_baseline
0.0,0.0,0.0,4.820000171661377,12,True,straight,0.5500655675535648,249,rule_baseline
0.0,0.0,0.0,4.820000171661377,12,True,asymmetric,0.6956092285827585,250,rule_baseline
0.0,0.0,0.0,4.820000171661377,14,True,s_shaped,0.7208986335873884,251,rule_baseline
0.0,0.0,1.0,0.02027219906449318,400,True,s_shaped,0.8829899948406159,252,rule_baseline
0.0,0.0,0.0,4.820000171661377,13,True,narrow_entry,0.42578683580451304,253,rule_baseline
0.0,0.0,0.0,4.820000171661377,14,True,l_shaped,0.7387025966839585,254,rule_baseline
0.0,0.0,0.0,4.820000171661377,12,True,narrow_entry,0.5997891499718648,255,rule_baseline
0.0,0.0,0.0,0.13372673094272614,35,False,false_feasible,0.6816933078405769,256,rule_baseline
0.0,0.0,0.0,4.820000171661377,13,True,l_shaped,0.64791406911621,257,rule_baseline
0.0,0.0,1.0,0.016032550483942032,49,True,l_shaped,0.6962772785421936,258,rule_baseline
0.0,0.0,0.0,0.11236149817705154,400,True,l_shaped,0.5988046486258587,259,rule_baseline
0.0,0.0,0.0,4.820000171661377,13,True,narrow_entry,0.4238080820561928,260,rule_baseline
0.0,0.0,0.0,4.820000171661377,13,True,straight,0.7117772840814217,261,rule_baseline
0.0,0.0,1.0,0.014899970032274723,54,True,narrow_exit,0.43292348562480826,262,rule_baseline
0.0,0.0,0.0,4.820000171661377,13,False,false_feasible,0.5875098945620526,263,rule_baseline
0.0,0.0,0.0,0.052112266421318054,400,True,l_shaped,0.6647548094891085,264,rule_baseline
1.0,0.0,0.0,0.12294840812683105,77,True,straight,0.6476303309426706,265,rule_baseline
1.0,0.0,1.0,0.010761707089841366,61,True,asymmetric,0.7702676194137246,266,rule_baseline
0.0,0.0,0.0,4.820000171661377,14,True,s_shaped,0.6362686435745704,267,rule_baseline
0.0,0.0,1.0,0.019048763439059258,38,False,false_feasible,0.5530129657539813,268,rule_baseline
0.0,0.0,1.0,0.0105477599427104,40,True,asymmetric,0.7262227151140552,269,rule_baseline
0.0,0.0,0.0,4.820000171661377,12,True,narrow_entry,0.5050443619616078,270,rule_baseline
0.0,0.0,0.0,4.820000171661377,12,True,straight,0.5488108164909411,271,rule_baseline
0.0,0.0,1.0,0.03987717628479004,46,True,l_shaped,0.8368025100385041,272,rule_baseline
0.0,0.0,1.0,0.0022905124351382256,60,True,l_shaped,0.7618169657636347,273,rule_baseline
1.0,0.0,0.0,0.06502477079629898,81,True,straight,0.6638875280476219,274,rule_baseline
0.0,0.0,0.0,4.820000171661377,12,True,asymmetric,0.6840323605176697,275,rule_baseline
0.0,0.0,0.0,4.820000171661377,14,True,s_shaped,0.5137375355878072,276,rule_baseline
0.0,0.0,1.0,0.0023454702459275723,35,True,s_shaped,0.6848443956099852,277,rule_baseline
1.0,0.0,1.0,0.00928717851638794,71,True,straight,0.5617324115483817,278,rule_baseline
0.0,0.0,1.0,0.009650195017457008,50,True,l_shaped,0.6886985308213855,279,rule_baseline
0.0,0.0,0.0,4.820000171661377,11,True,straight,0.8022692545418904,280,rule_baseline
0.0,0.0,0.0,4.820000171661377,11,True,narrow_entry,0.5617600052753791,281,rule_baseline
0.0,0.0,0.0,4.820000171661377,14,True,s_shaped,0.5160344549434437,282,rule_baseline
1.0,0.0,0.0,0.05484011396765709,61,True,s_shaped,0.8901205856045911,283,rule_baseline
1.0,0.0,0.0,0.08130285143852234,86,True,straight,0.6406448042477723,284,rule_baseline
0.0,0.0,0.0,4.820000171661377,13,True,l_shaped,0.6770453578667718,285,rule_baseline
0.0,0.0,0.0,0.09233984351158142,400,True,s_shaped,0.8894371798868155,286,rule_baseline
1.0,0.0,0.0,0.14324705302715302,65,True,straight,0.7536657385826413,287,rule_baseline
0.0,0.0,0.0,4.820000171661377,12,True,narrow_entry,0.48503380179348293,288,rule_baseline
0.0,0.0,0.0,4.820000171661377,13,True,straight,0.6725701007885039,289,rule_baseline
1.0,0.0,0.0,0.199387788772583,87,True,straight,0.813124900959316,290,rule_baseline
0.0,0.0,0.0,4.820000171661377,12,True,narrow_entry,0.4814768871962921,291,rule_baseline
1.0,0.0,0.0,0.07201728969812393,66,True,straight,0.8674507811043997,292,rule_baseline
0.0,0.0,0.0,0.060264695435762405,400,True,l_shaped,0.5732577758727204,293,rule_baseline
0.0,0.0,1.0,0.036801960319280624,38,True,l_shaped,0.5975657475888168,294,rule_baseline
0.0,0.0,0.0,4.820000171661377,13,False,false_feasible,0.6829559639444835,295,rule_baseline
0.0,0.0,0.0,4.820000171661377,13,True,narrow_entry,0.475522732049595,296,rule_baseline
0.0,0.0,1.0,0.006054453086107969,53,True,narrow_exit,0.56386012589863,297,rule_baseline
0.0,0.0,0.0,4.820000171661377,14,True,s_shaped,0.4691060787726442,298,rule_baseline
0.0,0.0,0.0,0.09622371196746826,34,True,asymmetric,0.6416869341657822,299,rule_baseline
0.0,0.0,0.0,4.820000171661377,14,True,l_shaped,0.7046055987183408,300,rule_baseline
0.0,0.0,0.0,4.820000171661377,12,False,false_feasible,0.5855259814629107,301,rule_baseline
0.0,0.0,0.0,4.820000171661377,12,True,straight,0.7037380815620913,302,rule_baseline
0.0,0.0,0.0,4.820000171661377,12,True,asymmetric,0.48038729148812404,303,rule_baseline
1.0,0.0,1.0,0.0015359936514869332,76,True,straight,0.5954696479642971,304,rule_baseline
0.0,0.0,1.0,8.758565854805056e-06,13,True,straight,0.4968681722112922,305,rule_baseline
1.0,0.0,1.0,0.02193210832774639,71,True,s_shaped,0.8650609373457014,306,rule_baseline
0.0,0.0,0.0,4.820000171661377,14,True,s_shaped,0.6372727560302809,307,rule_baseline
0.0,0.0,1.0,0.004752529319375753,55,True,narrow_exit,0.43692381639038946,308,rule_baseline
0.0,0.0,0.0,0.09284398704767227,400,True,l_shaped,0.6157548738928549,309,rule_baseline
0.0,0.0,1.0,0.007769359741359949,400,True,l_shaped,0.5386317941790119,310,rule_baseline
0.0,0.0,0.0,4.820000171661377,12,True,narrow_entry,0.5257535086600513,311,rule_baseline
0.0,0.0,0.0,4.820000171661377,14,True,s_shaped,0.7642432835408647,312,rule_baseline
0.0,0.0,0.0,0.08232089877128601,400,True,s_shaped,0.7755441157697789,313,rule_baseline
1.0,0.0,1.0,0.008459420874714851,64,True,straight,0.7002856335590052,314,rule_baseline
0.0,0.0,0.0,4.820000171661377,14,True,s_shaped,0.5346469026546081,315,rule_baseline
1.0,0.0,1.0,0.020406736060976982,88,True,straight,0.5815401945434963,316,rule_baseline
0.0,0.0,0.0,4.820000171661377,14,True,l_shaped,0.584606314874935,317,rule_baseline
0.0,0.0,0.0,0.10726500302553177,28,False,false_feasible,0.6679100476560947,318,rule_baseline
1.0,0.0,0.0,0.17695507407188416,59,True,asymmetric,0.8977542377957146,319,rule_baseline
0.0,0.0,0.0,4.820000171661377,13,True,narrow_entry,0.5854642047991006,320,rule_baseline
0.0,0.0,0.0,4.820000171661377,12,False,false_feasible,0.5995294353530227,321,rule_baseline
0.0,0.0,0.0,0.08867593109607697,400,True,s_shaped,0.7603928317998392,322,rule_baseline
0.0,0.0,0.0,4.820000171661377,12,True,narrow_entry,0.5502741522345308,323,rule_baseline
1.0,0.0,0.0,0.20371249318122864,64,True,straight,0.8341335779160304,324,rule_baseline
0.0,0.0,0.0,4.820000171661377,13,True,narrow_entry,0.5101189513190285,325,rule_baseline
1.0,0.0,1.0,0.039732348173856735,78,True,asymmetric,0.7493462845218546,326,rule_baseline
0.0,0.0,0.0,4.820000171661377,14,True,l_shaped,0.5874662755670266,327,rule_baseline
1.0,0.0,0.0,0.1131586879491806,84,True,straight,0.7622367003940507,328,rule_baseline
0.0,0.0,0.0,4.820000171661377,13,True,straight,0.4712626524854183,329,rule_baseline
1.0,0.0,0.0,0.06678027659654617,68,True,narrow_entry,0.52658390848266,330,rule_baseline
0.0,0.0,0.0,4.820000171661377,14,True,l_shaped,0.5352710747342472,331,rule_baseline
0.0,0.0,1.0,0.032978255301713943,29,True,asymmetric,0.8125977142540357,332,rule_baseline
0.0,0.0,0.0,4.820000171661377,12,False,false_feasible,0.6843593933384942,333,rule_baseline
0.0,0.0,0.0,4.820000171661377,12,True,straight,0.5390913358876082,334,rule_baseline
0.0,0.0,0.0,4.820000171661377,12,True,narrow_entry,0.5445324710314174,335,rule_baseline
0.0,0.0,1.0,0.021389277651906013,58,True,l_shaped,0.7637731478234682,336,rule_baseline
0.0,0.0,0.0,0.06207004934549332,30,False,false_feasible,0.6006013198759406,337,rule_baseline
1.0,0.0,0.0,0.08225341141223907,82,True,narrow_exit,0.5354784966013542,338,rule_baseline
0.0,0.0,0.0,4.820000171661377,12,True,straight,0.5729204433264841,339,rule_baseline
1.0,0.0,0.0,0.10188917815685272,64,True,straight,0.716523727699982,340,rule_baseline
1.0,0.0,1.0,0.04382723942399025,84,True,narrow_exit,0.5003250038090357,341,rule_baseline
0.0,0.0,0.0,4.820000171661377,13,True,straight,0.5143533305968733,342,rule_baseline
0.0,0.0,0.0,4.820000171661377,14,True,s_shaped,0.555678073466654,343,rule_baseline
1.0,0.0,0.0,0.17493441700935364,87,True,straight,0.7238968886820527,344,rule_baseline
0.0,0.0,0.0,4.820000171661377,12,False,false_feasible,0.6805353618022505,345,rule_baseline
0.0,0.0,0.0,0.053816333413124084,29,False,false_feasible,0.619299535052635,346,rule_baseline
0.0,0.0,0.0,4.820000171661377,14,True,s_shaped,0.5037517961679152,347,rule_baseline
0.0,0.0,0.0,4.820000171661377,13,True,l_shaped,0.5234430081230041,348,rule_baseline
0.0,0.0,0.0,4.820000171661377,12,False,false_feasible,0.7572718958339757,349,rule_baseline
1.0,0.0,1.0,0.019622106105089188,73,True,narrow_exit,0.42223149850484326,350,rule_baseline
0.0,0.0,0.0,0.09919880330562592,400,True,l_shaped,0.6873951935237322,351,rule_baseline
0.0,0.0,0.0,4.820000171661377,14,True,s_shaped,0.6746761156383666,352,rule_baseline
0.0,0.0,0.0,4.820000171661377,14,True,s_shaped,0.4639476548165105,353,rule_baseline
0.0,0.0,0.0,4.820000171661377,13,True,straight,0.4949783350985309,354,rule_baseline
0.0,0.0,1.0,0.025262540206313133,49,True,narrow_exit,0.5181368822200751,355,rule_baseline
0.0,0.0,0.0,0.15814663469791412,22,False,false_feasible,0.7590499377394438,356,rule_baseline
0.0,0.0,0.0,4.820000171661377,14,True,s_shaped,0.6310668974274827,357,rule_baseline
0.0,0.0,0.0,4.820000171661377,11,True,straight,0.633085127725872,358,rule_baseline
0.0,0.0,1.0,0.0010602179681882262,42,True,narrow_exit,0.4256846395247397,359,rule_baseline
1.0,0.0,1.0,0.03821539878845215,82,True,l_shaped,0.8489905011575196,360,rule_baseline
1.0,0.0,0.0,0.08432985842227936,84,True,straight,0.8373987758344472,361,rule_baseline
0.0,0.0,0.0,0.13787493109703064,28,False,false_feasible,0.7829560726988289,362,rule_baseline
1.0,0.0,0.0,0.09425812214612961,85,True,straight,0.6734542037162343,363,rule_baseline
0.0,0.0,1.0,0.028841087594628334,400,True,s_shaped,0.6589807318427364,364,rule_baseline
1.0,0.0,1.0,0.0015462792944163084,85,True,asymmetric,0.5809726586027926,365,rule_baseline
0.0,0.0,1.0,0.01857573725283146,41,True,s_shaped,0.8162620576693067,366,rule_baseline
0.0,0.0,0.0,0.19190041720867157,400,True,l_shaped,0.8283132767401924,367,rule_baseline
0.0,0.0,1.0,0.013600489124655724,42,True,asymmetric,0.48155149441988276,368,rule_baseline
0.0,0.0,1.0,0.013602419756352901,51,True,narrow_exit,0.5672103557924545,369,rule_baseline
1.0,0.0,1.0,0.02396848052740097,66,True,straight,0.7122071077788414,370,rule_baseline
0.0,0.0,1.0,0.01873904839158058,47,True,narrow_exit,0.5907563642249145,371,rule_baseline
1.0,0.0,0.0,0.13002732396125793,58,True,straight,0.8188461987908233,372,rule_baseline
0.0,0.0,0.0,4.820000171661377,12,True,narrow_exit,0.5662134503646514,373,rule_baseline
1.0,0.0,0.0,0.09428141266107559,88,True,straight,0.7392616939501118,374,rule_baseline
1.0,0.0,0.0,0.1761808693408966,64,True,straight,0.8372535998731345,375,rule_baseline
0.0,0.0,0.0,4.820000171661377,12,True,straight,0.7004187407298574,376,rule_baseline
0.0,0.0,0.0,4.820000171661377,14,True,s_shaped,0.5255720912694887,377,rule_baseline
0.0,0.0,1.0,0.006942790001630783,400,True,l_shaped,0.6997690282736465,378,rule_baseline
0.0,0.0,0.0,4.820000171661377,13,True,narrow_entry,0.43675967955453554,379,rule_baseline
0.0,0.0,1.0,0.01684948429465294,46,True,l_shaped,0.5339979466629434,380,rule_baseline
1.0,0.0,0.0,0.08329544216394424,83,True,straight,0.8469349692471471,381,rule_baseline
0.0,0.0,0.0,4.820000171661377,13,True,narrow_exit,0.5854397396219889,382,rule_baseline
0.0,0.0,0.0,4.820000171661377,14,True,s_shaped,0.7539050118042848,383,rule_baseline
0.0,0.0,0.0,4.820000171661377,13,True,narrow_entry,0.5367474224646778,384,rule_baseline
0.0,0.0,0.0,4.820000171661377,12,True,narrow_exit,0.5445393166870626,385,rule_baseline
0.0,0.0,0.0,4.820000171661377,12,True,asymmetric,0.48381273356948834,386,rule_baseline
0.0,0.0,1.0,0.015928827226161957,41,True,narrow_exit,0.5086433250600779,387,rule_baseline
1.0,0.0,1.0,0.0469743050634861,60,True,l_shaped,0.7789634429167849,388,rule_baseline
0.0,0.0,0.0,4.820000171661377,12,True,straight,0.46273153753715157,389,rule_baseline
0.0,0.0,1.0,0.04213016852736473,400,True,s_shaped,0.8654906530396146,390,rule_baseline
0.0,0.0,1.0,0.035298217087984085,400,True,s_shaped,0.5489970476972676,391,rule_baseline
0.0,0.0,1.0,0.003532645059749484,40,True,narrow_exit,0.46868461428884617,392,rule_baseline
0.0,0.0,0.0,4.820000171661377,14,True,s_shaped,0.5604103192201321,393,rule_baseline
0.0,0.0,0.0,4.820000171661377,13,True,l_shaped,0.6440932266821061,394,rule_baseline
0.0,0.0,1.0,0.026002878323197365,400,True,s_shaped,0.7865053754159992,395,rule_baseline
0.0,0.0,0.0,4.820000171661377,12,True,straight,0.634698663099951,396,rule_baseline
0.0,0.0,1.0,0.012739622965455055,38,True,narrow_exit,0.46491867166896966,397,rule_baseline
0.0,0.0,0.0,4.820000171661377,14,True,s_shaped,0.4504454972668738,398,rule_baseline
1.0,0.0,0.0,0.1140645295381546,61,True,straight,0.873615105571611,399,rule_baseline
0.0,0.0,0.0,0.09976398944854736,28,False,false_feasible,0.7025724879259627,400,rule_baseline
0.0,0.0,1.0,0.02872653864324093,42,True,l_shaped,0.8690594978157582,401,rule_baseline
1.0,0.0,0.0,0.10684365034103394,75,True,straight,0.8652889633163358,402,rule_baseline
0.0,0.0,0.0,4.820000171661377,14,True,s_shaped,0.7530811716263597,403,rule_baseline
0.0,0.0,0.0,0.05422000586986542,26,False,false_feasible,0.590261420704985,404,rule_baseline
1.0,0.0,0.0,0.07251673936843872,85,True,narrow_exit,0.5213643978453197,405,rule_baseline
0.0,0.0,0.0,4.820000171661377,13,True,straight,0.560082209741563,406,rule_baseline
0.0,0.0,0.0,4.820000171661377,13,True,asymmetric,0.5258901968122404,407,rule_baseline
1.0,0.0,1.0,0.015294301323592663,63,True,straight,0.7995099043571807,408,rule_baseline
0.0,0.0,0.0,4.820000171661377,14,True,l_shaped,0.5206614738003867,409,rule_baseline
1.0,0.0,0.0,0.13435934484004974,65,True,straight,0.7164804345775513,410,rule_baseline
0.0,0.0,0.0,4.820000171661377,14,True,l_shaped,0.7082303859110689,411,rule_baseline
0.0,0.0,0.0,0.14493146538734436,400,True,s_shaped,0.818787587347954,412,rule_baseline
1.0,0.0,0.0,0.10635211318731308,59,True,straight,0.7228127787525637,413,rule_baseline
0.0,0.0,1.0,0.02222159504890442,36,True,s_shaped,0.5221521562242907,414,rule_baseline
0.0,0.0,0.0,0.11355593800544739,400,True,s_shaped,0.7448012511411441,415,rule_baseline
0.0,0.0,0.0,4.820000171661377,13,True,narrow_entry,0.5593952102007809,416,rule_baseline
0.0,0.0,1.0,0.03386824205517769,44,True,asymmetric,0.7929328594635792,417,rule_baseline
0.0,0.0,1.0,0.020888647064566612,52,True,l_shaped,0.6269625604803,418,rule_baseline
1.0,0.0,0.0,0.051265593618154526,73,True,l_shaped,0.8368561355588942,419,rule_baseline
0.0,0.0,0.0,0.09193360060453415,400,True,l_shaped,0.8934140529757,420,rule_baseline
0.0,0.0,1.0,0.010383477434515953,400,True,l_shaped,0.8659261726555774,421,rule_baseline
0.0,0.0,1.0,0.0077827805653214455,43,True,narrow_exit,0.5795804244599301,422,rule_baseline
0.0,0.0,0.0,0.181108757853508,400,True,s_shaped,0.7278061949665587,423,rule_baseline
1.0,0.0,1.0,0.004567017778754234,71,True,asymmetric,0.6182648281319505,424,rule_baseline
0.0,0.0,0.0,0.10202653706073761,37,False,false_feasible,0.7308898385229509,425,rule_baseline
0.0,0.0,1.0,0.015379020012915134,49,True,l_shaped,0.5012582646685599,426,rule_baseline
0.0,0.0,0.0,4.820000171661377,14,True,s_shaped,0.6960660571082298,427,rule_baseline
0.0,0.0,0.0,4.820000171661377,12,True,straight,0.4876029144668152,428,rule_baseline
0.0,0.0,0.0,0.10272371023893356,33,False,false_feasible,0.7898448180788078,429,rule_baseline
0.0,0.0,0.0,4.820000171661377,12,False,false_feasible,0.6137966280733855,430,rule_baseline
0.0,0.0,1.0,0.04622360318899155,39,True,l_shaped,0.5727761895044058,431,rule_baseline
1.0,0.0,0.0,0.12730656564235687,61,True,straight,0.6937823572484527,432,rule_baseline
0.0,0.0,1.0,0.02132553607225418,400,True,s_shaped,0.8554973909178045,433,rule_baseline
0.0,0.0,0.0,4.820000171661377,11,True,narrow_entry,0.47460077388279576,434,rule_baseline
1.0,0.0,0.0,0.08080198615789413,57,True,narrow_entry,0.5745182073131728,435,rule_baseline
0.0,0.0,0.0,4.820000171661377,13,True,straight,0.5992871906066504,436,rule_baseline
0.0,0.0,0.0,0.23933716118335724,400,True,l_shaped,0.8920038138631132,437,rule_baseline
1.0,0.0,0.0,0.07628282904624939,59,True,straight,0.5348520353855511,438,rule_baseline
1.0,0.0,0.0,0.08831202983856201,58,True,narrow_exit,0.5420420797509233,439,rule_baseline
0.0,0.0,1.0,0.01779242791235447,400,True,s_shaped,0.8716567503943187,440,rule_baseline
0.0,0.0,0.0,4.820000171661377,12,True,asymmetric,0.514484477663621,441,rule_baseline
0.0,0.0,0.0,0.09145514667034149,400,True,l_shaped,0.6997546106729574,442,rule_baseline
0.0,0.0,1.0,0.02715899422764778,23,False,false_feasible,0.7820596620280413,443,rule_baseline
0.0,0.0,0.0,4.820000171661377,12,True,narrow_entry,0.5262383893820324,444,rule_baseline
0.0,0.0,0.0,4.820000171661377,13,True,l_shaped,0.5734104908481463,445,rule_baseline
1.0,0.0,1.0,0.014725695364177227,71,True,narrow_exit,0.5070320953806626,446,rule_baseline
0.0,0.0,0.0,4.820000171661377,11,True,straight,0.5096458414236432,447,rule_baseline
0.0,0.0,1.0,0.04749713093042374,400,True,l_shaped,0.8542127003301647,448,rule_baseline
0.0,0.0,0.0,0.17035691440105438,400,True,l_shaped,0.8108580750708367,449,rule_baseline
0.0,0.0,0.0,4.820000171661377,14,True,s_shaped,0.4667896315813174,450,rule_baseline
0.0,0.0,1.0,0.0021926285699009895,42,True,narrow_exit,0.48096521401573505,451,rule_baseline
1.0,0.0,0.0,0.21619188785552979,76,True,straight,0.8818565486283572,452,rule_baseline
0.0,0.0,0.0,4.820000171661377,12,True,narrow_entry,0.5070243572425855,453,rule_baseline
0.0,0.0,0.0,0.054844196885824203,400,True,l_shaped,0.4924034390007451,454,rule_baseline
0.0,0.0,0.0,4.820000171661377,14,True,s_shaped,0.6087351923362321,455,rule_baseline
0.0,0.0,0.0,4.820000171661377,14,True,s_shaped,0.6656501758000399,456,rule_baseline
0.0,0.0,0.0,4.820000171661377,13,True,straight,0.47784846466150943,457,rule_baseline
0.0,0.0,1.0,0.015358814038336277,28,False,false_feasible,0.68651351668702,458,rule_baseline
0.0,0.0,1.0,0.03870826214551926,400,True,l_shaped,0.4556095469270469,459,rule_baseline
0.0,0.0,1.0,0.031096596270799637,400,True,s_shaped,0.8319474382772145,460,rule_baseline
0.0,0.0,1.0,0.03310386836528778,47,True,l_shaped,0.6081073574801689,461,rule_baseline
0.0,0.0,0.0,0.0696839690208435,35,True,asymmetric,0.5209206809798153,462,rule_baseline
0.0,0.0,1.0,0.03670645132660866,37,True,l_shaped,0.46479045161991106,463,rule_baseline
1.0,0.0,0.0,0.05950172245502472,67,True,narrow_exit,0.5400531894414131,464,rule_baseline
0.0,0.0,1.0,0.041104674339294434,400,True,l_shaped,0.5986430485989414,465,rule_baseline
1.0,0.0,0.0,0.2243315428495407,62,True,straight,0.8348237759178962,466,rule_baseline
0.0,0.0,0.0,4.820000171661377,12,True,straight,0.8619286216903344,467,rule_baseline
1.0,0.0,1.0,0.0226824302226305,76,True,asymmetric,0.8650753082980338,468,rule_baseline
0.0,0.0,1.0,0.008689182810485363,50,True,l_shaped,0.5122291506723482,469,rule_baseline
0.0,0.0,0.0,4.820000171661377,12,True,straight,0.49957652029775995,470,rule_baseline
0.0,0.0,1.0,0.037878330796957016,50,True,asymmetric,0.6855407315302016,471,rule_baseline
1.0,0.0,0.0,0.13237766921520233,61,True,straight,0.7464807668130418,472,rule_baseline
0.0,0.0,0.0,4.820000171661377,13,True,l_shaped,0.5544362073014045,473,rule_baseline
0.0,0.0,0.0,4.820000171661377,14,True,l_shaped,0.7465518296866449,474,rule_baseline
0.0,0.0,0.0,0.1129729151725769,35,False,false_feasible,0.6906320301889947,475,rule_baseline
0.0,0.0,0.0,4.820000171661377,13,True,l_shaped,0.45318840937647664,476,rule_baseline
0.0,0.0,1.0,0.03218887373805046,38,True,asymmetric,0.6015018634188176,477,rule_baseline
0.0,0.0,0.0,4.820000171661377,11,True,straight,0.46579084466526366,478,rule_baseline
0.0,0.0,0.0,0.10467047244310379,31,False,false_feasible,0.7479618224477685,479,rule_baseline
1.0,0.0,0.0,0.0795338898897171,71,True,narrow_exit,0.5940175134555659,480,rule_baseline
1.0,0.0,0.0,0.0572831928730011,86,True,narrow_exit,0.5836291835636911,481,rule_baseline
0.0,0.0,1.0,0.026196079328656197,44,True,asymmetric,0.7033420089298698,482,rule_baseline
1.0,0.0,1.0,0.008561261929571629,61,True,narrow_exit,0.5298044115200842,483,rule_baseline
0.0,0.0,1.0,0.004085400141775608,48,True,l_shaped,0.8343911280127465,484,rule_baseline
1.0,0.0,0.0,0.051159944385290146,66,True,narrow_exit,0.5426470890897435,485,rule_baseline
0.0,0.0,0.0,0.1541098654270172,26,False,false_feasible,0.7388428853063269,486,rule_baseline
1.0,0.0,0.0,0.11596900969743729,73,True,straight,0.6214231566218853,487,rule_baseline
1.0,0.0,0.0,0.07021553069353104,73,True,straight,0.8269277817849692,488,rule_baseline
0.0,0.0,0.0,4.820000171661377,14,True,s_shaped,0.5239704266659997,489,rule_baseline
1.0,0.0,0.0,0.09212289750576019,85,True,asymmetric,0.6948441411670399,490,rule_baseline
1.0,0.0,0.0,0.19061869382858276,84,True,straight,0.8333842660207158,491,rule_baseline
0.0,0.0,1.0,0.0026432827580720186,39,True,s_shaped,0.5816104671629537,492,rule_baseline
0.0,0.0,1.0,0.02067658118903637,35,True,s_shaped,0.8570278576887512,493,rule_baseline
0.0,0.0,0.0,0.1416930854320526,400,True,l_shaped,0.7928766803538789,494,rule_baseline
0.0,0.0,1.0,0.025855468586087227,47,True,asymmetric,0.5655041514639754,495,rule_baseline
0.0,0.0,1.0,0.01975887641310692,32,False,false_feasible,0.6476116275992401,496,rule_baseline
0.0,0.0,0.0,4.820000171661377,11,True,straight,0.4699787836097656,497,rule_baseline
0.0,0.0,0.0,4.820000171661377,13,False,false_feasible,0.6217088886700382,498,rule_baseline
0.0,0.0,0.0,0.05014801397919655,40,True,l_shaped,0.5395305202169378,499,rule_baseline
1.0,0.0,0.0,0.08816903084516525,75,True,narrow_entry,0.5745476255840488,0,geometry_fsm
1.0,0.0,0.0,0.0846744179725647,86,True,straight,0.6526736720530052,1,geometry_fsm
0.0,0.0,1.0,0.0051115467213094234,50,True,asymmetric,0.649536389472299,2,geometry_fsm
1.0,0.0,0.0,0.10785651206970215,125,True,l_shaped,0.8868141109777066,3,geometry_fsm
1.0,0.0,0.0,0.08646634221076965,103,True,straight,0.7573720289591046,4,geometry_fsm
1.0,0.0,0.0,0.08230413496494293,90,True,l_shaped,0.6613001150741136,5,geometry_fsm
1.0,0.0,0.0,0.07362280040979385,174,True,s_shaped,0.8247051882260268,6,geometry_fsm
1.0,0.0,1.0,0.022802164778113365,102,True,narrow_exit,0.42132520855518096,7,geometry_fsm
1.0,0.0,0.0,0.10389618575572968,109,True,s_shaped,0.7059335381788022,8,geometry_fsm
1.0,0.0,1.0,0.0410475991666317,74,True,narrow_exit,0.47471101765127016,9,geometry_fsm
0.0,0.0,0.0,0.07653502374887466,400,True,asymmetric,0.5552727686394033,10,geometry_fsm
1.0,0.0,1.0,0.02798512764275074,74,True,narrow_exit,0.4500551255833867,11,geometry_fsm
1.0,0.0,0.0,0.116836778819561,77,True,straight,0.6754701487965136,12,geometry_fsm
1.0,0.0,1.0,0.010106593370437622,111,True,l_shaped,0.5856804401165445,13,geometry_fsm
0.0,0.0,0.0,0.107042096555233,400,False,false_feasible,0.6164674903648799,14,geometry_fsm
0.0,0.0,0.0,0.094333216547966,400,False,false_feasible,0.6005908411988077,15,geometry_fsm
1.0,0.0,0.0,0.09683316200971603,115,True,s_shaped,0.7322889783160995,16,geometry_fsm
1.0,0.0,1.0,0.015751007944345474,105,True,l_shaped,0.5150358849897211,17,geometry_fsm
1.0,0.0,0.0,0.10491922497749329,108,True,l_shaped,0.7159119711666375,18,geometry_fsm
1.0,0.0,1.0,0.005906230304390192,190,True,s_shaped,0.6708181474595345,19,geometry_fsm
0.0,0.0,0.0,4.820000171661377,17,True,s_shaped,0.4597254359461487,20,geometry_fsm
1.0,0.0,0.0,0.09827353805303574,123,True,l_shaped,0.7467401856113558,21,geometry_fsm
1.0,0.0,0.0,0.13922788202762604,86,True,straight,0.6996836112261675,22,geometry_fsm
1.0,0.0,0.0,0.10487291216850281,105,True,l_shaped,0.8788047277813853,23,geometry_fsm
1.0,0.0,0.0,0.08827853947877884,113,True,straight,0.645793677001367,24,geometry_fsm
1.0,0.0,0.0,0.09324789047241211,93,True,asymmetric,0.8520509878640384,25,geometry_fsm
1.0,0.0,0.0,0.08211294561624527,77,True,narrow_entry,0.5886263670960803,26,geometry_fsm
1.0,0.0,1.0,0.03320647031068802,105,True,narrow_exit,0.475858261122017,27,geometry_fsm
1.0,0.0,1.0,0.035771679133176804,78,True,straight,0.5533452134994848,28,geometry_fsm
1.0,0.0,1.0,0.04658341035246849,124,True,s_shaped,0.762418096039299,29,geometry_fsm
1.0,0.0,0.0,0.2117699831724167,87,True,straight,0.8674031479529285,30,geometry_fsm
1.0,0.0,0.0,0.09246876835823059,73,True,narrow_exit,0.5864655172761648,31,geometry_fsm
1.0,0.0,0.0,0.1206139400601387,110,True,straight,0.6386014436923367,32,geometry_fsm
1.0,0.0,1.0,0.04892197996377945,105,True,asymmetric,0.6603217206998813,33,geometry_fsm
1.0,0.0,1.0,0.018295368179678917,175,True,s_shaped,0.722707119315005,34,geometry_fsm
1.0,0.0,1.0,0.02203908935189247,84,True,asymmetric,0.6542535969343349,35,geometry_fsm
1.0,0.0,1.0,0.031769149005413055,77,True,narrow_exit,0.47586024130633336,36,geometry_fsm
1.0,0.0,1.0,0.024967025965452194,73,True,straight,0.5019705286494097,37,geometry_fsm
1.0,0.0,0.0,0.17606152594089508,98,True,straight,0.7160147172499371,38,geometry_fsm
0.0,0.0,0.0,0.1938822716474533,99,True,s_shaped,0.8437522240055739,39,geometry_fsm
0.0,0.0,0.0,4.820000171661377,18,True,s_shaped,0.4721643539674173,40,geometry_fsm
1.0,0.0,0.0,0.17385514080524445,108,True,straight,0.8296087282189888,41,geometry_fsm
1.0,0.0,1.0,0.02545781247317791,95,True,narrow_entry,0.5602193438240632,42,geometry_fsm
1.0,0.0,1.0,0.040410928428173065,92,True,l_shaped,0.7378034720566995,43,geometry_fsm
1.0,0.0,0.0,0.06414861232042313,100,True,l_shaped,0.6148766024218113,44,geometry_fsm
0.0,0.0,0.0,0.11492378264665604,400,False,false_feasible,0.6320903012511723,45,geometry_fsm
1.0,0.0,0.0,0.09025216102600098,107,True,l_shaped,0.7807019230396308,46,geometry_fsm
1.0,0.0,0.0,0.09104153513908386,77,True,straight,0.7765720327221421,47,geometry_fsm
0.0,0.0,0.0,0.11829172074794769,400,False,false_feasible,0.6984205011165886,48,geometry_fsm
1.0,0.0,0.0,0.06463272869586945,90,True,narrow_exit,0.5230374925260929,49,geometry_fsm
0.0,0.0,1.0,0.0002742412325460464,122,True,s_shaped,0.7198170486851756,50,geometry_fsm
1.0,0.0,0.0,0.05329931527376175,101,True,narrow_entry,0.48005479649908284,51,geometry_fsm
1.0,0.0,0.0,0.07726208120584488,108,True,straight,0.5165025176439862,52,geometry_fsm
0.0,0.0,1.0,0.00016300551942549646,34,True,narrow_entry,0.5885051976309232,53,geometry_fsm
0.0,0.0,0.0,0.11005515605211258,400,False,false_feasible,0.7626334197976957,54,geometry_fsm
0.0,0.0,1.0,0.02870841883122921,65,True,asymmetric,0.5829115614048405,55,geometry_fsm
0.0,0.0,0.0,0.06643116474151611,400,False,false_feasible,0.6209771094660098,56,geometry_fsm
0.0,0.0,0.0,4.820000171661377,16,True,asymmetric,0.46304977644201123,57,geometry_fsm
1.0,0.0,1.0,0.03230713680386543,73,True,straight,0.4524434253579152,58,geometry_fsm
1.0,0.0,0.0,0.0686764344573021,143,True,l_shaped,0.8322339793153828,59,geometry_fsm
0.0,0.0,1.0,0.004173624329268932,55,True,asymmetric,0.4680680847961799,60,geometry_fsm
1.0,0.0,0.0,0.14685383439064026,79,True,straight,0.7805794913708227,61,geometry_fsm
0.0,0.0,1.0,0.0021399164106696844,96,False,false_feasible,0.563625078747824,62,geometry_fsm
1.0,0.0,0.0,0.21991264820098877,90,True,straight,0.8910122307993866,63,geometry_fsm
1.0,0.0,0.0,0.05697263032197952,94,True,narrow_exit,0.4742416738526492,64,geometry_fsm
1.0,0.0,0.0,0.13235768675804138,88,True,straight,0.6787587323011239,65,geometry_fsm
1.0,0.0,0.0,0.07866833359003067,84,True,straight,0.5751339956015659,66,geometry_fsm
1.0,0.0,1.0,0.036513954401016235,98,True,narrow_exit,0.45917313480545313,67,geometry_fsm
1.0,0.0,0.0,0.05268965661525726,146,True,s_shaped,0.551516790691895,68,geometry_fsm
1.0,0.0,0.0,0.05634394288063049,86,True,narrow_entry,0.49765527513238017,69,geometry_fsm
0.0,0.0,0.0,0.12253589183092117,400,False,false_feasible,0.6800687786851423,70,geometry_fsm
0.0,0.0,0.0,4.820000171661377,16,True,asymmetric,0.47500556260809507,71,geometry_fsm
1.0,0.0,0.0,0.10572193562984467,87,True,asymmetric,0.8354466106085512,72,geometry_fsm
0.0,0.0,0.0,0.06973829865455627,400,False,false_feasible,0.6277403774801916,73,geometry_fsm
0.0,0.0,1.0,0.007791444659233093,107,True,s_shaped,0.5236880869162331,74,geometry_fsm
1.0,0.0,1.0,0.033909872174263,89,True,straight,0.651710525964458,75,geometry_fsm
1.0,0.0,0.0,0.09721449017524719,110,True,s_shaped,0.6611971203856806,76,geometry_fsm
1.0,0.0,0.0,0.056133490055799484,104,True,s_shaped,0.7139003278566582,77,geometry_fsm
1.0,0.0,1.0,0.04261896759271622,93,True,narrow_exit,0.4859895092878702,78,geometry_fsm
1.0,0.0,1.0,0.044289346784353256,95,True,narrow_entry,0.5108624669226296,79,geometry_fsm
0.0,0.0,1.0,0.012363655492663383,138,True,s_shaped,0.49724087215323176,80,geometry_fsm
1.0,0.0,0.0,0.19989736378192902,90,True,straight,0.867357206326812,81,geometry_fsm
1.0,0.0,0.0,0.0922434851527214,100,True,straight,0.5751099479703663,82,geometry_fsm
1.0,0.0,0.0,0.09595320373773575,100,True,narrow_exit,0.5825990169535296,83,geometry_fsm
1.0,0.0,0.0,0.20252151787281036,88,True,straight,0.7795860763472044,84,geometry_fsm
0.0,0.0,1.0,0.008737107738852501,400,False,false_feasible,0.6220570613719764,85,geometry_fsm
0.0,0.0,1.0,0.038245271891355515,182,True,s_shaped,0.8934930762727168,86,geometry_fsm
1.0,0.0,0.0,0.12125610560178757,106,True,asymmetric,0.8661157502489499,87,geometry_fsm
1.0,0.0,1.0,0.00209811981767416,141,True,narrow_entry,0.5757821786500192,88,geometry_fsm
0.0,0.0,0.0,4.820000171661377,15,True,asymmetric,0.4520250562228466,89,geometry_fsm
1.0,0.0,0.0,0.07808367908000946,112,True,l_shaped,0.8337515083343607,90,geometry_fsm
1.0,0.0,0.0,0.09432674944400787,88,True,l_shaped,0.8489509029773412,91,geometry_fsm
0.0,0.0,0.0,0.11539734899997711,400,False,false_feasible,0.6519854877828206,92,geometry_fsm
0.0,0.0,0.0,0.08480911701917648,400,False,false_feasible,0.5835917283282654,93,geometry_fsm
1.0,0.0,0.0,0.07310661673545837,127,True,l_shaped,0.6391717971773747,94,geometry_fsm
1.0,0.0,0.0,0.0699443444609642,114,True,l_shaped,0.5964042287325046,95,geometry_fsm
1.0,0.0,0.0,0.05783650279045105,89,True,l_shaped,0.5586174277319983,96,geometry_fsm
1.0,0.0,1.0,0.04339597001671791,112,True,narrow_entry,0.4989095265451547,97,geometry_fsm
1.0,0.0,0.0,0.06967679411172867,97,True,narrow_entry,0.521190732072763,98,geometry_fsm
1.0,0.0,0.0,0.2049054652452469,76,True,straight,0.8818985350481492,99,geometry_fsm
1.0,0.0,0.0,0.14406511187553406,92,True,straight,0.6548030290852931,100,geometry_fsm
1.0,0.0,0.0,0.06485427916049957,75,True,straight,0.6230269700954676,101,geometry_fsm
1.0,0.0,1.0,0.03868201747536659,93,True,l_shaped,0.6273565997301439,102,geometry_fsm
0.0,0.0,0.0,0.1103743314743042,49,True,s_shaped,0.6702759029282437,103,geometry_fsm
1.0,0.0,1.0,0.04257941246032715,143,True,l_shaped,0.6659385302479793,104,geometry_fsm
0.0,0.0,1.0,0.0026058435905724764,128,True,s_shaped,0.77020111871855,105,geometry_fsm
1.0,0.0,1.0,0.011247867718338966,97,True,straight,0.4997832604029915,106,geometry_fsm
1.0,0.0,0.0,0.09180669486522675,96,True,narrow_exit,0.5736065026816259,107,geometry_fsm
1.0,0.0,0.0,0.0982343852519989,110,True,l_shaped,0.8634571564062063,108,geometry_fsm
1.0,0.0,1.0,0.043123215436935425,106,True,l_shaped,0.809646085008671,109,geometry_fsm
1.0,0.0,1.0,0.03885979950428009,73,True,straight,0.6059153949332314,110,geometry_fsm
0.0,0.0,0.0,4.820000171661377,15,True,narrow_entry,0.47708757080339614,111,geometry_fsm
1.0,0.0,0.0,0.10212771594524384,114,True,straight,0.6782817157119195,112,geometry_fsm
0.0,0.0,0.0,0.0964621901512146,400,False,false_feasible,0.5817274938796283,113,geometry_fsm
1.0,0.0,0.0,0.0817912220954895,72,True,narrow_exit,0.5705241318316682,114,geometry_fsm
1.0,0.0,0.0,0.09652772545814514,103,True,l_shaped,0.7248465599559383,115,geometry_fsm
1.0,0.0,0.0,0.05314731225371361,71,True,narrow_entry,0.4954690298221449,116,geometry_fsm
1.0,0.0,0.0,0.16953694820404053,88,True,straight,0.8503453897539288,117,geometry_fsm
0.0,0.0,0.0,0.10160381346940994,400,False,false_feasible,0.5998854982248727,118,geometry_fsm
1.0,0.0,0.0,0.07709994912147522,120,True,l_shaped,0.6826587690822432,119,geometry_fsm
0.0,0.0,0.0,0.09516356140375137,400,False,false_feasible,0.7495243589545832,120,geometry_fsm
1.0,0.0,1.0,0.03612251207232475,96,True,narrow_entry,0.4910333798670148,121,geometry_fsm
0.0,0.0,0.0,0.06510365009307861,400,False,false_feasible,0.5991855451876579,122,geometry_fsm
0.0,0.0,1.0,0.02968347817659378,400,False,false_feasible,0.5747311262762056,123,geometry_fsm
0.0,0.0,1.0,0.004339464008808136,90,True,s_shaped,0.5667479279345404,124,geometry_fsm
1.0,0.0,0.0,0.0672370195388794,121,True,l_shaped,0.5826482773085442,125,geometry_fsm
0.0,0.0,0.0,0.09423074871301651,400,False,false_feasible,0.5844483839819513,126,geometry_fsm
1.0,0.0,1.0,0.04766266420483589,79,True,straight,0.5639649634800888,127,geometry_fsm
0.0,0.0,0.0,4.820000171661377,15,True,narrow_entry,0.4868254746758899,128,geometry_fsm
1.0,0.0,0.0,0.16758301854133606,75,True,straight,0.8532549370906337,129,geometry_fsm
1.0,0.0,0.0,0.06406954675912857,90,True,straight,0.6361055690894865,130,geometry_fsm
1.0,0.0,0.0,0.1032668948173523,87,True,asymmetric,0.8435588129350073,131,geometry_fsm
1.0,0.0,1.0,0.03267723694443703,94,True,asymmetric,0.7998114209974616,132,geometry_fsm
1.0,0.0,0.0,0.13141067326068878,92,True,straight,0.8785123721305574,133,geometry_fsm
0.0,0.0,1.0,0.03646911308169365,400,True,narrow_exit,0.4254098241770122,134,geometry_fsm
1.0,0.0,0.0,0.08573264628648758,119,True,s_shaped,0.6302030603603752,135,geometry_fsm
1.0,0.0,0.0,0.18769389390945435,86,True,straight,0.8642996362231056,136,geometry_fsm
1.0,0.0,0.0,0.0695599839091301,80,True,narrow_entry,0.5551509452540747,137,geometry_fsm
1.0,0.0,0.0,0.1940082162618637,83,True,straight,0.8970158242850301,138,geometry_fsm
1.0,0.0,1.0,0.022873887792229652,99,True,straight,0.5185470195709091,139,geometry_fsm
1.0,0.0,0.0,0.05617012083530426,113,True,l_shaped,0.7767810577727555,140,geometry_fsm
0.0,0.0,1.0,0.009945963509380817,80,True,l_shaped,0.5297559755621727,141,geometry_fsm
1.0,0.0,1.0,0.02449892647564411,84,True,narrow_entry,0.5156544860875039,142,geometry_fsm
1.0,0.0,0.0,0.07183609902858734,130,True,s_shaped,0.7028185185283498,143,geometry_fsm
1.0,0.0,0.0,0.07728839665651321,109,True,s_shaped,0.6480225487050986,144,geometry_fsm
1.0,0.0,1.0,0.020115725696086884,128,True,l_shaped,0.5390144312666386,145,geometry_fsm
0.0,0.0,1.0,0.009505468420684338,154,True,l_shaped,0.5123945233050388,146,geometry_fsm
0.0,0.0,0.0,4.820000171661377,15,True,narrow_entry,0.5298108869196912,147,geometry_fsm
1.0,0.0,0.0,0.08460545539855957,96,True,narrow_exit,0.5775193703980521,148,geometry_fsm
1.0,0.0,0.0,0.0931500717997551,112,True,l_shaped,0.6950467809186028,149,geometry_fsm
0.0,0.0,0.0,0.17667850852012634,400,False,false_feasible,0.7945511076911403,150,geometry_fsm
1.0,0.0,0.0,0.06434360146522522,88,True,narrow_exit,0.5254730473372898,151,geometry_fsm
1.0,0.0,1.0,0.02897002547979355,86,True,straight,0.4533781647599999,152,geometry_fsm
1.0,0.0,0.0,0.16154153645038605,77,True,straight,0.798451155532373,153,geometry_fsm
1.0,0.0,0.0,0.06573005020618439,89,True,straight,0.5192836121599319,154,geometry_fsm
0.0,0.0,0.0,4.820000171661377,15,False,false_feasible,0.5844993793369764,155,geometry_fsm
1.0,0.0,0.0,0.11794385313987732,93,True,straight,0.6405729276058443,156,geometry_fsm
1.0,0.0,0.0,0.07551709562540054,75,True,narrow_exit,0.5129626924744154,157,geometry_fsm
1.0,0.0,1.0,0.01866058260202408,116,True,s_shaped,0.6411496161669552,158,geometry_fsm
1.0,0.0,1.0,0.036255404353141785,121,True,s_shaped,0.5946955570084048,159,geometry_fsm
1.0,0.0,1.0,0.039330605417490005,94,True,straight,0.5190864849245762,160,geometry_fsm
1.0,0.0,1.0,0.03392389044165611,105,True,straight,0.6463424968624184,161,geometry_fsm
0.0,0.0,0.0,4.820000171661377,16,True,asymmetric,0.525600381860042,162,geometry_fsm
1.0,0.0,1.0,0.049969058483839035,150,True,l_shaped,0.7820089002478678,163,geometry_fsm
1.0,0.0,0.0,0.058066967874765396,120,True,l_shaped,0.5486351474153845,164,geometry_fsm
1.0,0.0,0.0,0.13738007843494415,91,True,straight,0.8203984302631049,165,geometry_fsm
1.0,0.0,0.0,0.07649016380310059,111,True,narrow_exit,0.5775151558297348,166,geometry_fsm
1.0,0.0,0.0,0.05727018043398857,95,True,narrow_exit,0.5219557171457361,167,geometry_fsm
1.0,0.0,0.0,0.13841897249221802,92,True,straight,0.720701303605207,168,geometry_fsm
1.0,0.0,1.0,0.04050898924469948,82,True,narrow_entry,0.5210201522202079,169,geometry_fsm
1.0,0.0,1.0,0.035756662487983704,111,True,narrow_exit,0.4582098849913337,170,geometry_fsm
1.0,0.0,1.0,0.04905852675437927,107,True,s_shaped,0.6642412905053974,171,geometry_fsm
0.0,0.0,0.0,4.820000171661377,17,True,l_shaped,0.49462063676946644,172,geometry_fsm
1.0,0.0,0.0,0.07902320474386215,86,True,l_shaped,0.6123414089332142,173,geometry_fsm
1.0,0.0,0.0,0.1361905038356781,77,True,asymmetric,0.8683499794137999,174,geometry_fsm
1.0,0.0,1.0,0.013445215299725533,74,True,narrow_entry,0.5146908948394837,175,geometry_fsm
1.0,0.0,0.0,0.0889175608754158,93,True,narrow_exit,0.5961541459020789,176,geometry_fsm
1.0,0.0,1.0,0.04814587160944939,95,True,l_shaped,0.7131387162622216,177,geometry_fsm
1.0,0.0,0.0,0.05140912905335426,98,True,narrow_exit,0.49767342066372383,178,geometry_fsm
1.0,0.0,0.0,0.08946652710437775,104,True,l_shaped,0.6529709250833649,179,geometry_fsm
1.0,0.0,0.0,0.06873388588428497,85,True,l_shaped,0.6203667544018789,180,geometry_fsm
1.0,0.0,0.0,0.08151698112487793,110,True,narrow_exit,0.5688221787462739,181,geometry_fsm
0.0,0.0,0.0,0.15520420670509338,400,False,false_feasible,0.7809751001363575,182,geometry_fsm
1.0,0.0,1.0,0.019987856969237328,73,True,narrow_entry,0.5093551468390755,183,geometry_fsm
1.0,0.0,1.0,0.016186414286494255,132,True,l_shaped,0.7042850597838175,184,geometry_fsm
0.0,0.0,0.0,0.09699343144893646,400,False,false_feasible,0.7639105304256009,185,geometry_fsm
1.0,0.0,0.0,0.0700010433793068,125,True,s_shaped,0.7039767061616304,186,geometry_fsm
1.0,0.0,1.0,0.045984748750925064,106,True,narrow_entry,0.47119148422321355,187,geometry_fsm
1.0,0.0,0.0,0.05618017911911011,95,True,narrow_exit,0.48781212141747776,188,geometry_fsm
0.0,0.0,0.0,4.820000171661377,17,True,l_shaped,0.5128306443806043,189,geometry_fsm
1.0,0.0,0.0,0.06573360413312912,77,True,asymmetric,0.888487705398981,190,geometry_fsm
1.0,0.0,1.0,0.0451824888586998,116,True,straight,0.6905703380801739,191,geometry_fsm
1.0,0.0,0.0,0.07519952207803726,110,True,narrow_entry,0.5825380476131046,192,geometry_fsm
0.0,0.0,1.0,0.008644661866128445,63,True,asymmetric,0.5200909519385607,193,geometry_fsm
0.0,0.0,0.0,0.10448843240737915,400,False,false_feasible,0.5973408729182135,194,geometry_fsm
0.0,0.0,0.0,0.17182689905166626,400,False,false_feasible,0.7858455878194632,195,geometry_fsm
1.0,0.0,1.0,0.03293542563915253,87,True,narrow_entry,0.5021526944223321,196,geometry_fsm
1.0,0.0,1.0,0.025425732135772705,75,True,narrow_entry,0.5875232079380317,197,geometry_fsm
1.0,0.0,0.0,0.09904967248439789,127,True,l_shaped,0.6820900543296231,198,geometry_fsm
0.0,0.0,1.0,0.003566581988707185,31,True,straight,0.5378059084915514,199,geometry_fsm
1.0,0.0,0.0,0.081094890832901,106,True,narrow_exit,0.531202003531005,200,geometry_fsm
1.0,0.0,0.0,0.08728606253862381,111,True,l_shaped,0.6470287045541268,201,geometry_fsm
1.0,0.0,0.0,0.0831889808177948,109,True,l_shaped,0.7439363482602684,202,geometry_fsm
0.0,0.0,1.0,0.01758270524442196,400,False,false_feasible,0.5768280907081301,203,geometry_fsm
1.0,0.0,1.0,0.028794946148991585,146,True,s_shaped,0.6397947282215526,204,geometry_fsm
0.0,0.0,1.0,0.003962544724345207,84,True,s_shaped,0.8535399172158142,205,geometry_fsm
1.0,0.0,1.0,0.04352547228336334,99,True,narrow_exit,0.48258125427046256,206,geometry_fsm
1.0,0.0,0.0,0.07299501448869705,135,True,s_shaped,0.8154553325341767,207,geometry_fsm
1.0,0.0,0.0,0.08231888711452484,103,True,straight,0.7320712422528939,208,geometry_fsm
1.0,0.0,0.0,0.2233027219772339,78,True,straight,0.8802209967851831,209,geometry_fsm
0.0,0.0,0.0,0.08385121077299118,106,True,s_shaped,0.8472715047153352,210,geometry_fsm
1.0,0.0,1.0,0.045637961477041245,95,True,l_shaped,0.5887499417787799,211,geometry_fsm
1.0,0.0,0.0,0.0939793512225151,104,True,narrow_entry,0.5667131573193758,212,geometry_fsm
1.0,0.0,0.0,0.07039175927639008,113,True,s_shaped,0.6264270100869495,213,geometry_fsm
1.0,0.0,0.0,0.08529987186193466,104,True,l_shaped,0.6161727786034359,214,geometry_fsm
1.0,0.0,0.0,0.05457882210612297,97,True,asymmetric,0.8994733368001464,215,geometry_fsm
1.0,0.0,0.0,0.1242450475692749,91,True,straight,0.6647402849773161,216,geometry_fsm
1.0,0.0,1.0,0.03409060090780258,105,True,narrow_exit,0.4605319798989982,217,geometry_fsm
0.0,0.0,1.0,0.005792753305286169,58,True,asymmetric,0.5914565741834572,218,geometry_fsm
1.0,0.0,1.0,0.034364063292741776,281,True,l_shaped,0.5264099881977184,219,geometry_fsm
1.0,0.0,0.0,0.08509055525064468,83,True,narrow_exit,0.5661578762718981,220,geometry_fsm
0.0,0.0,0.0,0.07752406597137451,400,True,asymmetric,0.5558653747870402,221,geometry_fsm
1.0,0.0,1.0,0.03760146722197533,80,True,narrow_entry,0.4880972425602814,222,geometry_fsm
1.0,0.0,1.0,0.0007247645989991724,95,True,straight,0.5435991331688073,223,geometry_fsm
1.0,0.0,0.0,0.0895901620388031,95,True,l_shaped,0.7861841102834488,224,geometry_fsm
1.0,0.0,1.0,0.0001955429615918547,159,True,asymmetric,0.739013588355597,225,geometry_fsm
1.0,0.0,1.0,0.022919276729226112,80,True,narrow_entry,0.4376018395401797,226,geometry_fsm
0.0,0.0,0.0,4.820000171661377,16,True,narrow_entry,0.5644897089519058,227,geometry_fsm
0.0,0.0,1.0,0.007867339067161083,82,True,s_shaped,0.5511102635456432,228,geometry_fsm
1.0,0.0,1.0,0.04491052404046059,132,True,l_shaped,0.862828015169764,229,geometry_fsm
1.0,0.0,1.0,0.013611802831292152,110,True,l_shaped,0.7285123715280867,230,geometry_fsm
1.0,0.0,0.0,0.08035648614168167,176,True,s_shaped,0.8445051624382662,231,geometry_fsm
1.0,0.0,0.0,0.09789165109395981,107,True,l_shaped,0.676293721641159,232,geometry_fsm
1.0,0.0,0.0,0.11849261820316315,114,True,l_shaped,0.7814354479658496,233,geometry_fsm
1.0,0.0,1.0,0.02366182766854763,102,True,narrow_entry,0.5971533476906399,234,geometry_fsm
1.0,0.0,0.0,0.09603562206029892,122,True,s_shaped,0.8439925700372564,235,geometry_fsm
0.0,0.0,0.0,4.820000171661377,14,True,narrow_entry,0.5291453112387963,236,geometry_fsm
1.0,0.0,1.0,0.04566577076911926,108,True,narrow_exit,0.4826896590230621,237,geometry_fsm
1.0,0.0,0.0,0.16847723722457886,82,True,straight,0.7873675879700865,238,geometry_fsm
0.0,0.0,0.0,4.820000171661377,18,True,asymmetric,0.5471661556940697,239,geometry_fsm
1.0,0.0,1.0,0.03551614284515381,92,True,narrow_entry,0.5539190500850983,240,geometry_fsm
1.0,0.0,0.0,0.07897064089775085,86,True,asymmetric,0.8152885670486694,241,geometry_fsm
0.0,0.0,0.0,4.820000171661377,18,True,l_shaped,0.5261106183222851,242,geometry_fsm
1.0,0.0,0.0,0.05842820554971695,104,True,straight,0.5096439364281361,243,geometry_fsm
1.0,0.0,0.0,0.055786408483982086,100,True,narrow_exit,0.5139825167225671,244,geometry_fsm
1.0,0.0,0.0,0.18382510542869568,82,True,straight,0.8084572784112112,245,geometry_fsm
0.0,0.0,0.0,0.09885363280773163,400,True,asymmetric,0.5985905830189792,246,geometry_fsm
1.0,0.0,0.0,0.07079309225082397,82,True,narrow_exit,0.5223900849691774,247,geometry_fsm
1.0,0.0,0.0,0.08978445082902908,98,True,narrow_exit,0.5414550641484401,248,geometry_fsm
1.0,0.0,1.0,0.017402270808815956,90,True,straight,0.5500655675535648,249,geometry_fsm
1.0,0.0,1.0,0.021001633256673813,104,True,asymmetric,0.6956092285827585,250,geometry_fsm
0.0,0.0,0.0,0.060461610555648804,147,True,s_shaped,0.7208986335873884,251,geometry_fsm
0.0,0.0,0.0,0.0540030337870121,400,True,s_shaped,0.8829899948406159,252,geometry_fsm
0.0,0.0,0.0,4.820000171661377,16,True,narrow_entry,0.42578683580451304,253,geometry_fsm
1.0,0.0,0.0,0.08129285275936127,112,True,l_shaped,0.7387025966839585,254,geometry_fsm
1.0,0.0,0.0,0.06393437832593918,83,True,narrow_entry,0.5997891499718648,255,geometry_fsm
0.0,0.0,0.0,0.119744211435318,400,False,false_feasible,0.6816933078405769,256,geometry_fsm
1.0,0.0,0.0,0.06579087674617767,129,True,l_shaped,0.64791406911621,257,geometry_fsm
1.0,0.0,0.0,0.07920798659324646,108,True,l_shaped,0.6962772785421936,258,geometry_fsm
1.0,0.0,0.0,0.09077706933021545,84,True,l_shaped,0.5988046486258587,259,geometry_fsm
1.0,0.0,1.0,0.02562348172068596,79,True,narrow_entry,0.4238080820561928,260,geometry_fsm
1.0,0.0,0.0,0.07648938149213791,74,True,straight,0.7117772840814217,261,geometry_fsm
1.0,0.0,1.0,0.024190742522478104,106,True,narrow_exit,0.43292348562480826,262,geometry_fsm
0.0,0.0,1.0,0.03140615299344063,400,False,false_feasible,0.5875098945620526,263,geometry_fsm
1.0,0.0,0.0,0.10733532905578613,92,True,l_shaped,0.6647548094891085,264,geometry_fsm
1.0,0.0,0.0,0.1339963674545288,96,True,straight,0.6476303309426706,265,geometry_fsm
1.0,0.0,1.0,0.045072752982378006,76,True,asymmetric,0.7702676194137246,266,geometry_fsm
1.0,0.0,1.0,0.009612924419343472,172,True,s_shaped,0.6362686435745704,267,geometry_fsm
0.0,0.0,0.0,0.05472728610038757,400,False,false_feasible,0.5530129657539813,268,geometry_fsm
1.0,0.0,1.0,0.026849929243326187,98,True,asymmetric,0.7262227151140552,269,geometry_fsm
1.0,0.0,1.0,0.0118222301825881,84,True,narrow_entry,0.5050443619616078,270,geometry_fsm
0.0,0.0,1.0,0.0019451335538178682,30,True,straight,0.5488108164909411,271,geometry_fsm
1.0,0.0,0.0,0.09938907623291016,113,True,l_shaped,0.8368025100385041,272,geometry_fsm
1.0,0.0,0.0,0.09122874587774277,108,True,l_shaped,0.7618169657636347,273,geometry_fsm
1.0,0.0,0.0,0.1255468726158142,102,True,straight,0.6638875280476219,274,geometry_fsm
1.0,0.0,1.0,0.011033611372113228,113,True,asymmetric,0.6840323605176697,275,geometry_fsm
1.0,0.0,1.0,0.028636610135436058,107,True,s_shaped,0.5137375355878072,276,geometry_fsm
1.0,0.0,0.0,0.082651287317276,114,True,s_shaped,0.6848443956099852,277,geometry_fsm
1.0,0.0,1.0,0.04488123580813408,90,True,straight,0.5617324115483817,278,geometry_fsm
1.0,0.0,1.0,0.012088024988770485,138,True,l_shaped,0.6886985308213855,279,geometry_fsm
1.0,0.0,0.0,0.10567872226238251,111,True,straight,0.8022692545418904,280,geometry_fsm
1.0,0.0,1.0,0.008716320618987083,147,True,narrow_entry,0.5617600052753791,281,geometry_fsm
0.0,0.0,1.0,0.007690947502851486,90,True,s_shaped,0.5160344549434437,282,geometry_fsm
0.0,0.0,1.0,0.005769757553935051,400,True,s_shaped,0.8901205856045911,283,geometry_fsm
1.0,0.0,0.0,0.10106255114078522,109,True,straight,0.6406448042477723,284,geometry_fsm
1.0,0.0,0.0,0.08289129287004471,110,True,l_shaped,0.6770453578667718,285,geometry_fsm
0.0,0.0,0.0,0.20355525612831116,81,True,s_shaped,0.8894371798868155,286,geometry_fsm
1.0,0.0,0.0,0.18529918789863586,81,True,straight,0.7536657385826413,287,geometry_fsm
0.0,0.0,0.0,4.820000171661377,15,True,narrow_entry,0.48503380179348293,288,geometry_fsm
1.0,0.0,0.0,0.08306654542684555,77,True,straight,0.6725701007885039,289,geometry_fsm
1.0,0.0,0.0,0.22353434562683105,108,True,straight,0.813124900959316,290,geometry_fsm
0.0,0.0,0.0,4.820000171661377,15,True,narrow_entry,0.4814768871962921,291,geometry_fsm
1.0,0.0,0.0,0.20298424363136292,83,True,straight,0.8674507811043997,292,geometry_fsm
1.0,0.0,0.0,0.07299969345331192,89,True,l_shaped,0.5732577758727204,293,geometry_fsm
1.0,0.0,1.0,0.04184844717383385,102,True,l_shaped,0.5975657475888168,294,geometry_fsm
0.0,0.0,0.0,0.08330529928207397,400,False,false_feasible,0.6829559639444835,295,geometry_fsm
0.0,0.0,0.0,4.820000171661377,17,True,narrow_entry,0.475522732049595,296,geometry_fsm
1.0,0.0,0.0,0.08008997142314911,96,True,narrow_exit,0.56386012589863,297,geometry_fsm
0.0,0.0,0.0,4.820000171661377,18,True,s_shaped,0.4691060787726442,298,geometry_fsm
0.0,0.0,0.0,0.10091693699359894,85,True,asymmetric,0.6416869341657822,299,geometry_fsm
1.0,0.0,0.0,0.09452341496944427,116,True,l_shaped,0.7046055987183408,300,geometry_fsm
0.0,0.0,1.0,0.03393610939383507,400,False,false_feasible,0.5855259814629107,301,geometry_fsm
1.0,0.0,0.0,0.0736384317278862,102,True,straight,0.7037380815620913,302,geometry_fsm
0.0,0.0,1.0,0.015192913822829723,400,True,asymmetric,0.48038729148812404,303,geometry_fsm
1.0,0.0,0.0,0.06839089095592499,96,True,straight,0.5954696479642971,304,geometry_fsm
1.0,0.0,1.0,0.014005973935127258,112,True,straight,0.4968681722112922,305,geometry_fsm
0.0,0.0,0.0,0.05317603051662445,400,True,s_shaped,0.8650609373457014,306,geometry_fsm
1.0,0.0,0.0,0.09279435873031616,113,True,s_shaped,0.6372727560302809,307,geometry_fsm
0.0,0.0,1.0,0.005444647278636694,87,True,narrow_exit,0.43692381639038946,308,geometry_fsm
1.0,0.0,1.0,0.04546026140451431,101,True,l_shaped,0.6157548738928549,309,geometry_fsm
1.0,0.0,1.0,0.03478163108229637,108,True,l_shaped,0.5386317941790119,310,geometry_fsm
0.0,0.0,0.0,4.820000171661377,16,True,narrow_entry,0.5257535086600513,311,geometry_fsm
1.0,0.0,0.0,0.05205550417304039,123,True,s_shaped,0.7642432835408647,312,geometry_fsm
1.0,0.0,0.0,0.06497187912464142,176,True,s_shaped,0.7755441157697789,313,geometry_fsm
1.0,0.0,0.0,0.12107276171445847,80,True,straight,0.7002856335590052,314,geometry_fsm
1.0,0.0,1.0,0.042394042015075684,139,True,s_shaped,0.5346469026546081,315,geometry_fsm
1.0,0.0,0.0,0.07613580673933029,112,True,straight,0.5815401945434963,316,geometry_fsm
0.0,0.0,1.0,0.0038888277485966682,72,True,l_shaped,0.584606314874935,317,geometry_fsm
0.0,0.0,0.0,0.12427541613578796,400,False,false_feasible,0.6679100476560947,318,geometry_fsm
1.0,0.0,0.0,0.11334128677845001,75,True,asymmetric,0.8977542377957146,319,geometry_fsm
1.0,0.0,0.0,0.062147170305252075,75,True,narrow_entry,0.5854642047991006,320,geometry_fsm
0.0,0.0,1.0,0.014350967481732368,400,False,false_feasible,0.5995294353530227,321,geometry_fsm
1.0,0.0,0.0,0.05679793283343315,184,True,s_shaped,0.7603928317998392,322,geometry_fsm
1.0,0.0,0.0,0.05269429832696915,108,True,narrow_entry,0.5502741522345308,323,geometry_fsm
1.0,0.0,0.0,0.21908588707447052,80,True,straight,0.8341335779160304,324,geometry_fsm
0.0,0.0,0.0,4.820000171661377,16,True,narrow_entry,0.5101189513190285,325,geometry_fsm
1.0,0.0,0.0,0.05503462255001068,99,True,asymmetric,0.7493462845218546,326,geometry_fsm
0.0,0.0,1.0,0.0017180618597194552,60,True,l_shaped,0.5874662755670266,327,geometry_fsm
1.0,0.0,0.0,0.1856776624917984,105,True,straight,0.7622367003940507,328,geometry_fsm
0.0,0.0,0.0,4.820000171661377,17,True,straight,0.4712626524854183,329,geometry_fsm
1.0,0.0,0.0,0.059959422796964645,86,True,narrow_entry,0.52658390848266,330,geometry_fsm
1.0,0.0,0.0,0.05702783167362213,107,True,l_shaped,0.5352710747342472,331,geometry_fsm
1.0,0.0,1.0,0.040149640291929245,83,True,asymmetric,0.8125977142540357,332,geometry_fsm
0.0,0.0,1.0,0.044113997370004654,400,False,false_feasible,0.6843593933384942,333,geometry_fsm
0.0,0.0,0.0,4.820000171661377,15,True,straight,0.5390913358876082,334,geometry_fsm
1.0,0.0,0.0,0.05917618051171303,102,True,narrow_entry,0.5445324710314174,335,geometry_fsm
1.0,0.0,0.0,0.10355499386787415,121,True,l_shaped,0.7637731478234682,336,geometry_fsm
0.0,0.0,0.0,0.08993089944124222,400,False,false_feasible,0.6006013198759406,337,geometry_fsm
1.0,0.0,0.0,0.08420757204294205,102,True,narrow_exit,0.5354784966013542,338,geometry_fsm
1.0,0.0,0.0,0.05320761725306511,93,True,straight,0.5729204433264841,339,geometry_fsm
1.0,0.0,0.0,0.1685660034418106,80,True,straight,0.716523727699982,340,geometry_fsm
1.0,0.0,0.0,0.053920868784189224,106,True,narrow_exit,0.5003250038090357,341,geometry_fsm
1.0,0.0,1.0,0.01825225166976452,80,True,straight,0.5143533305968733,342,geometry_fsm
1.0,0.0,0.0,0.05201869457960129,168,True,s_shaped,0.555678073466654,343,geometry_fsm
1.0,0.0,0.0,0.16229845583438873,110,True,straight,0.7238968886820527,344,geometry_fsm
0.0,0.0,1.0,0.047317877411842346,400,False,false_feasible,0.6805353618022505,345,geometry_fsm
0.0,0.0,0.0,0.09748315811157227,400,False,false_feasible,0.619299535052635,346,geometry_fsm
0.0,0.0,1.0,0.0003865565231535584,50,True,s_shaped,0.5037517961679152,347,geometry_fsm
0.0,0.0,0.0,4.820000171661377,17,True,l_shaped,0.5234430081230041,348,geometry_fsm
0.0,0.0,0.0,0.0997345969080925,400,False,false_feasible,0.7572718958339757,349,geometry_fsm
1.0,0.0,1.0,0.02754095010459423,91,True,narrow_exit,0.42223149850484326,350,geometry_fsm
1.0,0.0,0.0,0.08248724043369293,116,True,l_shaped,0.6873951935237322,351,geometry_fsm
1.0,0.0,0.0,0.10796262323856354,116,True,s_shaped,0.6746761156383666,352,geometry_fsm
0.0,0.0,1.0,0.0023788439575582743,52,True,s_shaped,0.4639476548165105,353,geometry_fsm
0.0,0.0,0.0,4.820000171661377,19,True,straight,0.4949783350985309,354,geometry_fsm
1.0,0.0,0.0,0.05430278182029724,98,True,narrow_exit,0.5181368822200751,355,geometry_fsm
0.0,0.0,0.0,0.16408151388168335,400,False,false_feasible,0.7590499377394438,356,geometry_fsm
1.0,0.0,0.0,0.07578014582395554,128,True,s_shaped,0.6310668974274827,357,geometry_fsm
1.0,0.0,1.0,0.02853579632937908,112,True,straight,0.633085127725872,358,geometry_fsm
0.0,0.0,0.0,0.05289807170629501,400,True,narrow_exit,0.4256846395247397,359,geometry_fsm
1.0,0.0,0.0,0.0802011489868164,117,True,l_shaped,0.8489905011575196,360,geometry_fsm
1.0,0.0,0.0,0.1871456801891327,106,True,straight,0.8373987758344472,361,geometry_fsm
0.0,0.0,0.0,0.1736823171377182,400,False,false_feasible,0.7829560726988289,362,geometry_fsm
1.0,0.0,0.0,0.12890088558197021,107,True,straight,0.6734542037162343,363,geometry_fsm
1.0,0.0,0.0,0.052025727927684784,114,True,s_shaped,0.6589807318427364,364,geometry_fsm
0.0,0.0,0.0,0.07629166543483734,400,True,asymmetric,0.5809726586027926,365,geometry_fsm
1.0,0.0,0.0,0.06883673369884491,148,True,s_shaped,0.8162620576693067,366,geometry_fsm
1.0,0.0,0.0,0.0648568645119667,102,True,l_shaped,0.8283132767401924,367,geometry_fsm
0.0,0.0,1.0,0.04228929430246353,400,True,asymmetric,0.48155149441988276,368,geometry_fsm
1.0,0.0,0.0,0.08499699831008911,101,True,narrow_exit,0.5672103557924545,369,geometry_fsm
1.0,0.0,0.0,0.10542365163564682,83,True,straight,0.7122071077788414,370,geometry_fsm
1.0,0.0,0.0,0.09125984460115433,87,True,narrow_exit,0.5907563642249145,371,geometry_fsm
1.0,0.0,0.0,0.17103257775306702,73,True,straight,0.8188461987908233,372,geometry_fsm
1.0,0.0,0.0,0.06849132478237152,101,True,narrow_exit,0.5662134503646514,373,geometry_fsm
1.0,0.0,0.0,0.1616969257593155,110,True,straight,0.7392616939501118,374,geometry_fsm
1.0,0.0,0.0,0.19688530266284943,81,True,straight,0.8372535998731345,375,geometry_fsm
1.0,0.0,0.0,0.0932580828666687,93,True,straight,0.7004187407298574,376,geometry_fsm
0.0,0.0,0.0,4.820000171661377,18,True,s_shaped,0.5255720912694887,377,geometry_fsm
1.0,0.0,1.0,0.026680748909711838,135,True,l_shaped,0.6997690282736465,378,geometry_fsm
0.0,0.0,0.0,4.820000171661377,16,True,narrow_entry,0.43675967955453554,379,geometry_fsm
1.0,0.0,1.0,0.04131345450878143,97,True,l_shaped,0.5339979466629434,380,geometry_fsm
1.0,0.0,0.0,0.19304676353931427,103,True,straight,0.8469349692471471,381,geometry_fsm
1.0,0.0,0.0,0.08432501554489136,77,True,narrow_exit,0.5854397396219889,382,geometry_fsm
1.0,0.0,1.0,0.04037816449999809,138,True,s_shaped,0.7539050118042848,383,geometry_fsm
1.0,0.0,0.0,0.053060829639434814,83,True,narrow_entry,0.5367474224646778,384,geometry_fsm
1.0,0.0,0.0,0.0630030557513237,100,True,narrow_exit,0.5445393166870626,385,geometry_fsm
0.0,0.0,1.0,0.01228028442710638,75,True,asymmetric,0.48381273356948834,386,geometry_fsm
1.0,0.0,0.0,0.0702451691031456,73,True,narrow_exit,0.5086433250600779,387,geometry_fsm
1.0,0.0,0.0,0.0655689537525177,89,True,l_shaped,0.7789634429167849,388,geometry_fsm
0.0,0.0,0.0,4.820000171661377,15,True,straight,0.46273153753715157,389,geometry_fsm
1.0,0.0,0.0,0.1246696412563324,110,True,s_shaped,0.8654906530396146,390,geometry_fsm
1.0,0.0,0.0,0.05237125605344772,174,True,s_shaped,0.5489970476972676,391,geometry_fsm
1.0,0.0,1.0,0.04202282056212425,88,True,narrow_exit,0.46868461428884617,392,geometry_fsm
1.0,0.0,1.0,0.04909370839595795,114,True,s_shaped,0.5604103192201321,393,geometry_fsm
1.0,0.0,0.0,0.08571638911962509,108,True,l_shaped,0.6440932266821061,394,geometry_fsm
1.0,0.0,1.0,0.015133223496377468,137,True,s_shaped,0.7865053754159992,395,geometry_fsm
1.0,0.0,1.0,0.01569184847176075,98,True,straight,0.634698663099951,396,geometry_fsm
1.0,0.0,1.0,0.039005670696496964,77,True,narrow_exit,0.46491867166896966,397,geometry_fsm
0.0,0.0,1.0,0.0038385135121643543,42,True,s_shaped,0.4504454972668738,398,geometry_fsm
1.0,0.0,0.0,0.22168320417404175,76,True,straight,0.873615105571611,399,geometry_fsm
0.0,0.0,0.0,0.1274230033159256,400,False,false_feasible,0.7025724879259627,400,geometry_fsm
1.0,0.0,0.0,0.12319537252187729,115,True,l_shaped,0.8690594978157582,401,geometry_fsm
1.0,0.0,0.0,0.17267943918704987,94,True,straight,0.8652889633163358,402,geometry_fsm
1.0,0.0,1.0,0.04589395970106125,159,True,s_shaped,0.7530811716263597,403,geometry_fsm
0.0,0.0,1.0,0.0003878427087329328,70,False,false_feasible,0.590261420704985,404,geometry_fsm
1.0,0.0,0.0,0.06753664463758469,106,True,narrow_exit,0.5213643978453197,405,geometry_fsm
1.0,0.0,1.0,0.013538917526602745,76,True,straight,0.560082209741563,406,geometry_fsm
0.0,0.0,1.0,0.03802739456295967,400,True,asymmetric,0.5258901968122404,407,geometry_fsm
1.0,0.0,0.0,0.14721138775348663,77,True,straight,0.7995099043571807,408,geometry_fsm
1.0,0.0,0.0,0.0534137599170208,92,True,l_shaped,0.5206614738003867,409,geometry_fsm
1.0,0.0,0.0,0.14938564598560333,81,True,straight,0.7164804345775513,410,geometry_fsm
1.0,0.0,0.0,0.07485678046941757,102,True,l_shaped,0.7082303859110689,411,geometry_fsm
1.0,0.0,0.0,0.10067173093557358,132,True,s_shaped,0.818787587347954,412,geometry_fsm
1.0,0.0,0.0,0.17050716280937195,74,True,straight,0.7228127787525637,413,geometry_fsm
0.0,0.0,1.0,0.007684021256864071,127,True,s_shaped,0.5221521562242907,414,geometry_fsm
1.0,0.0,0.0,0.08822319656610489,121,True,s_shaped,0.7448012511411441,415,geometry_fsm
1.0,0.0,1.0,0.03266996145248413,76,True,narrow_entry,0.5593952102007809,416,geometry_fsm
1.0,0.0,0.0,0.05132492259144783,101,True,asymmetric,0.7929328594635792,417,geometry_fsm
1.0,0.0,0.0,0.08427818864583969,123,True,l_shaped,0.6269625604803,418,geometry_fsm
1.0,0.0,0.0,0.115562304854393,106,True,l_shaped,0.8368561355588942,419,geometry_fsm
1.0,0.0,0.0,0.09687826037406921,117,True,l_shaped,0.8934140529757,420,geometry_fsm
1.0,0.0,0.0,0.0789434164762497,150,True,l_shaped,0.8659261726555774,421,geometry_fsm
1.0,0.0,0.0,0.07994651794433594,76,True,narrow_exit,0.5795804244599301,422,geometry_fsm
1.0,0.0,0.0,0.10098804533481598,104,True,s_shaped,0.7278061949665587,423,geometry_fsm
0.0,0.0,1.0,0.0053954776376485825,52,True,asymmetric,0.6182648281319505,424,geometry_fsm
0.0,0.0,0.0,0.1376623958349228,400,False,false_feasible,0.7308898385229509,425,geometry_fsm
0.0,0.0,1.0,0.0036485246382653713,92,True,l_shaped,0.5012582646685599,426,geometry_fsm
1.0,0.0,1.0,0.024842601269483566,187,True,s_shaped,0.6960660571082298,427,geometry_fsm
1.0,0.0,0.0,0.051301393657922745,87,True,straight,0.4876029144668152,428,geometry_fsm
0.0,0.0,0.0,0.1506241112947464,400,False,false_feasible,0.7898448180788078,429,geometry_fsm
0.0,0.0,1.0,0.04013003781437874,400,False,false_feasible,0.6137966280733855,430,geometry_fsm
1.0,0.0,0.0,0.07247571647167206,93,True,l_shaped,0.5727761895044058,431,geometry_fsm
1.0,0.0,0.0,0.1637413501739502,76,True,straight,0.6937823572484527,432,geometry_fsm
0.0,0.0,0.0,0.16195954382419586,48,True,s_shaped,0.8554973909178045,433,geometry_fsm
0.0,0.0,1.0,0.0034646745771169662,24,True,narrow_entry,0.47460077388279576,434,geometry_fsm
1.0,0.0,0.0,0.1025550588965416,71,True,narrow_entry,0.5745182073131728,435,geometry_fsm
1.0,0.0,1.0,0.010998960584402084,77,True,straight,0.5992871906066504,436,geometry_fsm
1.0,0.0,0.0,0.1175009235739708,109,True,l_shaped,0.8920038138631132,437,geometry_fsm
1.0,0.0,0.0,0.06703374534845352,75,True,straight,0.5348520353855511,438,geometry_fsm
1.0,0.0,0.0,0.09034319967031479,73,True,narrow_exit,0.5420420797509233,439,geometry_fsm
1.0,0.0,0.0,0.06371942907571793,117,True,s_shaped,0.8716567503943187,440,geometry_fsm
0.0,0.0,1.0,0.011212630197405815,48,True,asymmetric,0.514484477663621,441,geometry_fsm
1.0,0.0,1.0,0.04677445441484451,95,True,l_shaped,0.6997546106729574,442,geometry_fsm
0.0,0.0,0.0,0.14388617873191833,400,False,false_feasible,0.7820596620280413,443,geometry_fsm
0.0,0.0,1.0,0.005908894818276167,29,True,narrow_entry,0.5262383893820324,444,geometry_fsm
1.0,0.0,1.0,0.008991223759949207,158,True,l_shaped,0.5734104908481463,445,geometry_fsm
1.0,0.0,1.0,0.04733306169509888,90,True,narrow_exit,0.5070320953806626,446,geometry_fsm
1.0,0.0,1.0,0.04610428959131241,110,True,straight,0.5096458414236432,447,geometry_fsm
1.0,0.0,0.0,0.09806375205516815,121,True,l_shaped,0.8542127003301647,448,geometry_fsm
1.0,0.0,0.0,0.12748588621616364,118,True,l_shaped,0.8108580750708367,449,geometry_fsm
1.0,0.0,1.0,0.016293620690703392,144,True,s_shaped,0.4667896315813174,450,geometry_fsm
1.0,0.0,0.0,0.051092054694890976,81,True,narrow_exit,0.48096521401573505,451,geometry_fsm
1.0,0.0,0.0,0.2549261152744293,94,True,straight,0.8818565486283572,452,geometry_fsm
1.0,0.0,1.0,0.004383799619972706,86,True,narrow_entry,0.5070243572425855,453,geometry_fsm
0.0,0.0,1.0,0.0017106113955378532,250,True,l_shaped,0.4924034390007451,454,geometry_fsm
1.0,0.0,0.0,0.07440775632858276,119,True,s_shaped,0.6087351923362321,455,geometry_fsm
1.0,0.0,1.0,0.00025142618687823415,168,True,s_shaped,0.6656501758000399,456,geometry_fsm
1.0,0.0,1.0,0.011071243323385715,76,True,straight,0.47784846466150943,457,geometry_fsm
0.0,0.0,0.0,0.11260368674993515,400,False,false_feasible,0.68651351668702,458,geometry_fsm
0.0,0.0,1.0,0.005201485473662615,124,True,l_shaped,0.4556095469270469,459,geometry_fsm
1.0,0.0,1.0,0.03207667917013168,175,True,s_shaped,0.8319474382772145,460,geometry_fsm
1.0,0.0,0.0,0.07929424941539764,114,True,l_shaped,0.6081073574801689,461,geometry_fsm
0.0,0.0,1.0,0.012808890081942081,71,True,asymmetric,0.5209206809798153,462,geometry_fsm
1.0,0.0,1.0,0.036629755049943924,84,True,l_shaped,0.46479045161991106,463,geometry_fsm
1.0,0.0,0.0,0.0848885253071785,83,True,narrow_exit,0.5400531894414131,464,geometry_fsm
0.0,0.0,1.0,0.004968894645571709,84,True,l_shaped,0.5986430485989414,465,geometry_fsm
1.0,0.0,0.0,0.22734537720680237,77,True,straight,0.8348237759178962,466,geometry_fsm
1.0,0.0,0.0,0.1369425654411316,91,True,straight,0.8619286216903344,467,geometry_fsm
1.0,0.0,0.0,0.10401680320501328,94,True,asymmetric,0.8650753082980338,468,geometry_fsm
0.0,0.0,1.0,0.010303470306098461,157,True,l_shaped,0.5122291506723482,469,geometry_fsm
1.0,0.0,1.0,0.00337864994071424,101,True,straight,0.49957652029775995,470,geometry_fsm
0.0,0.0,0.0,0.10871188342571259,400,True,asymmetric,0.6855407315302016,471,geometry_fsm
1.0,0.0,0.0,0.1538243442773819,78,True,straight,0.7464807668130418,472,geometry_fsm
1.0,0.0,0.0,0.05576803535223007,124,True,l_shaped,0.5544362073014045,473,geometry_fsm
1.0,0.0,0.0,0.10266825556755066,97,True,l_shaped,0.7465518296866449,474,geometry_fsm
0.0,0.0,0.0,0.1284010112285614,400,False,false_feasible,0.6906320301889947,475,geometry_fsm
0.0,0.0,0.0,4.820000171661377,17,True,l_shaped,0.45318840937647664,476,geometry_fsm
0.0,0.0,1.0,0.028642890974879265,400,True,asymmetric,0.6015018634188176,477,geometry_fsm
1.0,0.0,1.0,0.03296959772706032,112,True,straight,0.46579084466526366,478,geometry_fsm
0.0,0.0,0.0,0.15530799329280853,400,False,false_feasible,0.7479618224477685,479,geometry_fsm
1.0,0.0,0.0,0.09764692932367325,88,True,narrow_exit,0.5940175134555659,480,geometry_fsm
1.0,0.0,0.0,0.08041563630104065,109,True,narrow_exit,0.5836291835636911,481,geometry_fsm
1.0,0.0,1.0,8.755827002460137e-05,105,True,asymmetric,0.7033420089298698,482,geometry_fsm
1.0,0.0,0.0,0.07481058686971664,76,True,narrow_exit,0.5298044115200842,483,geometry_fsm
1.0,0.0,0.0,0.11437246948480606,108,True,l_shaped,0.8343911280127465,484,geometry_fsm
1.0,0.0,0.0,0.08838610351085663,82,True,narrow_exit,0.5426470890897435,485,geometry_fsm
0.0,0.0,0.0,0.14990292489528656,400,False,false_feasible,0.7388428853063269,486,geometry_fsm
1.0,0.0,0.0,0.11067243665456772,92,True,straight,0.6214231566218853,487,geometry_fsm
1.0,0.0,0.0,0.18319149315357208,93,True,straight,0.8269277817849692,488,geometry_fsm
0.0,0.0,1.0,0.000503957737237215,53,True,s_shaped,0.5239704266659997,489,geometry_fsm
1.0,0.0,0.0,0.05620104447007179,108,True,asymmetric,0.6948441411670399,490,geometry_fsm
1.0,0.0,0.0,0.20417004823684692,106,True,straight,0.8333842660207158,491,geometry_fsm
1.0,0.0,0.0,0.053708966821432114,134,True,s_shaped,0.5816104671629537,492,geometry_fsm
1.0,0.0,1.0,0.040849536657333374,253,True,s_shaped,0.8570278576887512,493,geometry_fsm
1.0,0.0,1.0,0.04666408523917198,95,True,l_shaped,0.7928766803538789,494,geometry_fsm
0.0,0.0,1.0,0.0028406318742781878,69,True,asymmetric,0.5655041514639754,495,geometry_fsm
0.0,0.0,0.0,0.07530786097049713,400,False,false_feasible,0.6476116275992401,496,geometry_fsm
1.0,0.0,1.0,0.016781644895672798,115,True,straight,0.4699787836097656,497,geometry_fsm
0.0,0.0,0.0,0.07857948541641235,400,False,false_feasible,0.6217088886700382,498,geometry_fsm
1.0,0.0,0.0,0.06001770868897438,112,True,l_shaped,0.5395305202169378,499,geometry_fsm
1.0,0.0,0.0,0.08816903084516525,75,True,narrow_entry,0.5745476255840488,0,fsm_no_recovery
1.0,0.0,0.0,0.0846744179725647,86,True,straight,0.6526736720530052,1,fsm_no_recovery
0.0,0.0,1.0,0.0051115467213094234,50,True,asymmetric,0.649536389472299,2,fsm_no_recovery
1.0,0.0,0.0,0.10785651206970215,125,True,l_shaped,0.8868141109777066,3,fsm_no_recovery
1.0,0.0,0.0,0.08646634221076965,103,True,straight,0.7573720289591046,4,fsm_no_recovery
1.0,0.0,0.0,0.08230413496494293,90,True,l_shaped,0.6613001150741136,5,fsm_no_recovery
1.0,0.0,0.0,0.07362280040979385,174,True,s_shaped,0.8247051882260268,6,fsm_no_recovery
1.0,0.0,1.0,0.022802164778113365,102,True,narrow_exit,0.42132520855518096,7,fsm_no_recovery
1.0,0.0,0.0,0.10389618575572968,109,True,s_shaped,0.7059335381788022,8,fsm_no_recovery
1.0,0.0,1.0,0.0410475991666317,74,True,narrow_exit,0.47471101765127016,9,fsm_no_recovery
0.0,0.0,0.0,0.07653502374887466,400,True,asymmetric,0.5552727686394033,10,fsm_no_recovery
1.0,0.0,1.0,0.02798512764275074,74,True,narrow_exit,0.4500551255833867,11,fsm_no_recovery
1.0,0.0,0.0,0.116836778819561,77,True,straight,0.6754701487965136,12,fsm_no_recovery
1.0,0.0,1.0,0.010106593370437622,111,True,l_shaped,0.5856804401165445,13,fsm_no_recovery
0.0,0.0,0.0,0.107042096555233,400,False,false_feasible,0.6164674903648799,14,fsm_no_recovery
0.0,0.0,0.0,0.094333216547966,400,False,false_feasible,0.6005908411988077,15,fsm_no_recovery
1.0,0.0,0.0,0.09683316200971603,115,True,s_shaped,0.7322889783160995,16,fsm_no_recovery
1.0,0.0,1.0,0.015751007944345474,105,True,l_shaped,0.5150358849897211,17,fsm_no_recovery
1.0,0.0,0.0,0.10491922497749329,108,True,l_shaped,0.7159119711666375,18,fsm_no_recovery
1.0,0.0,1.0,0.005906230304390192,190,True,s_shaped,0.6708181474595345,19,fsm_no_recovery
0.0,0.0,0.0,4.820000171661377,17,True,s_shaped,0.4597254359461487,20,fsm_no_recovery
1.0,0.0,0.0,0.09827353805303574,123,True,l_shaped,0.7467401856113558,21,fsm_no_recovery
1.0,0.0,0.0,0.13922788202762604,86,True,straight,0.6996836112261675,22,fsm_no_recovery
1.0,0.0,0.0,0.10487291216850281,105,True,l_shaped,0.8788047277813853,23,fsm_no_recovery
1.0,0.0,0.0,0.08827853947877884,113,True,straight,0.645793677001367,24,fsm_no_recovery
1.0,0.0,0.0,0.09324789047241211,93,True,asymmetric,0.8520509878640384,25,fsm_no_recovery
1.0,0.0,0.0,0.08211294561624527,77,True,narrow_entry,0.5886263670960803,26,fsm_no_recovery
1.0,0.0,1.0,0.03320647031068802,105,True,narrow_exit,0.475858261122017,27,fsm_no_recovery
1.0,0.0,1.0,0.035771679133176804,78,True,straight,0.5533452134994848,28,fsm_no_recovery
1.0,0.0,1.0,0.04658341035246849,124,True,s_shaped,0.762418096039299,29,fsm_no_recovery
1.0,0.0,0.0,0.2117699831724167,87,True,straight,0.8674031479529285,30,fsm_no_recovery
1.0,0.0,0.0,0.09246876835823059,73,True,narrow_exit,0.5864655172761648,31,fsm_no_recovery
1.0,0.0,0.0,0.1206139400601387,110,True,straight,0.6386014436923367,32,fsm_no_recovery
1.0,0.0,1.0,0.04892197996377945,105,True,asymmetric,0.6603217206998813,33,fsm_no_recovery
1.0,0.0,1.0,0.018295368179678917,175,True,s_shaped,0.722707119315005,34,fsm_no_recovery
1.0,0.0,1.0,0.02203908935189247,84,True,asymmetric,0.6542535969343349,35,fsm_no_recovery
1.0,0.0,1.0,0.031769149005413055,77,True,narrow_exit,0.47586024130633336,36,fsm_no_recovery
1.0,0.0,1.0,0.024967025965452194,73,True,straight,0.5019705286494097,37,fsm_no_recovery
1.0,0.0,0.0,0.17606152594089508,98,True,straight,0.7160147172499371,38,fsm_no_recovery
0.0,0.0,0.0,0.1938822716474533,99,True,s_shaped,0.8437522240055739,39,fsm_no_recovery
0.0,0.0,0.0,4.820000171661377,18,True,s_shaped,0.4721643539674173,40,fsm_no_recovery
1.0,0.0,0.0,0.17385514080524445,108,True,straight,0.8296087282189888,41,fsm_no_recovery
1.0,0.0,1.0,0.02545781247317791,95,True,narrow_entry,0.5602193438240632,42,fsm_no_recovery
1.0,0.0,1.0,0.040410928428173065,92,True,l_shaped,0.7378034720566995,43,fsm_no_recovery
1.0,0.0,0.0,0.06414861232042313,100,True,l_shaped,0.6148766024218113,44,fsm_no_recovery
0.0,0.0,0.0,0.11492378264665604,400,False,false_feasible,0.6320903012511723,45,fsm_no_recovery
1.0,0.0,0.0,0.09025216102600098,107,True,l_shaped,0.7807019230396308,46,fsm_no_recovery
1.0,0.0,0.0,0.09104153513908386,77,True,straight,0.7765720327221421,47,fsm_no_recovery
0.0,0.0,0.0,0.11829172074794769,400,False,false_feasible,0.6984205011165886,48,fsm_no_recovery
1.0,0.0,0.0,0.06463272869586945,90,True,narrow_exit,0.5230374925260929,49,fsm_no_recovery
0.0,0.0,1.0,0.0002742412325460464,122,True,s_shaped,0.7198170486851756,50,fsm_no_recovery
1.0,0.0,0.0,0.05329931527376175,101,True,narrow_entry,0.48005479649908284,51,fsm_no_recovery
1.0,0.0,0.0,0.07726208120584488,108,True,straight,0.5165025176439862,52,fsm_no_recovery
0.0,0.0,1.0,0.00016300551942549646,34,True,narrow_entry,0.5885051976309232,53,fsm_no_recovery
0.0,0.0,0.0,0.11005515605211258,400,False,false_feasible,0.7626334197976957,54,fsm_no_recovery
0.0,0.0,1.0,0.02870841883122921,65,True,asymmetric,0.5829115614048405,55,fsm_no_recovery
0.0,0.0,0.0,0.06643116474151611,400,False,false_feasible,0.6209771094660098,56,fsm_no_recovery
0.0,0.0,0.0,4.820000171661377,16,True,asymmetric,0.46304977644201123,57,fsm_no_recovery
1.0,0.0,1.0,0.03230713680386543,73,True,straight,0.4524434253579152,58,fsm_no_recovery
1.0,0.0,0.0,0.0686764344573021,143,True,l_shaped,0.8322339793153828,59,fsm_no_recovery
0.0,0.0,1.0,0.004173624329268932,55,True,asymmetric,0.4680680847961799,60,fsm_no_recovery
1.0,0.0,0.0,0.14685383439064026,79,True,straight,0.7805794913708227,61,fsm_no_recovery
0.0,0.0,1.0,0.0021399164106696844,96,False,false_feasible,0.563625078747824,62,fsm_no_recovery
1.0,0.0,0.0,0.21991264820098877,90,True,straight,0.8910122307993866,63,fsm_no_recovery
1.0,0.0,0.0,0.05697263032197952,94,True,narrow_exit,0.4742416738526492,64,fsm_no_recovery
1.0,0.0,0.0,0.13235768675804138,88,True,straight,0.6787587323011239,65,fsm_no_recovery
1.0,0.0,0.0,0.07866833359003067,84,True,straight,0.5751339956015659,66,fsm_no_recovery
1.0,0.0,1.0,0.036513954401016235,98,True,narrow_exit,0.45917313480545313,67,fsm_no_recovery
1.0,0.0,0.0,0.05268965661525726,146,True,s_shaped,0.551516790691895,68,fsm_no_recovery
1.0,0.0,0.0,0.05634394288063049,86,True,narrow_entry,0.49765527513238017,69,fsm_no_recovery
0.0,0.0,0.0,0.12253589183092117,400,False,false_feasible,0.6800687786851423,70,fsm_no_recovery
0.0,0.0,0.0,4.820000171661377,16,True,asymmetric,0.47500556260809507,71,fsm_no_recovery
1.0,0.0,0.0,0.10572193562984467,87,True,asymmetric,0.8354466106085512,72,fsm_no_recovery
0.0,0.0,0.0,0.06973829865455627,400,False,false_feasible,0.6277403774801916,73,fsm_no_recovery
0.0,0.0,1.0,0.007791444659233093,107,True,s_shaped,0.5236880869162331,74,fsm_no_recovery
1.0,0.0,1.0,0.033909872174263,89,True,straight,0.651710525964458,75,fsm_no_recovery
1.0,0.0,0.0,0.09721449017524719,110,True,s_shaped,0.6611971203856806,76,fsm_no_recovery
1.0,0.0,0.0,0.056133490055799484,104,True,s_shaped,0.7139003278566582,77,fsm_no_recovery
1.0,0.0,1.0,0.04261896759271622,93,True,narrow_exit,0.4859895092878702,78,fsm_no_recovery
1.0,0.0,1.0,0.044289346784353256,95,True,narrow_entry,0.5108624669226296,79,fsm_no_recovery
0.0,0.0,1.0,0.012363655492663383,138,True,s_shaped,0.49724087215323176,80,fsm_no_recovery
1.0,0.0,0.0,0.19989736378192902,90,True,straight,0.867357206326812,81,fsm_no_recovery
1.0,0.0,0.0,0.0922434851527214,100,True,straight,0.5751099479703663,82,fsm_no_recovery
1.0,0.0,0.0,0.09595320373773575,100,True,narrow_exit,0.5825990169535296,83,fsm_no_recovery
1.0,0.0,0.0,0.20252151787281036,88,True,straight,0.7795860763472044,84,fsm_no_recovery
0.0,0.0,1.0,0.008737107738852501,400,False,false_feasible,0.6220570613719764,85,fsm_no_recovery
0.0,0.0,1.0,0.038245271891355515,182,True,s_shaped,0.8934930762727168,86,fsm_no_recovery
1.0,0.0,0.0,0.12125610560178757,106,True,asymmetric,0.8661157502489499,87,fsm_no_recovery
1.0,0.0,1.0,0.00209811981767416,141,True,narrow_entry,0.5757821786500192,88,fsm_no_recovery
0.0,0.0,0.0,4.820000171661377,15,True,asymmetric,0.4520250562228466,89,fsm_no_recovery
1.0,0.0,0.0,0.07808367908000946,112,True,l_shaped,0.8337515083343607,90,fsm_no_recovery
1.0,0.0,0.0,0.09432674944400787,88,True,l_shaped,0.8489509029773412,91,fsm_no_recovery
0.0,0.0,0.0,0.11539734899997711,400,False,false_feasible,0.6519854877828206,92,fsm_no_recovery
0.0,0.0,0.0,0.08480911701917648,400,False,false_feasible,0.5835917283282654,93,fsm_no_recovery
1.0,0.0,0.0,0.07310661673545837,127,True,l_shaped,0.6391717971773747,94,fsm_no_recovery
1.0,0.0,0.0,0.0699443444609642,114,True,l_shaped,0.5964042287325046,95,fsm_no_recovery
1.0,0.0,0.0,0.05783650279045105,89,True,l_shaped,0.5586174277319983,96,fsm_no_recovery
1.0,0.0,1.0,0.04339597001671791,112,True,narrow_entry,0.4989095265451547,97,fsm_no_recovery
1.0,0.0,0.0,0.06967679411172867,97,True,narrow_entry,0.521190732072763,98,fsm_no_recovery
1.0,0.0,0.0,0.2049054652452469,76,True,straight,0.8818985350481492,99,fsm_no_recovery
1.0,0.0,0.0,0.14406511187553406,92,True,straight,0.6548030290852931,100,fsm_no_recovery
1.0,0.0,0.0,0.06485427916049957,75,True,straight,0.6230269700954676,101,fsm_no_recovery
1.0,0.0,1.0,0.03868201747536659,93,True,l_shaped,0.6273565997301439,102,fsm_no_recovery
0.0,0.0,0.0,0.1103743314743042,49,True,s_shaped,0.6702759029282437,103,fsm_no_recovery
1.0,0.0,1.0,0.04257941246032715,143,True,l_shaped,0.6659385302479793,104,fsm_no_recovery
0.0,0.0,1.0,0.0026058435905724764,128,True,s_shaped,0.77020111871855,105,fsm_no_recovery
1.0,0.0,1.0,0.011247867718338966,97,True,straight,0.4997832604029915,106,fsm_no_recovery
1.0,0.0,0.0,0.09180669486522675,96,True,narrow_exit,0.5736065026816259,107,fsm_no_recovery
1.0,0.0,0.0,0.0982343852519989,110,True,l_shaped,0.8634571564062063,108,fsm_no_recovery
1.0,0.0,1.0,0.043123215436935425,106,True,l_shaped,0.809646085008671,109,fsm_no_recovery
1.0,0.0,1.0,0.03885979950428009,73,True,straight,0.6059153949332314,110,fsm_no_recovery
0.0,0.0,0.0,4.820000171661377,15,True,narrow_entry,0.47708757080339614,111,fsm_no_recovery
1.0,0.0,0.0,0.10212771594524384,114,True,straight,0.6782817157119195,112,fsm_no_recovery
0.0,0.0,0.0,0.0964621901512146,400,False,false_feasible,0.5817274938796283,113,fsm_no_recovery
1.0,0.0,0.0,0.0817912220954895,72,True,narrow_exit,0.5705241318316682,114,fsm_no_recovery
1.0,0.0,0.0,0.09652772545814514,103,True,l_shaped,0.7248465599559383,115,fsm_no_recovery
1.0,0.0,0.0,0.05314731225371361,71,True,narrow_entry,0.4954690298221449,116,fsm_no_recovery
1.0,0.0,0.0,0.16953694820404053,88,True,straight,0.8503453897539288,117,fsm_no_recovery
0.0,0.0,0.0,0.10160381346940994,400,False,false_feasible,0.5998854982248727,118,fsm_no_recovery
1.0,0.0,0.0,0.07709994912147522,120,True,l_shaped,0.6826587690822432,119,fsm_no_recovery
0.0,0.0,0.0,0.09516356140375137,400,False,false_feasible,0.7495243589545832,120,fsm_no_recovery
1.0,0.0,1.0,0.03612251207232475,96,True,narrow_entry,0.4910333798670148,121,fsm_no_recovery
0.0,0.0,0.0,0.06510365009307861,400,False,false_feasible,0.5991855451876579,122,fsm_no_recovery
0.0,0.0,1.0,0.02968347817659378,400,False,false_feasible,0.5747311262762056,123,fsm_no_recovery
0.0,0.0,1.0,0.004339464008808136,90,True,s_shaped,0.5667479279345404,124,fsm_no_recovery
1.0,0.0,0.0,0.0672370195388794,121,True,l_shaped,0.5826482773085442,125,fsm_no_recovery
0.0,0.0,0.0,0.09423074871301651,400,False,false_feasible,0.5844483839819513,126,fsm_no_recovery
1.0,0.0,1.0,0.04766266420483589,79,True,straight,0.5639649634800888,127,fsm_no_recovery
0.0,0.0,0.0,4.820000171661377,15,True,narrow_entry,0.4868254746758899,128,fsm_no_recovery
1.0,0.0,0.0,0.16758301854133606,75,True,straight,0.8532549370906337,129,fsm_no_recovery
1.0,0.0,0.0,0.06406954675912857,90,True,straight,0.6361055690894865,130,fsm_no_recovery
1.0,0.0,0.0,0.1032668948173523,87,True,asymmetric,0.8435588129350073,131,fsm_no_recovery
1.0,0.0,1.0,0.03267723694443703,94,True,asymmetric,0.7998114209974616,132,fsm_no_recovery
1.0,0.0,0.0,0.13141067326068878,92,True,straight,0.8785123721305574,133,fsm_no_recovery
0.0,0.0,1.0,0.03646911308169365,400,True,narrow_exit,0.4254098241770122,134,fsm_no_recovery
1.0,0.0,0.0,0.08573264628648758,119,True,s_shaped,0.6302030603603752,135,fsm_no_recovery
1.0,0.0,0.0,0.18769389390945435,86,True,straight,0.8642996362231056,136,fsm_no_recovery
1.0,0.0,0.0,0.0695599839091301,80,True,narrow_entry,0.5551509452540747,137,fsm_no_recovery
1.0,0.0,0.0,0.1940082162618637,83,True,straight,0.8970158242850301,138,fsm_no_recovery
1.0,0.0,1.0,0.022873887792229652,99,True,straight,0.5185470195709091,139,fsm_no_recovery
1.0,0.0,0.0,0.05617012083530426,113,True,l_shaped,0.7767810577727555,140,fsm_no_recovery
0.0,0.0,1.0,0.009945963509380817,80,True,l_shaped,0.5297559755621727,141,fsm_no_recovery
1.0,0.0,1.0,0.02449892647564411,84,True,narrow_entry,0.5156544860875039,142,fsm_no_recovery
1.0,0.0,0.0,0.07183609902858734,130,True,s_shaped,0.7028185185283498,143,fsm_no_recovery
1.0,0.0,0.0,0.07728839665651321,109,True,s_shaped,0.6480225487050986,144,fsm_no_recovery
1.0,0.0,1.0,0.020115725696086884,128,True,l_shaped,0.5390144312666386,145,fsm_no_recovery
0.0,0.0,1.0,0.009505468420684338,154,True,l_shaped,0.5123945233050388,146,fsm_no_recovery
0.0,0.0,0.0,4.820000171661377,15,True,narrow_entry,0.5298108869196912,147,fsm_no_recovery
1.0,0.0,0.0,0.08460545539855957,96,True,narrow_exit,0.5775193703980521,148,fsm_no_recovery
1.0,0.0,0.0,0.0931500717997551,112,True,l_shaped,0.6950467809186028,149,fsm_no_recovery
0.0,0.0,0.0,0.17667850852012634,400,False,false_feasible,0.7945511076911403,150,fsm_no_recovery
1.0,0.0,0.0,0.06434360146522522,88,True,narrow_exit,0.5254730473372898,151,fsm_no_recovery
1.0,0.0,1.0,0.02897002547979355,86,True,straight,0.4533781647599999,152,fsm_no_recovery
1.0,0.0,0.0,0.16154153645038605,77,True,straight,0.798451155532373,153,fsm_no_recovery
1.0,0.0,0.0,0.06573005020618439,89,True,straight,0.5192836121599319,154,fsm_no_recovery
0.0,0.0,0.0,4.820000171661377,15,False,false_feasible,0.5844993793369764,155,fsm_no_recovery
1.0,0.0,0.0,0.11794385313987732,93,True,straight,0.6405729276058443,156,fsm_no_recovery
1.0,0.0,0.0,0.07551709562540054,75,True,narrow_exit,0.5129626924744154,157,fsm_no_recovery
1.0,0.0,1.0,0.01866058260202408,116,True,s_shaped,0.6411496161669552,158,fsm_no_recovery
1.0,0.0,1.0,0.036255404353141785,121,True,s_shaped,0.5946955570084048,159,fsm_no_recovery
1.0,0.0,1.0,0.039330605417490005,94,True,straight,0.5190864849245762,160,fsm_no_recovery
1.0,0.0,1.0,0.03392389044165611,105,True,straight,0.6463424968624184,161,fsm_no_recovery
0.0,0.0,0.0,4.820000171661377,16,True,asymmetric,0.525600381860042,162,fsm_no_recovery
1.0,0.0,1.0,0.049969058483839035,150,True,l_shaped,0.7820089002478678,163,fsm_no_recovery
1.0,0.0,0.0,0.058066967874765396,120,True,l_shaped,0.5486351474153845,164,fsm_no_recovery
1.0,0.0,0.0,0.13738007843494415,91,True,straight,0.8203984302631049,165,fsm_no_recovery
1.0,0.0,0.0,0.07649016380310059,111,True,narrow_exit,0.5775151558297348,166,fsm_no_recovery
1.0,0.0,0.0,0.05727018043398857,95,True,narrow_exit,0.5219557171457361,167,fsm_no_recovery
1.0,0.0,0.0,0.13841897249221802,92,True,straight,0.720701303605207,168,fsm_no_recovery
1.0,0.0,1.0,0.04050898924469948,82,True,narrow_entry,0.5210201522202079,169,fsm_no_recovery
1.0,0.0,1.0,0.035756662487983704,111,True,narrow_exit,0.4582098849913337,170,fsm_no_recovery
1.0,0.0,1.0,0.04905852675437927,107,True,s_shaped,0.6642412905053974,171,fsm_no_recovery
0.0,0.0,0.0,4.820000171661377,17,True,l_shaped,0.49462063676946644,172,fsm_no_recovery
1.0,0.0,0.0,0.07902320474386215,86,True,l_shaped,0.6123414089332142,173,fsm_no_recovery
1.0,0.0,0.0,0.1361905038356781,77,True,asymmetric,0.8683499794137999,174,fsm_no_recovery
1.0,0.0,1.0,0.013445215299725533,74,True,narrow_entry,0.5146908948394837,175,fsm_no_recovery
1.0,0.0,0.0,0.0889175608754158,93,True,narrow_exit,0.5961541459020789,176,fsm_no_recovery
1.0,0.0,1.0,0.04814587160944939,95,True,l_shaped,0.7131387162622216,177,fsm_no_recovery
1.0,0.0,0.0,0.05140912905335426,98,True,narrow_exit,0.49767342066372383,178,fsm_no_recovery
1.0,0.0,0.0,0.08946652710437775,104,True,l_shaped,0.6529709250833649,179,fsm_no_recovery
1.0,0.0,0.0,0.06873388588428497,85,True,l_shaped,0.6203667544018789,180,fsm_no_recovery
1.0,0.0,0.0,0.08151698112487793,110,True,narrow_exit,0.5688221787462739,181,fsm_no_recovery
0.0,0.0,0.0,0.15520420670509338,400,False,false_feasible,0.7809751001363575,182,fsm_no_recovery
1.0,0.0,1.0,0.019987856969237328,73,True,narrow_entry,0.5093551468390755,183,fsm_no_recovery
1.0,0.0,1.0,0.016186414286494255,132,True,l_shaped,0.7042850597838175,184,fsm_no_recovery
0.0,0.0,0.0,0.09699343144893646,400,False,false_feasible,0.7639105304256009,185,fsm_no_recovery
1.0,0.0,0.0,0.0700010433793068,125,True,s_shaped,0.7039767061616304,186,fsm_no_recovery
1.0,0.0,1.0,0.045984748750925064,106,True,narrow_entry,0.47119148422321355,187,fsm_no_recovery
1.0,0.0,0.0,0.05618017911911011,95,True,narrow_exit,0.48781212141747776,188,fsm_no_recovery
0.0,0.0,0.0,4.820000171661377,17,True,l_shaped,0.5128306443806043,189,fsm_no_recovery
1.0,0.0,0.0,0.06573360413312912,77,True,asymmetric,0.888487705398981,190,fsm_no_recovery
1.0,0.0,1.0,0.0451824888586998,116,True,straight,0.6905703380801739,191,fsm_no_recovery
1.0,0.0,0.0,0.07519952207803726,110,True,narrow_entry,0.5825380476131046,192,fsm_no_recovery
0.0,0.0,1.0,0.008644661866128445,63,True,asymmetric,0.5200909519385607,193,fsm_no_recovery
0.0,0.0,0.0,0.10448843240737915,400,False,false_feasible,0.5973408729182135,194,fsm_no_recovery
0.0,0.0,0.0,0.17182689905166626,400,False,false_feasible,0.7858455878194632,195,fsm_no_recovery
1.0,0.0,1.0,0.03293542563915253,87,True,narrow_entry,0.5021526944223321,196,fsm_no_recovery
1.0,0.0,1.0,0.025425732135772705,75,True,narrow_entry,0.5875232079380317,197,fsm_no_recovery
1.0,0.0,0.0,0.09904967248439789,127,True,l_shaped,0.6820900543296231,198,fsm_no_recovery
0.0,0.0,1.0,0.003566581988707185,31,True,straight,0.5378059084915514,199,fsm_no_recovery
1.0,0.0,0.0,0.081094890832901,106,True,narrow_exit,0.531202003531005,200,fsm_no_recovery
1.0,0.0,0.0,0.08728606253862381,111,True,l_shaped,0.6470287045541268,201,fsm_no_recovery
1.0,0.0,0.0,0.0831889808177948,109,True,l_shaped,0.7439363482602684,202,fsm_no_recovery
0.0,0.0,1.0,0.01758270524442196,400,False,false_feasible,0.5768280907081301,203,fsm_no_recovery
1.0,0.0,1.0,0.028794946148991585,146,True,s_shaped,0.6397947282215526,204,fsm_no_recovery
0.0,0.0,1.0,0.003962544724345207,84,True,s_shaped,0.8535399172158142,205,fsm_no_recovery
1.0,0.0,1.0,0.04352547228336334,99,True,narrow_exit,0.48258125427046256,206,fsm_no_recovery
1.0,0.0,0.0,0.07299501448869705,135,True,s_shaped,0.8154553325341767,207,fsm_no_recovery
1.0,0.0,0.0,0.08231888711452484,103,True,straight,0.7320712422528939,208,fsm_no_recovery
1.0,0.0,0.0,0.2233027219772339,78,True,straight,0.8802209967851831,209,fsm_no_recovery
0.0,0.0,0.0,0.08385121077299118,106,True,s_shaped,0.8472715047153352,210,fsm_no_recovery
1.0,0.0,1.0,0.045637961477041245,95,True,l_shaped,0.5887499417787799,211,fsm_no_recovery
1.0,0.0,0.0,0.0939793512225151,104,True,narrow_entry,0.5667131573193758,212,fsm_no_recovery
1.0,0.0,0.0,0.07039175927639008,113,True,s_shaped,0.6264270100869495,213,fsm_no_recovery
1.0,0.0,0.0,0.08529987186193466,104,True,l_shaped,0.6161727786034359,214,fsm_no_recovery
1.0,0.0,0.0,0.05457882210612297,97,True,asymmetric,0.8994733368001464,215,fsm_no_recovery
1.0,0.0,0.0,0.1242450475692749,91,True,straight,0.6647402849773161,216,fsm_no_recovery
1.0,0.0,1.0,0.03409060090780258,105,True,narrow_exit,0.4605319798989982,217,fsm_no_recovery
0.0,0.0,1.0,0.005792753305286169,58,True,asymmetric,0.5914565741834572,218,fsm_no_recovery
1.0,0.0,1.0,0.034364063292741776,281,True,l_shaped,0.5264099881977184,219,fsm_no_recovery
1.0,0.0,0.0,0.08509055525064468,83,True,narrow_exit,0.5661578762718981,220,fsm_no_recovery
0.0,0.0,0.0,0.07752406597137451,400,True,asymmetric,0.5558653747870402,221,fsm_no_recovery
1.0,0.0,1.0,0.03760146722197533,80,True,narrow_entry,0.4880972425602814,222,fsm_no_recovery
1.0,0.0,1.0,0.0007247645989991724,95,True,straight,0.5435991331688073,223,fsm_no_recovery
1.0,0.0,0.0,0.0895901620388031,95,True,l_shaped,0.7861841102834488,224,fsm_no_recovery
1.0,0.0,1.0,0.0001955429615918547,159,True,asymmetric,0.739013588355597,225,fsm_no_recovery
1.0,0.0,1.0,0.022919276729226112,80,True,narrow_entry,0.4376018395401797,226,fsm_no_recovery
0.0,0.0,0.0,4.820000171661377,16,True,narrow_entry,0.5644897089519058,227,fsm_no_recovery
0.0,0.0,1.0,0.007867339067161083,82,True,s_shaped,0.5511102635456432,228,fsm_no_recovery
1.0,0.0,1.0,0.04491052404046059,132,True,l_shaped,0.862828015169764,229,fsm_no_recovery
1.0,0.0,1.0,0.013611802831292152,110,True,l_shaped,0.7285123715280867,230,fsm_no_recovery
1.0,0.0,0.0,0.08035648614168167,176,True,s_shaped,0.8445051624382662,231,fsm_no_recovery
1.0,0.0,0.0,0.09789165109395981,107,True,l_shaped,0.676293721641159,232,fsm_no_recovery
1.0,0.0,0.0,0.11849261820316315,114,True,l_shaped,0.7814354479658496,233,fsm_no_recovery
1.0,0.0,1.0,0.02366182766854763,102,True,narrow_entry,0.5971533476906399,234,fsm_no_recovery
1.0,0.0,0.0,0.09603562206029892,122,True,s_shaped,0.8439925700372564,235,fsm_no_recovery
0.0,0.0,0.0,4.820000171661377,14,True,narrow_entry,0.5291453112387963,236,fsm_no_recovery
1.0,0.0,1.0,0.04566577076911926,108,True,narrow_exit,0.4826896590230621,237,fsm_no_recovery
1.0,0.0,0.0,0.16847723722457886,82,True,straight,0.7873675879700865,238,fsm_no_recovery
0.0,0.0,0.0,4.820000171661377,18,True,asymmetric,0.5471661556940697,239,fsm_no_recovery
1.0,0.0,1.0,0.03551614284515381,92,True,narrow_entry,0.5539190500850983,240,fsm_no_recovery
1.0,0.0,0.0,0.07897064089775085,86,True,asymmetric,0.8152885670486694,241,fsm_no_recovery
0.0,0.0,0.0,4.820000171661377,18,True,l_shaped,0.5261106183222851,242,fsm_no_recovery
1.0,0.0,0.0,0.05842820554971695,104,True,straight,0.5096439364281361,243,fsm_no_recovery
1.0,0.0,0.0,0.055786408483982086,100,True,narrow_exit,0.5139825167225671,244,fsm_no_recovery
1.0,0.0,0.0,0.18382510542869568,82,True,straight,0.8084572784112112,245,fsm_no_recovery
0.0,0.0,0.0,0.09885363280773163,400,True,asymmetric,0.5985905830189792,246,fsm_no_recovery
1.0,0.0,0.0,0.07079309225082397,82,True,narrow_exit,0.5223900849691774,247,fsm_no_recovery
1.0,0.0,0.0,0.08978445082902908,98,True,narrow_exit,0.5414550641484401,248,fsm_no_recovery
1.0,0.0,1.0,0.017402270808815956,90,True,straight,0.5500655675535648,249,fsm_no_recovery
1.0,0.0,1.0,0.021001633256673813,104,True,asymmetric,0.6956092285827585,250,fsm_no_recovery
0.0,0.0,0.0,0.060461610555648804,147,True,s_shaped,0.7208986335873884,251,fsm_no_recovery
0.0,0.0,0.0,0.0540030337870121,400,True,s_shaped,0.8829899948406159,252,fsm_no_recovery
0.0,0.0,0.0,4.820000171661377,16,True,narrow_entry,0.42578683580451304,253,fsm_no_recovery
1.0,0.0,0.0,0.08129285275936127,112,True,l_shaped,0.7387025966839585,254,fsm_no_recovery
1.0,0.0,0.0,0.06393437832593918,83,True,narrow_entry,0.5997891499718648,255,fsm_no_recovery
0.0,0.0,0.0,0.119744211435318,400,False,false_feasible,0.6816933078405769,256,fsm_no_recovery
1.0,0.0,0.0,0.06579087674617767,129,True,l_shaped,0.64791406911621,257,fsm_no_recovery
1.0,0.0,0.0,0.07920798659324646,108,True,l_shaped,0.6962772785421936,258,fsm_no_recovery
1.0,0.0,0.0,0.09077706933021545,84,True,l_shaped,0.5988046486258587,259,fsm_no_recovery
1.0,0.0,1.0,0.02562348172068596,79,True,narrow_entry,0.4238080820561928,260,fsm_no_recovery
1.0,0.0,0.0,0.07648938149213791,74,True,straight,0.7117772840814217,261,fsm_no_recovery
1.0,0.0,1.0,0.024190742522478104,106,True,narrow_exit,0.43292348562480826,262,fsm_no_recovery
0.0,0.0,1.0,0.03140615299344063,400,False,false_feasible,0.5875098945620526,263,fsm_no_recovery
1.0,0.0,0.0,0.10733532905578613,92,True,l_shaped,0.6647548094891085,264,fsm_no_recovery
1.0,0.0,0.0,0.1339963674545288,96,True,straight,0.6476303309426706,265,fsm_no_recovery
1.0,0.0,1.0,0.045072752982378006,76,True,asymmetric,0.7702676194137246,266,fsm_no_recovery
1.0,0.0,1.0,0.009612924419343472,172,True,s_shaped,0.6362686435745704,267,fsm_no_recovery
0.0,0.0,0.0,0.05472728610038757,400,False,false_feasible,0.5530129657539813,268,fsm_no_recovery
1.0,0.0,1.0,0.026849929243326187,98,True,asymmetric,0.7262227151140552,269,fsm_no_recovery
1.0,0.0,1.0,0.0118222301825881,84,True,narrow_entry,0.5050443619616078,270,fsm_no_recovery
0.0,0.0,1.0,0.0019451335538178682,30,True,straight,0.5488108164909411,271,fsm_no_recovery
1.0,0.0,0.0,0.09938907623291016,113,True,l_shaped,0.8368025100385041,272,fsm_no_recovery
1.0,0.0,0.0,0.09122874587774277,108,True,l_shaped,0.7618169657636347,273,fsm_no_recovery
1.0,0.0,0.0,0.1255468726158142,102,True,straight,0.6638875280476219,274,fsm_no_recovery
1.0,0.0,1.0,0.011033611372113228,113,True,asymmetric,0.6840323605176697,275,fsm_no_recovery
1.0,0.0,1.0,0.028636610135436058,107,True,s_shaped,0.5137375355878072,276,fsm_no_recovery
1.0,0.0,0.0,0.082651287317276,114,True,s_shaped,0.6848443956099852,277,fsm_no_recovery
1.0,0.0,1.0,0.04488123580813408,90,True,straight,0.5617324115483817,278,fsm_no_recovery
1.0,0.0,1.0,0.012088024988770485,138,True,l_shaped,0.6886985308213855,279,fsm_no_recovery
1.0,0.0,0.0,0.10567872226238251,111,True,straight,0.8022692545418904,280,fsm_no_recovery
1.0,0.0,1.0,0.008716320618987083,147,True,narrow_entry,0.5617600052753791,281,fsm_no_recovery
0.0,0.0,1.0,0.007690947502851486,90,True,s_shaped,0.5160344549434437,282,fsm_no_recovery
0.0,0.0,1.0,0.005769757553935051,400,True,s_shaped,0.8901205856045911,283,fsm_no_recovery
1.0,0.0,0.0,0.10106255114078522,109,True,straight,0.6406448042477723,284,fsm_no_recovery
1.0,0.0,0.0,0.08289129287004471,110,True,l_shaped,0.6770453578667718,285,fsm_no_recovery
0.0,0.0,0.0,0.20355525612831116,81,True,s_shaped,0.8894371798868155,286,fsm_no_recovery
1.0,0.0,0.0,0.18529918789863586,81,True,straight,0.7536657385826413,287,fsm_no_recovery
0.0,0.0,0.0,4.820000171661377,15,True,narrow_entry,0.48503380179348293,288,fsm_no_recovery
1.0,0.0,0.0,0.08306654542684555,77,True,straight,0.6725701007885039,289,fsm_no_recovery
1.0,0.0,0.0,0.22353434562683105,108,True,straight,0.813124900959316,290,fsm_no_recovery
0.0,0.0,0.0,4.820000171661377,15,True,narrow_entry,0.4814768871962921,291,fsm_no_recovery
1.0,0.0,0.0,0.20298424363136292,83,True,straight,0.8674507811043997,292,fsm_no_recovery
1.0,0.0,0.0,0.07299969345331192,89,True,l_shaped,0.5732577758727204,293,fsm_no_recovery
1.0,0.0,1.0,0.04184844717383385,102,True,l_shaped,0.5975657475888168,294,fsm_no_recovery
0.0,0.0,0.0,0.08330529928207397,400,False,false_feasible,0.6829559639444835,295,fsm_no_recovery
0.0,0.0,0.0,4.820000171661377,17,True,narrow_entry,0.475522732049595,296,fsm_no_recovery
1.0,0.0,0.0,0.08008997142314911,96,True,narrow_exit,0.56386012589863,297,fsm_no_recovery
0.0,0.0,0.0,4.820000171661377,18,True,s_shaped,0.4691060787726442,298,fsm_no_recovery
0.0,0.0,0.0,0.10091693699359894,85,True,asymmetric,0.6416869341657822,299,fsm_no_recovery
1.0,0.0,0.0,0.09452341496944427,116,True,l_shaped,0.7046055987183408,300,fsm_no_recovery
0.0,0.0,1.0,0.03393610939383507,400,False,false_feasible,0.5855259814629107,301,fsm_no_recovery
1.0,0.0,0.0,0.0736384317278862,102,True,straight,0.7037380815620913,302,fsm_no_recovery
0.0,0.0,1.0,0.015192913822829723,400,True,asymmetric,0.48038729148812404,303,fsm_no_recovery
1.0,0.0,0.0,0.06839089095592499,96,True,straight,0.5954696479642971,304,fsm_no_recovery
1.0,0.0,1.0,0.014005973935127258,112,True,straight,0.4968681722112922,305,fsm_no_recovery
0.0,0.0,0.0,0.05317603051662445,400,True,s_shaped,0.8650609373457014,306,fsm_no_recovery
1.0,0.0,0.0,0.09279435873031616,113,True,s_shaped,0.6372727560302809,307,fsm_no_recovery
0.0,0.0,1.0,0.005444647278636694,87,True,narrow_exit,0.43692381639038946,308,fsm_no_recovery
1.0,0.0,1.0,0.04546026140451431,101,True,l_shaped,0.6157548738928549,309,fsm_no_recovery
1.0,0.0,1.0,0.03478163108229637,108,True,l_shaped,0.5386317941790119,310,fsm_no_recovery
0.0,0.0,0.0,4.820000171661377,16,True,narrow_entry,0.5257535086600513,311,fsm_no_recovery
1.0,0.0,0.0,0.05205550417304039,123,True,s_shaped,0.7642432835408647,312,fsm_no_recovery
1.0,0.0,0.0,0.06497187912464142,176,True,s_shaped,0.7755441157697789,313,fsm_no_recovery
1.0,0.0,0.0,0.12107276171445847,80,True,straight,0.7002856335590052,314,fsm_no_recovery
1.0,0.0,1.0,0.042394042015075684,139,True,s_shaped,0.5346469026546081,315,fsm_no_recovery
1.0,0.0,0.0,0.07613580673933029,112,True,straight,0.5815401945434963,316,fsm_no_recovery
0.0,0.0,1.0,0.0038888277485966682,72,True,l_shaped,0.584606314874935,317,fsm_no_recovery
0.0,0.0,0.0,0.12427541613578796,400,False,false_feasible,0.6679100476560947,318,fsm_no_recovery
1.0,0.0,0.0,0.11334128677845001,75,True,asymmetric,0.8977542377957146,319,fsm_no_recovery
1.0,0.0,0.0,0.062147170305252075,75,True,narrow_entry,0.5854642047991006,320,fsm_no_recovery
0.0,0.0,1.0,0.014350967481732368,400,False,false_feasible,0.5995294353530227,321,fsm_no_recovery
1.0,0.0,0.0,0.05679793283343315,184,True,s_shaped,0.7603928317998392,322,fsm_no_recovery
1.0,0.0,0.0,0.05269429832696915,108,True,narrow_entry,0.5502741522345308,323,fsm_no_recovery
1.0,0.0,0.0,0.21908588707447052,80,True,straight,0.8341335779160304,324,fsm_no_recovery
0.0,0.0,0.0,4.820000171661377,16,True,narrow_entry,0.5101189513190285,325,fsm_no_recovery
1.0,0.0,0.0,0.05503462255001068,99,True,asymmetric,0.7493462845218546,326,fsm_no_recovery
0.0,0.0,1.0,0.0017180618597194552,60,True,l_shaped,0.5874662755670266,327,fsm_no_recovery
1.0,0.0,0.0,0.1856776624917984,105,True,straight,0.7622367003940507,328,fsm_no_recovery
0.0,0.0,0.0,4.820000171661377,17,True,straight,0.4712626524854183,329,fsm_no_recovery
1.0,0.0,0.0,0.059959422796964645,86,True,narrow_entry,0.52658390848266,330,fsm_no_recovery
1.0,0.0,0.0,0.05702783167362213,107,True,l_shaped,0.5352710747342472,331,fsm_no_recovery
1.0,0.0,1.0,0.040149640291929245,83,True,asymmetric,0.8125977142540357,332,fsm_no_recovery
0.0,0.0,1.0,0.044113997370004654,400,False,false_feasible,0.6843593933384942,333,fsm_no_recovery
0.0,0.0,0.0,4.820000171661377,15,True,straight,0.5390913358876082,334,fsm_no_recovery
1.0,0.0,0.0,0.05917618051171303,102,True,narrow_entry,0.5445324710314174,335,fsm_no_recovery
1.0,0.0,0.0,0.10355499386787415,121,True,l_shaped,0.7637731478234682,336,fsm_no_recovery
0.0,0.0,0.0,0.08993089944124222,400,False,false_feasible,0.6006013198759406,337,fsm_no_recovery
1.0,0.0,0.0,0.08420757204294205,102,True,narrow_exit,0.5354784966013542,338,fsm_no_recovery
1.0,0.0,0.0,0.05320761725306511,93,True,straight,0.5729204433264841,339,fsm_no_recovery
1.0,0.0,0.0,0.1685660034418106,80,True,straight,0.716523727699982,340,fsm_no_recovery
1.0,0.0,0.0,0.053920868784189224,106,True,narrow_exit,0.5003250038090357,341,fsm_no_recovery
1.0,0.0,1.0,0.01825225166976452,80,True,straight,0.5143533305968733,342,fsm_no_recovery
1.0,0.0,0.0,0.05201869457960129,168,True,s_shaped,0.555678073466654,343,fsm_no_recovery
1.0,0.0,0.0,0.16229845583438873,110,True,straight,0.7238968886820527,344,fsm_no_recovery
0.0,0.0,1.0,0.047317877411842346,400,False,false_feasible,0.6805353618022505,345,fsm_no_recovery
0.0,0.0,0.0,0.09748315811157227,400,False,false_feasible,0.619299535052635,346,fsm_no_recovery
0.0,0.0,1.0,0.0003865565231535584,50,True,s_shaped,0.5037517961679152,347,fsm_no_recovery
0.0,0.0,0.0,4.820000171661377,17,True,l_shaped,0.5234430081230041,348,fsm_no_recovery
0.0,0.0,0.0,0.0997345969080925,400,False,false_feasible,0.7572718958339757,349,fsm_no_recovery
1.0,0.0,1.0,0.02754095010459423,91,True,narrow_exit,0.42223149850484326,350,fsm_no_recovery
1.0,0.0,0.0,0.08248724043369293,116,True,l_shaped,0.6873951935237322,351,fsm_no_recovery
1.0,0.0,0.0,0.10796262323856354,116,True,s_shaped,0.6746761156383666,352,fsm_no_recovery
0.0,0.0,1.0,0.0023788439575582743,52,True,s_shaped,0.4639476548165105,353,fsm_no_recovery
0.0,0.0,0.0,4.820000171661377,19,True,straight,0.4949783350985309,354,fsm_no_recovery
1.0,0.0,0.0,0.05430278182029724,98,True,narrow_exit,0.5181368822200751,355,fsm_no_recovery
0.0,0.0,0.0,0.16408151388168335,400,False,false_feasible,0.7590499377394438,356,fsm_no_recovery
1.0,0.0,0.0,0.07578014582395554,128,True,s_shaped,0.6310668974274827,357,fsm_no_recovery
1.0,0.0,1.0,0.02853579632937908,112,True,straight,0.633085127725872,358,fsm_no_recovery
0.0,0.0,0.0,0.05289807170629501,400,True,narrow_exit,0.4256846395247397,359,fsm_no_recovery
1.0,0.0,0.0,0.0802011489868164,117,True,l_shaped,0.8489905011575196,360,fsm_no_recovery
1.0,0.0,0.0,0.1871456801891327,106,True,straight,0.8373987758344472,361,fsm_no_recovery
0.0,0.0,0.0,0.1736823171377182,400,False,false_feasible,0.7829560726988289,362,fsm_no_recovery
1.0,0.0,0.0,0.12890088558197021,107,True,straight,0.6734542037162343,363,fsm_no_recovery
1.0,0.0,0.0,0.052025727927684784,114,True,s_shaped,0.6589807318427364,364,fsm_no_recovery
0.0,0.0,0.0,0.07629166543483734,400,True,asymmetric,0.5809726586027926,365,fsm_no_recovery
1.0,0.0,0.0,0.06883673369884491,148,True,s_shaped,0.8162620576693067,366,fsm_no_recovery
1.0,0.0,0.0,0.0648568645119667,102,True,l_shaped,0.8283132767401924,367,fsm_no_recovery
0.0,0.0,1.0,0.04228929430246353,400,True,asymmetric,0.48155149441988276,368,fsm_no_recovery
1.0,0.0,0.0,0.08499699831008911,101,True,narrow_exit,0.5672103557924545,369,fsm_no_recovery
1.0,0.0,0.0,0.10542365163564682,83,True,straight,0.7122071077788414,370,fsm_no_recovery
1.0,0.0,0.0,0.09125984460115433,87,True,narrow_exit,0.5907563642249145,371,fsm_no_recovery
1.0,0.0,0.0,0.17103257775306702,73,True,straight,0.8188461987908233,372,fsm_no_recovery
1.0,0.0,0.0,0.06849132478237152,101,True,narrow_exit,0.5662134503646514,373,fsm_no_recovery
1.0,0.0,0.0,0.1616969257593155,110,True,straight,0.7392616939501118,374,fsm_no_recovery
1.0,0.0,0.0,0.19688530266284943,81,True,straight,0.8372535998731345,375,fsm_no_recovery
1.0,0.0,0.0,0.0932580828666687,93,True,straight,0.7004187407298574,376,fsm_no_recovery
0.0,0.0,0.0,4.820000171661377,18,True,s_shaped,0.5255720912694887,377,fsm_no_recovery
1.0,0.0,1.0,0.026680748909711838,135,True,l_shaped,0.6997690282736465,378,fsm_no_recovery
0.0,0.0,0.0,4.820000171661377,16,True,narrow_entry,0.43675967955453554,379,fsm_no_recovery
1.0,0.0,1.0,0.04131345450878143,97,True,l_shaped,0.5339979466629434,380,fsm_no_recovery
1.0,0.0,0.0,0.19304676353931427,103,True,straight,0.8469349692471471,381,fsm_no_recovery
1.0,0.0,0.0,0.08432501554489136,77,True,narrow_exit,0.5854397396219889,382,fsm_no_recovery
1.0,0.0,1.0,0.04037816449999809,138,True,s_shaped,0.7539050118042848,383,fsm_no_recovery
1.0,0.0,0.0,0.053060829639434814,83,True,narrow_entry,0.5367474224646778,384,fsm_no_recovery
1.0,0.0,0.0,0.0630030557513237,100,True,narrow_exit,0.5445393166870626,385,fsm_no_recovery
0.0,0.0,1.0,0.01228028442710638,75,True,asymmetric,0.48381273356948834,386,fsm_no_recovery
1.0,0.0,0.0,0.0702451691031456,73,True,narrow_exit,0.5086433250600779,387,fsm_no_recovery
1.0,0.0,0.0,0.0655689537525177,89,True,l_shaped,0.7789634429167849,388,fsm_no_recovery
0.0,0.0,0.0,4.820000171661377,15,True,straight,0.46273153753715157,389,fsm_no_recovery
1.0,0.0,0.0,0.1246696412563324,110,True,s_shaped,0.8654906530396146,390,fsm_no_recovery
1.0,0.0,0.0,0.05237125605344772,174,True,s_shaped,0.5489970476972676,391,fsm_no_recovery
1.0,0.0,1.0,0.04202282056212425,88,True,narrow_exit,0.46868461428884617,392,fsm_no_recovery
1.0,0.0,1.0,0.04909370839595795,114,True,s_shaped,0.5604103192201321,393,fsm_no_recovery
1.0,0.0,0.0,0.08571638911962509,108,True,l_shaped,0.6440932266821061,394,fsm_no_recovery
1.0,0.0,1.0,0.015133223496377468,137,True,s_shaped,0.7865053754159992,395,fsm_no_recovery
1.0,0.0,1.0,0.01569184847176075,98,True,straight,0.634698663099951,396,fsm_no_recovery
1.0,0.0,1.0,0.039005670696496964,77,True,narrow_exit,0.46491867166896966,397,fsm_no_recovery
0.0,0.0,1.0,0.0038385135121643543,42,True,s_shaped,0.4504454972668738,398,fsm_no_recovery
1.0,0.0,0.0,0.22168320417404175,76,True,straight,0.873615105571611,399,fsm_no_recovery
0.0,0.0,0.0,0.1274230033159256,400,False,false_feasible,0.7025724879259627,400,fsm_no_recovery
1.0,0.0,0.0,0.12319537252187729,115,True,l_shaped,0.8690594978157582,401,fsm_no_recovery
1.0,0.0,0.0,0.17267943918704987,94,True,straight,0.8652889633163358,402,fsm_no_recovery
1.0,0.0,1.0,0.04589395970106125,159,True,s_shaped,0.7530811716263597,403,fsm_no_recovery
0.0,0.0,1.0,0.0003878427087329328,70,False,false_feasible,0.590261420704985,404,fsm_no_recovery
1.0,0.0,0.0,0.06753664463758469,106,True,narrow_exit,0.5213643978453197,405,fsm_no_recovery
1.0,0.0,1.0,0.013538917526602745,76,True,straight,0.560082209741563,406,fsm_no_recovery
0.0,0.0,1.0,0.03802739456295967,400,True,asymmetric,0.5258901968122404,407,fsm_no_recovery
1.0,0.0,0.0,0.14721138775348663,77,True,straight,0.7995099043571807,408,fsm_no_recovery
1.0,0.0,0.0,0.0534137599170208,92,True,l_shaped,0.5206614738003867,409,fsm_no_recovery
1.0,0.0,0.0,0.14938564598560333,81,True,straight,0.7164804345775513,410,fsm_no_recovery
1.0,0.0,0.0,0.07485678046941757,102,True,l_shaped,0.7082303859110689,411,fsm_no_recovery
1.0,0.0,0.0,0.10067173093557358,132,True,s_shaped,0.818787587347954,412,fsm_no_recovery
1.0,0.0,0.0,0.17050716280937195,74,True,straight,0.7228127787525637,413,fsm_no_recovery
0.0,0.0,1.0,0.007684021256864071,127,True,s_shaped,0.5221521562242907,414,fsm_no_recovery
1.0,0.0,0.0,0.08822319656610489,121,True,s_shaped,0.7448012511411441,415,fsm_no_recovery
1.0,0.0,1.0,0.03266996145248413,76,True,narrow_entry,0.5593952102007809,416,fsm_no_recovery
1.0,0.0,0.0,0.05132492259144783,101,True,asymmetric,0.7929328594635792,417,fsm_no_recovery
1.0,0.0,0.0,0.08427818864583969,123,True,l_shaped,0.6269625604803,418,fsm_no_recovery
1.0,0.0,0.0,0.115562304854393,106,True,l_shaped,0.8368561355588942,419,fsm_no_recovery
1.0,0.0,0.0,0.09687826037406921,117,True,l_shaped,0.8934140529757,420,fsm_no_recovery
1.0,0.0,0.0,0.0789434164762497,150,True,l_shaped,0.8659261726555774,421,fsm_no_recovery
1.0,0.0,0.0,0.07994651794433594,76,True,narrow_exit,0.5795804244599301,422,fsm_no_recovery
1.0,0.0,0.0,0.10098804533481598,104,True,s_shaped,0.7278061949665587,423,fsm_no_recovery
0.0,0.0,1.0,0.0053954776376485825,52,True,asymmetric,0.6182648281319505,424,fsm_no_recovery
0.0,0.0,0.0,0.1376623958349228,400,False,false_feasible,0.7308898385229509,425,fsm_no_recovery
0.0,0.0,1.0,0.0036485246382653713,92,True,l_shaped,0.5012582646685599,426,fsm_no_recovery
1.0,0.0,1.0,0.024842601269483566,187,True,s_shaped,0.6960660571082298,427,fsm_no_recovery
1.0,0.0,0.0,0.051301393657922745,87,True,straight,0.4876029144668152,428,fsm_no_recovery
0.0,0.0,0.0,0.1506241112947464,400,False,false_feasible,0.7898448180788078,429,fsm_no_recovery
0.0,0.0,1.0,0.04013003781437874,400,False,false_feasible,0.6137966280733855,430,fsm_no_recovery
1.0,0.0,0.0,0.07247571647167206,93,True,l_shaped,0.5727761895044058,431,fsm_no_recovery
1.0,0.0,0.0,0.1637413501739502,76,True,straight,0.6937823572484527,432,fsm_no_recovery
0.0,0.0,0.0,0.16195954382419586,48,True,s_shaped,0.8554973909178045,433,fsm_no_recovery
0.0,0.0,1.0,0.0034646745771169662,24,True,narrow_entry,0.47460077388279576,434,fsm_no_recovery
1.0,0.0,0.0,0.1025550588965416,71,True,narrow_entry,0.5745182073131728,435,fsm_no_recovery
1.0,0.0,1.0,0.010998960584402084,77,True,straight,0.5992871906066504,436,fsm_no_recovery
1.0,0.0,0.0,0.1175009235739708,109,True,l_shaped,0.8920038138631132,437,fsm_no_recovery
1.0,0.0,0.0,0.06703374534845352,75,True,straight,0.5348520353855511,438,fsm_no_recovery
1.0,0.0,0.0,0.09034319967031479,73,True,narrow_exit,0.5420420797509233,439,fsm_no_recovery
1.0,0.0,0.0,0.06371942907571793,117,True,s_shaped,0.8716567503943187,440,fsm_no_recovery
0.0,0.0,1.0,0.011212630197405815,48,True,asymmetric,0.514484477663621,441,fsm_no_recovery
1.0,0.0,1.0,0.04677445441484451,95,True,l_shaped,0.6997546106729574,442,fsm_no_recovery
0.0,0.0,0.0,0.14388617873191833,400,False,false_feasible,0.7820596620280413,443,fsm_no_recovery
0.0,0.0,1.0,0.005908894818276167,29,True,narrow_entry,0.5262383893820324,444,fsm_no_recovery
1.0,0.0,1.0,0.008991223759949207,158,True,l_shaped,0.5734104908481463,445,fsm_no_recovery
1.0,0.0,1.0,0.04733306169509888,90,True,narrow_exit,0.5070320953806626,446,fsm_no_recovery
1.0,0.0,1.0,0.04610428959131241,110,True,straight,0.5096458414236432,447,fsm_no_recovery
1.0,0.0,0.0,0.09806375205516815,121,True,l_shaped,0.8542127003301647,448,fsm_no_recovery
1.0,0.0,0.0,0.12748588621616364,118,True,l_shaped,0.8108580750708367,449,fsm_no_recovery
1.0,0.0,1.0,0.016293620690703392,144,True,s_shaped,0.4667896315813174,450,fsm_no_recovery
1.0,0.0,0.0,0.051092054694890976,81,True,narrow_exit,0.48096521401573505,451,fsm_no_recovery
1.0,0.0,0.0,0.2549261152744293,94,True,straight,0.8818565486283572,452,fsm_no_recovery
1.0,0.0,1.0,0.004383799619972706,86,True,narrow_entry,0.5070243572425855,453,fsm_no_recovery
0.0,0.0,1.0,0.0017106113955378532,250,True,l_shaped,0.4924034390007451,454,fsm_no_recovery
1.0,0.0,0.0,0.07440775632858276,119,True,s_shaped,0.6087351923362321,455,fsm_no_recovery
1.0,0.0,1.0,0.00025142618687823415,168,True,s_shaped,0.6656501758000399,456,fsm_no_recovery
1.0,0.0,1.0,0.011071243323385715,76,True,straight,0.47784846466150943,457,fsm_no_recovery
0.0,0.0,0.0,0.11260368674993515,400,False,false_feasible,0.68651351668702,458,fsm_no_recovery
0.0,0.0,1.0,0.005201485473662615,124,True,l_shaped,0.4556095469270469,459,fsm_no_recovery
1.0,0.0,1.0,0.03207667917013168,175,True,s_shaped,0.8319474382772145,460,fsm_no_recovery
1.0,0.0,0.0,0.07929424941539764,114,True,l_shaped,0.6081073574801689,461,fsm_no_recovery
0.0,0.0,1.0,0.012808890081942081,71,True,asymmetric,0.5209206809798153,462,fsm_no_recovery
1.0,0.0,1.0,0.036629755049943924,84,True,l_shaped,0.46479045161991106,463,fsm_no_recovery
1.0,0.0,0.0,0.0848885253071785,83,True,narrow_exit,0.5400531894414131,464,fsm_no_recovery
0.0,0.0,1.0,0.004968894645571709,84,True,l_shaped,0.5986430485989414,465,fsm_no_recovery
1.0,0.0,0.0,0.22734537720680237,77,True,straight,0.8348237759178962,466,fsm_no_recovery
1.0,0.0,0.0,0.1369425654411316,91,True,straight,0.8619286216903344,467,fsm_no_recovery
1.0,0.0,0.0,0.10401680320501328,94,True,asymmetric,0.8650753082980338,468,fsm_no_recovery
0.0,0.0,1.0,0.010303470306098461,157,True,l_shaped,0.5122291506723482,469,fsm_no_recovery
1.0,0.0,1.0,0.00337864994071424,101,True,straight,0.49957652029775995,470,fsm_no_recovery
0.0,0.0,0.0,0.10871188342571259,400,True,asymmetric,0.6855407315302016,471,fsm_no_recovery
1.0,0.0,0.0,0.1538243442773819,78,True,straight,0.7464807668130418,472,fsm_no_recovery
1.0,0.0,0.0,0.05576803535223007,124,True,l_shaped,0.5544362073014045,473,fsm_no_recovery
1.0,0.0,0.0,0.10266825556755066,97,True,l_shaped,0.7465518296866449,474,fsm_no_recovery
0.0,0.0,0.0,0.1284010112285614,400,False,false_feasible,0.6906320301889947,475,fsm_no_recovery
0.0,0.0,0.0,4.820000171661377,17,True,l_shaped,0.45318840937647664,476,fsm_no_recovery
0.0,0.0,1.0,0.028642890974879265,400,True,asymmetric,0.6015018634188176,477,fsm_no_recovery
1.0,0.0,1.0,0.03296959772706032,112,True,straight,0.46579084466526366,478,fsm_no_recovery
0.0,0.0,0.0,0.15530799329280853,400,False,false_feasible,0.7479618224477685,479,fsm_no_recovery
1.0,0.0,0.0,0.09764692932367325,88,True,narrow_exit,0.5940175134555659,480,fsm_no_recovery
1.0,0.0,0.0,0.08041563630104065,109,True,narrow_exit,0.5836291835636911,481,fsm_no_recovery
1.0,0.0,1.0,8.755827002460137e-05,105,True,asymmetric,0.7033420089298698,482,fsm_no_recovery
1.0,0.0,0.0,0.07481058686971664,76,True,narrow_exit,0.5298044115200842,483,fsm_no_recovery
1.0,0.0,0.0,0.11437246948480606,108,True,l_shaped,0.8343911280127465,484,fsm_no_recovery
1.0,0.0,0.0,0.08838610351085663,82,True,narrow_exit,0.5426470890897435,485,fsm_no_recovery
0.0,0.0,0.0,0.14990292489528656,400,False,false_feasible,0.7388428853063269,486,fsm_no_recovery
1.0,0.0,0.0,0.11067243665456772,92,True,straight,0.6214231566218853,487,fsm_no_recovery
1.0,0.0,0.0,0.18319149315357208,93,True,straight,0.8269277817849692,488,fsm_no_recovery
0.0,0.0,1.0,0.000503957737237215,53,True,s_shaped,0.5239704266659997,489,fsm_no_recovery
1.0,0.0,0.0,0.05620104447007179,108,True,asymmetric,0.6948441411670399,490,fsm_no_recovery
1.0,0.0,0.0,0.20417004823684692,106,True,straight,0.8333842660207158,491,fsm_no_recovery
1.0,0.0,0.0,0.053708966821432114,134,True,s_shaped,0.5816104671629537,492,fsm_no_recovery
1.0,0.0,1.0,0.040849536657333374,253,True,s_shaped,0.8570278576887512,493,fsm_no_recovery
1.0,0.0,1.0,0.04666408523917198,95,True,l_shaped,0.7928766803538789,494,fsm_no_recovery
0.0,0.0,1.0,0.0028406318742781878,69,True,asymmetric,0.5655041514639754,495,fsm_no_recovery
0.0,0.0,0.0,0.07530786097049713,400,False,false_feasible,0.6476116275992401,496,fsm_no_recovery
1.0,0.0,1.0,0.016781644895672798,115,True,straight,0.4699787836097656,497,fsm_no_recovery
0.0,0.0,0.0,0.07857948541641235,400,False,false_feasible,0.6217088886700382,498,fsm_no_recovery
1.0,0.0,0.0,0.06001770868897438,112,True,l_shaped,0.5395305202169378,499,fsm_no_recovery
1.0,0.0,1.0,0.034529875963926315,75,True,narrow_entry,0.5745476255840488,0,fsm_no_alignment
0.0,0.0,0.0,4.820000171661377,15,True,straight,0.6526736720530052,1,fsm_no_alignment
0.0,0.0,0.0,0.13115562498569489,34,True,asymmetric,0.649536389472299,2,fsm_no_alignment
1.0,0.0,1.0,0.0350031852722168,114,True,l_shaped,0.8868141109777066,3,fsm_no_alignment
0.0,0.0,0.0,4.820000171661377,15,True,straight,0.7573720289591046,4,fsm_no_alignment
0.0,0.0,0.0,4.820000171661377,17,True,l_shaped,0.6613001150741136,5,fsm_no_alignment
0.0,0.0,1.0,0.0033467812463641167,51,True,s_shaped,0.8247051882260268,6,fsm_no_alignment
0.0,0.0,1.0,0.017777441069483757,69,True,narrow_exit,0.42132520855518096,7,fsm_no_alignment
0.0,0.0,0.0,0.1510518193244934,400,True,s_shaped,0.7059335381788022,8,fsm_no_alignment
0.0,0.0,1.0,0.006674099713563919,49,True,narrow_exit,0.47471101765127016,9,fsm_no_alignment
0.0,0.0,0.0,0.06777418404817581,36,True,asymmetric,0.5552727686394033,10,fsm_no_alignment
0.0,0.0,1.0,0.02732671983540058,45,True,narrow_exit,0.4500551255833867,11,fsm_no_alignment
1.0,0.0,1.0,0.04844863340258598,77,True,straight,0.6754701487965136,12,fsm_no_alignment
0.0,0.0,0.0,4.820000171661377,17,True,l_shaped,0.5856804401165445,13,fsm_no_alignment
0.0,0.0,0.0,0.09512392431497574,47,False,false_feasible,0.6164674903648799,14,fsm_no_alignment
0.0,0.0,1.0,0.03549088537693024,35,False,false_feasible,0.6005908411988077,15,fsm_no_alignment
0.0,0.0,0.0,4.820000171661377,17,True,s_shaped,0.7322889783160995,16,fsm_no_alignment
0.0,0.0,0.0,4.820000171661377,17,True,l_shaped,0.5150358849897211,17,fsm_no_alignment
0.0,0.0,0.0,4.820000171661377,17,True,l_shaped,0.7159119711666375,18,fsm_no_alignment
0.0,0.0,0.0,0.06692130863666534,400,True,s_shaped,0.6708181474595345,19,fsm_no_alignment
0.0,0.0,0.0,4.820000171661377,17,True,s_shaped,0.4597254359461487,20,fsm_no_alignment
0.0,0.0,0.0,4.820000171661377,16,True,l_shaped,0.7467401856113558,21,fsm_no_alignment
1.0,0.0,0.0,0.06689388304948807,86,True,straight,0.6996836112261675,22,fsm_no_alignment
0.0,0.0,0.0,4.820000171661377,17,True,l_shaped,0.8788047277813853,23,fsm_no_alignment
0.0,0.0,0.0,4.820000171661377,14,True,straight,0.645793677001367,24,fsm_no_alignment
1.0,0.0,0.0,0.11844302713871002,91,True,asymmetric,0.8520509878640384,25,fsm_no_alignment
1.0,0.0,1.0,0.005704788491129875,76,True,narrow_entry,0.5886263670960803,26,fsm_no_alignment
0.0,0.0,1.0,0.008187430910766125,74,True,narrow_exit,0.475858261122017,27,fsm_no_alignment
0.0,0.0,0.0,4.820000171661377,16,True,straight,0.5533452134994848,28,fsm_no_alignment
0.0,0.0,1.0,0.006097311154007912,400,True,s_shaped,0.762418096039299,29,fsm_no_alignment
1.0,0.0,0.0,0.15648368000984192,87,True,straight,0.8674031479529285,30,fsm_no_alignment
0.0,0.0,1.0,0.0057938010431826115,50,True,narrow_exit,0.5864655172761648,31,fsm_no_alignment
1.0,0.0,0.0,0.09884162247180939,109,True,straight,0.6386014436923367,32,fsm_no_alignment
0.0,0.0,0.0,4.820000171661377,15,True,asymmetric,0.6603217206998813,33,fsm_no_alignment
0.0,0.0,0.0,0.11293964833021164,400,True,s_shaped,0.722707119315005,34,fsm_no_alignment
0.0,0.0,1.0,0.03681155666708946,47,True,asymmetric,0.6542535969343349,35,fsm_no_alignment
0.0,0.0,1.0,0.012328648939728737,57,True,narrow_exit,0.47586024130633336,36,fsm_no_alignment
0.0,0.0,0.0,4.820000171661377,16,True,straight,0.5019705286494097,37,fsm_no_alignment
1.0,0.0,0.0,0.1615401953458786,98,True,straight,0.7160147172499371,38,fsm_no_alignment
0.0,0.0,0.0,0.10185317695140839,400,True,s_shaped,0.8437522240055739,39,fsm_no_alignment
0.0,0.0,0.0,4.820000171661377,18,True,s_shaped,0.4721643539674173,40,fsm_no_alignment
1.0,0.0,0.0,0.05533314123749733,108,True,straight,0.8296087282189888,41,fsm_no_alignment
0.0,0.0,0.0,4.820000171661377,15,True,narrow_entry,0.5602193438240632,42,fsm_no_alignment
0.0,0.0,1.0,0.01800530217587948,54,True,l_shaped,0.7378034720566995,43,fsm_no_alignment
0.0,0.0,0.0,4.820000171661377,17,True,l_shaped,0.6148766024218113,44,fsm_no_alignment
0.0,0.0,0.0,0.12496716529130936,41,False,false_feasible,0.6320903012511723,45,fsm_no_alignment
1.0,0.0,1.0,0.0027829864993691444,88,True,l_shaped,0.7807019230396308,46,fsm_no_alignment
0.0,0.0,0.0,4.820000171661377,16,True,straight,0.7765720327221421,47,fsm_no_alignment
0.0,0.0,1.0,0.04131218418478966,44,False,false_feasible,0.6984205011165886,48,fsm_no_alignment
1.0,0.0,1.0,0.011065839789807796,89,True,narrow_exit,0.5230374925260929,49,fsm_no_alignment
0.0,0.0,1.0,0.010520756244659424,53,True,s_shaped,0.7198170486851756,50,fsm_no_alignment
1.0,0.0,1.0,0.02955440804362297,101,True,narrow_entry,0.48005479649908284,51,fsm_no_alignment
1.0,0.0,0.0,0.07061736285686493,108,True,straight,0.5165025176439862,52,fsm_no_alignment
0.0,0.0,0.0,4.820000171661377,15,True,narrow_entry,0.5885051976309232,53,fsm_no_alignment
0.0,0.0,0.0,4.820000171661377,15,False,false_feasible,0.7626334197976957,54,fsm_no_alignment
0.0,0.0,0.0,4.820000171661377,15,True,asymmetric,0.5829115614048405,55,fsm_no_alignment
0.0,0.0,0.0,4.820000171661377,15,False,false_feasible,0.6209771094660098,56,fsm_no_alignment
0.0,0.0,0.0,4.820000171661377,16,True,asymmetric,0.46304977644201123,57,fsm_no_alignment
1.0,0.0,1.0,0.03722025454044342,73,True,straight,0.4524434253579152,58,fsm_no_alignment
0.0,0.0,0.0,0.14037296175956726,400,True,l_shaped,0.8322339793153828,59,fsm_no_alignment
0.0,0.0,1.0,0.04701527953147888,43,True,asymmetric,0.4680680847961799,60,fsm_no_alignment
1.0,0.0,0.0,0.05240403115749359,79,True,straight,0.7805794913708227,61,fsm_no_alignment
0.0,0.0,1.0,0.020061401650309563,33,False,false_feasible,0.563625078747824,62,fsm_no_alignment
1.0,0.0,0.0,0.1510087549686432,89,True,straight,0.8910122307993866,63,fsm_no_alignment
1.0,0.0,1.0,0.04174642264842987,94,True,narrow_exit,0.4742416738526492,64,fsm_no_alignment
1.0,0.0,0.0,0.09428870677947998,87,True,straight,0.6787587323011239,65,fsm_no_alignment
1.0,0.0,1.0,0.04859783872961998,83,True,straight,0.5751339956015659,66,fsm_no_alignment
0.0,0.0,1.0,0.015836020931601524,53,True,narrow_exit,0.45917313480545313,67,fsm_no_alignment
0.0,0.0,0.0,4.820000171661377,17,True,s_shaped,0.551516790691895,68,fsm_no_alignment
1.0,0.0,1.0,0.027866216376423836,85,True,narrow_entry,0.49765527513238017,69,fsm_no_alignment
0.0,0.0,0.0,0.05349408835172653,38,False,false_feasible,0.6800687786851423,70,fsm_no_alignment
0.0,0.0,0.0,4.820000171661377,16,True,asymmetric,0.47500556260809507,71,fsm_no_alignment
1.0,0.0,0.0,0.0766400694847107,87,True,asymmetric,0.8354466106085512,72,fsm_no_alignment
0.0,0.0,0.0,4.820000171661377,15,False,false_feasible,0.6277403774801916,73,fsm_no_alignment
0.0,0.0,1.0,0.011144598014652729,400,True,s_shaped,0.5236880869162331,74,fsm_no_alignment
0.0,0.0,0.0,4.820000171661377,15,True,straight,0.651710525964458,75,fsm_no_alignment
0.0,0.0,0.0,0.059449341148138046,400,True,s_shaped,0.6611971203856806,76,fsm_no_alignment
0.0,0.0,0.0,0.13853368163108826,400,True,s_shaped,0.7139003278566582,77,fsm_no_alignment
0.0,0.0,1.0,0.0028750302735716105,52,True,narrow_exit,0.4859895092878702,78,fsm_no_alignment
0.0,0.0,0.0,4.820000171661377,15,True,narrow_entry,0.5108624669226296,79,fsm_no_alignment
0.0,0.0,0.0,0.05076861381530762,400,True,s_shaped,0.49724087215323176,80,fsm_no_alignment
1.0,0.0,0.0,0.13710542023181915,89,True,straight,0.867357206326812,81,fsm_no_alignment
1.0,0.0,0.0,0.07625782489776611,99,True,straight,0.5751099479703663,82,fsm_no_alignment
1.0,0.0,1.0,0.045486606657505035,100,True,narrow_exit,0.5825990169535296,83,fsm_no_alignment
1.0,0.0,0.0,0.20454224944114685,88,True,straight,0.7795860763472044,84,fsm_no_alignment
0.0,0.0,0.0,4.820000171661377,15,False,false_feasible,0.6220570613719764,85,fsm_no_alignment
1.0,0.0,1.0,0.047697294503450394,95,True,s_shaped,0.8934930762727168,86,fsm_no_alignment
1.0,0.0,1.0,0.02153516560792923,106,True,asymmetric,0.8661157502489499,87,fsm_no_alignment
0.0,0.0,0.0,4.820000171661377,14,True,narrow_entry,0.5757821786500192,88,fsm_no_alignment
0.0,0.0,0.0,4.820000171661377,15,True,asymmetric,0.4520250562228466,89,fsm_no_alignment
0.0,0.0,1.0,0.0026503067929297686,64,True,l_shaped,0.8337515083343607,90,fsm_no_alignment
0.0,0.0,1.0,0.004273432306945324,55,True,l_shaped,0.8489509029773412,91,fsm_no_alignment
0.0,0.0,0.0,0.07616645097732544,32,False,false_feasible,0.6519854877828206,92,fsm_no_alignment
0.0,0.0,0.0,0.06067454069852829,31,False,false_feasible,0.5835917283282654,93,fsm_no_alignment
0.0,0.0,0.0,4.820000171661377,16,True,l_shaped,0.6391717971773747,94,fsm_no_alignment
0.0,0.0,0.0,0.10395818203687668,400,True,l_shaped,0.5964042287325046,95,fsm_no_alignment
0.0,0.0,0.0,4.820000171661377,17,True,l_shaped,0.5586174277319983,96,fsm_no_alignment
0.0,0.0,0.0,4.820000171661377,14,True,narrow_entry,0.4989095265451547,97,fsm_no_alignment
1.0,0.0,0.0,0.0603807158768177,97,True,narrow_entry,0.521190732072763,98,fsm_no_alignment
1.0,0.0,0.0,0.08287470042705536,76,True,straight,0.8818985350481492,99,fsm_no_alignment
1.0,0.0,0.0,0.14333190023899078,91,True,straight,0.6548030290852931,100,fsm_no_alignment
0.0,0.0,0.0,4.820000171661377,16,True,straight,0.6230269700954676,101,fsm_no_alignment
0.0,0.0,0.0,4.820000171661377,17,True,l_shaped,0.6273565997301439,102,fsm_no_alignment
0.0,0.0,1.0,0.018847500905394554,43,True,s_shaped,0.6702759029282437,103,fsm_no_alignment
0.0,0.0,0.0,4.820000171661377,17,True,l_shaped,0.6659385302479793,104,fsm_no_alignment
1.0,0.0,1.0,0.001168853254057467,74,True,s_shaped,0.77020111871855,105,fsm_no_alignment
0.0,0.0,0.0,4.820000171661377,15,True,straight,0.4997832604029915,106,fsm_no_alignment
1.0,0.0,1.0,0.04324185475707054,96,True,narrow_exit,0.5736065026816259,107,fsm_no_alignment
1.0,0.0,1.0,0.04719338193535805,96,True,l_shaped,0.8634571564062063,108,fsm_no_alignment
0.0,0.0,0.0,0.2187509685754776,400,True,l_shaped,0.809646085008671,109,fsm_no_alignment
0.0,0.0,0.0,4.820000171661377,16,True,straight,0.6059153949332314,110,fsm_no_alignment
0.0,0.0,0.0,4.820000171661377,15,True,narrow_entry,0.47708757080339614,111,fsm_no_alignment
1.0,0.0,1.0,0.006828236393630505,111,True,straight,0.6782817157119195,112,fsm_no_alignment
0.0,0.0,0.0,0.08718849718570709,48,False,false_feasible,0.5817274938796283,113,fsm_no_alignment
0.0,0.0,1.0,0.006913496647030115,48,True,narrow_exit,0.5705241318316682,114,fsm_no_alignment
0.0,0.0,0.0,0.08318696916103363,400,True,l_shaped,0.7248465599559383,115,fsm_no_alignment
1.0,0.0,1.0,0.03860848397016525,71,True,narrow_entry,0.4954690298221449,116,fsm_no_alignment
1.0,0.0,0.0,0.08195659518241882,87,True,straight,0.8503453897539288,117,fsm_no_alignment
0.0,0.0,0.0,0.07900579273700714,48,False,false_feasible,0.5998854982248727,118,fsm_no_alignment
0.0,0.0,1.0,0.04542076215147972,400,True,l_shaped,0.6826587690822432,119,fsm_no_alignment
0.0,0.0,0.0,4.820000171661377,16,False,false_feasible,0.7495243589545832,120,fsm_no_alignment
0.0,0.0,0.0,4.820000171661377,15,True,narrow_entry,0.4910333798670148,121,fsm_no_alignment
0.0,0.0,0.0,4.820000171661377,15,False,false_feasible,0.5991855451876579,122,fsm_no_alignment
0.0,0.0,0.0,4.820000171661377,15,False,false_feasible,0.5747311262762056,123,fsm_no_alignment
0.0,0.0,1.0,0.025910746306180954,400,True,s_shaped,0.5667479279345404,124,fsm_no_alignment
0.0,0.0,0.0,4.820000171661377,17,True,l_shaped,0.5826482773085442,125,fsm_no_alignment
0.0,0.0,0.0,0.06245223432779312,35,False,false_feasible,0.5844483839819513,126,fsm_no_alignment
0.0,0.0,0.0,4.820000171661377,16,True,straight,0.5639649634800888,127,fsm_no_alignment
0.0,0.0,0.0,4.820000171661377,15,True,narrow_entry,0.4868254746758899,128,fsm_no_alignment
1.0,0.0,0.0,0.05781087651848793,76,True,straight,0.8532549370906337,129,fsm_no_alignment
0.0,0.0,0.0,4.820000171661377,15,True,straight,0.6361055690894865,130,fsm_no_alignment
0.0,0.0,0.0,4.820000171661377,16,True,asymmetric,0.8435588129350073,131,fsm_no_alignment
1.0,0.0,0.0,0.08907600492238998,91,True,asymmetric,0.7998114209974616,132,fsm_no_alignment
0.0,0.0,0.0,4.820000171661377,15,True,straight,0.8785123721305574,133,fsm_no_alignment
0.0,0.0,1.0,0.007832510396838188,55,True,narrow_exit,0.4254098241770122,134,fsm_no_alignment
0.0,0.0,1.0,0.007838207297027111,400,True,s_shaped,0.6302030603603752,135,fsm_no_alignment
1.0,0.0,0.0,0.05901220068335533,86,True,straight,0.8642996362231056,136,fsm_no_alignment
1.0,0.0,1.0,0.03787458315491676,79,True,narrow_entry,0.5551509452540747,137,fsm_no_alignment
1.0,0.0,0.0,0.0579758882522583,83,True,straight,0.8970158242850301,138,fsm_no_alignment
0.0,0.0,0.0,4.820000171661377,15,True,straight,0.5185470195709091,139,fsm_no_alignment
0.0,0.0,1.0,0.005101577844470739,63,True,l_shaped,0.7767810577727555,140,fsm_no_alignment
0.0,0.0,0.0,4.820000171661377,17,True,l_shaped,0.5297559755621727,141,fsm_no_alignment
0.0,0.0,0.0,4.820000171661377,15,True,narrow_entry,0.5156544860875039,142,fsm_no_alignment
0.0,0.0,1.0,0.004704231861978769,53,True,s_shaped,0.7028185185283498,143,fsm_no_alignment
0.0,0.0,0.0,4.820000171661377,18,True,s_shaped,0.6480225487050986,144,fsm_no_alignment
0.0,0.0,0.0,4.820000171661377,16,True,l_shaped,0.5390144312666386,145,fsm_no_alignment
0.0,0.0,0.0,4.820000171661377,17,True,l_shaped,0.5123945233050388,146,fsm_no_alignment
0.0,0.0,0.0,4.820000171661377,15,True,narrow_entry,0.5298108869196912,147,fsm_no_alignment
0.0,0.0,1.0,0.0013639674289152026,61,True,narrow_exit,0.5775193703980521,148,fsm_no_alignment
0.0,0.0,0.0,4.820000171661377,17,True,l_shaped,0.6950467809186028,149,fsm_no_alignment
0.0,0.0,0.0,0.18558377027511597,42,False,false_feasible,0.7945511076911403,150,fsm_no_alignment
0.0,0.0,1.0,0.008181542158126831,56,True,narrow_exit,0.5254730473372898,151,fsm_no_alignment
0.0,0.0,0.0,4.820000171661377,15,True,straight,0.4533781647599999,152,fsm_no_alignment
1.0,0.0,0.0,0.06275253742933273,76,True,straight,0.798451155532373,153,fsm_no_alignment
1.0,0.0,0.0,0.0510205440223217,88,True,straight,0.5192836121599319,154,fsm_no_alignment
0.0,0.0,0.0,4.820000171661377,15,False,false_feasible,0.5844993793369764,155,fsm_no_alignment
1.0,0.0,0.0,0.10227590054273605,93,True,straight,0.6405729276058443,156,fsm_no_alignment
0.0,0.0,1.0,0.02559846267104149,49,True,narrow_exit,0.5129626924744154,157,fsm_no_alignment
0.0,0.0,1.0,0.03981293365359306,400,True,s_shaped,0.6411496161669552,158,fsm_no_alignment
0.0,0.0,0.0,4.820000171661377,17,True,s_shaped,0.5946955570084048,159,fsm_no_alignment
0.0,0.0,0.0,4.820000171661377,15,True,straight,0.5190864849245762,160,fsm_no_alignment
0.0,0.0,0.0,4.820000171661377,14,True,straight,0.6463424968624184,161,fsm_no_alignment
0.0,0.0,0.0,4.820000171661377,16,True,asymmetric,0.525600381860042,162,fsm_no_alignment
0.0,0.0,0.0,0.07857224345207214,400,True,l_shaped,0.7820089002478678,163,fsm_no_alignment
0.0,0.0,0.0,4.820000171661377,17,True,l_shaped,0.5486351474153845,164,fsm_no_alignment
0.0,0.0,0.0,4.820000171661377,15,True,straight,0.8203984302631049,165,fsm_no_alignment
1.0,0.0,1.0,0.012338027358055115,110,True,narrow_exit,0.5775151558297348,166,fsm_no_alignment
0.0,0.0,1.0,0.003509823465719819,63,True,narrow_exit,0.5219557171457361,167,fsm_no_alignment
1.0,0.0,0.0,0.07687985897064209,90,True,straight,0.720701303605207,168,fsm_no_alignment
0.0,0.0,0.0,4.820000171661377,15,True,narrow_entry,0.5210201522202079,169,fsm_no_alignment
0.0,0.0,0.0,4.820000171661377,14,True,narrow_exit,0.4582098849913337,170,fsm_no_alignment
0.0,0.0,0.0,4.820000171661377,17,True,s_shaped,0.6642412905053974,171,fsm_no_alignment
0.0,0.0,0.0,4.820000171661377,17,True,l_shaped,0.49462063676946644,172,fsm_no_alignment
0.0,0.0,1.0,0.0034220837987959385,48,True,l_shaped,0.6123414089332142,173,fsm_no_alignment
0.0,0.0,0.0,4.820000171661377,16,True,asymmetric,0.8683499794137999,174,fsm_no_alignment
0.0,0.0,0.0,4.820000171661377,16,True,narrow_entry,0.5146908948394837,175,fsm_no_alignment
0.0,0.0,0.0,4.820000171661377,15,True,narrow_exit,0.5961541459020789,176,fsm_no_alignment
0.0,0.0,0.0,4.820000171661377,17,True,l_shaped,0.7131387162622216,177,fsm_no_alignment
0.0,0.0,0.0,4.820000171661377,15,True,narrow_exit,0.49767342066372383,178,fsm_no_alignment
0.0,0.0,0.0,0.08230578154325485,400,True,l_shaped,0.6529709250833649,179,fsm_no_alignment
0.0,0.0,0.0,0.1269308179616928,400,True,l_shaped,0.6203667544018789,180,fsm_no_alignment
0.0,0.0,1.0,0.012749041430652142,66,True,narrow_exit,0.5688221787462739,181,fsm_no_alignment
0.0,0.0,0.0,0.08268523961305618,30,False,false_feasible,0.7809751001363575,182,fsm_no_alignment
0.0,0.0,0.0,4.820000171661377,16,True,narrow_entry,0.5093551468390755,183,fsm_no_alignment
0.0,0.0,1.0,0.00250071007758379,54,True,l_shaped,0.7042850597838175,184,fsm_no_alignment
0.0,0.0,0.0,4.820000171661377,16,False,false_feasible,0.7639105304256009,185,fsm_no_alignment
0.0,0.0,1.0,0.03099891170859337,52,True,s_shaped,0.7039767061616304,186,fsm_no_alignment
1.0,0.0,1.0,0.03786060959100723,105,True,narrow_entry,0.47119148422321355,187,fsm_no_alignment
1.0,0.0,1.0,0.04017021507024765,95,True,narrow_exit,0.48781212141747776,188,fsm_no_alignment
0.0,0.0,0.0,4.820000171661377,17,True,l_shaped,0.5128306443806043,189,fsm_no_alignment
1.0,0.0,1.0,0.04524645581841469,74,True,asymmetric,0.888487705398981,190,fsm_no_alignment
0.0,0.0,0.0,4.820000171661377,14,True,straight,0.6905703380801739,191,fsm_no_alignment
1.0,0.0,1.0,0.007362854201346636,108,True,narrow_entry,0.5825380476131046,192,fsm_no_alignment
0.0,0.0,1.0,0.018287859857082367,51,True,asymmetric,0.5200909519385607,193,fsm_no_alignment
0.0,0.0,0.0,0.08134818822145462,39,False,false_feasible,0.5973408729182135,194,fsm_no_alignment
0.0,0.0,0.0,0.10800907015800476,34,False,false_feasible,0.7858455878194632,195,fsm_no_alignment
0.0,0.0,0.0,4.820000171661377,15,True,narrow_entry,0.5021526944223321,196,fsm_no_alignment
0.0,0.0,0.0,4.820000171661377,16,True,narrow_entry,0.5875232079380317,197,fsm_no_alignment
0.0,0.0,1.0,0.005461183376610279,400,True,l_shaped,0.6820900543296231,198,fsm_no_alignment
0.0,0.0,0.0,4.820000171661377,15,True,straight,0.5378059084915514,199,fsm_no_alignment
1.0,0.0,0.0,0.07789190113544464,105,True,narrow_exit,0.531202003531005,200,fsm_no_alignment
0.0,0.0,0.0,0.05812181904911995,400,True,l_shaped,0.6470287045541268,201,fsm_no_alignment
1.0,0.0,1.0,0.013035432435572147,95,True,l_shaped,0.7439363482602684,202,fsm_no_alignment
0.0,0.0,0.0,4.820000171661377,15,False,false_feasible,0.5768280907081301,203,fsm_no_alignment
0.0,0.0,0.0,4.820000171661377,18,True,s_shaped,0.6397947282215526,204,fsm_no_alignment
0.0,0.0,0.0,0.09105164557695389,400,True,s_shaped,0.8535399172158142,205,fsm_no_alignment
0.0,0.0,1.0,0.005123077426105738,60,True,narrow_exit,0.48258125427046256,206,fsm_no_alignment
1.0,0.0,1.0,0.024634430184960365,94,True,s_shaped,0.8154553325341767,207,fsm_no_alignment
0.0,0.0,0.0,4.820000171661377,15,True,straight,0.7320712422528939,208,fsm_no_alignment
1.0,0.0,0.0,0.15122509002685547,77,True,straight,0.8802209967851831,209,fsm_no_alignment
0.0,0.0,1.0,0.004360906779766083,56,True,s_shaped,0.8472715047153352,210,fsm_no_alignment
0.0,0.0,0.0,4.820000171661377,17,True,l_shaped,0.5887499417787799,211,fsm_no_alignment
1.0,0.0,0.0,0.09833862632513046,103,True,narrow_entry,0.5667131573193758,212,fsm_no_alignment
0.0,0.0,0.0,4.820000171661377,18,True,s_shaped,0.6264270100869495,213,fsm_no_alignment
0.0,0.0,1.0,0.04093267768621445,51,True,l_shaped,0.6161727786034359,214,fsm_no_alignment
1.0,0.0,0.0,0.10238063335418701,95,True,asymmetric,0.8994733368001464,215,fsm_no_alignment
1.0,0.0,0.0,0.091966412961483,90,True,straight,0.6647402849773161,216,fsm_no_alignment
0.0,0.0,1.0,0.01011863723397255,66,True,narrow_exit,0.4605319798989982,217,fsm_no_alignment
0.0,0.0,1.0,0.02627086453139782,48,True,asymmetric,0.5914565741834572,218,fsm_no_alignment
0.0,0.0,0.0,4.820000171661377,17,True,l_shaped,0.5264099881977184,219,fsm_no_alignment
0.0,0.0,0.0,4.820000171661377,16,True,narrow_exit,0.5661578762718981,220,fsm_no_alignment
0.0,0.0,0.0,0.08082704246044159,39,True,asymmetric,0.5558653747870402,221,fsm_no_alignment
0.0,0.0,1.0,6.232730811461806e-05,19,True,narrow_entry,0.4880972425602814,222,fsm_no_alignment
0.0,0.0,0.0,4.820000171661377,15,True,straight,0.5435991331688073,223,fsm_no_alignment
0.0,0.0,0.0,0.1723143458366394,400,True,l_shaped,0.7861841102834488,224,fsm_no_alignment
0.0,0.0,0.0,4.820000171661377,15,True,asymmetric,0.739013588355597,225,fsm_no_alignment
1.0,0.0,1.0,0.01348932646214962,79,True,narrow_entry,0.4376018395401797,226,fsm_no_alignment
0.0,0.0,0.0,4.820000171661377,16,True,narrow_entry,0.5644897089519058,227,fsm_no_alignment
0.0,0.0,1.0,0.04353917017579079,48,True,s_shaped,0.5511102635456432,228,fsm_no_alignment
0.0,0.0,0.0,4.820000171661377,16,True,l_shaped,0.862828015169764,229,fsm_no_alignment
0.0,0.0,1.0,0.011249546892940998,400,True,l_shaped,0.7285123715280867,230,fsm_no_alignment
0.0,0.0,1.0,0.0057395752519369125,51,True,s_shaped,0.8445051624382662,231,fsm_no_alignment
0.0,0.0,1.0,0.003019888885319233,60,True,l_shaped,0.676293721641159,232,fsm_no_alignment
0.0,0.0,1.0,0.0005664972122758627,68,True,l_shaped,0.7814354479658496,233,fsm_no_alignment
0.0,0.0,0.0,4.820000171661377,15,True,narrow_entry,0.5971533476906399,234,fsm_no_alignment
0.0,0.0,1.0,0.009271334856748581,400,True,s_shaped,0.8439925700372564,235,fsm_no_alignment
0.0,0.0,0.0,4.820000171661377,14,True,narrow_entry,0.5291453112387963,236,fsm_no_alignment
0.0,0.0,1.0,0.00018440320855006576,56,True,narrow_exit,0.4826896590230621,237,fsm_no_alignment
1.0,0.0,0.0,0.08018554002046585,81,True,straight,0.7873675879700865,238,fsm_no_alignment
0.0,0.0,0.0,4.820000171661377,15,True,asymmetric,0.5471661556940697,239,fsm_no_alignment
0.0,0.0,0.0,4.820000171661377,15,True,narrow_entry,0.5539190500850983,240,fsm_no_alignment
1.0,0.0,0.0,0.11054830998182297,85,True,asymmetric,0.8152885670486694,241,fsm_no_alignment
0.0,0.0,0.0,4.820000171661377,17,True,l_shaped,0.5261106183222851,242,fsm_no_alignment
1.0,0.0,0.0,0.058486517518758774,104,True,straight,0.5096439364281361,243,fsm_no_alignment
1.0,0.0,1.0,0.00670824758708477,99,True,narrow_exit,0.5139825167225671,244,fsm_no_alignment
1.0,0.0,0.0,0.10232295840978622,82,True,straight,0.8084572784112112,245,fsm_no_alignment
0.0,0.0,0.0,0.0801282450556755,42,True,asymmetric,0.5985905830189792,246,fsm_no_alignment
1.0,0.0,1.0,0.043049901723861694,82,True,narrow_exit,0.5223900849691774,247,fsm_no_alignment
1.0,0.0,0.0,0.08293715119361877,98,True,narrow_exit,0.5414550641484401,248,fsm_no_alignment
0.0,0.0,0.0,4.820000171661377,15,True,straight,0.5500655675535648,249,fsm_no_alignment
0.0,0.0,0.0,4.820000171661377,14,True,asymmetric,0.6956092285827585,250,fsm_no_alignment
0.0,0.0,0.0,4.820000171661377,17,True,s_shaped,0.7208986335873884,251,fsm_no_alignment
0.0,0.0,1.0,0.0256551094353199,400,True,s_shaped,0.8829899948406159,252,fsm_no_alignment
0.0,0.0,0.0,4.820000171661377,16,True,narrow_entry,0.42578683580451304,253,fsm_no_alignment
0.0,0.0,0.0,4.820000171661377,17,True,l_shaped,0.7387025966839585,254,fsm_no_alignment
0.0,0.0,0.0,4.820000171661377,15,True,narrow_entry,0.5997891499718648,255,fsm_no_alignment
0.0,0.0,0.0,0.10679354518651962,43,False,false_feasible,0.6816933078405769,256,fsm_no_alignment
0.0,0.0,0.0,4.820000171661377,16,True,l_shaped,0.64791406911621,257,fsm_no_alignment
0.0,0.0,1.0,0.011333080939948559,63,True,l_shaped,0.6962772785421936,258,fsm_no_alignment
0.0,0.0,0.0,0.0902726948261261,400,True,l_shaped,0.5988046486258587,259,fsm_no_alignment
1.0,0.0,1.0,0.006781362928450108,78,True,narrow_entry,0.4238080820561928,260,fsm_no_alignment
0.0,0.0,0.0,4.820000171661377,16,True,straight,0.7117772840814217,261,fsm_no_alignment
0.0,0.0,1.0,0.02347690239548683,68,True,narrow_exit,0.43292348562480826,262,fsm_no_alignment
0.0,0.0,0.0,4.820000171661377,16,False,false_feasible,0.5875098945620526,263,fsm_no_alignment
0.0,0.0,1.0,0.03491073101758957,400,True,l_shaped,0.6647548094891085,264,fsm_no_alignment
1.0,0.0,0.0,0.14210717380046844,96,True,straight,0.6476303309426706,265,fsm_no_alignment
1.0,0.0,1.0,0.03230269253253937,76,True,asymmetric,0.7702676194137246,266,fsm_no_alignment
0.0,0.0,0.0,4.820000171661377,18,True,s_shaped,0.6362686435745704,267,fsm_no_alignment
0.0,0.0,0.0,4.820000171661377,15,False,false_feasible,0.5530129657539813,268,fsm_no_alignment
0.0,0.0,0.0,4.820000171661377,15,True,asymmetric,0.7262227151140552,269,fsm_no_alignment
0.0,0.0,0.0,4.820000171661377,15,True,narrow_entry,0.5050443619616078,270,fsm_no_alignment
0.0,0.0,0.0,4.820000171661377,15,True,straight,0.5488108164909411,271,fsm_no_alignment
0.0,0.0,0.0,0.21052131056785583,400,True,l_shaped,0.8368025100385041,272,fsm_no_alignment
0.0,0.0,1.0,0.002446676604449749,79,True,l_shaped,0.7618169657636347,273,fsm_no_alignment
1.0,0.0,0.0,0.07779400050640106,101,True,straight,0.6638875280476219,274,fsm_no_alignment
0.0,0.0,0.0,4.820000171661377,14,True,asymmetric,0.6840323605176697,275,fsm_no_alignment
0.0,0.0,0.0,4.820000171661377,18,True,s_shaped,0.5137375355878072,276,fsm_no_alignment
0.0,0.0,1.0,0.0064801364205777645,59,True,s_shaped,0.6848443956099852,277,fsm_no_alignment
0.0,0.0,0.0,4.820000171661377,15,True,straight,0.5617324115483817,278,fsm_no_alignment
0.0,0.0,1.0,0.015097105875611305,62,True,l_shaped,0.6886985308213855,279,fsm_no_alignment
0.0,0.0,0.0,4.820000171661377,14,True,straight,0.8022692545418904,280,fsm_no_alignment
0.0,0.0,0.0,4.820000171661377,14,True,narrow_entry,0.5617600052753791,281,fsm_no_alignment
0.0,0.0,0.0,4.820000171661377,17,True,s_shaped,0.5160344549434437,282,fsm_no_alignment
1.0,0.0,0.0,0.060233380645513535,75,True,s_shaped,0.8901205856045911,283,fsm_no_alignment
1.0,0.0,1.0,0.045462094247341156,108,True,straight,0.6406448042477723,284,fsm_no_alignment
0.0,0.0,0.0,4.820000171661377,16,True,l_shaped,0.6770453578667718,285,fsm_no_alignment
0.0,0.0,0.0,0.0776790976524353,400,True,s_shaped,0.8894371798868155,286,fsm_no_alignment
1.0,0.0,0.0,0.1549513190984726,81,True,straight,0.7536657385826413,287,fsm_no_alignment
0.0,0.0,0.0,4.820000171661377,15,True,narrow_entry,0.48503380179348293,288,fsm_no_alignment
0.0,0.0,0.0,4.820000171661377,16,True,straight,0.6725701007885039,289,fsm_no_alignment
1.0,0.0,0.0,0.21542823314666748,108,True,straight,0.813124900959316,290,fsm_no_alignment
0.0,0.0,0.0,4.820000171661377,15,True,narrow_entry,0.4814768871962921,291,fsm_no_alignment
1.0,0.0,0.0,0.10234587639570236,82,True,straight,0.8674507811043997,292,fsm_no_alignment
0.0,0.0,0.0,0.06934092193841934,400,True,l_shaped,0.5732577758727204,293,fsm_no_alignment
0.0,0.0,1.0,0.003278760239481926,48,True,l_shaped,0.5975657475888168,294,fsm_no_alignment
0.0,0.0,0.0,4.820000171661377,16,False,false_feasible,0.6829559639444835,295,fsm_no_alignment
0.0,0.0,0.0,4.820000171661377,16,True,narrow_entry,0.475522732049595,296,fsm_no_alignment
0.0,0.0,1.0,0.0019107918487861753,67,True,narrow_exit,0.56386012589863,297,fsm_no_alignment
0.0,0.0,0.0,4.820000171661377,17,True,s_shaped,0.4691060787726442,298,fsm_no_alignment
0.0,0.0,0.0,0.06807228922843933,42,True,asymmetric,0.6416869341657822,299,fsm_no_alignment
0.0,0.0,0.0,4.820000171661377,17,True,l_shaped,0.7046055987183408,300,fsm_no_alignment
0.0,0.0,0.0,4.820000171661377,15,False,false_feasible,0.5855259814629107,301,fsm_no_alignment
0.0,0.0,0.0,4.820000171661377,15,True,straight,0.7037380815620913,302,fsm_no_alignment
0.0,0.0,0.0,4.820000171661377,15,True,asymmetric,0.48038729148812404,303,fsm_no_alignment
0.0,0.0,0.0,4.820000171661377,15,True,straight,0.5954696479642971,304,fsm_no_alignment
0.0,0.0,0.0,4.820000171661377,14,True,straight,0.4968681722112922,305,fsm_no_alignment
1.0,0.0,1.0,0.02483711950480938,88,True,s_shaped,0.8650609373457014,306,fsm_no_alignment
0.0,0.0,1.0,0.011453509330749512,42,True,s_shaped,0.6372727560302809,307,fsm_no_alignment
0.0,0.0,1.0,0.0056555443443357944,67,True,narrow_exit,0.43692381639038946,308,fsm_no_alignment
0.0,0.0,0.0,0.11219218373298645,400,True,l_shaped,0.6157548738928549,309,fsm_no_alignment
0.0,0.0,1.0,0.005000858101993799,400,True,l_shaped,0.5386317941790119,310,fsm_no_alignment
0.0,0.0,0.0,4.820000171661377,15,True,narrow_entry,0.5257535086600513,311,fsm_no_alignment
0.0,0.0,0.0,4.820000171661377,17,True,s_shaped,0.7642432835408647,312,fsm_no_alignment
0.0,0.0,0.0,0.11118694394826889,400,True,s_shaped,0.7755441157697789,313,fsm_no_alignment
1.0,0.0,1.0,0.020078333094716072,80,True,straight,0.7002856335590052,314,fsm_no_alignment
0.0,0.0,0.0,4.820000171661377,18,True,s_shaped,0.5346469026546081,315,fsm_no_alignment
1.0,0.0,1.0,0.028858071193099022,110,True,straight,0.5815401945434963,316,fsm_no_alignment
0.0,0.0,0.0,4.820000171661377,17,True,l_shaped,0.584606314874935,317,fsm_no_alignment
0.0,0.0,0.0,0.09925775229930878,35,False,false_feasible,0.6679100476560947,318,fsm_no_alignment
1.0,0.0,0.0,0.1506069004535675,74,True,asymmetric,0.8977542377957146,319,fsm_no_alignment
0.0,0.0,0.0,4.820000171661377,16,True,narrow_entry,0.5854642047991006,320,fsm_no_alignment
0.0,0.0,0.0,4.820000171661377,15,False,false_feasible,0.5995294353530227,321,fsm_no_alignment
0.0,0.0,0.0,0.12223485857248306,400,True,s_shaped,0.7603928317998392,322,fsm_no_alignment
0.0,0.0,0.0,4.820000171661377,15,True,narrow_entry,0.5502741522345308,323,fsm_no_alignment
1.0,0.0,0.0,0.19769169390201569,80,True,straight,0.8341335779160304,324,fsm_no_alignment
0.0,0.0,0.0,4.820000171661377,16,True,narrow_entry,0.5101189513190285,325,fsm_no_alignment
1.0,0.0,1.0,0.03664793074131012,98,True,asymmetric,0.7493462845218546,326,fsm_no_alignment
0.0,0.0,0.0,4.820000171661377,17,True,l_shaped,0.5874662755670266,327,fsm_no_alignment
1.0,0.0,0.0,0.13952645659446716,105,True,straight,0.7622367003940507,328,fsm_no_alignment
0.0,0.0,0.0,4.820000171661377,400,True,straight,0.4712626524854183,329,fsm_no_alignment
1.0,0.0,1.0,0.030846068635582924,85,True,narrow_entry,0.52658390848266,330,fsm_no_alignment
0.0,0.0,0.0,4.820000171661377,17,True,l_shaped,0.5352710747342472,331,fsm_no_alignment
0.0,0.0,1.0,0.04720650985836983,37,True,asymmetric,0.8125977142540357,332,fsm_no_alignment
0.0,0.0,0.0,4.820000171661377,15,False,false_feasible,0.6843593933384942,333,fsm_no_alignment
0.0,0.0,0.0,4.820000171661377,15,True,straight,0.5390913358876082,334,fsm_no_alignment
1.0,0.0,1.0,0.000390466331737116,101,True,narrow_entry,0.5445324710314174,335,fsm_no_alignment
0.0,0.0,1.0,0.01032307930290699,74,True,l_shaped,0.7637731478234682,336,fsm_no_alignment
0.0,0.0,0.0,0.05529868230223656,38,False,false_feasible,0.6006013198759406,337,fsm_no_alignment
1.0,0.0,0.0,0.08455964177846909,102,True,narrow_exit,0.5354784966013542,338,fsm_no_alignment
0.0,0.0,0.0,4.820000171661377,15,True,straight,0.5729204433264841,339,fsm_no_alignment
1.0,0.0,0.0,0.12733985483646393,80,True,straight,0.716523727699982,340,fsm_no_alignment
1.0,0.0,1.0,0.03308139741420746,105,True,narrow_exit,0.5003250038090357,341,fsm_no_alignment
0.0,0.0,0.0,4.820000171661377,16,True,straight,0.5143533305968733,342,fsm_no_alignment
0.0,0.0,1.0,0.023161927238106728,38,True,s_shaped,0.555678073466654,343,fsm_no_alignment
1.0,0.0,0.0,0.13920162618160248,109,True,straight,0.7238968886820527,344,fsm_no_alignment
0.0,0.0,0.0,4.820000171661377,15,False,false_feasible,0.6805353618022505,345,fsm_no_alignment
0.0,0.0,0.0,0.05076334625482559,36,False,false_feasible,0.619299535052635,346,fsm_no_alignment
0.0,0.0,0.0,4.820000171661377,18,True,s_shaped,0.5037517961679152,347,fsm_no_alignment
0.0,0.0,0.0,4.820000171661377,17,True,l_shaped,0.5234430081230041,348,fsm_no_alignment
0.0,0.0,0.0,4.820000171661377,15,False,false_feasible,0.7572718958339757,349,fsm_no_alignment
1.0,0.0,1.0,0.02954660914838314,91,True,narrow_exit,0.42223149850484326,350,fsm_no_alignment
0.0,0.0,0.0,0.11544349044561386,400,True,l_shaped,0.6873951935237322,351,fsm_no_alignment
0.0,0.0,0.0,4.820000171661377,17,True,s_shaped,0.6746761156383666,352,fsm_no_alignment
0.0,0.0,0.0,4.820000171661377,17,True,s_shaped,0.4639476548165105,353,fsm_no_alignment
0.0,0.0,0.0,4.820000171661377,18,True,straight,0.4949783350985309,354,fsm_no_alignment
0.0,0.0,1.0,0.02356884442269802,60,True,narrow_exit,0.5181368822200751,355,fsm_no_alignment
0.0,0.0,0.0,0.18409788608551025,27,False,false_feasible,0.7590499377394438,356,fsm_no_alignment
0.0,0.0,0.0,4.820000171661377,17,True,s_shaped,0.6310668974274827,357,fsm_no_alignment
0.0,0.0,0.0,4.820000171661377,14,True,straight,0.633085127725872,358,fsm_no_alignment
0.0,0.0,1.0,0.027056114748120308,51,True,narrow_exit,0.4256846395247397,359,fsm_no_alignment
1.0,0.0,1.0,0.008930683135986328,104,True,l_shaped,0.8489905011575196,360,fsm_no_alignment
1.0,0.0,0.0,0.1132601946592331,104,True,straight,0.8373987758344472,361,fsm_no_alignment
0.0,0.0,0.0,0.15783123672008514,35,False,false_feasible,0.7829560726988289,362,fsm_no_alignment
1.0,0.0,0.0,0.09586385637521744,106,True,straight,0.6734542037162343,363,fsm_no_alignment
0.0,0.0,1.0,0.03480814769864082,400,True,s_shaped,0.6589807318427364,364,fsm_no_alignment
0.0,0.0,1.0,0.03485637158155441,63,True,asymmetric,0.5809726586027926,365,fsm_no_alignment
1.0,0.0,1.0,0.0108037693426013,102,True,s_shaped,0.8162620576693067,366,fsm_no_alignment
0.0,0.0,0.0,0.16711720824241638,400,True,l_shaped,0.8283132767401924,367,fsm_no_alignment
0.0,0.0,1.0,0.015782246366143227,53,True,asymmetric,0.48155149441988276,368,fsm_no_alignment
1.0,0.0,1.0,0.025852125138044357,101,True,narrow_exit,0.5672103557924545,369,fsm_no_alignment
1.0,0.0,1.0,0.0027553655672818422,83,True,straight,0.7122071077788414,370,fsm_no_alignment
0.0,0.0,1.0,0.009127596393227577,61,True,narrow_exit,0.5907563642249145,371,fsm_no_alignment
1.0,0.0,0.0,0.1000915989279747,73,True,straight,0.8188461987908233,372,fsm_no_alignment
0.0,0.0,0.0,4.820000171661377,15,True,narrow_exit,0.5662134503646514,373,fsm_no_alignment
1.0,0.0,0.0,0.11333876848220825,110,True,straight,0.7392616939501118,374,fsm_no_alignment
1.0,0.0,0.0,0.14024047553539276,80,True,straight,0.8372535998731345,375,fsm_no_alignment
0.0,0.0,0.0,4.820000171661377,15,True,straight,0.7004187407298574,376,fsm_no_alignment
0.0,0.0,0.0,4.820000171661377,17,True,s_shaped,0.5255720912694887,377,fsm_no_alignment
0.0,0.0,1.0,0.0045238398015499115,400,True,l_shaped,0.6997690282736465,378,fsm_no_alignment
0.0,0.0,0.0,4.820000171661377,16,True,narrow_entry,0.43675967955453554,379,fsm_no_alignment
0.0,0.0,1.0,0.040260955691337585,57,True,l_shaped,0.5339979466629434,380,fsm_no_alignment
1.0,0.0,0.0,0.09837976843118668,103,True,straight,0.8469349692471471,381,fsm_no_alignment
0.0,0.0,0.0,4.820000171661377,16,True,narrow_exit,0.5854397396219889,382,fsm_no_alignment
0.0,0.0,0.0,4.820000171661377,17,True,s_shaped,0.7539050118042848,383,fsm_no_alignment
0.0,0.0,0.0,4.820000171661377,16,True,narrow_entry,0.5367474224646778,384,fsm_no_alignment
0.0,0.0,0.0,4.820000171661377,15,True,narrow_exit,0.5445393166870626,385,fsm_no_alignment
0.0,0.0,0.0,4.820000171661377,15,True,asymmetric,0.48381273356948834,386,fsm_no_alignment
0.0,0.0,1.0,0.006992033217102289,52,True,narrow_exit,0.5086433250600779,387,fsm_no_alignment
1.0,0.0,0.0,0.05005529150366783,75,True,l_shaped,0.7789634429167849,388,fsm_no_alignment
0.0,0.0,0.0,4.820000171661377,15,True,straight,0.46273153753715157,389,fsm_no_alignment
0.0,0.0,0.0,0.06110167130827904,400,True,s_shaped,0.8654906530396146,390,fsm_no_alignment
0.0,0.0,1.0,0.008875050581991673,400,True,s_shaped,0.5489970476972676,391,fsm_no_alignment
0.0,0.0,1.0,0.018105028197169304,49,True,narrow_exit,0.46868461428884617,392,fsm_no_alignment
0.0,0.0,0.0,4.820000171661377,18,True,s_shaped,0.5604103192201321,393,fsm_no_alignment
0.0,0.0,0.0,4.820000171661377,16,True,l_shaped,0.6440932266821061,394,fsm_no_alignment
0.0,0.0,1.0,0.032736413180828094,400,True,s_shaped,0.7865053754159992,395,fsm_no_alignment
0.0,0.0,0.0,4.820000171661377,15,True,straight,0.634698663099951,396,fsm_no_alignment
0.0,0.0,1.0,0.009562976658344269,48,True,narrow_exit,0.46491867166896966,397,fsm_no_alignment
0.0,0.0,0.0,4.820000171661377,18,True,s_shaped,0.4504454972668738,398,fsm_no_alignment
1.0,0.0,0.0,0.14149531722068787,75,True,straight,0.873615105571611,399,fsm_no_alignment
0.0,0.0,0.0,0.09324314445257187,36,False,false_feasible,0.7025724879259627,400,fsm_no_alignment
0.0,0.0,0.0,0.23349224030971527,400,True,l_shaped,0.8690594978157582,401,fsm_no_alignment
1.0,0.0,0.0,0.07848235964775085,94,True,straight,0.8652889633163358,402,fsm_no_alignment
0.0,0.0,0.0,4.820000171661377,17,True,s_shaped,0.7530811716263597,403,fsm_no_alignment
0.0,0.0,1.0,0.043234582990407944,33,False,false_feasible,0.590261420704985,404,fsm_no_alignment
1.0,0.0,0.0,0.057983867824077606,106,True,narrow_exit,0.5213643978453197,405,fsm_no_alignment
0.0,0.0,0.0,4.820000171661377,16,True,straight,0.560082209741563,406,fsm_no_alignment
0.0,0.0,0.0,4.820000171661377,16,True,asymmetric,0.5258901968122404,407,fsm_no_alignment
1.0,0.0,1.0,0.016696590930223465,78,True,straight,0.7995099043571807,408,fsm_no_alignment
0.0,0.0,1.0,0.026511557400226593,400,True,l_shaped,0.5206614738003867,409,fsm_no_alignment
1.0,0.0,0.0,0.11973530799150467,81,True,straight,0.7164804345775513,410,fsm_no_alignment
0.0,0.0,0.0,4.820000171661377,17,True,l_shaped,0.7082303859110689,411,fsm_no_alignment
0.0,0.0,0.0,0.12689334154129028,400,True,s_shaped,0.818787587347954,412,fsm_no_alignment
1.0,0.0,0.0,0.14024615287780762,73,True,straight,0.7228127787525637,413,fsm_no_alignment
0.0,0.0,1.0,0.009572773240506649,45,True,s_shaped,0.5221521562242907,414,fsm_no_alignment
0.0,0.0,0.0,0.09283458441495895,400,True,s_shaped,0.7448012511411441,415,fsm_no_alignment
0.0,0.0,0.0,4.820000171661377,16,True,narrow_entry,0.5593952102007809,416,fsm_no_alignment
0.0,0.0,1.0,0.04732172563672066,54,True,asymmetric,0.7929328594635792,417,fsm_no_alignment
0.0,0.0,1.0,0.010384402237832546,65,True,l_shaped,0.6269625604803,418,fsm_no_alignment
1.0,0.0,0.0,0.07066506147384644,92,True,l_shaped,0.8368561355588942,419,fsm_no_alignment
0.0,0.0,0.0,0.08088115602731705,400,True,l_shaped,0.8934140529757,420,fsm_no_alignment
0.0,0.0,1.0,0.007197236176580191,400,True,l_shaped,0.8659261726555774,421,fsm_no_alignment
0.0,0.0,1.0,0.011118760332465172,54,True,narrow_exit,0.5795804244599301,422,fsm_no_alignment
0.0,0.0,0.0,0.1603536307811737,400,True,s_shaped,0.7278061949665587,423,fsm_no_alignment
1.0,0.0,1.0,0.040467146784067154,89,True,asymmetric,0.6182648281319505,424,fsm_no_alignment
0.0,0.0,0.0,0.08310773223638535,46,False,false_feasible,0.7308898385229509,425,fsm_no_alignment
0.0,0.0,1.0,0.033419910818338394,61,True,l_shaped,0.5012582646685599,426,fsm_no_alignment
0.0,0.0,0.0,4.820000171661377,17,True,s_shaped,0.6960660571082298,427,fsm_no_alignment
1.0,0.0,1.0,0.00891732145100832,86,True,straight,0.4876029144668152,428,fsm_no_alignment
0.0,0.0,0.0,0.07734546810388565,41,False,false_feasible,0.7898448180788078,429,fsm_no_alignment
0.0,0.0,0.0,4.820000171661377,15,False,false_feasible,0.6137966280733855,430,fsm_no_alignment
0.0,0.0,1.0,0.02733238786458969,49,True,l_shaped,0.5727761895044058,431,fsm_no_alignment
1.0,0.0,0.0,0.16154755651950836,76,True,straight,0.6937823572484527,432,fsm_no_alignment
0.0,0.0,0.0,4.820000171661377,18,True,s_shaped,0.8554973909178045,433,fsm_no_alignment
0.0,0.0,0.0,4.820000171661377,14,True,narrow_entry,0.47460077388279576,434,fsm_no_alignment
1.0,0.0,0.0,0.10324766486883163,71,True,narrow_entry,0.5745182073131728,435,fsm_no_alignment
0.0,0.0,0.0,4.820000171661377,16,True,straight,0.5992871906066504,436,fsm_no_alignment
0.0,0.0,0.0,0.2542458176612854,400,True,l_shaped,0.8920038138631132,437,fsm_no_alignment
1.0,0.0,1.0,0.04036443680524826,74,True,straight,0.5348520353855511,438,fsm_no_alignment
1.0,0.0,0.0,0.0577649250626564,72,True,narrow_exit,0.5420420797509233,439,fsm_no_alignment
0.0,0.0,0.0,4.820000171661377,18,True,s_shaped,0.8716567503943187,440,fsm_no_alignment
1.0,0.0,1.0,0.007134078536182642,82,True,asymmetric,0.514484477663621,441,fsm_no_alignment
0.0,0.0,0.0,0.12440077215433121,400,True,l_shaped,0.6997546106729574,442,fsm_no_alignment
0.0,0.0,1.0,0.03864404931664467,29,False,false_feasible,0.7820596620280413,443,fsm_no_alignment
0.0,0.0,0.0,4.820000171661377,15,True,narrow_entry,0.5262383893820324,444,fsm_no_alignment
0.0,0.0,0.0,4.820000171661377,16,True,l_shaped,0.5734104908481463,445,fsm_no_alignment
0.0,0.0,1.0,0.024054717272520065,54,True,narrow_exit,0.5070320953806626,446,fsm_no_alignment
0.0,0.0,0.0,4.820000171661377,14,True,straight,0.5096458414236432,447,fsm_no_alignment
0.0,0.0,1.0,0.04290712624788284,400,True,l_shaped,0.8542127003301647,448,fsm_no_alignment
0.0,0.0,0.0,0.15172956883907318,400,True,l_shaped,0.8108580750708367,449,fsm_no_alignment
0.0,0.0,0.0,4.820000171661377,17,True,s_shaped,0.4667896315813174,450,fsm_no_alignment
1.0,0.0,1.0,0.02094857394695282,80,True,narrow_exit,0.48096521401573505,451,fsm_no_alignment
1.0,0.0,0.0,0.23241885006427765,94,True,straight,0.8818565486283572,452,fsm_no_alignment
0.0,0.0,0.0,4.820000171661377,16,True,narrow_entry,0.5070243572425855,453,fsm_no_alignment
0.0,0.0,1.0,0.02183523029088974,400,True,l_shaped,0.4924034390007451,454,fsm_no_alignment
0.0,0.0,0.0,4.820000171661377,17,True,s_shaped,0.6087351923362321,455,fsm_no_alignment
0.0,0.0,0.0,4.820000171661377,18,True,s_shaped,0.6656501758000399,456,fsm_no_alignment
0.0,0.0,0.0,4.820000171661377,16,True,straight,0.47784846466150943,457,fsm_no_alignment
0.0,0.0,1.0,0.04704160988330841,34,False,false_feasible,0.68651351668702,458,fsm_no_alignment
0.0,0.0,1.0,0.018530743196606636,55,True,l_shaped,0.4556095469270469,459,fsm_no_alignment
0.0,0.0,0.0,0.05134393647313118,400,True,s_shaped,0.8319474382772145,460,fsm_no_alignment
0.0,0.0,1.0,0.02118079364299774,59,True,l_shaped,0.6081073574801689,461,fsm_no_alignment
0.0,0.0,0.0,0.06893529742956161,43,True,asymmetric,0.5209206809798153,462,fsm_no_alignment
0.0,0.0,1.0,0.005437572952359915,47,True,l_shaped,0.46479045161991106,463,fsm_no_alignment
1.0,0.0,0.0,0.0673709288239479,83,True,narrow_exit,0.5400531894414131,464,fsm_no_alignment
0.0,0.0,1.0,0.009438945911824703,400,True,l_shaped,0.5986430485989414,465,fsm_no_alignment
1.0,0.0,0.0,0.21815535426139832,77,True,straight,0.8348237759178962,466,fsm_no_alignment
0.0,0.0,0.0,4.820000171661377,15,True,straight,0.8619286216903344,467,fsm_no_alignment
1.0,0.0,1.0,0.017723875120282173,95,True,asymmetric,0.8650753082980338,468,fsm_no_alignment
0.0,0.0,1.0,0.041995853185653687,62,True,l_shaped,0.5122291506723482,469,fsm_no_alignment
0.0,0.0,0.0,4.820000171661377,15,True,straight,0.49957652029775995,470,fsm_no_alignment
0.0,0.0,1.0,0.03739008679986,63,True,asymmetric,0.6855407315302016,471,fsm_no_alignment
1.0,0.0,0.0,0.09666164964437485,76,True,straight,0.7464807668130418,472,fsm_no_alignment
0.0,0.0,0.0,4.820000171661377,17,True,l_shaped,0.5544362073014045,473,fsm_no_alignment
0.0,0.0,0.0,4.820000171661377,17,True,l_shaped,0.7465518296866449,474,fsm_no_alignment
0.0,0.0,0.0,0.09902474284172058,44,False,false_feasible,0.6906320301889947,475,fsm_no_alignment
0.0,0.0,0.0,4.820000171661377,17,True,l_shaped,0.45318840937647664,476,fsm_no_alignment
0.0,0.0,1.0,0.03678427264094353,47,True,asymmetric,0.6015018634188176,477,fsm_no_alignment
0.0,0.0,0.0,4.820000171661377,14,True,straight,0.46579084466526366,478,fsm_no_alignment
0.0,0.0,0.0,0.12723855674266815,39,False,false_feasible,0.7479618224477685,479,fsm_no_alignment
1.0,0.0,0.0,0.07214800268411636,88,True,narrow_exit,0.5940175134555659,480,fsm_no_alignment
1.0,0.0,1.0,0.04057968780398369,108,True,narrow_exit,0.5836291835636911,481,fsm_no_alignment
0.0,0.0,1.0,0.02632218785583973,55,True,asymmetric,0.7033420089298698,482,fsm_no_alignment
1.0,0.0,1.0,0.02953994832932949,76,True,narrow_exit,0.5298044115200842,483,fsm_no_alignment
0.0,0.0,1.0,0.006391623057425022,60,True,l_shaped,0.8343911280127465,484,fsm_no_alignment
1.0,0.0,0.0,0.08708491176366806,82,True,narrow_exit,0.5426470890897435,485,fsm_no_alignment
0.0,0.0,0.0,0.12439888715744019,32,False,false_feasible,0.7388428853063269,486,fsm_no_alignment
1.0,0.0,0.0,0.08440452814102173,91,True,straight,0.6214231566218853,487,fsm_no_alignment
1.0,0.0,0.0,0.1041596457362175,91,True,straight,0.8269277817849692,488,fsm_no_alignment
0.0,0.0,0.0,4.820000171661377,17,True,s_shaped,0.5239704266659997,489,fsm_no_alignment
1.0,0.0,0.0,0.056147001683712006,107,True,asymmetric,0.6948441411670399,490,fsm_no_alignment
1.0,0.0,0.0,0.1779068261384964,105,True,straight,0.8333842660207158,491,fsm_no_alignment
0.0,0.0,1.0,0.027531560510396957,48,True,s_shaped,0.5816104671629537,492,fsm_no_alignment
0.0,0.0,1.0,0.0004018230247311294,49,True,s_shaped,0.8570278576887512,493,fsm_no_alignment
0.0,0.0,0.0,0.15062354505062103,400,True,l_shaped,0.7928766803538789,494,fsm_no_alignment
0.0,0.0,1.0,0.007760369218885899,59,True,asymmetric,0.5655041514639754,495,fsm_no_alignment
0.0,0.0,0.0,4.820000171661377,15,False,false_feasible,0.6476116275992401,496,fsm_no_alignment
0.0,0.0,0.0,4.820000171661377,14,True,straight,0.4699787836097656,497,fsm_no_alignment
0.0,0.0,0.0,4.820000171661377,16,False,false_feasible,0.6217088886700382,498,fsm_no_alignment
0.0,0.0,0.0,0.06736584007740021,400,True,l_shaped,0.5395305202169378,499,fsm_no_alignment
1.0,0.0,0.0,0.08816903084516525,75,True,narrow_entry,0.5745476255840488,0,fsm_local_memory
1.0,0.0,0.0,0.0846744179725647,86,True,straight,0.6526736720530052,1,fsm_local_memory
0.0,0.0,1.0,0.0051115467213094234,50,True,asymmetric,0.649536389472299,2,fsm_local_memory
1.0,0.0,0.0,0.10785651206970215,125,True,l_shaped,0.8868141109777066,3,fsm_local_memory
1.0,0.0,0.0,0.08646634221076965,103,True,straight,0.7573720289591046,4,fsm_local_memory
1.0,0.0,0.0,0.08230413496494293,90,True,l_shaped,0.6613001150741136,5,fsm_local_memory
1.0,0.0,0.0,0.07362280040979385,174,True,s_shaped,0.8247051882260268,6,fsm_local_memory
1.0,0.0,1.0,0.022802164778113365,102,True,narrow_exit,0.42132520855518096,7,fsm_local_memory
1.0,0.0,0.0,0.10389618575572968,109,True,s_shaped,0.7059335381788022,8,fsm_local_memory
1.0,0.0,1.0,0.0410475991666317,74,True,narrow_exit,0.47471101765127016,9,fsm_local_memory
0.0,0.0,0.0,0.07653502374887466,400,True,asymmetric,0.5552727686394033,10,fsm_local_memory
1.0,0.0,1.0,0.02798512764275074,74,True,narrow_exit,0.4500551255833867,11,fsm_local_memory
1.0,0.0,0.0,0.116836778819561,77,True,straight,0.6754701487965136,12,fsm_local_memory
1.0,0.0,1.0,0.010106593370437622,111,True,l_shaped,0.5856804401165445,13,fsm_local_memory
0.0,0.0,0.0,0.107042096555233,400,False,false_feasible,0.6164674903648799,14,fsm_local_memory
0.0,0.0,0.0,0.094333216547966,400,False,false_feasible,0.6005908411988077,15,fsm_local_memory
1.0,0.0,0.0,0.09683316200971603,115,True,s_shaped,0.7322889783160995,16,fsm_local_memory
1.0,0.0,1.0,0.015751007944345474,105,True,l_shaped,0.5150358849897211,17,fsm_local_memory
1.0,0.0,0.0,0.10491922497749329,108,True,l_shaped,0.7159119711666375,18,fsm_local_memory
1.0,0.0,1.0,0.005906230304390192,190,True,s_shaped,0.6708181474595345,19,fsm_local_memory
0.0,0.0,0.0,4.820000171661377,17,True,s_shaped,0.4597254359461487,20,fsm_local_memory
1.0,0.0,0.0,0.09827353805303574,123,True,l_shaped,0.7467401856113558,21,fsm_local_memory
1.0,0.0,0.0,0.13922788202762604,86,True,straight,0.6996836112261675,22,fsm_local_memory
1.0,0.0,0.0,0.10487291216850281,105,True,l_shaped,0.8788047277813853,23,fsm_local_memory
1.0,0.0,0.0,0.08827853947877884,113,True,straight,0.645793677001367,24,fsm_local_memory
1.0,0.0,0.0,0.09324789047241211,93,True,asymmetric,0.8520509878640384,25,fsm_local_memory
1.0,0.0,0.0,0.08211294561624527,77,True,narrow_entry,0.5886263670960803,26,fsm_local_memory
1.0,0.0,1.0,0.03320647031068802,105,True,narrow_exit,0.475858261122017,27,fsm_local_memory
1.0,0.0,1.0,0.035771679133176804,78,True,straight,0.5533452134994848,28,fsm_local_memory
1.0,0.0,1.0,0.04658341035246849,124,True,s_shaped,0.762418096039299,29,fsm_local_memory
1.0,0.0,0.0,0.2117699831724167,87,True,straight,0.8674031479529285,30,fsm_local_memory
1.0,0.0,0.0,0.09246876835823059,73,True,narrow_exit,0.5864655172761648,31,fsm_local_memory
1.0,0.0,0.0,0.1206139400601387,110,True,straight,0.6386014436923367,32,fsm_local_memory
1.0,0.0,1.0,0.04892197996377945,105,True,asymmetric,0.6603217206998813,33,fsm_local_memory
1.0,0.0,1.0,0.018295368179678917,175,True,s_shaped,0.722707119315005,34,fsm_local_memory
1.0,0.0,1.0,0.02203908935189247,84,True,asymmetric,0.6542535969343349,35,fsm_local_memory
1.0,0.0,1.0,0.031769149005413055,77,True,narrow_exit,0.47586024130633336,36,fsm_local_memory
1.0,0.0,1.0,0.024967025965452194,73,True,straight,0.5019705286494097,37,fsm_local_memory
1.0,0.0,0.0,0.17606152594089508,98,True,straight,0.7160147172499371,38,fsm_local_memory
0.0,0.0,0.0,0.1938822716474533,99,True,s_shaped,0.8437522240055739,39,fsm_local_memory
0.0,0.0,0.0,4.820000171661377,18,True,s_shaped,0.4721643539674173,40,fsm_local_memory
1.0,0.0,0.0,0.17385514080524445,108,True,straight,0.8296087282189888,41,fsm_local_memory
1.0,0.0,1.0,0.02545781247317791,95,True,narrow_entry,0.5602193438240632,42,fsm_local_memory
1.0,0.0,1.0,0.040410928428173065,92,True,l_shaped,0.7378034720566995,43,fsm_local_memory
1.0,0.0,0.0,0.06414861232042313,100,True,l_shaped,0.6148766024218113,44,fsm_local_memory
0.0,0.0,0.0,0.11492378264665604,400,False,false_feasible,0.6320903012511723,45,fsm_local_memory
1.0,0.0,0.0,0.09025216102600098,107,True,l_shaped,0.7807019230396308,46,fsm_local_memory
1.0,0.0,0.0,0.09104153513908386,77,True,straight,0.7765720327221421,47,fsm_local_memory
0.0,0.0,0.0,0.11829172074794769,400,False,false_feasible,0.6984205011165886,48,fsm_local_memory
1.0,0.0,0.0,0.06463272869586945,90,True,narrow_exit,0.5230374925260929,49,fsm_local_memory
0.0,0.0,1.0,0.0002742412325460464,122,True,s_shaped,0.7198170486851756,50,fsm_local_memory
1.0,0.0,0.0,0.05329931527376175,101,True,narrow_entry,0.48005479649908284,51,fsm_local_memory
1.0,0.0,0.0,0.07726208120584488,108,True,straight,0.5165025176439862,52,fsm_local_memory
0.0,0.0,1.0,0.00016300551942549646,34,True,narrow_entry,0.5885051976309232,53,fsm_local_memory
0.0,0.0,0.0,0.11005515605211258,400,False,false_feasible,0.7626334197976957,54,fsm_local_memory
0.0,0.0,1.0,0.02870841883122921,65,True,asymmetric,0.5829115614048405,55,fsm_local_memory
0.0,0.0,0.0,0.06643116474151611,400,False,false_feasible,0.6209771094660098,56,fsm_local_memory
0.0,0.0,0.0,4.820000171661377,16,True,asymmetric,0.46304977644201123,57,fsm_local_memory
1.0,0.0,1.0,0.03230713680386543,73,True,straight,0.4524434253579152,58,fsm_local_memory
1.0,0.0,0.0,0.0686764344573021,143,True,l_shaped,0.8322339793153828,59,fsm_local_memory
0.0,0.0,1.0,0.004173624329268932,55,True,asymmetric,0.4680680847961799,60,fsm_local_memory
1.0,0.0,0.0,0.14685383439064026,79,True,straight,0.7805794913708227,61,fsm_local_memory
0.0,0.0,1.0,0.0021399164106696844,96,False,false_feasible,0.563625078747824,62,fsm_local_memory
1.0,0.0,0.0,0.21991264820098877,90,True,straight,0.8910122307993866,63,fsm_local_memory
1.0,0.0,0.0,0.05697263032197952,94,True,narrow_exit,0.4742416738526492,64,fsm_local_memory
1.0,0.0,0.0,0.13235768675804138,88,True,straight,0.6787587323011239,65,fsm_local_memory
1.0,0.0,0.0,0.07866833359003067,84,True,straight,0.5751339956015659,66,fsm_local_memory
1.0,0.0,1.0,0.036513954401016235,98,True,narrow_exit,0.45917313480545313,67,fsm_local_memory
1.0,0.0,0.0,0.05268965661525726,146,True,s_shaped,0.551516790691895,68,fsm_local_memory
1.0,0.0,0.0,0.05634394288063049,86,True,narrow_entry,0.49765527513238017,69,fsm_local_memory
0.0,0.0,0.0,0.12253589183092117,400,False,false_feasible,0.6800687786851423,70,fsm_local_memory
0.0,0.0,0.0,4.820000171661377,16,True,asymmetric,0.47500556260809507,71,fsm_local_memory
1.0,0.0,0.0,0.10572193562984467,87,True,asymmetric,0.8354466106085512,72,fsm_local_memory
0.0,0.0,0.0,0.06973829865455627,400,False,false_feasible,0.6277403774801916,73,fsm_local_memory
0.0,0.0,1.0,0.007791444659233093,107,True,s_shaped,0.5236880869162331,74,fsm_local_memory
1.0,0.0,1.0,0.033909872174263,89,True,straight,0.651710525964458,75,fsm_local_memory
1.0,0.0,0.0,0.09721449017524719,110,True,s_shaped,0.6611971203856806,76,fsm_local_memory
1.0,0.0,0.0,0.056133490055799484,104,True,s_shaped,0.7139003278566582,77,fsm_local_memory
1.0,0.0,1.0,0.04261896759271622,93,True,narrow_exit,0.4859895092878702,78,fsm_local_memory
1.0,0.0,1.0,0.044289346784353256,95,True,narrow_entry,0.5108624669226296,79,fsm_local_memory
0.0,0.0,1.0,0.012363655492663383,138,True,s_shaped,0.49724087215323176,80,fsm_local_memory
1.0,0.0,0.0,0.19989736378192902,90,True,straight,0.867357206326812,81,fsm_local_memory
1.0,0.0,0.0,0.0922434851527214,100,True,straight,0.5751099479703663,82,fsm_local_memory
1.0,0.0,0.0,0.09595320373773575,100,True,narrow_exit,0.5825990169535296,83,fsm_local_memory
1.0,0.0,0.0,0.20252151787281036,88,True,straight,0.7795860763472044,84,fsm_local_memory
0.0,0.0,1.0,0.008737107738852501,400,False,false_feasible,0.6220570613719764,85,fsm_local_memory
0.0,0.0,1.0,0.038245271891355515,182,True,s_shaped,0.8934930762727168,86,fsm_local_memory
1.0,0.0,0.0,0.12125610560178757,106,True,asymmetric,0.8661157502489499,87,fsm_local_memory
1.0,0.0,1.0,0.00209811981767416,141,True,narrow_entry,0.5757821786500192,88,fsm_local_memory
0.0,0.0,0.0,4.820000171661377,15,True,asymmetric,0.4520250562228466,89,fsm_local_memory
1.0,0.0,0.0,0.07808367908000946,112,True,l_shaped,0.8337515083343607,90,fsm_local_memory
1.0,0.0,0.0,0.09432674944400787,88,True,l_shaped,0.8489509029773412,91,fsm_local_memory
0.0,0.0,0.0,0.11539734899997711,400,False,false_feasible,0.6519854877828206,92,fsm_local_memory
0.0,0.0,0.0,0.08480911701917648,400,False,false_feasible,0.5835917283282654,93,fsm_local_memory
1.0,0.0,0.0,0.07310661673545837,127,True,l_shaped,0.6391717971773747,94,fsm_local_memory
1.0,0.0,0.0,0.0699443444609642,114,True,l_shaped,0.5964042287325046,95,fsm_local_memory
1.0,0.0,0.0,0.05783650279045105,89,True,l_shaped,0.5586174277319983,96,fsm_local_memory
1.0,0.0,1.0,0.04339597001671791,112,True,narrow_entry,0.4989095265451547,97,fsm_local_memory
1.0,0.0,0.0,0.06967679411172867,97,True,narrow_entry,0.521190732072763,98,fsm_local_memory
1.0,0.0,0.0,0.2049054652452469,76,True,straight,0.8818985350481492,99,fsm_local_memory
1.0,0.0,0.0,0.14406511187553406,92,True,straight,0.6548030290852931,100,fsm_local_memory
1.0,0.0,0.0,0.06485427916049957,75,True,straight,0.6230269700954676,101,fsm_local_memory
1.0,0.0,1.0,0.03868201747536659,93,True,l_shaped,0.6273565997301439,102,fsm_local_memory
0.0,0.0,0.0,0.1103743314743042,49,True,s_shaped,0.6702759029282437,103,fsm_local_memory
1.0,0.0,1.0,0.04257941246032715,143,True,l_shaped,0.6659385302479793,104,fsm_local_memory
0.0,0.0,1.0,0.0026058435905724764,128,True,s_shaped,0.77020111871855,105,fsm_local_memory
1.0,0.0,1.0,0.011247867718338966,97,True,straight,0.4997832604029915,106,fsm_local_memory
1.0,0.0,0.0,0.09180669486522675,96,True,narrow_exit,0.5736065026816259,107,fsm_local_memory
1.0,0.0,0.0,0.0982343852519989,110,True,l_shaped,0.8634571564062063,108,fsm_local_memory
1.0,0.0,1.0,0.043123215436935425,106,True,l_shaped,0.809646085008671,109,fsm_local_memory
1.0,0.0,1.0,0.03885979950428009,73,True,straight,0.6059153949332314,110,fsm_local_memory
0.0,0.0,0.0,4.820000171661377,15,True,narrow_entry,0.47708757080339614,111,fsm_local_memory
1.0,0.0,0.0,0.10212771594524384,114,True,straight,0.6782817157119195,112,fsm_local_memory
0.0,0.0,0.0,0.0964621901512146,400,False,false_feasible,0.5817274938796283,113,fsm_local_memory
1.0,0.0,0.0,0.0817912220954895,72,True,narrow_exit,0.5705241318316682,114,fsm_local_memory
1.0,0.0,0.0,0.09652772545814514,103,True,l_shaped,0.7248465599559383,115,fsm_local_memory
1.0,0.0,0.0,0.05314731225371361,71,True,narrow_entry,0.4954690298221449,116,fsm_local_memory
1.0,0.0,0.0,0.16953694820404053,88,True,straight,0.8503453897539288,117,fsm_local_memory
0.0,0.0,0.0,0.10160381346940994,400,False,false_feasible,0.5998854982248727,118,fsm_local_memory
1.0,0.0,0.0,0.07709994912147522,120,True,l_shaped,0.6826587690822432,119,fsm_local_memory
0.0,0.0,0.0,0.09516356140375137,400,False,false_feasible,0.7495243589545832,120,fsm_local_memory
1.0,0.0,1.0,0.03612251207232475,96,True,narrow_entry,0.4910333798670148,121,fsm_local_memory
0.0,0.0,0.0,0.06510365009307861,400,False,false_feasible,0.5991855451876579,122,fsm_local_memory
0.0,0.0,1.0,0.02968347817659378,400,False,false_feasible,0.5747311262762056,123,fsm_local_memory
0.0,0.0,1.0,0.004339464008808136,90,True,s_shaped,0.5667479279345404,124,fsm_local_memory
1.0,0.0,0.0,0.0672370195388794,121,True,l_shaped,0.5826482773085442,125,fsm_local_memory
0.0,0.0,0.0,0.09423074871301651,400,False,false_feasible,0.5844483839819513,126,fsm_local_memory
1.0,0.0,1.0,0.04766266420483589,79,True,straight,0.5639649634800888,127,fsm_local_memory
0.0,0.0,0.0,4.820000171661377,15,True,narrow_entry,0.4868254746758899,128,fsm_local_memory
1.0,0.0,0.0,0.16758301854133606,75,True,straight,0.8532549370906337,129,fsm_local_memory
1.0,0.0,0.0,0.06406954675912857,90,True,straight,0.6361055690894865,130,fsm_local_memory
1.0,0.0,0.0,0.1032668948173523,87,True,asymmetric,0.8435588129350073,131,fsm_local_memory
1.0,0.0,1.0,0.03267723694443703,94,True,asymmetric,0.7998114209974616,132,fsm_local_memory
1.0,0.0,0.0,0.13141067326068878,92,True,straight,0.8785123721305574,133,fsm_local_memory
0.0,0.0,1.0,0.03646911308169365,400,True,narrow_exit,0.4254098241770122,134,fsm_local_memory
1.0,0.0,0.0,0.08573264628648758,119,True,s_shaped,0.6302030603603752,135,fsm_local_memory
1.0,0.0,0.0,0.18769389390945435,86,True,straight,0.8642996362231056,136,fsm_local_memory
1.0,0.0,0.0,0.0695599839091301,80,True,narrow_entry,0.5551509452540747,137,fsm_local_memory
1.0,0.0,0.0,0.1940082162618637,83,True,straight,0.8970158242850301,138,fsm_local_memory
1.0,0.0,1.0,0.022873887792229652,99,True,straight,0.5185470195709091,139,fsm_local_memory
1.0,0.0,0.0,0.05617012083530426,113,True,l_shaped,0.7767810577727555,140,fsm_local_memory
0.0,0.0,1.0,0.009945963509380817,80,True,l_shaped,0.5297559755621727,141,fsm_local_memory
1.0,0.0,1.0,0.02449892647564411,84,True,narrow_entry,0.5156544860875039,142,fsm_local_memory
1.0,0.0,0.0,0.07183609902858734,130,True,s_shaped,0.7028185185283498,143,fsm_local_memory
1.0,0.0,0.0,0.07728839665651321,109,True,s_shaped,0.6480225487050986,144,fsm_local_memory
1.0,0.0,1.0,0.020115725696086884,128,True,l_shaped,0.5390144312666386,145,fsm_local_memory
0.0,0.0,1.0,0.009505468420684338,154,True,l_shaped,0.5123945233050388,146,fsm_local_memory
0.0,0.0,0.0,4.820000171661377,15,True,narrow_entry,0.5298108869196912,147,fsm_local_memory
1.0,0.0,0.0,0.08460545539855957,96,True,narrow_exit,0.5775193703980521,148,fsm_local_memory
1.0,0.0,0.0,0.0931500717997551,112,True,l_shaped,0.6950467809186028,149,fsm_local_memory
0.0,0.0,0.0,0.17667850852012634,400,False,false_feasible,0.7945511076911403,150,fsm_local_memory
1.0,0.0,0.0,0.06434360146522522,88,True,narrow_exit,0.5254730473372898,151,fsm_local_memory
1.0,0.0,1.0,0.02897002547979355,86,True,straight,0.4533781647599999,152,fsm_local_memory
1.0,0.0,0.0,0.16154153645038605,77,True,straight,0.798451155532373,153,fsm_local_memory
1.0,0.0,0.0,0.06573005020618439,89,True,straight,0.5192836121599319,154,fsm_local_memory
0.0,0.0,0.0,4.820000171661377,15,False,false_feasible,0.5844993793369764,155,fsm_local_memory
1.0,0.0,0.0,0.11794385313987732,93,True,straight,0.6405729276058443,156,fsm_local_memory
1.0,0.0,0.0,0.07551709562540054,75,True,narrow_exit,0.5129626924744154,157,fsm_local_memory
1.0,0.0,1.0,0.01866058260202408,116,True,s_shaped,0.6411496161669552,158,fsm_local_memory
1.0,0.0,1.0,0.036255404353141785,121,True,s_shaped,0.5946955570084048,159,fsm_local_memory
1.0,0.0,1.0,0.039330605417490005,94,True,straight,0.5190864849245762,160,fsm_local_memory
1.0,0.0,1.0,0.03392389044165611,105,True,straight,0.6463424968624184,161,fsm_local_memory
0.0,0.0,0.0,4.820000171661377,16,True,asymmetric,0.525600381860042,162,fsm_local_memory
1.0,0.0,1.0,0.049969058483839035,150,True,l_shaped,0.7820089002478678,163,fsm_local_memory
1.0,0.0,0.0,0.058066967874765396,120,True,l_shaped,0.5486351474153845,164,fsm_local_memory
1.0,0.0,0.0,0.13738007843494415,91,True,straight,0.8203984302631049,165,fsm_local_memory
1.0,0.0,0.0,0.07649016380310059,111,True,narrow_exit,0.5775151558297348,166,fsm_local_memory
1.0,0.0,0.0,0.05727018043398857,95,True,narrow_exit,0.5219557171457361,167,fsm_local_memory
1.0,0.0,0.0,0.13841897249221802,92,True,straight,0.720701303605207,168,fsm_local_memory
1.0,0.0,1.0,0.04050898924469948,82,True,narrow_entry,0.5210201522202079,169,fsm_local_memory
1.0,0.0,1.0,0.035756662487983704,111,True,narrow_exit,0.4582098849913337,170,fsm_local_memory
1.0,0.0,1.0,0.04905852675437927,107,True,s_shaped,0.6642412905053974,171,fsm_local_memory
0.0,0.0,0.0,4.820000171661377,17,True,l_shaped,0.49462063676946644,172,fsm_local_memory
1.0,0.0,0.0,0.07902320474386215,86,True,l_shaped,0.6123414089332142,173,fsm_local_memory
1.0,0.0,0.0,0.1361905038356781,77,True,asymmetric,0.8683499794137999,174,fsm_local_memory
1.0,0.0,1.0,0.013445215299725533,74,True,narrow_entry,0.5146908948394837,175,fsm_local_memory
1.0,0.0,0.0,0.0889175608754158,93,True,narrow_exit,0.5961541459020789,176,fsm_local_memory
1.0,0.0,1.0,0.04814587160944939,95,True,l_shaped,0.7131387162622216,177,fsm_local_memory
1.0,0.0,0.0,0.05140912905335426,98,True,narrow_exit,0.49767342066372383,178,fsm_local_memory
1.0,0.0,0.0,0.08946652710437775,104,True,l_shaped,0.6529709250833649,179,fsm_local_memory
1.0,0.0,0.0,0.06873388588428497,85,True,l_shaped,0.6203667544018789,180,fsm_local_memory
1.0,0.0,0.0,0.08151698112487793,110,True,narrow_exit,0.5688221787462739,181,fsm_local_memory
0.0,0.0,0.0,0.15520420670509338,400,False,false_feasible,0.7809751001363575,182,fsm_local_memory
1.0,0.0,1.0,0.019987856969237328,73,True,narrow_entry,0.5093551468390755,183,fsm_local_memory
1.0,0.0,1.0,0.016186414286494255,132,True,l_shaped,0.7042850597838175,184,fsm_local_memory
0.0,0.0,0.0,0.09699343144893646,400,False,false_feasible,0.7639105304256009,185,fsm_local_memory
1.0,0.0,0.0,0.0700010433793068,125,True,s_shaped,0.7039767061616304,186,fsm_local_memory
1.0,0.0,1.0,0.045984748750925064,106,True,narrow_entry,0.47119148422321355,187,fsm_local_memory
1.0,0.0,0.0,0.05618017911911011,95,True,narrow_exit,0.48781212141747776,188,fsm_local_memory
0.0,0.0,0.0,4.820000171661377,17,True,l_shaped,0.5128306443806043,189,fsm_local_memory
1.0,0.0,0.0,0.06573360413312912,77,True,asymmetric,0.888487705398981,190,fsm_local_memory
1.0,0.0,1.0,0.0451824888586998,116,True,straight,0.6905703380801739,191,fsm_local_memory
1.0,0.0,0.0,0.07519952207803726,110,True,narrow_entry,0.5825380476131046,192,fsm_local_memory
0.0,0.0,1.0,0.008644661866128445,63,True,asymmetric,0.5200909519385607,193,fsm_local_memory
0.0,0.0,0.0,0.10448843240737915,400,False,false_feasible,0.5973408729182135,194,fsm_local_memory
0.0,0.0,0.0,0.17182689905166626,400,False,false_feasible,0.7858455878194632,195,fsm_local_memory
1.0,0.0,1.0,0.03293542563915253,87,True,narrow_entry,0.5021526944223321,196,fsm_local_memory
1.0,0.0,1.0,0.025425732135772705,75,True,narrow_entry,0.5875232079380317,197,fsm_local_memory
1.0,0.0,0.0,0.09904967248439789,127,True,l_shaped,0.6820900543296231,198,fsm_local_memory
0.0,0.0,1.0,0.003566581988707185,31,True,straight,0.5378059084915514,199,fsm_local_memory
1.0,0.0,0.0,0.081094890832901,106,True,narrow_exit,0.531202003531005,200,fsm_local_memory
1.0,0.0,0.0,0.08728606253862381,111,True,l_shaped,0.6470287045541268,201,fsm_local_memory
1.0,0.0,0.0,0.0831889808177948,109,True,l_shaped,0.7439363482602684,202,fsm_local_memory
0.0,0.0,1.0,0.01758270524442196,400,False,false_feasible,0.5768280907081301,203,fsm_local_memory
1.0,0.0,1.0,0.028794946148991585,146,True,s_shaped,0.6397947282215526,204,fsm_local_memory
0.0,0.0,1.0,0.003962544724345207,84,True,s_shaped,0.8535399172158142,205,fsm_local_memory
1.0,0.0,1.0,0.04352547228336334,99,True,narrow_exit,0.48258125427046256,206,fsm_local_memory
1.0,0.0,0.0,0.07299501448869705,135,True,s_shaped,0.8154553325341767,207,fsm_local_memory
1.0,0.0,0.0,0.08231888711452484,103,True,straight,0.7320712422528939,208,fsm_local_memory
1.0,0.0,0.0,0.2233027219772339,78,True,straight,0.8802209967851831,209,fsm_local_memory
0.0,0.0,0.0,0.08385121077299118,106,True,s_shaped,0.8472715047153352,210,fsm_local_memory
1.0,0.0,1.0,0.045637961477041245,95,True,l_shaped,0.5887499417787799,211,fsm_local_memory
1.0,0.0,0.0,0.0939793512225151,104,True,narrow_entry,0.5667131573193758,212,fsm_local_memory
1.0,0.0,0.0,0.07039175927639008,113,True,s_shaped,0.6264270100869495,213,fsm_local_memory
1.0,0.0,0.0,0.08529987186193466,104,True,l_shaped,0.6161727786034359,214,fsm_local_memory
1.0,0.0,0.0,0.05457882210612297,97,True,asymmetric,0.8994733368001464,215,fsm_local_memory
1.0,0.0,0.0,0.1242450475692749,91,True,straight,0.6647402849773161,216,fsm_local_memory
1.0,0.0,1.0,0.03409060090780258,105,True,narrow_exit,0.4605319798989982,217,fsm_local_memory
0.0,0.0,1.0,0.005792753305286169,58,True,asymmetric,0.5914565741834572,218,fsm_local_memory
1.0,0.0,1.0,0.034364063292741776,281,True,l_shaped,0.5264099881977184,219,fsm_local_memory
1.0,0.0,0.0,0.08509055525064468,83,True,narrow_exit,0.5661578762718981,220,fsm_local_memory
0.0,0.0,0.0,0.07752406597137451,400,True,asymmetric,0.5558653747870402,221,fsm_local_memory
1.0,0.0,1.0,0.03760146722197533,80,True,narrow_entry,0.4880972425602814,222,fsm_local_memory
1.0,0.0,1.0,0.0007247645989991724,95,True,straight,0.5435991331688073,223,fsm_local_memory
1.0,0.0,0.0,0.0895901620388031,95,True,l_shaped,0.7861841102834488,224,fsm_local_memory
1.0,0.0,1.0,0.0001955429615918547,159,True,asymmetric,0.739013588355597,225,fsm_local_memory
1.0,0.0,1.0,0.022919276729226112,80,True,narrow_entry,0.4376018395401797,226,fsm_local_memory
0.0,0.0,0.0,4.820000171661377,16,True,narrow_entry,0.5644897089519058,227,fsm_local_memory
0.0,0.0,1.0,0.007867339067161083,82,True,s_shaped,0.5511102635456432,228,fsm_local_memory
1.0,0.0,1.0,0.04491052404046059,132,True,l_shaped,0.862828015169764,229,fsm_local_memory
1.0,0.0,1.0,0.013611802831292152,110,True,l_shaped,0.7285123715280867,230,fsm_local_memory
1.0,0.0,0.0,0.08035648614168167,176,True,s_shaped,0.8445051624382662,231,fsm_local_memory
1.0,0.0,0.0,0.09789165109395981,107,True,l_shaped,0.676293721641159,232,fsm_local_memory
1.0,0.0,0.0,0.11849261820316315,114,True,l_shaped,0.7814354479658496,233,fsm_local_memory
1.0,0.0,1.0,0.02366182766854763,102,True,narrow_entry,0.5971533476906399,234,fsm_local_memory
1.0,0.0,0.0,0.09603562206029892,122,True,s_shaped,0.8439925700372564,235,fsm_local_memory
0.0,0.0,0.0,4.820000171661377,14,True,narrow_entry,0.5291453112387963,236,fsm_local_memory
1.0,0.0,1.0,0.04566577076911926,108,True,narrow_exit,0.4826896590230621,237,fsm_local_memory
1.0,0.0,0.0,0.16847723722457886,82,True,straight,0.7873675879700865,238,fsm_local_memory
0.0,0.0,0.0,4.820000171661377,18,True,asymmetric,0.5471661556940697,239,fsm_local_memory
1.0,0.0,1.0,0.03551614284515381,92,True,narrow_entry,0.5539190500850983,240,fsm_local_memory
1.0,0.0,0.0,0.07897064089775085,86,True,asymmetric,0.8152885670486694,241,fsm_local_memory
0.0,0.0,0.0,4.820000171661377,18,True,l_shaped,0.5261106183222851,242,fsm_local_memory
1.0,0.0,0.0,0.05842820554971695,104,True,straight,0.5096439364281361,243,fsm_local_memory
1.0,0.0,0.0,0.055786408483982086,100,True,narrow_exit,0.5139825167225671,244,fsm_local_memory
1.0,0.0,0.0,0.18382510542869568,82,True,straight,0.8084572784112112,245,fsm_local_memory
0.0,0.0,0.0,0.09885363280773163,400,True,asymmetric,0.5985905830189792,246,fsm_local_memory
1.0,0.0,0.0,0.07079309225082397,82,True,narrow_exit,0.5223900849691774,247,fsm_local_memory
1.0,0.0,0.0,0.08978445082902908,98,True,narrow_exit,0.5414550641484401,248,fsm_local_memory
1.0,0.0,1.0,0.017402270808815956,90,True,straight,0.5500655675535648,249,fsm_local_memory
1.0,0.0,1.0,0.021001633256673813,104,True,asymmetric,0.6956092285827585,250,fsm_local_memory
0.0,0.0,0.0,0.060461610555648804,147,True,s_shaped,0.7208986335873884,251,fsm_local_memory
0.0,0.0,0.0,0.0540030337870121,400,True,s_shaped,0.8829899948406159,252,fsm_local_memory
0.0,0.0,0.0,4.820000171661377,16,True,narrow_entry,0.42578683580451304,253,fsm_local_memory
1.0,0.0,0.0,0.08129285275936127,112,True,l_shaped,0.7387025966839585,254,fsm_local_memory
1.0,0.0,0.0,0.06393437832593918,83,True,narrow_entry,0.5997891499718648,255,fsm_local_memory
0.0,0.0,0.0,0.119744211435318,400,False,false_feasible,0.6816933078405769,256,fsm_local_memory
1.0,0.0,0.0,0.06579087674617767,129,True,l_shaped,0.64791406911621,257,fsm_local_memory
1.0,0.0,0.0,0.07920798659324646,108,True,l_shaped,0.6962772785421936,258,fsm_local_memory
1.0,0.0,0.0,0.09077706933021545,84,True,l_shaped,0.5988046486258587,259,fsm_local_memory
1.0,0.0,1.0,0.02562348172068596,79,True,narrow_entry,0.4238080820561928,260,fsm_local_memory
1.0,0.0,0.0,0.07648938149213791,74,True,straight,0.7117772840814217,261,fsm_local_memory
1.0,0.0,1.0,0.024190742522478104,106,True,narrow_exit,0.43292348562480826,262,fsm_local_memory
0.0,0.0,1.0,0.03140615299344063,400,False,false_feasible,0.5875098945620526,263,fsm_local_memory
1.0,0.0,0.0,0.10733532905578613,92,True,l_shaped,0.6647548094891085,264,fsm_local_memory
1.0,0.0,0.0,0.1339963674545288,96,True,straight,0.6476303309426706,265,fsm_local_memory
1.0,0.0,1.0,0.045072752982378006,76,True,asymmetric,0.7702676194137246,266,fsm_local_memory
1.0,0.0,1.0,0.009612924419343472,172,True,s_shaped,0.6362686435745704,267,fsm_local_memory
0.0,0.0,0.0,0.05472728610038757,400,False,false_feasible,0.5530129657539813,268,fsm_local_memory
1.0,0.0,1.0,0.026849929243326187,98,True,asymmetric,0.7262227151140552,269,fsm_local_memory
1.0,0.0,1.0,0.0118222301825881,84,True,narrow_entry,0.5050443619616078,270,fsm_local_memory
0.0,0.0,1.0,0.0019451335538178682,30,True,straight,0.5488108164909411,271,fsm_local_memory
1.0,0.0,0.0,0.09938907623291016,113,True,l_shaped,0.8368025100385041,272,fsm_local_memory
1.0,0.0,0.0,0.09122874587774277,108,True,l_shaped,0.7618169657636347,273,fsm_local_memory
1.0,0.0,0.0,0.1255468726158142,102,True,straight,0.6638875280476219,274,fsm_local_memory
1.0,0.0,1.0,0.011033611372113228,113,True,asymmetric,0.6840323605176697,275,fsm_local_memory
1.0,0.0,1.0,0.028636610135436058,107,True,s_shaped,0.5137375355878072,276,fsm_local_memory
1.0,0.0,0.0,0.082651287317276,114,True,s_shaped,0.6848443956099852,277,fsm_local_memory
1.0,0.0,1.0,0.04488123580813408,90,True,straight,0.5617324115483817,278,fsm_local_memory
1.0,0.0,1.0,0.012088024988770485,138,True,l_shaped,0.6886985308213855,279,fsm_local_memory
1.0,0.0,0.0,0.10567872226238251,111,True,straight,0.8022692545418904,280,fsm_local_memory
1.0,0.0,1.0,0.008716320618987083,147,True,narrow_entry,0.5617600052753791,281,fsm_local_memory
0.0,0.0,1.0,0.007690947502851486,90,True,s_shaped,0.5160344549434437,282,fsm_local_memory
0.0,0.0,1.0,0.005769757553935051,400,True,s_shaped,0.8901205856045911,283,fsm_local_memory
1.0,0.0,0.0,0.10106255114078522,109,True,straight,0.6406448042477723,284,fsm_local_memory
1.0,0.0,0.0,0.08289129287004471,110,True,l_shaped,0.6770453578667718,285,fsm_local_memory
0.0,0.0,0.0,0.20355525612831116,81,True,s_shaped,0.8894371798868155,286,fsm_local_memory
1.0,0.0,0.0,0.18529918789863586,81,True,straight,0.7536657385826413,287,fsm_local_memory
0.0,0.0,0.0,4.820000171661377,15,True,narrow_entry,0.48503380179348293,288,fsm_local_memory
1.0,0.0,0.0,0.08306654542684555,77,True,straight,0.6725701007885039,289,fsm_local_memory
1.0,0.0,0.0,0.22353434562683105,108,True,straight,0.813124900959316,290,fsm_local_memory
0.0,0.0,0.0,4.820000171661377,15,True,narrow_entry,0.4814768871962921,291,fsm_local_memory
1.0,0.0,0.0,0.20298424363136292,83,True,straight,0.8674507811043997,292,fsm_local_memory
1.0,0.0,0.0,0.07299969345331192,89,True,l_shaped,0.5732577758727204,293,fsm_local_memory
1.0,0.0,1.0,0.04184844717383385,102,True,l_shaped,0.5975657475888168,294,fsm_local_memory
0.0,0.0,0.0,0.08330529928207397,400,False,false_feasible,0.6829559639444835,295,fsm_local_memory
0.0,0.0,0.0,4.820000171661377,17,True,narrow_entry,0.475522732049595,296,fsm_local_memory
1.0,0.0,0.0,0.08008997142314911,96,True,narrow_exit,0.56386012589863,297,fsm_local_memory
0.0,0.0,0.0,4.820000171661377,18,True,s_shaped,0.4691060787726442,298,fsm_local_memory
0.0,0.0,0.0,0.10091693699359894,85,True,asymmetric,0.6416869341657822,299,fsm_local_memory
1.0,0.0,0.0,0.09452341496944427,116,True,l_shaped,0.7046055987183408,300,fsm_local_memory
0.0,0.0,1.0,0.03393610939383507,400,False,false_feasible,0.5855259814629107,301,fsm_local_memory
1.0,0.0,0.0,0.0736384317278862,102,True,straight,0.7037380815620913,302,fsm_local_memory
0.0,0.0,1.0,0.015192913822829723,400,True,asymmetric,0.48038729148812404,303,fsm_local_memory
1.0,0.0,0.0,0.06839089095592499,96,True,straight,0.5954696479642971,304,fsm_local_memory
1.0,0.0,1.0,0.014005973935127258,112,True,straight,0.4968681722112922,305,fsm_local_memory
0.0,0.0,0.0,0.05317603051662445,400,True,s_shaped,0.8650609373457014,306,fsm_local_memory
1.0,0.0,0.0,0.09279435873031616,113,True,s_shaped,0.6372727560302809,307,fsm_local_memory
0.0,0.0,1.0,0.005444647278636694,87,True,narrow_exit,0.43692381639038946,308,fsm_local_memory
1.0,0.0,1.0,0.04546026140451431,101,True,l_shaped,0.6157548738928549,309,fsm_local_memory
1.0,0.0,1.0,0.03478163108229637,108,True,l_shaped,0.5386317941790119,310,fsm_local_memory
0.0,0.0,0.0,4.820000171661377,16,True,narrow_entry,0.5257535086600513,311,fsm_local_memory
1.0,0.0,0.0,0.05205550417304039,123,True,s_shaped,0.7642432835408647,312,fsm_local_memory
1.0,0.0,0.0,0.06497187912464142,176,True,s_shaped,0.7755441157697789,313,fsm_local_memory
1.0,0.0,0.0,0.12107276171445847,80,True,straight,0.7002856335590052,314,fsm_local_memory
1.0,0.0,1.0,0.042394042015075684,139,True,s_shaped,0.5346469026546081,315,fsm_local_memory
1.0,0.0,0.0,0.07613580673933029,112,True,straight,0.5815401945434963,316,fsm_local_memory
0.0,0.0,1.0,0.0038888277485966682,72,True,l_shaped,0.584606314874935,317,fsm_local_memory
0.0,0.0,0.0,0.12427541613578796,400,False,false_feasible,0.6679100476560947,318,fsm_local_memory
1.0,0.0,0.0,0.11334128677845001,75,True,asymmetric,0.8977542377957146,319,fsm_local_memory
1.0,0.0,0.0,0.062147170305252075,75,True,narrow_entry,0.5854642047991006,320,fsm_local_memory
0.0,0.0,1.0,0.014350967481732368,400,False,false_feasible,0.5995294353530227,321,fsm_local_memory
1.0,0.0,0.0,0.05679793283343315,184,True,s_shaped,0.7603928317998392,322,fsm_local_memory
1.0,0.0,0.0,0.05269429832696915,108,True,narrow_entry,0.5502741522345308,323,fsm_local_memory
1.0,0.0,0.0,0.21908588707447052,80,True,straight,0.8341335779160304,324,fsm_local_memory
0.0,0.0,0.0,4.820000171661377,16,True,narrow_entry,0.5101189513190285,325,fsm_local_memory
1.0,0.0,0.0,0.05503462255001068,99,True,asymmetric,0.7493462845218546,326,fsm_local_memory
0.0,0.0,1.0,0.0017180618597194552,60,True,l_shaped,0.5874662755670266,327,fsm_local_memory
1.0,0.0,0.0,0.1856776624917984,105,True,straight,0.7622367003940507,328,fsm_local_memory
0.0,0.0,0.0,4.820000171661377,17,True,straight,0.4712626524854183,329,fsm_local_memory
1.0,0.0,0.0,0.059959422796964645,86,True,narrow_entry,0.52658390848266,330,fsm_local_memory
1.0,0.0,0.0,0.05702783167362213,107,True,l_shaped,0.5352710747342472,331,fsm_local_memory
1.0,0.0,1.0,0.040149640291929245,83,True,asymmetric,0.8125977142540357,332,fsm_local_memory
0.0,0.0,1.0,0.044113997370004654,400,False,false_feasible,0.6843593933384942,333,fsm_local_memory
0.0,0.0,0.0,4.820000171661377,15,True,straight,0.5390913358876082,334,fsm_local_memory
1.0,0.0,0.0,0.05917618051171303,102,True,narrow_entry,0.5445324710314174,335,fsm_local_memory
1.0,0.0,0.0,0.10355499386787415,121,True,l_shaped,0.7637731478234682,336,fsm_local_memory
0.0,0.0,0.0,0.08993089944124222,400,False,false_feasible,0.6006013198759406,337,fsm_local_memory
1.0,0.0,0.0,0.08420757204294205,102,True,narrow_exit,0.5354784966013542,338,fsm_local_memory
1.0,0.0,0.0,0.05320761725306511,93,True,straight,0.5729204433264841,339,fsm_local_memory
1.0,0.0,0.0,0.1685660034418106,80,True,straight,0.716523727699982,340,fsm_local_memory
1.0,0.0,0.0,0.053920868784189224,106,True,narrow_exit,0.5003250038090357,341,fsm_local_memory
1.0,0.0,1.0,0.01825225166976452,80,True,straight,0.5143533305968733,342,fsm_local_memory
1.0,0.0,0.0,0.05201869457960129,168,True,s_shaped,0.555678073466654,343,fsm_local_memory
1.0,0.0,0.0,0.16229845583438873,110,True,straight,0.7238968886820527,344,fsm_local_memory
0.0,0.0,1.0,0.047317877411842346,400,False,false_feasible,0.6805353618022505,345,fsm_local_memory
0.0,0.0,0.0,0.09748315811157227,400,False,false_feasible,0.619299535052635,346,fsm_local_memory
0.0,0.0,1.0,0.0003865565231535584,50,True,s_shaped,0.5037517961679152,347,fsm_local_memory
0.0,0.0,0.0,4.820000171661377,17,True,l_shaped,0.5234430081230041,348,fsm_local_memory
0.0,0.0,0.0,0.0997345969080925,400,False,false_feasible,0.7572718958339757,349,fsm_local_memory
1.0,0.0,1.0,0.02754095010459423,91,True,narrow_exit,0.42223149850484326,350,fsm_local_memory
1.0,0.0,0.0,0.08248724043369293,116,True,l_shaped,0.6873951935237322,351,fsm_local_memory
1.0,0.0,0.0,0.10796262323856354,116,True,s_shaped,0.6746761156383666,352,fsm_local_memory
0.0,0.0,1.0,0.0023788439575582743,52,True,s_shaped,0.4639476548165105,353,fsm_local_memory
0.0,0.0,0.0,4.820000171661377,19,True,straight,0.4949783350985309,354,fsm_local_memory
1.0,0.0,0.0,0.05430278182029724,98,True,narrow_exit,0.5181368822200751,355,fsm_local_memory
0.0,0.0,0.0,0.16408151388168335,400,False,false_feasible,0.7590499377394438,356,fsm_local_memory
1.0,0.0,0.0,0.07578014582395554,128,True,s_shaped,0.6310668974274827,357,fsm_local_memory
1.0,0.0,1.0,0.02853579632937908,112,True,straight,0.633085127725872,358,fsm_local_memory
0.0,0.0,0.0,0.05289807170629501,400,True,narrow_exit,0.4256846395247397,359,fsm_local_memory
1.0,0.0,0.0,0.0802011489868164,117,True,l_shaped,0.8489905011575196,360,fsm_local_memory
1.0,0.0,0.0,0.1871456801891327,106,True,straight,0.8373987758344472,361,fsm_local_memory
0.0,0.0,0.0,0.1736823171377182,400,False,false_feasible,0.7829560726988289,362,fsm_local_memory
1.0,0.0,0.0,0.12890088558197021,107,True,straight,0.6734542037162343,363,fsm_local_memory
1.0,0.0,0.0,0.052025727927684784,114,True,s_shaped,0.6589807318427364,364,fsm_local_memory
0.0,0.0,0.0,0.07629166543483734,400,True,asymmetric,0.5809726586027926,365,fsm_local_memory
1.0,0.0,0.0,0.06883673369884491,148,True,s_shaped,0.8162620576693067,366,fsm_local_memory
1.0,0.0,0.0,0.0648568645119667,102,True,l_shaped,0.8283132767401924,367,fsm_local_memory
0.0,0.0,1.0,0.04228929430246353,400,True,asymmetric,0.48155149441988276,368,fsm_local_memory
1.0,0.0,0.0,0.08499699831008911,101,True,narrow_exit,0.5672103557924545,369,fsm_local_memory
1.0,0.0,0.0,0.10542365163564682,83,True,straight,0.7122071077788414,370,fsm_local_memory
1.0,0.0,0.0,0.09125984460115433,87,True,narrow_exit,0.5907563642249145,371,fsm_local_memory
1.0,0.0,0.0,0.17103257775306702,73,True,straight,0.8188461987908233,372,fsm_local_memory
1.0,0.0,0.0,0.06849132478237152,101,True,narrow_exit,0.5662134503646514,373,fsm_local_memory
1.0,0.0,0.0,0.1616969257593155,110,True,straight,0.7392616939501118,374,fsm_local_memory
1.0,0.0,0.0,0.19688530266284943,81,True,straight,0.8372535998731345,375,fsm_local_memory
1.0,0.0,0.0,0.0932580828666687,93,True,straight,0.7004187407298574,376,fsm_local_memory
0.0,0.0,0.0,4.820000171661377,18,True,s_shaped,0.5255720912694887,377,fsm_local_memory
1.0,0.0,1.0,0.026680748909711838,135,True,l_shaped,0.6997690282736465,378,fsm_local_memory
0.0,0.0,0.0,4.820000171661377,16,True,narrow_entry,0.43675967955453554,379,fsm_local_memory
1.0,0.0,1.0,0.04131345450878143,97,True,l_shaped,0.5339979466629434,380,fsm_local_memory
1.0,0.0,0.0,0.19304676353931427,103,True,straight,0.8469349692471471,381,fsm_local_memory
1.0,0.0,0.0,0.08432501554489136,77,True,narrow_exit,0.5854397396219889,382,fsm_local_memory
1.0,0.0,1.0,0.04037816449999809,138,True,s_shaped,0.7539050118042848,383,fsm_local_memory
1.0,0.0,0.0,0.053060829639434814,83,True,narrow_entry,0.5367474224646778,384,fsm_local_memory
1.0,0.0,0.0,0.0630030557513237,100,True,narrow_exit,0.5445393166870626,385,fsm_local_memory
0.0,0.0,1.0,0.01228028442710638,75,True,asymmetric,0.48381273356948834,386,fsm_local_memory
1.0,0.0,0.0,0.0702451691031456,73,True,narrow_exit,0.5086433250600779,387,fsm_local_memory
1.0,0.0,0.0,0.0655689537525177,89,True,l_shaped,0.7789634429167849,388,fsm_local_memory
0.0,0.0,0.0,4.820000171661377,15,True,straight,0.46273153753715157,389,fsm_local_memory
1.0,0.0,0.0,0.1246696412563324,110,True,s_shaped,0.8654906530396146,390,fsm_local_memory
1.0,0.0,0.0,0.05237125605344772,174,True,s_shaped,0.5489970476972676,391,fsm_local_memory
1.0,0.0,1.0,0.04202282056212425,88,True,narrow_exit,0.46868461428884617,392,fsm_local_memory
1.0,0.0,1.0,0.04909370839595795,114,True,s_shaped,0.5604103192201321,393,fsm_local_memory
1.0,0.0,0.0,0.08571638911962509,108,True,l_shaped,0.6440932266821061,394,fsm_local_memory
1.0,0.0,1.0,0.015133223496377468,137,True,s_shaped,0.7865053754159992,395,fsm_local_memory
1.0,0.0,1.0,0.01569184847176075,98,True,straight,0.634698663099951,396,fsm_local_memory
1.0,0.0,1.0,0.039005670696496964,77,True,narrow_exit,0.46491867166896966,397,fsm_local_memory
0.0,0.0,1.0,0.0038385135121643543,42,True,s_shaped,0.4504454972668738,398,fsm_local_memory
1.0,0.0,0.0,0.22168320417404175,76,True,straight,0.873615105571611,399,fsm_local_memory
0.0,0.0,0.0,0.1274230033159256,400,False,false_feasible,0.7025724879259627,400,fsm_local_memory
1.0,0.0,0.0,0.12319537252187729,115,True,l_shaped,0.8690594978157582,401,fsm_local_memory
1.0,0.0,0.0,0.17267943918704987,94,True,straight,0.8652889633163358,402,fsm_local_memory
1.0,0.0,1.0,0.04589395970106125,159,True,s_shaped,0.7530811716263597,403,fsm_local_memory
0.0,0.0,1.0,0.0003878427087329328,70,False,false_feasible,0.590261420704985,404,fsm_local_memory
1.0,0.0,0.0,0.06753664463758469,106,True,narrow_exit,0.5213643978453197,405,fsm_local_memory
1.0,0.0,1.0,0.013538917526602745,76,True,straight,0.560082209741563,406,fsm_local_memory
0.0,0.0,1.0,0.03802739456295967,400,True,asymmetric,0.5258901968122404,407,fsm_local_memory
1.0,0.0,0.0,0.14721138775348663,77,True,straight,0.7995099043571807,408,fsm_local_memory
1.0,0.0,0.0,0.0534137599170208,92,True,l_shaped,0.5206614738003867,409,fsm_local_memory
1.0,0.0,0.0,0.14938564598560333,81,True,straight,0.7164804345775513,410,fsm_local_memory
1.0,0.0,0.0,0.07485678046941757,102,True,l_shaped,0.7082303859110689,411,fsm_local_memory
1.0,0.0,0.0,0.10067173093557358,132,True,s_shaped,0.818787587347954,412,fsm_local_memory
1.0,0.0,0.0,0.17050716280937195,74,True,straight,0.7228127787525637,413,fsm_local_memory
0.0,0.0,1.0,0.007684021256864071,127,True,s_shaped,0.5221521562242907,414,fsm_local_memory
1.0,0.0,0.0,0.08822319656610489,121,True,s_shaped,0.7448012511411441,415,fsm_local_memory
1.0,0.0,1.0,0.03266996145248413,76,True,narrow_entry,0.5593952102007809,416,fsm_local_memory
1.0,0.0,0.0,0.05132492259144783,101,True,asymmetric,0.7929328594635792,417,fsm_local_memory
1.0,0.0,0.0,0.08427818864583969,123,True,l_shaped,0.6269625604803,418,fsm_local_memory
1.0,0.0,0.0,0.115562304854393,106,True,l_shaped,0.8368561355588942,419,fsm_local_memory
1.0,0.0,0.0,0.09687826037406921,117,True,l_shaped,0.8934140529757,420,fsm_local_memory
1.0,0.0,0.0,0.0789434164762497,150,True,l_shaped,0.8659261726555774,421,fsm_local_memory
1.0,0.0,0.0,0.07994651794433594,76,True,narrow_exit,0.5795804244599301,422,fsm_local_memory
1.0,0.0,0.0,0.10098804533481598,104,True,s_shaped,0.7278061949665587,423,fsm_local_memory
0.0,0.0,1.0,0.0053954776376485825,52,True,asymmetric,0.6182648281319505,424,fsm_local_memory
0.0,0.0,0.0,0.1376623958349228,400,False,false_feasible,0.7308898385229509,425,fsm_local_memory
0.0,0.0,1.0,0.0036485246382653713,92,True,l_shaped,0.5012582646685599,426,fsm_local_memory
1.0,0.0,1.0,0.024842601269483566,187,True,s_shaped,0.6960660571082298,427,fsm_local_memory
1.0,0.0,0.0,0.051301393657922745,87,True,straight,0.4876029144668152,428,fsm_local_memory
0.0,0.0,0.0,0.1506241112947464,400,False,false_feasible,0.7898448180788078,429,fsm_local_memory
0.0,0.0,1.0,0.04013003781437874,400,False,false_feasible,0.6137966280733855,430,fsm_local_memory
1.0,0.0,0.0,0.07247571647167206,93,True,l_shaped,0.5727761895044058,431,fsm_local_memory
1.0,0.0,0.0,0.1637413501739502,76,True,straight,0.6937823572484527,432,fsm_local_memory
0.0,0.0,0.0,0.16195954382419586,48,True,s_shaped,0.8554973909178045,433,fsm_local_memory
0.0,0.0,1.0,0.0034646745771169662,24,True,narrow_entry,0.47460077388279576,434,fsm_local_memory
1.0,0.0,0.0,0.1025550588965416,71,True,narrow_entry,0.5745182073131728,435,fsm_local_memory
1.0,0.0,1.0,0.010998960584402084,77,True,straight,0.5992871906066504,436,fsm_local_memory
1.0,0.0,0.0,0.1175009235739708,109,True,l_shaped,0.8920038138631132,437,fsm_local_memory
1.0,0.0,0.0,0.06703374534845352,75,True,straight,0.5348520353855511,438,fsm_local_memory
1.0,0.0,0.0,0.09034319967031479,73,True,narrow_exit,0.5420420797509233,439,fsm_local_memory
1.0,0.0,0.0,0.06371942907571793,117,True,s_shaped,0.8716567503943187,440,fsm_local_memory
0.0,0.0,1.0,0.011212630197405815,48,True,asymmetric,0.514484477663621,441,fsm_local_memory
1.0,0.0,1.0,0.04677445441484451,95,True,l_shaped,0.6997546106729574,442,fsm_local_memory
0.0,0.0,0.0,0.14388617873191833,400,False,false_feasible,0.7820596620280413,443,fsm_local_memory
0.0,0.0,1.0,0.005908894818276167,29,True,narrow_entry,0.5262383893820324,444,fsm_local_memory
1.0,0.0,1.0,0.008991223759949207,158,True,l_shaped,0.5734104908481463,445,fsm_local_memory
1.0,0.0,1.0,0.04733306169509888,90,True,narrow_exit,0.5070320953806626,446,fsm_local_memory
1.0,0.0,1.0,0.04610428959131241,110,True,straight,0.5096458414236432,447,fsm_local_memory
1.0,0.0,0.0,0.09806375205516815,121,True,l_shaped,0.8542127003301647,448,fsm_local_memory
1.0,0.0,0.0,0.12748588621616364,118,True,l_shaped,0.8108580750708367,449,fsm_local_memory
1.0,0.0,1.0,0.016293620690703392,144,True,s_shaped,0.4667896315813174,450,fsm_local_memory
1.0,0.0,0.0,0.051092054694890976,81,True,narrow_exit,0.48096521401573505,451,fsm_local_memory
1.0,0.0,0.0,0.2549261152744293,94,True,straight,0.8818565486283572,452,fsm_local_memory
1.0,0.0,1.0,0.004383799619972706,86,True,narrow_entry,0.5070243572425855,453,fsm_local_memory
0.0,0.0,1.0,0.0017106113955378532,250,True,l_shaped,0.4924034390007451,454,fsm_local_memory
1.0,0.0,0.0,0.07440775632858276,119,True,s_shaped,0.6087351923362321,455,fsm_local_memory
1.0,0.0,1.0,0.00025142618687823415,168,True,s_shaped,0.6656501758000399,456,fsm_local_memory
1.0,0.0,1.0,0.011071243323385715,76,True,straight,0.47784846466150943,457,fsm_local_memory
0.0,0.0,0.0,0.11260368674993515,400,False,false_feasible,0.68651351668702,458,fsm_local_memory
0.0,0.0,1.0,0.005201485473662615,124,True,l_shaped,0.4556095469270469,459,fsm_local_memory
1.0,0.0,1.0,0.03207667917013168,175,True,s_shaped,0.8319474382772145,460,fsm_local_memory
1.0,0.0,0.0,0.07929424941539764,114,True,l_shaped,0.6081073574801689,461,fsm_local_memory
0.0,0.0,1.0,0.012808890081942081,71,True,asymmetric,0.5209206809798153,462,fsm_local_memory
1.0,0.0,1.0,0.036629755049943924,84,True,l_shaped,0.46479045161991106,463,fsm_local_memory
1.0,0.0,0.0,0.0848885253071785,83,True,narrow_exit,0.5400531894414131,464,fsm_local_memory
0.0,0.0,1.0,0.004968894645571709,84,True,l_shaped,0.5986430485989414,465,fsm_local_memory
1.0,0.0,0.0,0.22734537720680237,77,True,straight,0.8348237759178962,466,fsm_local_memory
1.0,0.0,0.0,0.1369425654411316,91,True,straight,0.8619286216903344,467,fsm_local_memory
1.0,0.0,0.0,0.10401680320501328,94,True,asymmetric,0.8650753082980338,468,fsm_local_memory
0.0,0.0,1.0,0.010303470306098461,157,True,l_shaped,0.5122291506723482,469,fsm_local_memory
1.0,0.0,1.0,0.00337864994071424,101,True,straight,0.49957652029775995,470,fsm_local_memory
0.0,0.0,0.0,0.10871188342571259,400,True,asymmetric,0.6855407315302016,471,fsm_local_memory
1.0,0.0,0.0,0.1538243442773819,78,True,straight,0.7464807668130418,472,fsm_local_memory
1.0,0.0,0.0,0.05576803535223007,124,True,l_shaped,0.5544362073014045,473,fsm_local_memory
1.0,0.0,0.0,0.10266825556755066,97,True,l_shaped,0.7465518296866449,474,fsm_local_memory
0.0,0.0,0.0,0.1284010112285614,400,False,false_feasible,0.6906320301889947,475,fsm_local_memory
0.0,0.0,0.0,4.820000171661377,17,True,l_shaped,0.45318840937647664,476,fsm_local_memory
0.0,0.0,1.0,0.028642890974879265,400,True,asymmetric,0.6015018634188176,477,fsm_local_memory
1.0,0.0,1.0,0.03296959772706032,112,True,straight,0.46579084466526366,478,fsm_local_memory
0.0,0.0,0.0,0.15530799329280853,400,False,false_feasible,0.7479618224477685,479,fsm_local_memory
1.0,0.0,0.0,0.09764692932367325,88,True,narrow_exit,0.5940175134555659,480,fsm_local_memory
1.0,0.0,0.0,0.08041563630104065,109,True,narrow_exit,0.5836291835636911,481,fsm_local_memory
1.0,0.0,1.0,8.755827002460137e-05,105,True,asymmetric,0.7033420089298698,482,fsm_local_memory
1.0,0.0,0.0,0.07481058686971664,76,True,narrow_exit,0.5298044115200842,483,fsm_local_memory
1.0,0.0,0.0,0.11437246948480606,108,True,l_shaped,0.8343911280127465,484,fsm_local_memory
1.0,0.0,0.0,0.08838610351085663,82,True,narrow_exit,0.5426470890897435,485,fsm_local_memory
0.0,0.0,0.0,0.14990292489528656,400,False,false_feasible,0.7388428853063269,486,fsm_local_memory
1.0,0.0,0.0,0.11067243665456772,92,True,straight,0.6214231566218853,487,fsm_local_memory
1.0,0.0,0.0,0.18319149315357208,93,True,straight,0.8269277817849692,488,fsm_local_memory
0.0,0.0,1.0,0.000503957737237215,53,True,s_shaped,0.5239704266659997,489,fsm_local_memory
1.0,0.0,0.0,0.05620104447007179,108,True,asymmetric,0.6948441411670399,490,fsm_local_memory
1.0,0.0,0.0,0.20417004823684692,106,True,straight,0.8333842660207158,491,fsm_local_memory
1.0,0.0,0.0,0.053708966821432114,134,True,s_shaped,0.5816104671629537,492,fsm_local_memory
1.0,0.0,1.0,0.040849536657333374,253,True,s_shaped,0.8570278576887512,493,fsm_local_memory
1.0,0.0,1.0,0.04666408523917198,95,True,l_shaped,0.7928766803538789,494,fsm_local_memory
0.0,0.0,1.0,0.0028406318742781878,69,True,asymmetric,0.5655041514639754,495,fsm_local_memory
0.0,0.0,0.0,0.07530786097049713,400,False,false_feasible,0.6476116275992401,496,fsm_local_memory
1.0,0.0,1.0,0.016781644895672798,115,True,straight,0.4699787836097656,497,fsm_local_memory
0.0,0.0,0.0,0.07857948541641235,400,False,false_feasible,0.6217088886700382,498,fsm_local_memory
1.0,0.0,0.0,0.06001770868897438,112,True,l_shaped,0.5395305202169378,499,fsm_local_memory
1.0,0.0,0.0,0.08816903084516525,75,True,narrow_entry,0.5745476255840488,0,fsm_cross_memory
1.0,0.0,0.0,0.0846744179725647,86,True,straight,0.6526736720530052,1,fsm_cross_memory
0.0,0.0,1.0,0.0051115467213094234,50,True,asymmetric,0.649536389472299,2,fsm_cross_memory
1.0,0.0,0.0,0.10785651206970215,125,True,l_shaped,0.8868141109777066,3,fsm_cross_memory
1.0,0.0,0.0,0.08646634221076965,103,True,straight,0.7573720289591046,4,fsm_cross_memory
1.0,0.0,0.0,0.08230413496494293,90,True,l_shaped,0.6613001150741136,5,fsm_cross_memory
1.0,0.0,0.0,0.07362280040979385,174,True,s_shaped,0.8247051882260268,6,fsm_cross_memory
1.0,0.0,1.0,0.022802164778113365,102,True,narrow_exit,0.42132520855518096,7,fsm_cross_memory
1.0,0.0,0.0,0.10389618575572968,109,True,s_shaped,0.7059335381788022,8,fsm_cross_memory
1.0,0.0,1.0,0.0410475991666317,74,True,narrow_exit,0.47471101765127016,9,fsm_cross_memory
0.0,0.0,0.0,0.07653502374887466,400,True,asymmetric,0.5552727686394033,10,fsm_cross_memory
1.0,0.0,1.0,0.02798512764275074,74,True,narrow_exit,0.4500551255833867,11,fsm_cross_memory
1.0,0.0,0.0,0.116836778819561,77,True,straight,0.6754701487965136,12,fsm_cross_memory
1.0,0.0,1.0,0.010106593370437622,111,True,l_shaped,0.5856804401165445,13,fsm_cross_memory
0.0,0.0,0.0,0.107042096555233,400,False,false_feasible,0.6164674903648799,14,fsm_cross_memory
0.0,0.0,0.0,0.094333216547966,400,False,false_feasible,0.6005908411988077,15,fsm_cross_memory
1.0,0.0,0.0,0.09683316200971603,115,True,s_shaped,0.7322889783160995,16,fsm_cross_memory
1.0,0.0,1.0,0.015751007944345474,105,True,l_shaped,0.5150358849897211,17,fsm_cross_memory
1.0,0.0,0.0,0.10491922497749329,108,True,l_shaped,0.7159119711666375,18,fsm_cross_memory
1.0,0.0,1.0,0.005906230304390192,190,True,s_shaped,0.6708181474595345,19,fsm_cross_memory
0.0,0.0,0.0,4.820000171661377,17,True,s_shaped,0.4597254359461487,20,fsm_cross_memory
1.0,0.0,0.0,0.09827353805303574,123,True,l_shaped,0.7467401856113558,21,fsm_cross_memory
1.0,0.0,0.0,0.13922788202762604,86,True,straight,0.6996836112261675,22,fsm_cross_memory
1.0,0.0,0.0,0.10487291216850281,105,True,l_shaped,0.8788047277813853,23,fsm_cross_memory
1.0,0.0,0.0,0.08827853947877884,113,True,straight,0.645793677001367,24,fsm_cross_memory
1.0,0.0,0.0,0.09324789047241211,93,True,asymmetric,0.8520509878640384,25,fsm_cross_memory
1.0,0.0,0.0,0.08211294561624527,77,True,narrow_entry,0.5886263670960803,26,fsm_cross_memory
1.0,0.0,1.0,0.03320647031068802,105,True,narrow_exit,0.475858261122017,27,fsm_cross_memory
1.0,0.0,1.0,0.035771679133176804,78,True,straight,0.5533452134994848,28,fsm_cross_memory
1.0,0.0,1.0,0.04658341035246849,124,True,s_shaped,0.762418096039299,29,fsm_cross_memory
1.0,0.0,0.0,0.2117699831724167,87,True,straight,0.8674031479529285,30,fsm_cross_memory
1.0,0.0,0.0,0.09246876835823059,73,True,narrow_exit,0.5864655172761648,31,fsm_cross_memory
1.0,0.0,0.0,0.1206139400601387,110,True,straight,0.6386014436923367,32,fsm_cross_memory
1.0,0.0,1.0,0.04892197996377945,105,True,asymmetric,0.6603217206998813,33,fsm_cross_memory
1.0,0.0,1.0,0.018295368179678917,175,True,s_shaped,0.722707119315005,34,fsm_cross_memory
1.0,0.0,1.0,0.02203908935189247,84,True,asymmetric,0.6542535969343349,35,fsm_cross_memory
1.0,0.0,1.0,0.031769149005413055,77,True,narrow_exit,0.47586024130633336,36,fsm_cross_memory
1.0,0.0,1.0,0.024967025965452194,73,True,straight,0.5019705286494097,37,fsm_cross_memory
1.0,0.0,0.0,0.17606152594089508,98,True,straight,0.7160147172499371,38,fsm_cross_memory
0.0,0.0,0.0,0.1938822716474533,99,True,s_shaped,0.8437522240055739,39,fsm_cross_memory
0.0,0.0,0.0,4.820000171661377,18,True,s_shaped,0.4721643539674173,40,fsm_cross_memory
1.0,0.0,0.0,0.17385514080524445,108,True,straight,0.8296087282189888,41,fsm_cross_memory
1.0,0.0,1.0,0.02545781247317791,95,True,narrow_entry,0.5602193438240632,42,fsm_cross_memory
1.0,0.0,1.0,0.040410928428173065,92,True,l_shaped,0.7378034720566995,43,fsm_cross_memory
1.0,0.0,0.0,0.06414861232042313,100,True,l_shaped,0.6148766024218113,44,fsm_cross_memory
0.0,0.0,0.0,0.11492378264665604,400,False,false_feasible,0.6320903012511723,45,fsm_cross_memory
1.0,0.0,0.0,0.09025216102600098,107,True,l_shaped,0.7807019230396308,46,fsm_cross_memory
1.0,0.0,0.0,0.09104153513908386,77,True,straight,0.7765720327221421,47,fsm_cross_memory
0.0,0.0,0.0,0.11829172074794769,400,False,false_feasible,0.6984205011165886,48,fsm_cross_memory
1.0,0.0,0.0,0.06463272869586945,90,True,narrow_exit,0.5230374925260929,49,fsm_cross_memory
0.0,0.0,1.0,0.0002742412325460464,122,True,s_shaped,0.7198170486851756,50,fsm_cross_memory
1.0,0.0,0.0,0.05329931527376175,101,True,narrow_entry,0.48005479649908284,51,fsm_cross_memory
1.0,0.0,0.0,0.07726208120584488,108,True,straight,0.5165025176439862,52,fsm_cross_memory
0.0,0.0,1.0,0.00016300551942549646,34,True,narrow_entry,0.5885051976309232,53,fsm_cross_memory
0.0,0.0,0.0,0.11005515605211258,400,False,false_feasible,0.7626334197976957,54,fsm_cross_memory
0.0,0.0,1.0,0.02870841883122921,65,True,asymmetric,0.5829115614048405,55,fsm_cross_memory
0.0,0.0,0.0,0.06643116474151611,400,False,false_feasible,0.6209771094660098,56,fsm_cross_memory
0.0,0.0,0.0,4.820000171661377,16,True,asymmetric,0.46304977644201123,57,fsm_cross_memory
1.0,0.0,1.0,0.03230713680386543,73,True,straight,0.4524434253579152,58,fsm_cross_memory
1.0,0.0,0.0,0.0686764344573021,143,True,l_shaped,0.8322339793153828,59,fsm_cross_memory
0.0,0.0,1.0,0.004173624329268932,55,True,asymmetric,0.4680680847961799,60,fsm_cross_memory
1.0,0.0,0.0,0.14685383439064026,79,True,straight,0.7805794913708227,61,fsm_cross_memory
0.0,0.0,1.0,0.0021399164106696844,96,False,false_feasible,0.563625078747824,62,fsm_cross_memory
1.0,0.0,0.0,0.21991264820098877,90,True,straight,0.8910122307993866,63,fsm_cross_memory
1.0,0.0,0.0,0.05697263032197952,94,True,narrow_exit,0.4742416738526492,64,fsm_cross_memory
1.0,0.0,0.0,0.13235768675804138,88,True,straight,0.6787587323011239,65,fsm_cross_memory
1.0,0.0,0.0,0.07866833359003067,84,True,straight,0.5751339956015659,66,fsm_cross_memory
1.0,0.0,1.0,0.036513954401016235,98,True,narrow_exit,0.45917313480545313,67,fsm_cross_memory
1.0,0.0,0.0,0.05268965661525726,146,True,s_shaped,0.551516790691895,68,fsm_cross_memory
1.0,0.0,0.0,0.05634394288063049,86,True,narrow_entry,0.49765527513238017,69,fsm_cross_memory
0.0,0.0,0.0,0.12253589183092117,400,False,false_feasible,0.6800687786851423,70,fsm_cross_memory
0.0,0.0,0.0,4.820000171661377,16,True,asymmetric,0.47500556260809507,71,fsm_cross_memory
1.0,0.0,0.0,0.10572193562984467,87,True,asymmetric,0.8354466106085512,72,fsm_cross_memory
0.0,0.0,0.0,0.06973829865455627,400,False,false_feasible,0.6277403774801916,73,fsm_cross_memory
0.0,0.0,1.0,0.007791444659233093,107,True,s_shaped,0.5236880869162331,74,fsm_cross_memory
1.0,0.0,1.0,0.033909872174263,89,True,straight,0.651710525964458,75,fsm_cross_memory
1.0,0.0,0.0,0.09721449017524719,110,True,s_shaped,0.6611971203856806,76,fsm_cross_memory
1.0,0.0,0.0,0.056133490055799484,104,True,s_shaped,0.7139003278566582,77,fsm_cross_memory
1.0,0.0,1.0,0.04261896759271622,93,True,narrow_exit,0.4859895092878702,78,fsm_cross_memory
1.0,0.0,1.0,0.044289346784353256,95,True,narrow_entry,0.5108624669226296,79,fsm_cross_memory
0.0,0.0,1.0,0.012363655492663383,138,True,s_shaped,0.49724087215323176,80,fsm_cross_memory
1.0,0.0,0.0,0.19989736378192902,90,True,straight,0.867357206326812,81,fsm_cross_memory
1.0,0.0,0.0,0.0922434851527214,100,True,straight,0.5751099479703663,82,fsm_cross_memory
1.0,0.0,0.0,0.09595320373773575,100,True,narrow_exit,0.5825990169535296,83,fsm_cross_memory
1.0,0.0,0.0,0.20252151787281036,88,True,straight,0.7795860763472044,84,fsm_cross_memory
0.0,0.0,1.0,0.008737107738852501,400,False,false_feasible,0.6220570613719764,85,fsm_cross_memory
0.0,0.0,1.0,0.038245271891355515,182,True,s_shaped,0.8934930762727168,86,fsm_cross_memory
1.0,0.0,0.0,0.12125610560178757,106,True,asymmetric,0.8661157502489499,87,fsm_cross_memory
1.0,0.0,1.0,0.00209811981767416,141,True,narrow_entry,0.5757821786500192,88,fsm_cross_memory
0.0,0.0,0.0,4.820000171661377,15,True,asymmetric,0.4520250562228466,89,fsm_cross_memory
1.0,0.0,0.0,0.07808367908000946,112,True,l_shaped,0.8337515083343607,90,fsm_cross_memory
1.0,0.0,0.0,0.09432674944400787,88,True,l_shaped,0.8489509029773412,91,fsm_cross_memory
0.0,0.0,0.0,0.11539734899997711,400,False,false_feasible,0.6519854877828206,92,fsm_cross_memory
0.0,0.0,0.0,0.08480911701917648,400,False,false_feasible,0.5835917283282654,93,fsm_cross_memory
1.0,0.0,0.0,0.07310661673545837,127,True,l_shaped,0.6391717971773747,94,fsm_cross_memory
1.0,0.0,0.0,0.0699443444609642,114,True,l_shaped,0.5964042287325046,95,fsm_cross_memory
1.0,0.0,0.0,0.05783650279045105,89,True,l_shaped,0.5586174277319983,96,fsm_cross_memory
1.0,0.0,1.0,0.04339597001671791,112,True,narrow_entry,0.4989095265451547,97,fsm_cross_memory
1.0,0.0,0.0,0.06967679411172867,97,True,narrow_entry,0.521190732072763,98,fsm_cross_memory
1.0,0.0,0.0,0.2049054652452469,76,True,straight,0.8818985350481492,99,fsm_cross_memory
1.0,0.0,0.0,0.14406511187553406,92,True,straight,0.6548030290852931,100,fsm_cross_memory
1.0,0.0,0.0,0.06485427916049957,75,True,straight,0.6230269700954676,101,fsm_cross_memory
1.0,0.0,1.0,0.03868201747536659,93,True,l_shaped,0.6273565997301439,102,fsm_cross_memory
0.0,0.0,0.0,0.1103743314743042,49,True,s_shaped,0.6702759029282437,103,fsm_cross_memory
1.0,0.0,1.0,0.04257941246032715,143,True,l_shaped,0.6659385302479793,104,fsm_cross_memory
0.0,0.0,1.0,0.0026058435905724764,128,True,s_shaped,0.77020111871855,105,fsm_cross_memory
1.0,0.0,1.0,0.011247867718338966,97,True,straight,0.4997832604029915,106,fsm_cross_memory
1.0,0.0,0.0,0.09180669486522675,96,True,narrow_exit,0.5736065026816259,107,fsm_cross_memory
1.0,0.0,0.0,0.0982343852519989,110,True,l_shaped,0.8634571564062063,108,fsm_cross_memory
1.0,0.0,1.0,0.043123215436935425,106,True,l_shaped,0.809646085008671,109,fsm_cross_memory
1.0,0.0,1.0,0.03885979950428009,73,True,straight,0.6059153949332314,110,fsm_cross_memory
0.0,0.0,0.0,4.820000171661377,15,True,narrow_entry,0.47708757080339614,111,fsm_cross_memory
1.0,0.0,0.0,0.10212771594524384,114,True,straight,0.6782817157119195,112,fsm_cross_memory
0.0,0.0,0.0,0.0964621901512146,400,False,false_feasible,0.5817274938796283,113,fsm_cross_memory
1.0,0.0,0.0,0.0817912220954895,72,True,narrow_exit,0.5705241318316682,114,fsm_cross_memory
1.0,0.0,0.0,0.09652772545814514,103,True,l_shaped,0.7248465599559383,115,fsm_cross_memory
1.0,0.0,0.0,0.05314731225371361,71,True,narrow_entry,0.4954690298221449,116,fsm_cross_memory
1.0,0.0,0.0,0.16953694820404053,88,True,straight,0.8503453897539288,117,fsm_cross_memory
0.0,0.0,0.0,0.10160381346940994,400,False,false_feasible,0.5998854982248727,118,fsm_cross_memory
1.0,0.0,0.0,0.07709994912147522,120,True,l_shaped,0.6826587690822432,119,fsm_cross_memory
0.0,0.0,0.0,0.09516356140375137,400,False,false_feasible,0.7495243589545832,120,fsm_cross_memory
1.0,0.0,1.0,0.03612251207232475,96,True,narrow_entry,0.4910333798670148,121,fsm_cross_memory
0.0,0.0,0.0,0.06510365009307861,400,False,false_feasible,0.5991855451876579,122,fsm_cross_memory
0.0,0.0,1.0,0.02968347817659378,400,False,false_feasible,0.5747311262762056,123,fsm_cross_memory
0.0,0.0,1.0,0.004339464008808136,90,True,s_shaped,0.5667479279345404,124,fsm_cross_memory
1.0,0.0,0.0,0.0672370195388794,121,True,l_shaped,0.5826482773085442,125,fsm_cross_memory
0.0,0.0,0.0,0.09423074871301651,400,False,false_feasible,0.5844483839819513,126,fsm_cross_memory
1.0,0.0,1.0,0.04766266420483589,79,True,straight,0.5639649634800888,127,fsm_cross_memory
0.0,0.0,0.0,4.820000171661377,15,True,narrow_entry,0.4868254746758899,128,fsm_cross_memory
1.0,0.0,0.0,0.16758301854133606,75,True,straight,0.8532549370906337,129,fsm_cross_memory
1.0,0.0,0.0,0.06406954675912857,90,True,straight,0.6361055690894865,130,fsm_cross_memory
1.0,0.0,0.0,0.1032668948173523,87,True,asymmetric,0.8435588129350073,131,fsm_cross_memory
1.0,0.0,1.0,0.03267723694443703,94,True,asymmetric,0.7998114209974616,132,fsm_cross_memory
1.0,0.0,0.0,0.13141067326068878,92,True,straight,0.8785123721305574,133,fsm_cross_memory
0.0,0.0,1.0,0.03646911308169365,400,True,narrow_exit,0.4254098241770122,134,fsm_cross_memory
1.0,0.0,0.0,0.08573264628648758,119,True,s_shaped,0.6302030603603752,135,fsm_cross_memory
1.0,0.0,0.0,0.18769389390945435,86,True,straight,0.8642996362231056,136,fsm_cross_memory
1.0,0.0,0.0,0.0695599839091301,80,True,narrow_entry,0.5551509452540747,137,fsm_cross_memory
1.0,0.0,0.0,0.1940082162618637,83,True,straight,0.8970158242850301,138,fsm_cross_memory
1.0,0.0,1.0,0.022873887792229652,99,True,straight,0.5185470195709091,139,fsm_cross_memory
1.0,0.0,0.0,0.05617012083530426,113,True,l_shaped,0.7767810577727555,140,fsm_cross_memory
0.0,0.0,1.0,0.009945963509380817,80,True,l_shaped,0.5297559755621727,141,fsm_cross_memory
1.0,0.0,1.0,0.02449892647564411,84,True,narrow_entry,0.5156544860875039,142,fsm_cross_memory
1.0,0.0,0.0,0.07183609902858734,130,True,s_shaped,0.7028185185283498,143,fsm_cross_memory
1.0,0.0,0.0,0.07728839665651321,109,True,s_shaped,0.6480225487050986,144,fsm_cross_memory
1.0,0.0,1.0,0.020115725696086884,128,True,l_shaped,0.5390144312666386,145,fsm_cross_memory
0.0,0.0,1.0,0.009505468420684338,154,True,l_shaped,0.5123945233050388,146,fsm_cross_memory
0.0,0.0,0.0,4.820000171661377,15,True,narrow_entry,0.5298108869196912,147,fsm_cross_memory
1.0,0.0,0.0,0.08460545539855957,96,True,narrow_exit,0.5775193703980521,148,fsm_cross_memory
1.0,0.0,0.0,0.0931500717997551,112,True,l_shaped,0.6950467809186028,149,fsm_cross_memory
0.0,0.0,0.0,0.17667850852012634,400,False,false_feasible,0.7945511076911403,150,fsm_cross_memory
1.0,0.0,0.0,0.06434360146522522,88,True,narrow_exit,0.5254730473372898,151,fsm_cross_memory
1.0,0.0,1.0,0.02897002547979355,86,True,straight,0.4533781647599999,152,fsm_cross_memory
1.0,0.0,0.0,0.16154153645038605,77,True,straight,0.798451155532373,153,fsm_cross_memory
1.0,0.0,0.0,0.06573005020618439,89,True,straight,0.5192836121599319,154,fsm_cross_memory
0.0,0.0,0.0,4.820000171661377,15,False,false_feasible,0.5844993793369764,155,fsm_cross_memory
1.0,0.0,0.0,0.11794385313987732,93,True,straight,0.6405729276058443,156,fsm_cross_memory
1.0,0.0,0.0,0.07551709562540054,75,True,narrow_exit,0.5129626924744154,157,fsm_cross_memory
1.0,0.0,1.0,0.01866058260202408,116,True,s_shaped,0.6411496161669552,158,fsm_cross_memory
1.0,0.0,1.0,0.036255404353141785,121,True,s_shaped,0.5946955570084048,159,fsm_cross_memory
1.0,0.0,1.0,0.039330605417490005,94,True,straight,0.5190864849245762,160,fsm_cross_memory
1.0,0.0,1.0,0.03392389044165611,105,True,straight,0.6463424968624184,161,fsm_cross_memory
0.0,0.0,0.0,4.820000171661377,16,True,asymmetric,0.525600381860042,162,fsm_cross_memory
1.0,0.0,1.0,0.049969058483839035,150,True,l_shaped,0.7820089002478678,163,fsm_cross_memory
1.0,0.0,0.0,0.058066967874765396,120,True,l_shaped,0.5486351474153845,164,fsm_cross_memory
1.0,0.0,0.0,0.13738007843494415,91,True,straight,0.8203984302631049,165,fsm_cross_memory
1.0,0.0,0.0,0.07649016380310059,111,True,narrow_exit,0.5775151558297348,166,fsm_cross_memory
1.0,0.0,0.0,0.05727018043398857,95,True,narrow_exit,0.5219557171457361,167,fsm_cross_memory
1.0,0.0,0.0,0.13841897249221802,92,True,straight,0.720701303605207,168,fsm_cross_memory
1.0,0.0,1.0,0.04050898924469948,82,True,narrow_entry,0.5210201522202079,169,fsm_cross_memory
1.0,0.0,1.0,0.035756662487983704,111,True,narrow_exit,0.4582098849913337,170,fsm_cross_memory
1.0,0.0,1.0,0.04905852675437927,107,True,s_shaped,0.6642412905053974,171,fsm_cross_memory
0.0,0.0,0.0,4.820000171661377,17,True,l_shaped,0.49462063676946644,172,fsm_cross_memory
1.0,0.0,0.0,0.07902320474386215,86,True,l_shaped,0.6123414089332142,173,fsm_cross_memory
1.0,0.0,0.0,0.1361905038356781,77,True,asymmetric,0.8683499794137999,174,fsm_cross_memory
1.0,0.0,1.0,0.013445215299725533,74,True,narrow_entry,0.5146908948394837,175,fsm_cross_memory
1.0,0.0,0.0,0.0889175608754158,93,True,narrow_exit,0.5961541459020789,176,fsm_cross_memory
1.0,0.0,1.0,0.04814587160944939,95,True,l_shaped,0.7131387162622216,177,fsm_cross_memory
1.0,0.0,0.0,0.05140912905335426,98,True,narrow_exit,0.49767342066372383,178,fsm_cross_memory
1.0,0.0,0.0,0.08946652710437775,104,True,l_shaped,0.6529709250833649,179,fsm_cross_memory
1.0,0.0,0.0,0.06873388588428497,85,True,l_shaped,0.6203667544018789,180,fsm_cross_memory
1.0,0.0,0.0,0.08151698112487793,110,True,narrow_exit,0.5688221787462739,181,fsm_cross_memory
0.0,0.0,0.0,0.15520420670509338,400,False,false_feasible,0.7809751001363575,182,fsm_cross_memory
1.0,0.0,1.0,0.019987856969237328,73,True,narrow_entry,0.5093551468390755,183,fsm_cross_memory
1.0,0.0,1.0,0.016186414286494255,132,True,l_shaped,0.7042850597838175,184,fsm_cross_memory
0.0,0.0,0.0,0.09699343144893646,400,False,false_feasible,0.7639105304256009,185,fsm_cross_memory
1.0,0.0,0.0,0.0700010433793068,125,True,s_shaped,0.7039767061616304,186,fsm_cross_memory
1.0,0.0,1.0,0.045984748750925064,106,True,narrow_entry,0.47119148422321355,187,fsm_cross_memory
1.0,0.0,0.0,0.05618017911911011,95,True,narrow_exit,0.48781212141747776,188,fsm_cross_memory
0.0,0.0,0.0,4.820000171661377,17,True,l_shaped,0.5128306443806043,189,fsm_cross_memory
1.0,0.0,0.0,0.06573360413312912,77,True,asymmetric,0.888487705398981,190,fsm_cross_memory
1.0,0.0,1.0,0.0451824888586998,116,True,straight,0.6905703380801739,191,fsm_cross_memory
1.0,0.0,0.0,0.07519952207803726,110,True,narrow_entry,0.5825380476131046,192,fsm_cross_memory
0.0,0.0,1.0,0.008644661866128445,63,True,asymmetric,0.5200909519385607,193,fsm_cross_memory
0.0,0.0,0.0,0.10448843240737915,400,False,false_feasible,0.5973408729182135,194,fsm_cross_memory
0.0,0.0,0.0,0.17182689905166626,400,False,false_feasible,0.7858455878194632,195,fsm_cross_memory
1.0,0.0,1.0,0.03293542563915253,87,True,narrow_entry,0.5021526944223321,196,fsm_cross_memory
1.0,0.0,1.0,0.025425732135772705,75,True,narrow_entry,0.5875232079380317,197,fsm_cross_memory
1.0,0.0,0.0,0.09904967248439789,127,True,l_shaped,0.6820900543296231,198,fsm_cross_memory
0.0,0.0,1.0,0.003566581988707185,31,True,straight,0.5378059084915514,199,fsm_cross_memory
1.0,0.0,0.0,0.081094890832901,106,True,narrow_exit,0.531202003531005,200,fsm_cross_memory
1.0,0.0,0.0,0.08728606253862381,111,True,l_shaped,0.6470287045541268,201,fsm_cross_memory
1.0,0.0,0.0,0.0831889808177948,109,True,l_shaped,0.7439363482602684,202,fsm_cross_memory
0.0,0.0,1.0,0.01758270524442196,400,False,false_feasible,0.5768280907081301,203,fsm_cross_memory
1.0,0.0,1.0,0.028794946148991585,146,True,s_shaped,0.6397947282215526,204,fsm_cross_memory
0.0,0.0,1.0,0.003962544724345207,84,True,s_shaped,0.8535399172158142,205,fsm_cross_memory
1.0,0.0,1.0,0.04352547228336334,99,True,narrow_exit,0.48258125427046256,206,fsm_cross_memory
1.0,0.0,0.0,0.07299501448869705,135,True,s_shaped,0.8154553325341767,207,fsm_cross_memory
1.0,0.0,0.0,0.08231888711452484,103,True,straight,0.7320712422528939,208,fsm_cross_memory
1.0,0.0,0.0,0.2233027219772339,78,True,straight,0.8802209967851831,209,fsm_cross_memory
0.0,0.0,0.0,0.08385121077299118,106,True,s_shaped,0.8472715047153352,210,fsm_cross_memory
1.0,0.0,1.0,0.045637961477041245,95,True,l_shaped,0.5887499417787799,211,fsm_cross_memory
1.0,0.0,0.0,0.0939793512225151,104,True,narrow_entry,0.5667131573193758,212,fsm_cross_memory
1.0,0.0,0.0,0.07039175927639008,113,True,s_shaped,0.6264270100869495,213,fsm_cross_memory
1.0,0.0,0.0,0.08529987186193466,104,True,l_shaped,0.6161727786034359,214,fsm_cross_memory
1.0,0.0,0.0,0.05457882210612297,97,True,asymmetric,0.8994733368001464,215,fsm_cross_memory
1.0,0.0,0.0,0.1242450475692749,91,True,straight,0.6647402849773161,216,fsm_cross_memory
1.0,0.0,1.0,0.03409060090780258,105,True,narrow_exit,0.4605319798989982,217,fsm_cross_memory
0.0,0.0,1.0,0.005792753305286169,58,True,asymmetric,0.5914565741834572,218,fsm_cross_memory
1.0,0.0,1.0,0.034364063292741776,281,True,l_shaped,0.5264099881977184,219,fsm_cross_memory
1.0,0.0,0.0,0.08509055525064468,83,True,narrow_exit,0.5661578762718981,220,fsm_cross_memory
0.0,0.0,0.0,0.07752406597137451,400,True,asymmetric,0.5558653747870402,221,fsm_cross_memory
1.0,0.0,1.0,0.03760146722197533,80,True,narrow_entry,0.4880972425602814,222,fsm_cross_memory
1.0,0.0,1.0,0.0007247645989991724,95,True,straight,0.5435991331688073,223,fsm_cross_memory
1.0,0.0,0.0,0.0895901620388031,95,True,l_shaped,0.7861841102834488,224,fsm_cross_memory
1.0,0.0,1.0,0.0001955429615918547,159,True,asymmetric,0.739013588355597,225,fsm_cross_memory
1.0,0.0,1.0,0.022919276729226112,80,True,narrow_entry,0.4376018395401797,226,fsm_cross_memory
0.0,0.0,0.0,4.820000171661377,16,True,narrow_entry,0.5644897089519058,227,fsm_cross_memory
0.0,0.0,1.0,0.007867339067161083,82,True,s_shaped,0.5511102635456432,228,fsm_cross_memory
1.0,0.0,1.0,0.04491052404046059,132,True,l_shaped,0.862828015169764,229,fsm_cross_memory
1.0,0.0,1.0,0.013611802831292152,110,True,l_shaped,0.7285123715280867,230,fsm_cross_memory
1.0,0.0,0.0,0.08035648614168167,176,True,s_shaped,0.8445051624382662,231,fsm_cross_memory
1.0,0.0,0.0,0.09789165109395981,107,True,l_shaped,0.676293721641159,232,fsm_cross_memory
1.0,0.0,0.0,0.11849261820316315,114,True,l_shaped,0.7814354479658496,233,fsm_cross_memory
1.0,0.0,1.0,0.02366182766854763,102,True,narrow_entry,0.5971533476906399,234,fsm_cross_memory
1.0,0.0,0.0,0.09603562206029892,122,True,s_shaped,0.8439925700372564,235,fsm_cross_memory
0.0,0.0,0.0,4.820000171661377,14,True,narrow_entry,0.5291453112387963,236,fsm_cross_memory
1.0,0.0,1.0,0.04566577076911926,108,True,narrow_exit,0.4826896590230621,237,fsm_cross_memory
1.0,0.0,0.0,0.16847723722457886,82,True,straight,0.7873675879700865,238,fsm_cross_memory
0.0,0.0,0.0,4.820000171661377,18,True,asymmetric,0.5471661556940697,239,fsm_cross_memory
1.0,0.0,1.0,0.03551614284515381,92,True,narrow_entry,0.5539190500850983,240,fsm_cross_memory
1.0,0.0,0.0,0.07897064089775085,86,True,asymmetric,0.8152885670486694,241,fsm_cross_memory
0.0,0.0,0.0,4.820000171661377,18,True,l_shaped,0.5261106183222851,242,fsm_cross_memory
1.0,0.0,0.0,0.05842820554971695,104,True,straight,0.5096439364281361,243,fsm_cross_memory
1.0,0.0,0.0,0.055786408483982086,100,True,narrow_exit,0.5139825167225671,244,fsm_cross_memory
1.0,0.0,0.0,0.18382510542869568,82,True,straight,0.8084572784112112,245,fsm_cross_memory
0.0,0.0,0.0,0.09885363280773163,400,True,asymmetric,0.5985905830189792,246,fsm_cross_memory
1.0,0.0,0.0,0.07079309225082397,82,True,narrow_exit,0.5223900849691774,247,fsm_cross_memory
1.0,0.0,0.0,0.08978445082902908,98,True,narrow_exit,0.5414550641484401,248,fsm_cross_memory
1.0,0.0,1.0,0.017402270808815956,90,True,straight,0.5500655675535648,249,fsm_cross_memory
1.0,0.0,1.0,0.021001633256673813,104,True,asymmetric,0.6956092285827585,250,fsm_cross_memory
0.0,0.0,0.0,0.060461610555648804,147,True,s_shaped,0.7208986335873884,251,fsm_cross_memory
0.0,0.0,0.0,0.0540030337870121,400,True,s_shaped,0.8829899948406159,252,fsm_cross_memory
0.0,0.0,0.0,4.820000171661377,16,True,narrow_entry,0.42578683580451304,253,fsm_cross_memory
1.0,0.0,0.0,0.08129285275936127,112,True,l_shaped,0.7387025966839585,254,fsm_cross_memory
1.0,0.0,0.0,0.06393437832593918,83,True,narrow_entry,0.5997891499718648,255,fsm_cross_memory
0.0,0.0,0.0,0.119744211435318,400,False,false_feasible,0.6816933078405769,256,fsm_cross_memory
1.0,0.0,0.0,0.06579087674617767,129,True,l_shaped,0.64791406911621,257,fsm_cross_memory
1.0,0.0,0.0,0.07920798659324646,108,True,l_shaped,0.6962772785421936,258,fsm_cross_memory
1.0,0.0,0.0,0.09077706933021545,84,True,l_shaped,0.5988046486258587,259,fsm_cross_memory
1.0,0.0,1.0,0.02562348172068596,79,True,narrow_entry,0.4238080820561928,260,fsm_cross_memory
1.0,0.0,0.0,0.07648938149213791,74,True,straight,0.7117772840814217,261,fsm_cross_memory
1.0,0.0,1.0,0.024190742522478104,106,True,narrow_exit,0.43292348562480826,262,fsm_cross_memory
0.0,0.0,1.0,0.03140615299344063,400,False,false_feasible,0.5875098945620526,263,fsm_cross_memory
1.0,0.0,0.0,0.10733532905578613,92,True,l_shaped,0.6647548094891085,264,fsm_cross_memory
1.0,0.0,0.0,0.1339963674545288,96,True,straight,0.6476303309426706,265,fsm_cross_memory
1.0,0.0,1.0,0.045072752982378006,76,True,asymmetric,0.7702676194137246,266,fsm_cross_memory
1.0,0.0,1.0,0.009612924419343472,172,True,s_shaped,0.6362686435745704,267,fsm_cross_memory
0.0,0.0,0.0,0.05472728610038757,400,False,false_feasible,0.5530129657539813,268,fsm_cross_memory
1.0,0.0,1.0,0.026849929243326187,98,True,asymmetric,0.7262227151140552,269,fsm_cross_memory
1.0,0.0,1.0,0.0118222301825881,84,True,narrow_entry,0.5050443619616078,270,fsm_cross_memory
0.0,0.0,1.0,0.0019451335538178682,30,True,straight,0.5488108164909411,271,fsm_cross_memory
1.0,0.0,0.0,0.09938907623291016,113,True,l_shaped,0.8368025100385041,272,fsm_cross_memory
1.0,0.0,0.0,0.09122874587774277,108,True,l_shaped,0.7618169657636347,273,fsm_cross_memory
1.0,0.0,0.0,0.1255468726158142,102,True,straight,0.6638875280476219,274,fsm_cross_memory
1.0,0.0,1.0,0.011033611372113228,113,True,asymmetric,0.6840323605176697,275,fsm_cross_memory
1.0,0.0,1.0,0.028636610135436058,107,True,s_shaped,0.5137375355878072,276,fsm_cross_memory
1.0,0.0,0.0,0.082651287317276,114,True,s_shaped,0.6848443956099852,277,fsm_cross_memory
1.0,0.0,1.0,0.04488123580813408,90,True,straight,0.5617324115483817,278,fsm_cross_memory
1.0,0.0,1.0,0.012088024988770485,138,True,l_shaped,0.6886985308213855,279,fsm_cross_memory
1.0,0.0,0.0,0.10567872226238251,111,True,straight,0.8022692545418904,280,fsm_cross_memory
1.0,0.0,1.0,0.008716320618987083,147,True,narrow_entry,0.5617600052753791,281,fsm_cross_memory
0.0,0.0,1.0,0.007690947502851486,90,True,s_shaped,0.5160344549434437,282,fsm_cross_memory
0.0,0.0,1.0,0.005769757553935051,400,True,s_shaped,0.8901205856045911,283,fsm_cross_memory
1.0,0.0,0.0,0.10106255114078522,109,True,straight,0.6406448042477723,284,fsm_cross_memory
1.0,0.0,0.0,0.08289129287004471,110,True,l_shaped,0.6770453578667718,285,fsm_cross_memory
0.0,0.0,0.0,0.20355525612831116,81,True,s_shaped,0.8894371798868155,286,fsm_cross_memory
1.0,0.0,0.0,0.18529918789863586,81,True,straight,0.7536657385826413,287,fsm_cross_memory
0.0,0.0,0.0,4.820000171661377,15,True,narrow_entry,0.48503380179348293,288,fsm_cross_memory
1.0,0.0,0.0,0.08306654542684555,77,True,straight,0.6725701007885039,289,fsm_cross_memory
1.0,0.0,0.0,0.22353434562683105,108,True,straight,0.813124900959316,290,fsm_cross_memory
0.0,0.0,0.0,4.820000171661377,15,True,narrow_entry,0.4814768871962921,291,fsm_cross_memory
1.0,0.0,0.0,0.20298424363136292,83,True,straight,0.8674507811043997,292,fsm_cross_memory
1.0,0.0,0.0,0.07299969345331192,89,True,l_shaped,0.5732577758727204,293,fsm_cross_memory
1.0,0.0,1.0,0.04184844717383385,102,True,l_shaped,0.5975657475888168,294,fsm_cross_memory
0.0,0.0,0.0,0.08330529928207397,400,False,false_feasible,0.6829559639444835,295,fsm_cross_memory
0.0,0.0,0.0,4.820000171661377,17,True,narrow_entry,0.475522732049595,296,fsm_cross_memory
1.0,0.0,0.0,0.08008997142314911,96,True,narrow_exit,0.56386012589863,297,fsm_cross_memory
0.0,0.0,0.0,4.820000171661377,18,True,s_shaped,0.4691060787726442,298,fsm_cross_memory
0.0,0.0,0.0,0.10091693699359894,85,True,asymmetric,0.6416869341657822,299,fsm_cross_memory
1.0,0.0,0.0,0.09452341496944427,116,True,l_shaped,0.7046055987183408,300,fsm_cross_memory
0.0,0.0,1.0,0.03393610939383507,400,False,false_feasible,0.5855259814629107,301,fsm_cross_memory
1.0,0.0,0.0,0.0736384317278862,102,True,straight,0.7037380815620913,302,fsm_cross_memory
0.0,0.0,1.0,0.015192913822829723,400,True,asymmetric,0.48038729148812404,303,fsm_cross_memory
1.0,0.0,0.0,0.06839089095592499,96,True,straight,0.5954696479642971,304,fsm_cross_memory
1.0,0.0,1.0,0.014005973935127258,112,True,straight,0.4968681722112922,305,fsm_cross_memory
0.0,0.0,0.0,0.05317603051662445,400,True,s_shaped,0.8650609373457014,306,fsm_cross_memory
1.0,0.0,0.0,0.09279435873031616,113,True,s_shaped,0.6372727560302809,307,fsm_cross_memory
0.0,0.0,1.0,0.005444647278636694,87,True,narrow_exit,0.43692381639038946,308,fsm_cross_memory
1.0,0.0,1.0,0.04546026140451431,101,True,l_shaped,0.6157548738928549,309,fsm_cross_memory
1.0,0.0,1.0,0.03478163108229637,108,True,l_shaped,0.5386317941790119,310,fsm_cross_memory
0.0,0.0,0.0,4.820000171661377,16,True,narrow_entry,0.5257535086600513,311,fsm_cross_memory
1.0,0.0,0.0,0.05205550417304039,123,True,s_shaped,0.7642432835408647,312,fsm_cross_memory
1.0,0.0,0.0,0.06497187912464142,176,True,s_shaped,0.7755441157697789,313,fsm_cross_memory
1.0,0.0,0.0,0.12107276171445847,80,True,straight,0.7002856335590052,314,fsm_cross_memory
1.0,0.0,1.0,0.042394042015075684,139,True,s_shaped,0.5346469026546081,315,fsm_cross_memory
1.0,0.0,0.0,0.07613580673933029,112,True,straight,0.5815401945434963,316,fsm_cross_memory
0.0,0.0,1.0,0.0038888277485966682,72,True,l_shaped,0.584606314874935,317,fsm_cross_memory
0.0,0.0,0.0,0.12427541613578796,400,False,false_feasible,0.6679100476560947,318,fsm_cross_memory
1.0,0.0,0.0,0.11334128677845001,75,True,asymmetric,0.8977542377957146,319,fsm_cross_memory
1.0,0.0,0.0,0.062147170305252075,75,True,narrow_entry,0.5854642047991006,320,fsm_cross_memory
0.0,0.0,1.0,0.014350967481732368,400,False,false_feasible,0.5995294353530227,321,fsm_cross_memory
1.0,0.0,0.0,0.05679793283343315,184,True,s_shaped,0.7603928317998392,322,fsm_cross_memory
1.0,0.0,0.0,0.05269429832696915,108,True,narrow_entry,0.5502741522345308,323,fsm_cross_memory
1.0,0.0,0.0,0.21908588707447052,80,True,straight,0.8341335779160304,324,fsm_cross_memory
0.0,0.0,0.0,4.820000171661377,16,True,narrow_entry,0.5101189513190285,325,fsm_cross_memory
1.0,0.0,0.0,0.05503462255001068,99,True,asymmetric,0.7493462845218546,326,fsm_cross_memory
0.0,0.0,1.0,0.0017180618597194552,60,True,l_shaped,0.5874662755670266,327,fsm_cross_memory
1.0,0.0,0.0,0.1856776624917984,105,True,straight,0.7622367003940507,328,fsm_cross_memory
0.0,0.0,0.0,4.820000171661377,17,True,straight,0.4712626524854183,329,fsm_cross_memory
1.0,0.0,0.0,0.059959422796964645,86,True,narrow_entry,0.52658390848266,330,fsm_cross_memory
1.0,0.0,0.0,0.05702783167362213,107,True,l_shaped,0.5352710747342472,331,fsm_cross_memory
1.0,0.0,1.0,0.040149640291929245,83,True,asymmetric,0.8125977142540357,332,fsm_cross_memory
0.0,0.0,1.0,0.044113997370004654,400,False,false_feasible,0.6843593933384942,333,fsm_cross_memory
0.0,0.0,0.0,4.820000171661377,15,True,straight,0.5390913358876082,334,fsm_cross_memory
1.0,0.0,0.0,0.05917618051171303,102,True,narrow_entry,0.5445324710314174,335,fsm_cross_memory
1.0,0.0,0.0,0.10355499386787415,121,True,l_shaped,0.7637731478234682,336,fsm_cross_memory
0.0,0.0,0.0,0.08993089944124222,400,False,false_feasible,0.6006013198759406,337,fsm_cross_memory
1.0,0.0,0.0,0.08420757204294205,102,True,narrow_exit,0.5354784966013542,338,fsm_cross_memory
1.0,0.0,0.0,0.05320761725306511,93,True,straight,0.5729204433264841,339,fsm_cross_memory
1.0,0.0,0.0,0.1685660034418106,80,True,straight,0.716523727699982,340,fsm_cross_memory
1.0,0.0,0.0,0.053920868784189224,106,True,narrow_exit,0.5003250038090357,341,fsm_cross_memory
1.0,0.0,1.0,0.01825225166976452,80,True,straight,0.5143533305968733,342,fsm_cross_memory
1.0,0.0,0.0,0.05201869457960129,168,True,s_shaped,0.555678073466654,343,fsm_cross_memory
1.0,0.0,0.0,0.16229845583438873,110,True,straight,0.7238968886820527,344,fsm_cross_memory
0.0,0.0,1.0,0.047317877411842346,400,False,false_feasible,0.6805353618022505,345,fsm_cross_memory
0.0,0.0,0.0,0.09748315811157227,400,False,false_feasible,0.619299535052635,346,fsm_cross_memory
0.0,0.0,1.0,0.0003865565231535584,50,True,s_shaped,0.5037517961679152,347,fsm_cross_memory
0.0,0.0,0.0,4.820000171661377,17,True,l_shaped,0.5234430081230041,348,fsm_cross_memory
0.0,0.0,0.0,0.0997345969080925,400,False,false_feasible,0.7572718958339757,349,fsm_cross_memory
1.0,0.0,1.0,0.02754095010459423,91,True,narrow_exit,0.42223149850484326,350,fsm_cross_memory
1.0,0.0,0.0,0.08248724043369293,116,True,l_shaped,0.6873951935237322,351,fsm_cross_memory
1.0,0.0,0.0,0.10796262323856354,116,True,s_shaped,0.6746761156383666,352,fsm_cross_memory
0.0,0.0,1.0,0.0023788439575582743,52,True,s_shaped,0.4639476548165105,353,fsm_cross_memory
0.0,0.0,0.0,4.820000171661377,19,True,straight,0.4949783350985309,354,fsm_cross_memory
1.0,0.0,0.0,0.05430278182029724,98,True,narrow_exit,0.5181368822200751,355,fsm_cross_memory
0.0,0.0,0.0,0.16408151388168335,400,False,false_feasible,0.7590499377394438,356,fsm_cross_memory
1.0,0.0,0.0,0.07578014582395554,128,True,s_shaped,0.6310668974274827,357,fsm_cross_memory
1.0,0.0,1.0,0.02853579632937908,112,True,straight,0.633085127725872,358,fsm_cross_memory
0.0,0.0,0.0,0.05289807170629501,400,True,narrow_exit,0.4256846395247397,359,fsm_cross_memory
1.0,0.0,0.0,0.0802011489868164,117,True,l_shaped,0.8489905011575196,360,fsm_cross_memory
1.0,0.0,0.0,0.1871456801891327,106,True,straight,0.8373987758344472,361,fsm_cross_memory
0.0,0.0,0.0,0.1736823171377182,400,False,false_feasible,0.7829560726988289,362,fsm_cross_memory
1.0,0.0,0.0,0.12890088558197021,107,True,straight,0.6734542037162343,363,fsm_cross_memory
1.0,0.0,0.0,0.052025727927684784,114,True,s_shaped,0.6589807318427364,364,fsm_cross_memory
0.0,0.0,0.0,0.07629166543483734,400,True,asymmetric,0.5809726586027926,365,fsm_cross_memory
1.0,0.0,0.0,0.06883673369884491,148,True,s_shaped,0.8162620576693067,366,fsm_cross_memory
1.0,0.0,0.0,0.0648568645119667,102,True,l_shaped,0.8283132767401924,367,fsm_cross_memory
0.0,0.0,1.0,0.04228929430246353,400,True,asymmetric,0.48155149441988276,368,fsm_cross_memory
1.0,0.0,0.0,0.08499699831008911,101,True,narrow_exit,0.5672103557924545,369,fsm_cross_memory
1.0,0.0,0.0,0.10542365163564682,83,True,straight,0.7122071077788414,370,fsm_cross_memory
1.0,0.0,0.0,0.09125984460115433,87,True,narrow_exit,0.5907563642249145,371,fsm_cross_memory
1.0,0.0,0.0,0.17103257775306702,73,True,straight,0.8188461987908233,372,fsm_cross_memory
1.0,0.0,0.0,0.06849132478237152,101,True,narrow_exit,0.5662134503646514,373,fsm_cross_memory
1.0,0.0,0.0,0.1616969257593155,110,True,straight,0.7392616939501118,374,fsm_cross_memory
1.0,0.0,0.0,0.19688530266284943,81,True,straight,0.8372535998731345,375,fsm_cross_memory
1.0,0.0,0.0,0.0932580828666687,93,True,straight,0.7004187407298574,376,fsm_cross_memory
0.0,0.0,0.0,4.820000171661377,18,True,s_shaped,0.5255720912694887,377,fsm_cross_memory
1.0,0.0,1.0,0.026680748909711838,135,True,l_shaped,0.6997690282736465,378,fsm_cross_memory
0.0,0.0,0.0,4.820000171661377,16,True,narrow_entry,0.43675967955453554,379,fsm_cross_memory
1.0,0.0,1.0,0.04131345450878143,97,True,l_shaped,0.5339979466629434,380,fsm_cross_memory
1.0,0.0,0.0,0.19304676353931427,103,True,straight,0.8469349692471471,381,fsm_cross_memory
1.0,0.0,0.0,0.08432501554489136,77,True,narrow_exit,0.5854397396219889,382,fsm_cross_memory
1.0,0.0,1.0,0.04037816449999809,138,True,s_shaped,0.7539050118042848,383,fsm_cross_memory
1.0,0.0,0.0,0.053060829639434814,83,True,narrow_entry,0.5367474224646778,384,fsm_cross_memory
1.0,0.0,0.0,0.0630030557513237,100,True,narrow_exit,0.5445393166870626,385,fsm_cross_memory
0.0,0.0,1.0,0.01228028442710638,75,True,asymmetric,0.48381273356948834,386,fsm_cross_memory
1.0,0.0,0.0,0.0702451691031456,73,True,narrow_exit,0.5086433250600779,387,fsm_cross_memory
1.0,0.0,0.0,0.0655689537525177,89,True,l_shaped,0.7789634429167849,388,fsm_cross_memory
0.0,0.0,0.0,4.820000171661377,15,True,straight,0.46273153753715157,389,fsm_cross_memory
1.0,0.0,0.0,0.1246696412563324,110,True,s_shaped,0.8654906530396146,390,fsm_cross_memory
1.0,0.0,0.0,0.05237125605344772,174,True,s_shaped,0.5489970476972676,391,fsm_cross_memory
1.0,0.0,1.0,0.04202282056212425,88,True,narrow_exit,0.46868461428884617,392,fsm_cross_memory
1.0,0.0,1.0,0.04909370839595795,114,True,s_shaped,0.5604103192201321,393,fsm_cross_memory
1.0,0.0,0.0,0.08571638911962509,108,True,l_shaped,0.6440932266821061,394,fsm_cross_memory
1.0,0.0,1.0,0.015133223496377468,137,True,s_shaped,0.7865053754159992,395,fsm_cross_memory
1.0,0.0,1.0,0.01569184847176075,98,True,straight,0.634698663099951,396,fsm_cross_memory
1.0,0.0,1.0,0.039005670696496964,77,True,narrow_exit,0.46491867166896966,397,fsm_cross_memory
0.0,0.0,1.0,0.0038385135121643543,42,True,s_shaped,0.4504454972668738,398,fsm_cross_memory
1.0,0.0,0.0,0.22168320417404175,76,True,straight,0.873615105571611,399,fsm_cross_memory
0.0,0.0,0.0,0.1274230033159256,400,False,false_feasible,0.7025724879259627,400,fsm_cross_memory
1.0,0.0,0.0,0.12319537252187729,115,True,l_shaped,0.8690594978157582,401,fsm_cross_memory
1.0,0.0,0.0,0.17267943918704987,94,True,straight,0.8652889633163358,402,fsm_cross_memory
1.0,0.0,1.0,0.04589395970106125,159,True,s_shaped,0.7530811716263597,403,fsm_cross_memory
0.0,0.0,1.0,0.0003878427087329328,70,False,false_feasible,0.590261420704985,404,fsm_cross_memory
1.0,0.0,0.0,0.06753664463758469,106,True,narrow_exit,0.5213643978453197,405,fsm_cross_memory
1.0,0.0,1.0,0.013538917526602745,76,True,straight,0.560082209741563,406,fsm_cross_memory
0.0,0.0,1.0,0.03802739456295967,400,True,asymmetric,0.5258901968122404,407,fsm_cross_memory
1.0,0.0,0.0,0.14721138775348663,77,True,straight,0.7995099043571807,408,fsm_cross_memory
1.0,0.0,0.0,0.0534137599170208,92,True,l_shaped,0.5206614738003867,409,fsm_cross_memory
1.0,0.0,0.0,0.14938564598560333,81,True,straight,0.7164804345775513,410,fsm_cross_memory
1.0,0.0,0.0,0.07485678046941757,102,True,l_shaped,0.7082303859110689,411,fsm_cross_memory
1.0,0.0,0.0,0.10067173093557358,132,True,s_shaped,0.818787587347954,412,fsm_cross_memory
1.0,0.0,0.0,0.17050716280937195,74,True,straight,0.7228127787525637,413,fsm_cross_memory
0.0,0.0,1.0,0.007684021256864071,127,True,s_shaped,0.5221521562242907,414,fsm_cross_memory
1.0,0.0,0.0,0.08822319656610489,121,True,s_shaped,0.7448012511411441,415,fsm_cross_memory
1.0,0.0,1.0,0.03266996145248413,76,True,narrow_entry,0.5593952102007809,416,fsm_cross_memory
1.0,0.0,0.0,0.05132492259144783,101,True,asymmetric,0.7929328594635792,417,fsm_cross_memory
1.0,0.0,0.0,0.08427818864583969,123,True,l_shaped,0.6269625604803,418,fsm_cross_memory
1.0,0.0,0.0,0.115562304854393,106,True,l_shaped,0.8368561355588942,419,fsm_cross_memory
1.0,0.0,0.0,0.09687826037406921,117,True,l_shaped,0.8934140529757,420,fsm_cross_memory
1.0,0.0,0.0,0.0789434164762497,150,True,l_shaped,0.8659261726555774,421,fsm_cross_memory
1.0,0.0,0.0,0.07994651794433594,76,True,narrow_exit,0.5795804244599301,422,fsm_cross_memory
1.0,0.0,0.0,0.10098804533481598,104,True,s_shaped,0.7278061949665587,423,fsm_cross_memory
0.0,0.0,1.0,0.0053954776376485825,52,True,asymmetric,0.6182648281319505,424,fsm_cross_memory
0.0,0.0,0.0,0.1376623958349228,400,False,false_feasible,0.7308898385229509,425,fsm_cross_memory
0.0,0.0,1.0,0.0036485246382653713,92,True,l_shaped,0.5012582646685599,426,fsm_cross_memory
1.0,0.0,1.0,0.024842601269483566,187,True,s_shaped,0.6960660571082298,427,fsm_cross_memory
1.0,0.0,0.0,0.051301393657922745,87,True,straight,0.4876029144668152,428,fsm_cross_memory
0.0,0.0,0.0,0.1506241112947464,400,False,false_feasible,0.7898448180788078,429,fsm_cross_memory
0.0,0.0,1.0,0.04013003781437874,400,False,false_feasible,0.6137966280733855,430,fsm_cross_memory
1.0,0.0,0.0,0.07247571647167206,93,True,l_shaped,0.5727761895044058,431,fsm_cross_memory
1.0,0.0,0.0,0.1637413501739502,76,True,straight,0.6937823572484527,432,fsm_cross_memory
0.0,0.0,0.0,0.16195954382419586,48,True,s_shaped,0.8554973909178045,433,fsm_cross_memory
0.0,0.0,1.0,0.0034646745771169662,24,True,narrow_entry,0.47460077388279576,434,fsm_cross_memory
1.0,0.0,0.0,0.1025550588965416,71,True,narrow_entry,0.5745182073131728,435,fsm_cross_memory
1.0,0.0,1.0,0.010998960584402084,77,True,straight,0.5992871906066504,436,fsm_cross_memory
1.0,0.0,0.0,0.1175009235739708,109,True,l_shaped,0.8920038138631132,437,fsm_cross_memory
1.0,0.0,0.0,0.06703374534845352,75,True,straight,0.5348520353855511,438,fsm_cross_memory
1.0,0.0,0.0,0.09034319967031479,73,True,narrow_exit,0.5420420797509233,439,fsm_cross_memory
1.0,0.0,0.0,0.06371942907571793,117,True,s_shaped,0.8716567503943187,440,fsm_cross_memory
0.0,0.0,1.0,0.011212630197405815,48,True,asymmetric,0.514484477663621,441,fsm_cross_memory
1.0,0.0,1.0,0.04677445441484451,95,True,l_shaped,0.6997546106729574,442,fsm_cross_memory
0.0,0.0,0.0,0.14388617873191833,400,False,false_feasible,0.7820596620280413,443,fsm_cross_memory
0.0,0.0,1.0,0.005908894818276167,29,True,narrow_entry,0.5262383893820324,444,fsm_cross_memory
1.0,0.0,1.0,0.008991223759949207,158,True,l_shaped,0.5734104908481463,445,fsm_cross_memory
1.0,0.0,1.0,0.04733306169509888,90,True,narrow_exit,0.5070320953806626,446,fsm_cross_memory
1.0,0.0,1.0,0.04610428959131241,110,True,straight,0.5096458414236432,447,fsm_cross_memory
1.0,0.0,0.0,0.09806375205516815,121,True,l_shaped,0.8542127003301647,448,fsm_cross_memory
1.0,0.0,0.0,0.12748588621616364,118,True,l_shaped,0.8108580750708367,449,fsm_cross_memory
1.0,0.0,1.0,0.016293620690703392,144,True,s_shaped,0.4667896315813174,450,fsm_cross_memory
1.0,0.0,0.0,0.051092054694890976,81,True,narrow_exit,0.48096521401573505,451,fsm_cross_memory
1.0,0.0,0.0,0.2549261152744293,94,True,straight,0.8818565486283572,452,fsm_cross_memory
1.0,0.0,1.0,0.004383799619972706,86,True,narrow_entry,0.5070243572425855,453,fsm_cross_memory
0.0,0.0,1.0,0.0017106113955378532,250,True,l_shaped,0.4924034390007451,454,fsm_cross_memory
1.0,0.0,0.0,0.07440775632858276,119,True,s_shaped,0.6087351923362321,455,fsm_cross_memory
1.0,0.0,1.0,0.00025142618687823415,168,True,s_shaped,0.6656501758000399,456,fsm_cross_memory
1.0,0.0,1.0,0.011071243323385715,76,True,straight,0.47784846466150943,457,fsm_cross_memory
0.0,0.0,0.0,0.11260368674993515,400,False,false_feasible,0.68651351668702,458,fsm_cross_memory
0.0,0.0,1.0,0.005201485473662615,124,True,l_shaped,0.4556095469270469,459,fsm_cross_memory
1.0,0.0,1.0,0.03207667917013168,175,True,s_shaped,0.8319474382772145,460,fsm_cross_memory
1.0,0.0,0.0,0.07929424941539764,114,True,l_shaped,0.6081073574801689,461,fsm_cross_memory
0.0,0.0,1.0,0.012808890081942081,71,True,asymmetric,0.5209206809798153,462,fsm_cross_memory
1.0,0.0,1.0,0.036629755049943924,84,True,l_shaped,0.46479045161991106,463,fsm_cross_memory
1.0,0.0,0.0,0.0848885253071785,83,True,narrow_exit,0.5400531894414131,464,fsm_cross_memory
0.0,0.0,1.0,0.004968894645571709,84,True,l_shaped,0.5986430485989414,465,fsm_cross_memory
1.0,0.0,0.0,0.22734537720680237,77,True,straight,0.8348237759178962,466,fsm_cross_memory
1.0,0.0,0.0,0.1369425654411316,91,True,straight,0.8619286216903344,467,fsm_cross_memory
1.0,0.0,0.0,0.10401680320501328,94,True,asymmetric,0.8650753082980338,468,fsm_cross_memory
0.0,0.0,1.0,0.010303470306098461,157,True,l_shaped,0.5122291506723482,469,fsm_cross_memory
1.0,0.0,1.0,0.00337864994071424,101,True,straight,0.49957652029775995,470,fsm_cross_memory
0.0,0.0,0.0,0.10871188342571259,400,True,asymmetric,0.6855407315302016,471,fsm_cross_memory
1.0,0.0,0.0,0.1538243442773819,78,True,straight,0.7464807668130418,472,fsm_cross_memory
1.0,0.0,0.0,0.05576803535223007,124,True,l_shaped,0.5544362073014045,473,fsm_cross_memory
1.0,0.0,0.0,0.10266825556755066,97,True,l_shaped,0.7465518296866449,474,fsm_cross_memory
0.0,0.0,0.0,0.1284010112285614,400,False,false_feasible,0.6906320301889947,475,fsm_cross_memory
0.0,0.0,0.0,4.820000171661377,17,True,l_shaped,0.45318840937647664,476,fsm_cross_memory
0.0,0.0,1.0,0.028642890974879265,400,True,asymmetric,0.6015018634188176,477,fsm_cross_memory
1.0,0.0,1.0,0.03296959772706032,112,True,straight,0.46579084466526366,478,fsm_cross_memory
0.0,0.0,0.0,0.15530799329280853,400,False,false_feasible,0.7479618224477685,479,fsm_cross_memory
1.0,0.0,0.0,0.09764692932367325,88,True,narrow_exit,0.5940175134555659,480,fsm_cross_memory
1.0,0.0,0.0,0.08041563630104065,109,True,narrow_exit,0.5836291835636911,481,fsm_cross_memory
1.0,0.0,1.0,8.755827002460137e-05,105,True,asymmetric,0.7033420089298698,482,fsm_cross_memory
1.0,0.0,0.0,0.07481058686971664,76,True,narrow_exit,0.5298044115200842,483,fsm_cross_memory
1.0,0.0,0.0,0.11437246948480606,108,True,l_shaped,0.8343911280127465,484,fsm_cross_memory
1.0,0.0,0.0,0.08838610351085663,82,True,narrow_exit,0.5426470890897435,485,fsm_cross_memory
0.0,0.0,0.0,0.14990292489528656,400,False,false_feasible,0.7388428853063269,486,fsm_cross_memory
1.0,0.0,0.0,0.11067243665456772,92,True,straight,0.6214231566218853,487,fsm_cross_memory
1.0,0.0,0.0,0.18319149315357208,93,True,straight,0.8269277817849692,488,fsm_cross_memory
0.0,0.0,1.0,0.000503957737237215,53,True,s_shaped,0.5239704266659997,489,fsm_cross_memory
1.0,0.0,0.0,0.05620104447007179,108,True,asymmetric,0.6948441411670399,490,fsm_cross_memory
1.0,0.0,0.0,0.20417004823684692,106,True,straight,0.8333842660207158,491,fsm_cross_memory
1.0,0.0,0.0,0.053708966821432114,134,True,s_shaped,0.5816104671629537,492,fsm_cross_memory
1.0,0.0,1.0,0.040849536657333374,253,True,s_shaped,0.8570278576887512,493,fsm_cross_memory
1.0,0.0,1.0,0.04666408523917198,95,True,l_shaped,0.7928766803538789,494,fsm_cross_memory
0.0,0.0,1.0,0.0028406318742781878,69,True,asymmetric,0.5655041514639754,495,fsm_cross_memory
0.0,0.0,0.0,0.07530786097049713,400,False,false_feasible,0.6476116275992401,496,fsm_cross_memory
1.0,0.0,1.0,0.016781644895672798,115,True,straight,0.4699787836097656,497,fsm_cross_memory
0.0,0.0,0.0,0.07857948541641235,400,False,false_feasible,0.6217088886700382,498,fsm_cross_memory
1.0,0.0,0.0,0.06001770868897438,112,True,l_shaped,0.5395305202169378,499,fsm_cross_memory
