seed,episode_id,episode,prior_width,true_width,passage_width,posterior_mean,posterior_q95,posterior_mean_post,posterior_q95_post,p_feas,predicted_feasible,outcome_success,attempted,attempt_success,explore_attempt,reject,collision,unsafe_attempt,brier
0,prior_0.26_seed_0_ep_000000,0,0.26,0.36,0.5461,0.261357,0.39185,0.260988,0.39185,0.999829,1.0,1.0,1.0,1.0,0.0,0.0,0.0,0.0,0.0
0,prior_0.26_seed_0_ep_000001,1,0.26,0.36,0.2445,0.260988,0.39185,0.260988,0.39185,0.420552,0.0,0.0,0.0,0.0,0.0,1.0,0.0,0.0,0.176864
0,prior_0.26_seed_0_ep_000002,2,0.26,0.36,0.3811,0.260988,0.39185,0.248124,0.357179,0.935475,1.0,1.0,1.0,1.0,0.0,0.0,0.0,0.0,0.004163
0,prior_0.26_seed_0_ep_000003,3,0.26,0.36,0.2361,0.248124,0.357179,0.248124,0.357179,0.427398,0.0,0.0,0.0,0.0,0.0,1.0,0.0,0.0,0.182669
0,prior_0.26_seed_0_ep_000004,4,0.26,0.36,0.4284,0.248124,0.357179,0.246069,0.352226,0.998208,1.0,1.0,1.0,1.0,0.0,0.0,0.0,0.0,3e-06
0,prior_0.26_seed_0_ep_000005,5,0.26,0.36,0.2966,0.246069,0.352226,0.309198,0.379467,0.755814,1.0,0.0,1.0,0.0,0.0,0.0,1.0,1.0,0.571254
0,prior_0.26_seed_0_ep_000006,6,0.26,0.36,0.5493,0.309198,0.379467,0.309142,0.379467,1.0,1.0,1.0,1.0,1.0,0.0,0.0,0.0,0.0,0.0
0,prior_0.26_seed_0_ep_000007,7,0.26,0.36,0.4852,0.309142,0.379467,0.308695,0.379467,0.999989,1.0,1.0,1.0,1.0,0.0,0.0,0.0,0.0,0.0
0,prior_0.26_seed_0_ep_000008,8,0.26,0.36,0.4642,0.308695,0.379467,0.307885,0.376991,0.999947,1.0,1.0,1.0,1.0,0.0,0.0,0.0,0.0,0.0
0,prior_0.26_seed_0_ep_000009,9,0.26,0.36,0.3078,0.307885,0.376991,0.307885,0.376991,0.492635,0.0,0.0,0.0,0.0,0.0,1.0,0.0,0.0,0.24269
0,prior_0.26_seed_0_ep_000010,10,0.26,0.36,0.3697,0.307885,0.376991,0.299223,0.364608,0.928797,1.0,1.0,1.0,1.0,0.0,0.0,0.0,0.0,0.00507
0,prior_0.26_seed_0_ep_000011,11,0.26,0.36,0.4777,0.299223,0.364608,0.298943,0.362132,1.0,1.0,1.0,1.0,1.0,0.0,0.0,0.0,0.0,0.0
0,prior_0.26_seed_0_ep_000012,12,0.26,0.36,0.6471,0.298943,0.362132,0.298942,0.362132,1.0,1.0,1.0,1.0,1.0,0.0,0.0,0.0,0.0,0.0
0,prior_0.26_seed_0_ep_000013,13,0.26,0.36,0.3297,0.298942,0.362132,0.326739,0.376991,0.757633,1.0,0.0,1.0,0.0,0.0,0.0,1.0,1.0,0.574007
0,prior_0.26_seed_0_ep_000014,14,0.26,0.36,0.447,0.326739,0.376991,0.325846,0.376991,0.999974,1.0,1.0,1.0,1.0,0.0,0.0,0.0,0.0,0.0
0,prior_0.26_seed_0_ep_000015,15,0.26,0.36,0.5144,0.325846,0.376991,0.32575,0.376991,1.0,1.0,1.0,1.0,1.0,0.0,0.0,0.0,0.0,0.0
0,prior_0.26_seed_0_ep_000016,16,0.26,0.36,0.6802,0.32575,0.376991,0.325749,0.376991,1.0,1.0,1.0,1.0,1.0,0.0,0.0,0.0,0.0,0.0
0,prior_0.26_seed_0_ep_000017,17,0.26,0.36,0.2397,0.325749,0.376991,0.325749,0.376991,0.006896,0.0,0.0,0.0,0.0,0.0,1.0,0.0,0.0,4.8e-05
0,prior_0.26_seed_0_ep_000018,18,0.26,0.36,0.2783,0.325749,0.376991,0.325749,0.376991,0.075984,0.0,0.0,0.0,0.0,0.0,1.0,0.0,0.0,0.005773
0,prior_0.26_seed_0_ep_000019,19,0.26,0.36,0.5324,0.325749,0.376991,0.325697,0.376991,1.0,1.0,1.0,1.0,1.0,0.0,0.0,0.0,0.0,0.0
0,prior_0.26_seed_0_ep_000020,20,0.26,0.36,0.4908,0.325697,0.376991,0.325491,0.374514,1.0,1.0,1.0,1.0,1.0,0.0,0.0,0.0,0.0,0.0
0,prior_0.26_seed_0_ep_000021,21,0.26,0.36,0.3244,0.325491,0.374514,0.325491,0.374514,0.462675,0.0,0.0,0.0,0.0,0.0,1.0,0.0,0.0,0.214068
0,prior_0.26_seed_0_ep_000022,22,0.26,0.36,0.5197,0.325491,0.374514,0.325412,0.374514,1.0,1.0,1.0,1.0,1.0,0.0,0.0,0.0,0.0,0.0
0,prior_0.26_seed_0_ep_000023,23,0.26,0.36,0.2203,0.325412,0.374514,0.325412,0.374514,0.001741,0.0,0.0,0.0,0.0,0.0,1.0,0.0,0.0,3e-06
0,prior_0.26_seed_0_ep_000024,24,0.26,0.36,0.2672,0.325412,0.374514,0.325412,0.374514,0.038725,0.0,0.0,0.0,0.0,0.0,1.0,0.0,0.0,0.0015
0,prior_0.26_seed_0_ep_000025,25,0.26,0.36,0.3154,0.325412,0.374514,0.325412,0.374514,0.372269,0.0,0.0,0.0,0.0,0.0,1.0,0.0,0.0,0.138584
0,prior_0.26_seed_0_ep_000026,26,0.26,0.36,0.4649,0.325412,0.374514,0.32495,0.374514,1.0,1.0,1.0,1.0,1.0,0.0,0.0,0.0,0.0,0.0
0,prior_0.26_seed_0_ep_000027,27,0.26,0.36,0.4158,0.32495,0.374514,0.322998,0.372038,0.999199,1.0,1.0,1.0,1.0,0.0,0.0,0.0,0.0,1e-06
0,prior_0.26_seed_0_ep_000028,28,0.26,0.36,0.538,0.322998,0.372038,0.322962,0.372038,1.0,1.0,1.0,1.0,1.0,0.0,0.0,0.0,0.0,0.0
0,prior_0.26_seed_0_ep_000029,29,0.26,0.36,0.4648,0.322962,0.372038,0.322571,0.369561,1.0,1.0,1.0,1.0,1.0,0.0,0.0,0.0,0.0,0.0
0,prior_0.26_seed_0_ep_000030,30,0.26,0.36,0.585,0.322571,0.369561,0.322564,0.369561,1.0,1.0,1.0,1.0,1.0,0.0,0.0,0.0,0.0,0.0
0,prior_0.26_seed_0_ep_000031,31,0.26,0.36,0.349,0.322564,0.369561,0.339719,0.381944,0.798638,1.0,0.0,1.0,0.0,0.0,0.0,1.0,1.0,0.637823
0,prior_0.26_seed_0_ep_000032,32,0.26,0.36,0.4416,0.339719,0.381944,0.338811,0.379467,0.999995,1.0,1.0,1.0,1.0,0.0,0.0,0.0,0.0,0.0
0,prior_0.26_seed_0_ep_000033,33,0.26,0.36,0.6567,0.338811,0.379467,0.338811,0.379467,1.0,1.0,1.0,1.0,1.0,0.0,0.0,0.0,0.0,0.0
0,prior_0.26_seed_0_ep_000034,34,0.26,0.36,0.2707,0.338811,0.379467,0.338811,0.379467,0.008305,0.0,0.0,0.0,0.0,0.0,1.0,0.0,0.0,6.9e-05
0,prior_0.26_seed_0_ep_000035,35,0.26,0.36,0.2838,0.338811,0.379467,0.342343,0.381944,0.022734,0.0,0.0,1.0,0.0,1.0,0.0,1.0,1.0,0.000517
0,prior_0.26_seed_0_ep_000036,36,0.26,0.36,0.2915,0.342343,0.381944,0.342343,0.381944,0.02204,0.0,0.0,0.0,0.0,0.0,1.0,0.0,0.0,0.000486
0,prior_0.26_seed_0_ep_000037,37,0.26,0.36,0.4514,0.342343,0.381944,0.341715,0.379467,1.0,1.0,1.0,1.0,1.0,0.0,0.0,0.0,0.0,0.0
0,prior_0.26_seed_0_ep_000038,38,0.26,0.36,0.2941,0.341715,0.379467,0.341715,0.379467,0.028197,0.0,0.0,0.0,0.0,0.0,1.0,0.0,0.0,0.000795
0,prior_0.26_seed_0_ep_000039,39,0.26,0.36,0.4975,0.341715,0.379467,0.341577,0.379467,1.0,1.0,1.0,1.0,1.0,0.0,0.0,0.0,0.0,0.0
0,prior_0.26_seed_0_ep_000040,40,0.26,0.36,0.5288,0.341577,0.379467,0.341529,0.379467,1.0,1.0,1.0,1.0,1.0,0.0,0.0,0.0,0.0,0.0
0,prior_0.26_seed_0_ep_000041,41,0.26,0.36,0.2815,0.341529,0.379467,0.341529,0.379467,0.009142,0.0,0.0,0.0,0.0,0.0,1.0,0.0,0.0,8.4e-05
0,prior_0.26_seed_0_ep_000042,42,0.26,0.36,0.3862,0.341529,0.379467,0.337911,0.374514,0.970873,1.0,1.0,1.0,1.0,0.0,0.0,0.0,0.0,0.000848
0,prior_0.26_seed_0_ep_000043,43,0.26,0.36,0.6478,0.337911,0.374514,0.33791,0.374514,1.0,1.0,1.0,1.0,1.0,0.0,0.0,0.0,0.0,0.0
0,prior_0.26_seed_0_ep_000044,44,0.26,0.36,0.4042,0.33791,0.374514,0.335948,0.372038,0.998606,1.0,1.0,1.0,1.0,0.0,0.0,0.0,0.0,2e-06
0,prior_0.26_seed_0_ep_000045,45,0.26,0.36,0.3653,0.335948,0.372038,0.33139,0.367085,0.908614,1.0,1.0,1.0,1.0,0.0,0.0,0.0,0.0,0.008351
0,prior_0.26_seed_0_ep_000046,46,0.26,0.36,0.2296,0.33139,0.367085,0.33139,0.367085,4.3e-05,0.0,0.0,0.0,0.0,0.0,1.0,0.0,0.0,0.0
0,prior_0.26_seed_0_ep_000047,47,0.26,0.36,0.3371,0.33139,0.367085,0.339297,0.372038,0.572281,1.0,0.0,1.0,0.0,0.0,0.0,1.0,1.0,0.327505
0,prior_0.26_seed_0_ep_000048,48,0.26,0.36,0.5123,0.339297,0.372038,0.339247,0.372038,1.0,1.0,1.0,1.0,1.0,0.0,0.0,0.0,0.0,0.0
0,prior_0.26_seed_0_ep_000049,49,0.26,0.36,0.2947,0.339247,0.372038,0.341922,0.372038,0.016561,0.0,0.0,1.0,0.0,1.0,0.0,1.0,1.0,0.000274
0,prior_0.26_seed_0_ep_000050,50,0.26,0.36,0.5112,0.341922,0.372038,0.341869,0.372038,1.0,1.0,1.0,1.0,1.0,0.0,0.0,0.0,0.0,0.0
0,prior_0.26_seed_0_ep_000051,51,0.26,0.36,0.415,0.341869,0.372038,0.340772,0.372038,0.999971,1.0,1.0,1.0,1.0,0.0,0.0,0.0,0.0,0.0
0,prior_0.26_seed_0_ep_000052,52,0.26,0.36,0.2336,0.340772,0.372038,0.340772,0.372038,1e-06,0.0,0.0,0.0,0.0,0.0,1.0,0.0,0.0,0.0
0,prior_0.26_seed_0_ep_000053,53,0.26,0.36,0.6976,0.340772,0.372038,0.340772,0.372038,1.0,1.0,1.0,1.0,1.0,0.0,0.0,0.0,0.0,0.0
0,prior_0.26_seed_0_ep_000054,54,0.26,0.36,0.4378,0.340772,0.372038,0.340249,0.372038,1.0,1.0,1.0,1.0,1.0,0.0,0.0,0.0,0.0,0.0
0,prior_0.26_seed_0_ep_000055,55,0.26,0.36,0.3231,0.340249,0.372038,0.340249,0.372038,0.190669,0.0,0.0,0.0,0.0,0.0,1.0,0.0,0.0,0.036355
0,prior_0.26_seed_0_ep_000056,56,0.26,0.36,0.4967,0.340249,0.372038,0.340173,0.369561,1.0,1.0,1.0,1.0,1.0,0.0,0.0,0.0,0.0,0.0
0,prior_0.26_seed_0_ep_000057,57,0.26,0.36,0.5067,0.340173,0.369561,0.340119,0.369561,1.0,1.0,1.0,1.0,1.0,0.0,0.0,0.0,0.0,0.0
0,prior_0.26_seed_0_ep_000058,58,0.26,0.36,0.351,0.340119,0.369561,0.346509,0.374514,0.711876,1.0,0.0,1.0,0.0,0.0,0.0,1.0,1.0,0.506768
0,prior_0.26_seed_0_ep_000059,59,0.26,0.36,0.2853,0.346509,0.374514,0.346509,0.374514,0.000526,0.0,0.0,0.0,0.0,0.0,1.0,0.0,0.0,0.0
0,prior_0.26_seed_0_ep_000060,60,0.26,0.36,0.6019,0.346509,0.374514,0.346506,0.374514,1.0,1.0,1.0,1.0,1.0,0.0,0.0,0.0,0.0,0.0
0,prior_0.26_seed_0_ep_000061,61,0.26,0.36,0.2468,0.346506,0.374514,0.346506,0.374514,0.0,0.0,0.0,0.0,0.0,0.0,1.0,0.0,0.0,0.0
0,prior_0.26_seed_0_ep_000062,62,0.26,0.36,0.2666,0.346506,0.374514,0.346506,0.374514,2.3e-05,0.0,0.0,0.0,0.0,0.0,1.0,0.0,0.0,0.0
0,prior_0.26_seed_0_ep_000063,63,0.26,0.36,0.4824,0.346506,0.374514,0.346378,0.374514,1.0,1.0,1.0,1.0,1.0,0.0,0.0,0.0,0.0,0.0
0,prior_0.26_seed_0_ep_000064,64,0.26,0.36,0.6299,0.346378,0.374514,0.346377,0.374514,1.0,1.0,1.0,1.0,1.0,0.0,0.0,0.0,0.0,0.0
0,prior_0.26_seed_0_ep_000065,65,0.26,0.36,0.2279,0.346377,0.374514,0.346377,0.374514,0.0,0.0,0.0,0.0,0.0,0.0,1.0,0.0,0.0,0.0
0,prior_0.26_seed_0_ep_000066,66,0.26,0.36,0.2534,0.346377,0.374514,0.346377,0.374514,2e-06,0.0,0.0,0.0,0.0,0.0,1.0,0.0,0.0,0.0
0,prior_0.26_seed_0_ep_000067,67,0.26,0.36,0.3286,0.346377,0.374514,0.346377,0.374514,0.159137,0.0,0.0,0.0,0.0,0.0,1.0,0.0,0.0,0.025325
0,prior_0.26_seed_0_ep_000068,68,0.26,0.36,0.2959,0.346377,0.374514,0.346377,0.374514,0.003785,0.0,0.0,0.0,0.0,0.0,1.0,0.0,0.0,1.4e-05
0,prior_0.26_seed_0_ep_000069,69,0.26,0.36,0.3329,0.346377,0.374514,0.346377,0.374514,0.233363,0.0,0.0,0.0,0.0,0.0,1.0,0.0,0.0,0.054458
0,prior_0.26_seed_0_ep_000070,70,0.26,0.36,0.3386,0.346377,0.374514,0.346377,0.374514,0.324764,0.0,0.0,0.0,0.0,0.0,1.0,0.0,0.0,0.105472
0,prior_0.26_seed_0_ep_000071,71,0.26,0.36,0.402,0.346377,0.374514,0.344896,0.372038,0.999601,1.0,1.0,1.0,1.0,0.0,0.0,0.0,0.0,0.0
0,prior_0.26_seed_0_ep_000072,72,0.26,0.36,0.3784,0.344896,0.372038,0.342422,0.369561,0.975148,1.0,1.0,1.0,1.0,0.0,0.0,0.0,0.0,0.000618
0,prior_0.26_seed_0_ep_000073,73,0.26,0.36,0.2215,0.342422,0.369561,0.342422,0.369561,0.0,0.0,0.0,0.0,0.0,0.0,1.0,0.0,0.0,0.0
0,prior_0.26_seed_0_ep_000074,74,0.26,0.36,0.3,0.342422,0.369561,0.342422,0.369561,0.007955,0.0,0.0,0.0,0.0,0.0,1.0,0.0,0.0,6.3e-05
0,prior_0.26_seed_0_ep_000075,75,0.26,0.36,0.673,0.342422,0.369561,0.342422,0.369561,1.0,1.0,1.0,1.0,1.0,0.0,0.0,0.0,0.0,0.0
0,prior_0.26_seed_0_ep_000076,76,0.26,0.36,0.2316,0.342422,0.369561,0.342422,0.369561,0.0,0.0,0.0,0.0,0.0,0.0,1.0,0.0,0.0,0.0
0,prior_0.26_seed_0_ep_000077,77,0.26,0.36,0.4498,0.342422,0.369561,0.342126,0.369561,1.0,1.0,1.0,1.0,1.0,0.0,0.0,0.0,0.0,0.0
0,prior_0.26_seed_0_ep_000078,78,0.26,0.36,0.2287,0.342126,0.369561,0.342388,0.369561,0.0,0.0,0.0,1.0,0.0,1.0,0.0,1.0,1.0,0.0
0,prior_0.26_seed_0_ep_000079,79,0.26,0.36,0.2936,0.342388,0.369561,0.342388,0.369561,0.003578,0.0,0.0,0.0,0.0,0.0,1.0,0.0,0.0,1.3e-05
0,prior_0.26_seed_0_ep_000080,80,0.26,0.36,0.4434,0.342388,0.369561,0.342034,0.369561,1.0,1.0,1.0,1.0,1.0,0.0,0.0,0.0,0.0,0.0
0,prior_0.26_seed_0_ep_000081,81,0.26,0.36,0.2718,0.342034,0.369561,0.342975,0.369561,7.7e-05,0.0,0.0,1.0,0.0,1.0,0.0,1.0,1.0,0.0
0,prior_0.26_seed_0_ep_000082,82,0.26,0.36,0.4976,0.342975,0.369561,0.342915,0.369561,1.0,1.0,1.0,1.0,1.0,0.0,0.0,0.0,0.0,0.0
0,prior_0.26_seed_0_ep_000083,83,0.26,0.36,0.3207,0.342915,0.369561,0.342915,0.369561,0.098424,0.0,0.0,0.0,0.0,0.0,1.0,0.0,0.0,0.009687
0,prior_0.26_seed_0_ep_000084,84,0.26,0.36,0.3764,0.342915,0.369561,0.340674,0.367085,0.979138,1.0,1.0,1.0,1.0,0.0,0.0,0.0,0.0,0.000435
0,prior_0.26_seed_0_ep_000085,85,0.26,0.36,0.6899,0.340674,0.367085,0.340674,0.367085,1.0,1.0,1.0,1.0,1.0,0.0,0.0,0.0,0.0,0.0
0,prior_0.26_seed_0_ep_000086,86,0.26,0.36,0.4684,0.340674,0.367085,0.340537,0.367085,1.0,1.0,1.0,1.0,1.0,0.0,0.0,0.0,0.0,0.0
0,prior_0.26_seed_0_ep_000087,87,0.26,0.36,0.245,0.340537,0.367085,0.340537,0.367085,0.0,0.0,0.0,0.0,0.0,0.0,1.0,0.0,0.0,0.0
0,prior_0.26_seed_0_ep_000088,88,0.26,0.36,0.3805,0.340537,0.367085,0.338692,0.364608,0.99501,1.0,1.0,1.0,1.0,0.0,0.0,0.0,0.0,2.5e-05
0,prior_0.26_seed_0_ep_000089,89,0.26,0.36,0.3877,0.338692,0.364608,0.337271,0.362132,0.999468,1.0,1.0,1.0,1.0,0.0,0.0,0.0,0.0,0.0
0,prior_0.26_seed_0_ep_000090,90,0.26,0.36,0.2456,0.337271,0.362132,0.337271,0.362132,0.0,0.0,0.0,0.0,0.0,0.0,1.0,0.0,0.0,0.0
0,prior_0.26_seed_0_ep_000091,91,0.26,0.36,0.392,0.337271,0.362132,0.33608,0.362132,0.999925,1.0,1.0,1.0,1.0,0.0,0.0,0.0,0.0,0.0
0,prior_0.26_seed_0_ep_000092,92,0.26,0.36,0.2345,0.33608,0.362132,0.33608,0.362132,0.0,0.0,0.0,0.0,0.0,0.0,1.0,0.0,0.0,0.0
0,prior_0.26_seed_0_ep_000093,93,0.26,0.36,0.3696,0.33608,0.362132,0.334093,0.359655,0.989793,1.0,1.0,1.0,1.0,0.0,0.0,0.0,0.0,0.000104
0,prior_0.26_seed_0_ep_000094,94,0.26,0.36,0.4605,0.334093,0.359655,0.333967,0.359655,1.0,1.0,1.0,1.0,1.0,0.0,0.0,0.0,0.0,0.0
0,prior_0.26_seed_0_ep_000095,95,0.26,0.36,0.293,0.333967,0.359655,0.335639,0.359655,0.007102,0.0,0.0,1.0,0.0,1.0,0.0,1.0,1.0,5e-05
0,prior_0.26_seed_0_ep_000096,96,0.26,0.36,0.496,0.335639,0.359655,0.335601,0.359655,1.0,1.0,1.0,1.0,1.0,0.0,0.0,0.0,0.0,0.0
0,prior_0.26_seed_0_ep_000097,97,0.26,0.36,0.3225,0.335601,0.359655,0.335601,0.359655,0.211414,0.0,0.0,0.0,0.0,0.0,1.0,0.0,0.0,0.044696
0,prior_0.26_seed_0_ep_000098,98,0.26,0.36,0.3582,0.335601,0.359655,0.340327,0.362132,0.940236,1.0,0.0,1.0,0.0,0.0,0.0,1.0,1.0,0.884044
0,prior_0.26_seed_0_ep_000099,99,0.26,0.36,0.2683,0.340327,0.362132,0.340327,0.362132,3e-06,0.0,0.0,0.0,0.0,0.0,1.0,0.0,0.0,0.0
0,prior_0.26_seed_0_ep_000100,100,0.26,0.36,0.2712,0.340327,0.362132,0.340327,0.362132,7e-06,0.0,0.0,0.0,0.0,0.0,1.0,0.0,0.0,0.0
0,prior_0.26_seed_0_ep_000101,101,0.26,0.36,0.2999,0.340327,0.362132,0.341774,0.364608,0.003018,0.0,0.0,1.0,0.0,1.0,0.0,1.0,1.0,9e-06
0,prior_0.26_seed_0_ep_000102,102,0.26,0.36,0.2984,0.341774,0.364608,0.343051,0.364608,0.001736,0.0,0.0,1.0,0.0,1.0,0.0,1.0,1.0,3e-06
0,prior_0.26_seed_0_ep_000103,103,0.26,0.36,0.5215,0.343051,0.364608,0.343033,0.364608,1.0,1.0,1.0,1.0,1.0,0.0,0.0,0.0,0.0,0.0
0,prior_0.26_seed_0_ep_000104,104,0.26,0.36,0.5263,0.343033,0.364608,0.343018,0.364608,1.0,1.0,1.0,1.0,1.0,0.0,0.0,0.0,0.0,0.0
0,prior_0.26_seed_0_ep_000105,105,0.26,0.36,0.2373,0.343018,0.364608,0.343018,0.364608,0.0,0.0,0.0,0.0,0.0,0.0,1.0,0.0,0.0,0.0
0,prior_0.26_seed_0_ep_000106,106,0.26,0.36,0.4104,0.343018,0.364608,0.3424,0.364608,1.0,1.0,1.0,1.0,1.0,0.0,0.0,0.0,0.0,0.0
0,prior_0.26_seed_0_ep_000107,107,0.26,0.36,0.4495,0.3424,0.364608,0.34222,0.364608,1.0,1.0,1.0,1.0,1.0,0.0,0.0,0.0,0.0,0.0
0,prior_0.26_seed_0_ep_000108,108,0.26,0.36,0.265,0.34222,0.364608,0.34222,0.364608,0.0,0.0,0.0,0.0,0.0,0.0,1.0,0.0,0.0,0.0
0,prior_0.26_seed_0_ep_000109,109,0.26,0.36,0.4031,0.34222,0.364608,0.34149,0.362132,0.999999,1.0,1.0,1.0,1.0,0.0,0.0,0.0,0.0,0.0
0,prior_0.26_seed_0_ep_000110,110,0.26,0.36,0.3013,0.34149,0.362132,0.34149,0.362132,0.002158,0.0,0.0,0.0,0.0,0.0,1.0,0.0,0.0,5e-06
0,prior_0.26_seed_0_ep_000111,111,0.26,0.36,0.4868,0.34149,0.362132,0.34144,0.362132,1.0,1.0,1.0,1.0,1.0,0.0,0.0,0.0,0.0,0.0
0,prior_0.26_seed_0_ep_000112,112,0.26,0.36,0.3557,0.34144,0.362132,0.34494,0.367085,0.861243,1.0,0.0,1.0,0.0,0.0,0.0,1.0,1.0,0.74174
0,prior_0.26_seed_0_ep_000113,113,0.26,0.36,0.6462,0.34494,0.367085,0.344939,0.367085,1.0,1.0,1.0,1.0,1.0,0.0,0.0,0.0,0.0,0.0
0,prior_0.26_seed_0_ep_000114,114,0.26,0.36,0.5245,0.344939,0.367085,0.344924,0.364608,1.0,1.0,1.0,1.0,1.0,0.0,0.0,0.0,0.0,0.0
0,prior_0.26_seed_0_ep_000115,115,0.26,0.36,0.4923,0.344924,0.364608,0.34488,0.364608,1.0,1.0,1.0,1.0,1.0,0.0,0.0,0.0,0.0,0.0
0,prior_0.26_seed_0_ep_000116,116,0.26,0.36,0.4872,0.34488,0.364608,0.344829,0.364608,1.0,1.0,1.0,1.0,1.0,0.0,0.0,0.0,0.0,0.0
0,prior_0.26_seed_0_ep_000117,117,0.26,0.36,0.5364,0.344829,0.364608,0.344819,0.364608,1.0,1.0,1.0,1.0,1.0,0.0,0.0,0.0,0.0,0.0
0,prior_0.26_seed_0_ep_000118,118,0.26,0.36,0.3901,0.344819,0.364608,0.343801,0.364608,0.999902,1.0,1.0,1.0,1.0,0.0,0.0,0.0,0.0,0.0
0,prior_0.26_seed_0_ep_000119,119,0.26,0.36,0.2987,0.343801,0.364608,0.343801,0.364608,0.000458,0.0,0.0,0.0,0.0,0.0,1.0,0.0,0.0,0.0
0,prior_0.26_seed_0_ep_000120,120,0.26,0.36,0.4679,0.343801,0.364608,0.343709,0.364608,1.0,1.0,1.0,1.0,1.0,0.0,0.0,0.0,0.0,0.0
0,prior_0.26_seed_0_ep_000121,121,0.26,0.36,0.4225,0.343709,0.364608,0.343325,0.364608,1.0,1.0,1.0,1.0,1.0,0.0,0.0,0.0,0.0,0.0
0,prior_0.26_seed_0_ep_000122,122,0.26,0.36,0.4582,0.343325,0.364608,0.343203,0.364608,1.0,1.0,1.0,1.0,1.0,0.0,0.0,0.0,0.0,0.0
0,prior_0.26_seed_0_ep_000123,123,0.26,0.36,0.2314,0.343203,0.364608,0.343344,0.364608,0.0,0.0,0.0,1.0,0.0,1.0,0.0,1.0,1.0,0.0
0,prior_0.26_seed_0_ep_000124,124,0.26,0.36,0.4322,0.343344,0.364608,0.343068,0.364608,1.0,1.0,1.0,1.0,1.0,0.0,0.0,0.0,0.0,0.0
0,prior_0.26_seed_0_ep_000125,125,0.26,0.36,0.5356,0.343068,0.364608,0.343058,0.364608,1.0,1.0,1.0,1.0,1.0,0.0,0.0,0.0,0.0,0.0
0,prior_0.26_seed_0_ep_000126,126,0.26,0.36,0.3431,0.343058,0.364608,0.345616,0.364608,0.508705,1.0,0.0,1.0,0.0,0.0,0.0,1.0,1.0,0.258781
0,prior_0.26_seed_0_ep_000127,127,0.26,0.36,0.2829,0.345616,0.364608,0.345616,0.364608,1e-06,0.0,0.0,0.0,0.0,0.0,1.0,0.0,0.0,0.0
0,prior_0.26_seed_0_ep_000128,128,0.26,0.36,0.3536,0.345616,0.364608,0.348328,0.367085,0.736479,1.0,0.0,1.0,0.0,0.0,0.0,1.0,1.0,0.542401
0,prior_0.26_seed_0_ep_000129,129,0.26,0.36,0.5801,0.348328,0.367085,0.348326,0.367085,1.0,1.0,1.0,1.0,1.0,0.0,0.0,0.0,0.0,0.0
0,prior_0.26_seed_0_ep_000130,130,0.26,0.36,0.276,0.348326,0.367085,0.348739,0.367085,0.0,0.0,0.0,1.0,0.0,1.0,0.0,1.0,1.0,0.0
0,prior_0.26_seed_0_ep_000131,131,0.26,0.36,0.4747,0.348739,0.367085,0.348666,0.367085,1.0,1.0,1.0,1.0,1.0,0.0,0.0,0.0,0.0,0.0
0,prior_0.26_seed_0_ep_000132,132,0.26,0.36,0.2113,0.348666,0.367085,0.348718,0.367085,0.0,0.0,0.0,1.0,0.0,1.0,0.0,1.0,1.0,0.0
0,prior_0.26_seed_0_ep_000133,133,0.26,0.36,0.3919,0.348718,0.367085,0.347827,0.367085,0.99996,1.0,1.0,1.0,1.0,0.0,0.0,0.0,0.0,0.0
0,prior_0.26_seed_0_ep_000134,134,0.26,0.36,0.443,0.347827,0.367085,0.347636,0.367085,1.0,1.0,1.0,1.0,1.0,0.0,0.0,0.0,0.0,0.0
0,prior_0.26_seed_0_ep_000135,135,0.26,0.36,0.2926,0.347636,0.367085,0.348284,0.367085,3e-06,0.0,0.0,1.0,0.0,1.0,0.0,1.0,1.0,0.0
0,prior_0.26_seed_0_ep_000136,136,0.26,0.36,0.3939,0.348284,0.367085,0.347484,0.367085,0.999977,1.0,1.0,1.0,1.0,0.0,0.0,0.0,0.0,0.0
0,prior_0.26_seed_0_ep_000137,137,0.26,0.36,0.5147,0.347484,0.367085,0.347466,0.367085,1.0,1.0,1.0,1.0,1.0,0.0,0.0,0.0,0.0,0.0
0,prior_0.26_seed_0_ep_000138,138,0.26,0.36,0.249,0.347466,0.367085,0.347636,0.367085,0.0,0.0,0.0,1.0,0.0,1.0,0.0,1.0,1.0,0.0
0,prior_0.26_seed_0_ep_000139,139,0.26,0.36,0.5122,0.347636,0.367085,0.347617,0.367085,1.0,1.0,1.0,1.0,1.0,0.0,0.0,0.0,0.0,0.0
0,prior_0.26_seed_0_ep_000140,140,0.26,0.36,0.4021,0.347617,0.367085,0.347002,0.364608,1.0,1.0,1.0,1.0,1.0,0.0,0.0,0.0,0.0,0.0
0,prior_0.26_seed_0_ep_000141,141,0.26,0.36,0.4901,0.347002,0.364608,0.346964,0.364608,1.0,1.0,1.0,1.0,1.0,0.0,0.0,0.0,0.0,0.0
0,prior_0.26_seed_0_ep_000142,142,0.26,0.36,0.5677,0.346964,0.364608,0.346961,0.364608,1.0,1.0,1.0,1.0,1.0,0.0,0.0,0.0,0.0,0.0
0,prior_0.26_seed_0_ep_000143,143,0.26,0.36,0.2471,0.346961,0.364608,0.346961,0.364608,0.0,0.0,0.0,0.0,0.0,0.0,1.0,0.0,0.0,0.0
0,prior_0.26_seed_0_ep_000144,144,0.26,0.36,0.3798,0.346961,0.364608,0.345901,0.364608,0.999035,1.0,1.0,1.0,1.0,0.0,0.0,0.0,0.0,1e-06
0,prior_0.26_seed_0_ep_000145,145,0.26,0.36,0.2271,0.345901,0.364608,0.345986,0.364608,0.0,0.0,0.0,1.0,0.0,1.0,0.0,1.0,1.0,0.0
0,prior_0.26_seed_0_ep_000146,146,0.26,0.36,0.4832,0.345986,0.364608,0.345941,0.364608,1.0,1.0,1.0,1.0,1.0,0.0,0.0,0.0,0.0,0.0
0,prior_0.26_seed_0_ep_000147,147,0.26,0.36,0.4263,0.345941,0.364608,0.345664,0.364608,1.0,1.0,1.0,1.0,1.0,0.0,0.0,0.0,0.0,0.0
0,prior_0.26_seed_0_ep_000148,148,0.26,0.36,0.5212,0.345664,0.364608,0.345651,0.364608,1.0,1.0,1.0,1.0,1.0,0.0,0.0,0.0,0.0,0.0
0,prior_0.26_seed_0_ep_000149,149,0.26,0.36,0.4168,0.345651,0.364608,0.345288,0.362132,1.0,1.0,1.0,1.0,1.0,0.0,0.0,0.0,0.0,0.0
0,prior_0.26_seed_0_ep_000150,150,0.26,0.36,0.4905,0.345288,0.362132,0.345254,0.362132,1.0,1.0,1.0,1.0,1.0,0.0,0.0,0.0,0.0,0.0
0,prior_0.26_seed_0_ep_000151,151,0.26,0.36,0.395,0.345254,0.362132,0.344591,0.362132,0.999999,1.0,1.0,1.0,1.0,0.0,0.0,0.0,0.0,0.0
0,prior_0.26_seed_0_ep_000152,152,0.26,0.36,0.445,0.344591,0.362132,0.344447,0.362132,1.0,1.0,1.0,1.0,1.0,0.0,0.0,0.0,0.0,0.0
0,prior_0.26_seed_0_ep_000153,153,0.26,0.36,0.2669,0.344447,0.362132,0.344748,0.362132,0.0,0.0,0.0,1.0,0.0,1.0,0.0,1.0,1.0,0.0
0,prior_0.26_seed_0_ep_000154,154,0.26,0.36,0.4245,0.344748,0.362132,0.344478,0.362132,1.0,1.0,1.0,1.0,1.0,0.0,0.0,0.0,0.0,0.0
0,prior_0.26_seed_0_ep_000155,155,0.26,0.36,0.6403,0.344478,0.362132,0.344477,0.362132,1.0,1.0,1.0,1.0,1.0,0.0,0.0,0.0,0.0,0.0
0,prior_0.26_seed_0_ep_000156,156,0.26,0.36,0.257,0.344477,0.362132,0.344477,0.362132,0.0,0.0,0.0,0.0,0.0,0.0,1.0,0.0,0.0,0.0
0,prior_0.26_seed_0_ep_000157,157,0.26,0.36,0.2613,0.344477,0.362132,0.344477,0.362132,0.0,0.0,0.0,0.0,0.0,0.0,1.0,0.0,0.0,0.0
0,prior_0.26_seed_0_ep_000158,158,0.26,0.36,0.4504,0.344477,0.362132,0.34436,0.362132,1.0,1.0,1.0,1.0,1.0,0.0,0.0,0.0,0.0,0.0
0,prior_0.26_seed_0_ep_000159,159,0.26,0.36,0.335,0.34436,0.362132,0.34436,0.362132,0.222492,0.0,0.0,0.0,0.0,0.0,1.0,0.0,0.0,0.049503
0,prior_0.26_seed_0_ep_000160,160,0.26,0.36,0.2967,0.34436,0.362132,0.345049,0.362132,1.7e-05,0.0,0.0,1.0,0.0,1.0,0.0,1.0,1.0,0.0
0,prior_0.26_seed_0_ep_000161,161,0.26,0.36,0.5296,0.345049,0.362132,0.34504,0.362132,1.0,1.0,1.0,1.0,1.0,0.0,0.0,0.0,0.0,0.0
0,prior_0.26_seed_0_ep_000162,162,0.26,0.36,0.2402,0.34504,0.362132,0.34504,0.362132,0.0,0.0,0.0,0.0,0.0,0.0,1.0,0.0,0.0,0.0
0,prior_0.26_seed_0_ep_000163,163,0.26,0.36,0.4095,0.34504,0.362132,0.344629,0.362132,1.0,1.0,1.0,1.0,1.0,0.0,0.0,0.0,0.0,0.0
0,prior_0.26_seed_0_ep_000164,164,0.26,0.36,0.2575,0.344629,0.362132,0.34484,0.362132,0.0,0.0,0.0,1.0,0.0,1.0,0.0,1.0,1.0,0.0
0,prior_0.26_seed_0_ep_000165,165,0.26,0.36,0.4888,0.34484,0.362132,0.344808,0.362132,1.0,1.0,1.0,1.0,1.0,0.0,0.0,0.0,0.0,0.0
0,prior_0.26_seed_0_ep_000166,166,0.26,0.36,0.3986,0.344808,0.362132,0.34426,0.362132,1.0,1.0,1.0,1.0,1.0,0.0,0.0,0.0,0.0,0.0
0,prior_0.26_seed_0_ep_000167,167,0.26,0.36,0.2971,0.34426,0.362132,0.34426,0.362132,1e-05,0.0,0.0,0.0,0.0,0.0,1.0,0.0,0.0,0.0
0,prior_0.26_seed_0_ep_000168,168,0.26,0.36,0.2288,0.34426,0.362132,0.34426,0.362132,0.0,0.0,0.0,0.0,0.0,0.0,1.0,0.0,0.0,0.0
0,prior_0.26_seed_0_ep_000169,169,0.26,0.36,0.274,0.34426,0.362132,0.34426,0.362132,0.0,0.0,0.0,0.0,0.0,0.0,1.0,0.0,0.0,0.0
0,prior_0.26_seed_0_ep_000170,170,0.26,0.36,0.2304,0.34426,0.362132,0.34426,0.362132,0.0,0.0,0.0,0.0,0.0,0.0,1.0,0.0,0.0,0.0
0,prior_0.26_seed_0_ep_000171,171,0.26,0.36,0.2361,0.34426,0.362132,0.34426,0.362132,0.0,0.0,0.0,0.0,0.0,0.0,1.0,0.0,0.0,0.0
0,prior_0.26_seed_0_ep_000172,172,0.26,0.36,0.3632,0.34426,0.362132,0.342982,0.359655,0.967059,1.0,1.0,1.0,1.0,0.0,0.0,0.0,0.0,0.001085
0,prior_0.26_seed_0_ep_000173,173,0.26,0.36,0.2213,0.342982,0.359655,0.342982,0.359655,0.0,0.0,0.0,0.0,0.0,0.0,1.0,0.0,0.0,0.0
0,prior_0.26_seed_0_ep_000174,174,0.26,0.36,0.3097,0.342982,0.359655,0.342982,0.359655,0.000908,0.0,0.0,0.0,0.0,0.0,1.0,0.0,0.0,1e-06
0,prior_0.26_seed_0_ep_000175,175,0.26,0.36,0.4043,0.342982,0.359655,0.342551,0.359655,1.0,1.0,1.0,1.0,1.0,0.0,0.0,0.0,0.0,0.0
0,prior_0.26_seed_0_ep_000176,176,0.26,0.36,0.4571,0.342551,0.359655,0.34247,0.359655,1.0,1.0,1.0,1.0,1.0,0.0,0.0,0.0,0.0,0.0
0,prior_0.26_seed_0_ep_000177,177,0.26,0.36,0.2525,0.34247,0.359655,0.34247,0.359655,0.0,0.0,0.0,0.0,0.0,0.0,1.0,0.0,0.0,0.0
0,prior_0.26_seed_0_ep_000178,178,0.26,0.36,0.3522,0.34247,0.359655,0.344517,0.362132,0.791348,1.0,0.0,1.0,0.0,0.0,0.0,1.0,1.0,0.626231
0,prior_0.26_seed_0_ep_000179,179,0.26,0.36,0.4644,0.344517,0.362132,0.344452,0.362132,1.0,1.0,1.0,1.0,1.0,0.0,0.0,0.0,0.0,0.0
0,prior_0.26_seed_0_ep_000180,180,0.26,0.36,0.5199,0.344452,0.362132,0.344441,0.362132,1.0,1.0,1.0,1.0,1.0,0.0,0.0,0.0,0.0,0.0
0,prior_0.26_seed_0_ep_000181,181,0.26,0.36,0.203,0.344441,0.362132,0.344441,0.362132,0.0,0.0,0.0,0.0,0.0,0.0,1.0,0.0,0.0,0.0
0,prior_0.26_seed_0_ep_000182,182,0.26,0.36,0.4878,0.344441,0.362132,0.344411,0.362132,1.0,1.0,1.0,1.0,1.0,0.0,0.0,0.0,0.0,0.0
0,prior_0.26_seed_0_ep_000183,183,0.26,0.36,0.3522,0.344411,0.362132,0.346314,0.362132,0.737975,1.0,0.0,1.0,0.0,0.0,0.0,1.0,1.0,0.544607
0,prior_0.26_seed_0_ep_000184,184,0.26,0.36,0.2749,0.346314,0.362132,0.346314,0.362132,0.0,0.0,0.0,0.0,0.0,0.0,1.0,0.0,0.0,0.0
0,prior_0.26_seed_0_ep_000185,185,0.26,0.36,0.2976,0.346314,0.362132,0.346314,0.362132,1e-06,0.0,0.0,0.0,0.0,0.0,1.0,0.0,0.0,0.0
0,prior_0.26_seed_0_ep_000186,186,0.26,0.36,0.2877,0.346314,0.362132,0.346314,0.362132,0.0,0.0,0.0,0.0,0.0,0.0,1.0,0.0,0.0,0.0
0,prior_0.26_seed_0_ep_000187,187,0.26,0.36,0.2751,0.346314,0.362132,0.346314,0.362132,0.0,0.0,0.0,0.0,0.0,0.0,1.0,0.0,0.0,0.0
0,prior_0.26_seed_0_ep_000188,188,0.26,0.36,0.4909,0.346314,0.362132,0.346286,0.362132,1.0,1.0,1.0,1.0,1.0,0.0,0.0,0.0,0.0,0.0
0,prior_0.26_seed_0_ep_000189,189,0.26,0.36,0.3173,0.346286,0.362132,0.346286,0.362132,0.001876,0.0,0.0,0.0,0.0,0.0,1.0,0.0,0.0,4e-06
0,prior_0.26_seed_0_ep_000190,190,0.26,0.36,0.3805,0.346286,0.362132,0.345484,0.362132,0.999843,1.0,1.0,1.0,1.0,0.0,0.0,0.0,0.0,0.0
0,prior_0.26_seed_0_ep_000191,191,0.26,0.36,0.4783,0.345484,0.362132,0.345444,0.362132,1.0,1.0,1.0,1.0,1.0,0.0,0.0,0.0,0.0,0.0
0,prior_0.26_seed_0_ep_000192,192,0.26,0.36,0.3844,0.345444,0.362132,0.34474,0.359655,0.999969,1.0,1.0,1.0,1.0,0.0,0.0,0.0,0.0,0.0
0,prior_0.26_seed_0_ep_000193,193,0.26,0.36,0.4144,0.34474,0.359655,0.344445,0.359655,1.0,1.0,1.0,1.0,1.0,0.0,0.0,0.0,0.0,0.0
0,prior_0.26_seed_0_ep_000194,194,0.26,0.36,0.448,0.344445,0.359655,0.344342,0.359655,1.0,1.0,1.0,1.0,1.0,0.0,0.0,0.0,0.0,0.0
0,prior_0.26_seed_0_ep_000195,195,0.26,0.36,0.2726,0.344342,0.359655,0.344624,0.359655,0.0,0.0,0.0,1.0,0.0,1.0,0.0,1.0,1.0,0.0
0,prior_0.26_seed_0_ep_000196,196,0.26,0.36,0.2342,0.344624,0.359655,0.344624,0.359655,0.0,0.0,0.0,0.0,0.0,0.0,1.0,0.0,0.0,0.0
0,prior_0.26_seed_0_ep_000197,197,0.26,0.36,0.3239,0.344624,0.359655,0.344624,0.359655,0.018142,0.0,0.0,0.0,0.0,0.0,1.0,0.0,0.0,0.000329
0,prior_0.26_seed_0_ep_000198,198,0.26,0.36,0.6971,0.344624,0.359655,0.344624,0.359655,1.0,1.0,1.0,1.0,1.0,0.0,0.0,0.0,0.0,0.0
0,prior_0.26_seed_0_ep_000199,199,0.26,0.36,0.4329,0.344624,0.359655,0.34446,0.359655,1.0,1.0,1.0,1.0,1.0,0.0,0.0,0.0,0.0,0.0
0,prior_0.26_seed_0_ep_000200,200,0.26,0.36,0.5264,0.34446,0.359655,0.344453,0.359655,1.0,1.0,1.0,1.0,1.0,0.0,0.0,0.0,0.0,0.0
0,prior_0.26_seed_0_ep_000201,201,0.26,0.36,0.666,0.344453,0.359655,0.344453,0.359655,1.0,1.0,1.0,1.0,1.0,0.0,0.0,0.0,0.0,0.0
0,prior_0.26_seed_0_ep_000202,202,0.26,0.36,0.4909,0.344453,0.359655,0.344428,0.359655,1.0,1.0,1.0,1.0,1.0,0.0,0.0,0.0,0.0,0.0
0,prior_0.26_seed_0_ep_000203,203,0.26,0.36,0.2301,0.344428,0.359655,0.344428,0.359655,0.0,0.0,0.0,0.0,0.0,0.0,1.0,0.0,0.0,0.0
0,prior_0.26_seed_0_ep_000204,204,0.26,0.36,0.2743,0.344428,0.359655,0.344428,0.359655,0.0,0.0,0.0,0.0,0.0,0.0,1.0,0.0,0.0,0.0
0,prior_0.26_seed_0_ep_000205,205,0.26,0.36,0.2445,0.344428,0.359655,0.344428,0.359655,0.0,0.0,0.0,0.0,0.0,0.0,1.0,0.0,0.0,0.0
0,prior_0.26_seed_0_ep_000206,206,0.26,0.36,0.2472,0.344428,0.359655,0.344428,0.359655,0.0,0.0,0.0,0.0,0.0,0.0,1.0,0.0,0.0,0.0
0,prior_0.26_seed_0_ep_000207,207,0.26,0.36,0.2665,0.344428,0.359655,0.344428,0.359655,0.0,0.0,0.0,0.0,0.0,0.0,1.0,0.0,0.0,0.0
0,prior_0.26_seed_0_ep_000208,208,0.26,0.36,0.333,0.344428,0.359655,0.344428,0.359655,0.134426,0.0,0.0,0.0,0.0,0.0,1.0,0.0,0.0,0.01807
0,prior_0.26_seed_0_ep_000209,209,0.26,0.36,0.5566,0.344428,0.359655,0.344425,0.359655,1.0,1.0,1.0,1.0,1.0,0.0,0.0,0.0,0.0,0.0
0,prior_0.26_seed_0_ep_000210,210,0.26,0.36,0.2754,0.344425,0.359655,0.344425,0.359655,0.0,0.0,0.0,0.0,0.0,0.0,1.0,0.0,0.0,0.0
0,prior_0.26_seed_0_ep_000211,211,0.26,0.36,0.4408,0.344425,0.359655,0.344299,0.359655,1.0,1.0,1.0,1.0,1.0,0.0,0.0,0.0,0.0,0.0
0,prior_0.26_seed_0_ep_000212,212,0.26,0.36,0.4308,0.344299,0.359655,0.344127,0.359655,1.0,1.0,1.0,1.0,1.0,0.0,0.0,0.0,0.0,0.0
0,prior_0.26_seed_0_ep_000213,213,0.26,0.36,0.4182,0.344127,0.359655,0.343877,0.359655,1.0,1.0,1.0,1.0,1.0,0.0,0.0,0.0,0.0,0.0
0,prior_0.26_seed_0_ep_000214,214,0.26,0.36,0.4931,0.343877,0.359655,0.343855,0.359655,1.0,1.0,1.0,1.0,1.0,0.0,0.0,0.0,0.0,0.0
0,prior_0.26_seed_0_ep_000215,215,0.26,0.36,0.3531,0.343855,0.359655,0.345605,0.362132,0.840178,1.0,0.0,1.0,0.0,0.0,0.0,1.0,1.0,0.705898
0,prior_0.26_seed_0_ep_000216,216,0.26,0.36,0.4173,0.345605,0.362132,0.345348,0.359655,1.0,1.0,1.0,1.0,1.0,0.0,0.0,0.0,0.0,0.0
0,prior_0.26_seed_0_ep_000217,217,0.26,0.36,0.4886,0.345348,0.359655,0.345322,0.359655,1.0,1.0,1.0,1.0,1.0,0.0,0.0,0.0,0.0,0.0
0,prior_0.26_seed_0_ep_000218,218,0.26,0.36,0.2726,0.345322,0.359655,0.345576,0.359655,0.0,0.0,0.0,1.0,0.0,1.0,0.0,1.0,1.0,0.0
0,prior_0.26_seed_0_ep_000219,219,0.26,0.36,0.3852,0.345576,0.359655,0.344954,0.359655,0.999997,1.0,1.0,1.0,1.0,0.0,0.0,0.0,0.0,0.0
0,prior_0.26_seed_0_ep_000220,220,0.26,0.36,0.4954,0.344954,0.359655,0.344934,0.359655,1.0,1.0,1.0,1.0,1.0,0.0,0.0,0.0,0.0,0.0
0,prior_0.26_seed_0_ep_000221,221,0.26,0.36,0.2879,0.344934,0.359655,0.344934,0.359655,0.0,0.0,0.0,0.0,0.0,0.0,1.0,0.0,0.0,0.0
0,prior_0.26_seed_0_ep_000222,222,0.26,0.36,0.2764,0.344934,0.359655,0.344934,0.359655,0.0,0.0,0.0,0.0,0.0,0.0,1.0,0.0,0.0,0.0
0,prior_0.26_seed_0_ep_000223,223,0.26,0.36,0.3562,0.344934,0.359655,0.34662,0.362132,0.881984,1.0,0.0,1.0,0.0,0.0,0.0,1.0,1.0,0.777895
0,prior_0.26_seed_0_ep_000224,224,0.26,0.36,0.6917,0.34662,0.362132,0.34662,0.362132,1.0,1.0,1.0,1.0,1.0,0.0,0.0,0.0,0.0,0.0
0,prior_0.26_seed_0_ep_000225,225,0.26,0.36,0.3961,0.34662,0.362132,0.346164,0.362132,1.0,1.0,1.0,1.0,1.0,0.0,0.0,0.0,0.0,0.0
0,prior_0.26_seed_0_ep_000226,226,0.26,0.36,0.5069,0.346164,0.362132,0.34615,0.362132,1.0,1.0,1.0,1.0,1.0,0.0,0.0,0.0,0.0,0.0
0,prior_0.26_seed_0_ep_000227,227,0.26,0.36,0.4815,0.34615,0.362132,0.346119,0.362132,1.0,1.0,1.0,1.0,1.0,0.0,0.0,0.0,0.0,0.0
0,prior_0.26_seed_0_ep_000228,228,0.26,0.36,0.2882,0.346119,0.362132,0.346119,0.362132,0.0,0.0,0.0,0.0,0.0,0.0,1.0,0.0,0.0,0.0
0,prior_0.26_seed_0_ep_000229,229,0.26,0.36,0.3336,0.346119,0.362132,0.346119,0.362132,0.087581,0.0,0.0,0.0,0.0,0.0,1.0,0.0,0.0,0.00767
0,prior_0.26_seed_0_ep_000230,230,0.26,0.36,0.4503,0.346119,0.362132,0.346033,0.359655,1.0,1.0,1.0,1.0,1.0,0.0,0.0,0.0,0.0,0.0
0,prior_0.26_seed_0_ep_000231,231,0.26,0.36,0.3842,0.346033,0.359655,0.345425,0.359655,0.999991,1.0,1.0,1.0,1.0,0.0,0.0,0.0,0.0,0.0
0,prior_0.26_seed_0_ep_000232,232,0.26,0.36,0.6307,0.345425,0.359655,0.345425,0.359655,1.0,1.0,1.0,1.0,1.0,0.0,0.0,0.0,0.0,0.0
0,prior_0.26_seed_0_ep_000233,233,0.26,0.36,0.615,0.345425,0.359655,0.345424,0.359655,1.0,1.0,1.0,1.0,1.0,0.0,0.0,0.0,0.0,0.0
0,prior_0.26_seed_0_ep_000234,234,0.26,0.36,0.3506,0.345424,0.359655,0.346885,0.362132,0.727461,1.0,0.0,1.0,0.0,0.0,0.0,1.0,1.0,0.529199
0,prior_0.26_seed_0_ep_000235,235,0.26,0.36,0.3505,0.346885,0.362132,0.348263,0.362132,0.673725,1.0,0.0,1.0,0.0,0.0,0.0,1.0,1.0,0.453905
0,prior_0.26_seed_0_ep_000236,236,0.26,0.36,0.3553,0.348263,0.362132,0.349665,0.364608,0.809159,1.0,0.0,1.0,0.0,0.0,0.0,1.0,1.0,0.654738
0,prior_0.26_seed_0_ep_000237,237,0.26,0.36,0.5168,0.349665,0.364608,0.349655,0.364608,1.0,1.0,1.0,1.0,1.0,0.0,0.0,0.0,0.0,0.0
0,prior_0.26_seed_0_ep_000238,238,0.26,0.36,0.6912,0.349655,0.364608,0.349655,0.364608,1.0,1.0,1.0,1.0,1.0,0.0,0.0,0.0,0.0,0.0
0,prior_0.26_seed_0_ep_000239,239,0.26,0.36,0.4204,0.349655,0.364608,0.349437,0.364608,1.0,1.0,1.0,1.0,1.0,0.0,0.0,0.0,0.0,0.0
0,prior_0.26_seed_0_ep_000240,240,0.26,0.36,0.3071,0.349437,0.364608,0.349437,0.364608,1e-06,0.0,0.0,0.0,0.0,0.0,1.0,0.0,0.0,0.0
0,prior_0.26_seed_0_ep_000241,241,0.26,0.36,0.4793,0.349437,0.364608,0.349404,0.362132,1.0,1.0,1.0,1.0,1.0,0.0,0.0,0.0,0.0,0.0
0,prior_0.26_seed_0_ep_000242,242,0.26,0.36,0.5251,0.349404,0.362132,0.349396,0.362132,1.0,1.0,1.0,1.0,1.0,0.0,0.0,0.0,0.0,0.0
0,prior_0.26_seed_0_ep_000243,243,0.26,0.36,0.2042,0.349396,0.362132,0.349396,0.362132,0.0,0.0,0.0,0.0,0.0,0.0,1.0,0.0,0.0,0.0
0,prior_0.26_seed_0_ep_000244,244,0.26,0.36,0.4745,0.349396,0.362132,0.349358,0.362132,1.0,1.0,1.0,1.0,1.0,0.0,0.0,0.0,0.0,0.0
0,prior_0.26_seed_0_ep_000245,245,0.26,0.36,0.2583,0.349358,0.362132,0.349476,0.362132,0.0,0.0,0.0,1.0,0.0,1.0,0.0,1.0,1.0,0.0
0,prior_0.26_seed_0_ep_000246,246,0.26,0.36,0.2429,0.349476,0.362132,0.349476,0.362132,0.0,0.0,0.0,0.0,0.0,0.0,1.0,0.0,0.0,0.0
0,prior_0.26_seed_0_ep_000247,247,0.26,0.36,0.3081,0.349476,0.362132,0.349476,0.362132,4e-06,0.0,0.0,0.0,0.0,0.0,1.0,0.0,0.0,0.0
0,prior_0.26_seed_0_ep_000248,248,0.26,0.36,0.6223,0.349476,0.362132,0.349476,0.362132,1.0,1.0,1.0,1.0,1.0,0.0,0.0,0.0,0.0,0.0
0,prior_0.26_seed_0_ep_000249,249,0.26,0.36,0.3188,0.349476,0.362132,0.349476,0.362132,0.000295,0.0,0.0,0.0,0.0,0.0,1.0,0.0,0.0,0.0
0,prior_0.26_seed_0_ep_000250,250,0.26,0.36,0.5339,0.349476,0.362132,0.34947,0.362132,1.0,1.0,1.0,1.0,1.0,0.0,0.0,0.0,0.0,0.0
0,prior_0.26_seed_0_ep_000251,251,0.26,0.36,0.5129,0.34947,0.362132,0.349459,0.362132,1.0,1.0,1.0,1.0,1.0,0.0,0.0,0.0,0.0,0.0
0,prior_0.26_seed_0_ep_000252,252,0.26,0.36,0.3043,0.349459,0.362132,0.349459,0.362132,0.0,0.0,0.0,0.0,0.0,0.0,1.0,0.0,0.0,0.0
0,prior_0.26_seed_0_ep_000253,253,0.26,0.36,0.2594,0.349459,0.362132,0.349459,0.362132,0.0,0.0,0.0,0.0,0.0,0.0,1.0,0.0,0.0,0.0
0,prior_0.26_seed_0_ep_000254,254,0.26,0.36,0.2313,0.349459,0.362132,0.349459,0.362132,0.0,0.0,0.0,0.0,0.0,0.0,1.0,0.0,0.0,0.0
0,prior_0.26_seed_0_ep_000255,255,0.26,0.36,0.4,0.349459,0.362132,0.349073,0.362132,1.0,1.0,1.0,1.0,1.0,0.0,0.0,0.0,0.0,0.0
0,prior_0.26_seed_0_ep_000256,256,0.26,0.36,0.3713,0.349073,0.362132,0.348294,0.362132,0.995606,1.0,1.0,1.0,1.0,0.0,0.0,0.0,0.0,1.9e-05
0,prior_0.26_seed_0_ep_000257,257,0.26,0.36,0.3068,0.348294,0.362132,0.348294,0.362132,2e-06,0.0,0.0,0.0,0.0,0.0,1.0,0.0,0.0,0.0
0,prior_0.26_seed_0_ep_000258,258,0.26,0.36,0.2546,0.348294,0.362132,0.348294,0.362132,0.0,0.0,0.0,0.0,0.0,0.0,1.0,0.0,0.0,0.0
0,prior_0.26_seed_0_ep_000259,259,0.26,0.36,0.5169,0.348294,0.362132,0.348285,0.362132,1.0,1.0,1.0,1.0,1.0,0.0,0.0,0.0,0.0,0.0
0,prior_0.26_seed_0_ep_000260,260,0.26,0.36,0.4525,0.348285,0.362132,0.348211,0.362132,1.0,1.0,1.0,1.0,1.0,0.0,0.0,0.0,0.0,0.0
0,prior_0.26_seed_0_ep_000261,261,0.26,0.36,0.4896,0.348211,0.362132,0.348189,0.362132,1.0,1.0,1.0,1.0,1.0,0.0,0.0,0.0,0.0,0.0
0,prior_0.26_seed_0_ep_000262,262,0.26,0.36,0.3109,0.348189,0.362132,0.348733,0.362132,1.9e-05,0.0,0.0,1.0,0.0,1.0,0.0,1.0,1.0,0.0
0,prior_0.26_seed_0_ep_000263,263,0.26,0.36,0.2435,0.348733,0.362132,0.348805,0.362132,0.0,0.0,0.0,1.0,0.0,1.0,0.0,1.0,1.0,0.0
0,prior_0.26_seed_0_ep_000264,264,0.26,0.36,0.3346,0.348805,0.362132,0.3497,0.362132,0.037409,0.0,0.0,1.0,0.0,1.0,0.0,1.0,1.0,0.001399
0,prior_0.26_seed_0_ep_000265,265,0.26,0.36,0.4982,0.3497,0.362132,0.349684,0.362132,1.0,1.0,1.0,1.0,1.0,0.0,0.0,0.0,0.0,0.0
0,prior_0.26_seed_0_ep_000266,266,0.26,0.36,0.4003,0.349684,0.362132,0.349324,0.362132,1.0,1.0,1.0,1.0,1.0,0.0,0.0,0.0,0.0,0.0
0,prior_0.26_seed_0_ep_000267,267,0.26,0.36,0.5257,0.349324,0.362132,0.349317,0.362132,1.0,1.0,1.0,1.0,1.0,0.0,0.0,0.0,0.0,0.0
0,prior_0.26_seed_0_ep_000268,268,0.26,0.36,0.2656,0.349317,0.362132,0.349317,0.362132,0.0,0.0,0.0,0.0,0.0,0.0,1.0,0.0,0.0,0.0
0,prior_0.26_seed_0_ep_000269,269,0.26,0.36,0.2848,0.349317,0.362132,0.349317,0.362132,0.0,0.0,0.0,0.0,0.0,0.0,1.0,0.0,0.0,0.0
0,prior_0.26_seed_0_ep_000270,270,0.26,0.36,0.4259,0.349317,0.362132,0.34915,0.362132,1.0,1.0,1.0,1.0,1.0,0.0,0.0,0.0,0.0,0.0
0,prior_0.26_seed_0_ep_000271,271,0.26,0.36,0.4297,0.34915,0.362132,0.349002,0.362132,1.0,1.0,1.0,1.0,1.0,0.0,0.0,0.0,0.0,0.0
0,prior_0.26_seed_0_ep_000272,272,0.26,0.36,0.4505,0.349002,0.362132,0.348926,0.362132,1.0,1.0,1.0,1.0,1.0,0.0,0.0,0.0,0.0,0.0
0,prior_0.26_seed_0_ep_000273,273,0.26,0.36,0.5391,0.348926,0.362132,0.348922,0.362132,1.0,1.0,1.0,1.0,1.0,0.0,0.0,0.0,0.0,0.0
0,prior_0.26_seed_0_ep_000274,274,0.26,0.36,0.6606,0.348922,0.362132,0.348922,0.362132,1.0,1.0,1.0,1.0,1.0,0.0,0.0,0.0,0.0,0.0
0,prior_0.26_seed_0_ep_000275,275,0.26,0.36,0.4872,0.348922,0.362132,0.348899,0.362132,1.0,1.0,1.0,1.0,1.0,0.0,0.0,0.0,0.0,0.0
0,prior_0.26_seed_0_ep_000276,276,0.26,0.36,0.5134,0.348899,0.362132,0.34889,0.362132,1.0,1.0,1.0,1.0,1.0,0.0,0.0,0.0,0.0,0.0
0,prior_0.26_seed_0_ep_000277,277,0.26,0.36,0.2624,0.34889,0.362132,0.34889,0.362132,0.0,0.0,0.0,0.0,0.0,0.0,1.0,0.0,0.0,0.0
0,prior_0.26_seed_0_ep_000278,278,0.26,0.36,0.3866,0.34889,0.362132,0.348391,0.362132,0.999999,1.0,1.0,1.0,1.0,0.0,0.0,0.0,0.0,0.0
0,prior_0.26_seed_0_ep_000279,279,0.26,0.36,0.4674,0.348391,0.362132,0.348348,0.362132,1.0,1.0,1.0,1.0,1.0,0.0,0.0,0.0,0.0,0.0
0,prior_0.26_seed_0_ep_000280,280,0.26,0.36,0.4537,0.348348,0.362132,0.348282,0.362132,1.0,1.0,1.0,1.0,1.0,0.0,0.0,0.0,0.0,0.0
0,prior_0.26_seed_0_ep_000281,281,0.26,0.36,0.5021,0.348282,0.362132,0.348269,0.362132,1.0,1.0,1.0,1.0,1.0,0.0,0.0,0.0,0.0,0.0
0,prior_0.26_seed_0_ep_000282,282,0.26,0.36,0.4474,0.348269,0.362132,0.348188,0.362132,1.0,1.0,1.0,1.0,1.0,0.0,0.0,0.0,0.0,0.0
0,prior_0.26_seed_0_ep_000283,283,0.26,0.36,0.5034,0.348188,0.362132,0.348175,0.362132,1.0,1.0,1.0,1.0,1.0,0.0,0.0,0.0,0.0,0.0
0,prior_0.26_seed_0_ep_000284,284,0.26,0.36,0.4818,0.348175,0.362132,0.348149,0.362132,1.0,1.0,1.0,1.0,1.0,0.0,0.0,0.0,0.0,0.0
0,prior_0.26_seed_0_ep_000285,285,0.26,0.36,0.5016,0.348149,0.362132,0.348135,0.362132,1.0,1.0,1.0,1.0,1.0,0.0,0.0,0.0,0.0,0.0
0,prior_0.26_seed_0_ep_000286,286,0.26,0.36,0.382,0.348135,0.362132,0.347593,0.359655,0.999997,1.0,1.0,1.0,1.0,0.0,0.0,0.0,0.0,0.0
0,prior_0.26_seed_0_ep_000287,287,0.26,0.36,0.3596,0.347593,0.359655,0.348886,0.362132,0.910878,1.0,0.0,1.0,0.0,0.0,0.0,1.0,1.0,0.8297
0,prior_0.26_seed_0_ep_000288,288,0.26,0.36,0.2697,0.348886,0.362132,0.348886,0.362132,0.0,0.0,0.0,0.0,0.0,0.0,1.0,0.0,0.0,0.0
0,prior_0.26_seed_0_ep_000289,289,0.26,0.36,0.3661,0.348886,0.362132,0.348123,0.362132,0.984915,1.0,1.0,1.0,1.0,0.0,0.0,0.0,0.0,0.000228
0,prior_0.26_seed_0_ep_000290,290,0.26,0.36,0.4816,0.348123,0.362132,0.348098,0.362132,1.0,1.0,1.0,1.0,1.0,0.0,0.0,0.0,0.0,0.0
0,prior_0.26_seed_0_ep_000291,291,0.26,0.36,0.2431,0.348098,0.362132,0.348098,0.362132,0.0,0.0,0.0,0.0,0.0,0.0,1.0,0.0,0.0,0.0
0,prior_0.26_seed_0_ep_000292,292,0.26,0.36,0.5004,0.348098,0.362132,0.348085,0.362132,1.0,1.0,1.0,1.0,1.0,0.0,0.0,0.0,0.0,0.0
0,prior_0.26_seed_0_ep_000293,293,0.26,0.36,0.5236,0.348085,0.362132,0.348078,0.362132,1.0,1.0,1.0,1.0,1.0,0.0,0.0,0.0,0.0,0.0
0,prior_0.26_seed_0_ep_000294,294,0.26,0.36,0.3737,0.348078,0.362132,0.347451,0.359655,0.999487,1.0,1.0,1.0,1.0,0.0,0.0,0.0,0.0,0.0
0,prior_0.26_seed_0_ep_000295,295,0.26,0.36,0.2576,0.347451,0.359655,0.347451,0.359655,0.0,0.0,0.0,0.0,0.0,0.0,1.0,0.0,0.0,0.0
0,prior_0.26_seed_0_ep_000296,296,0.26,0.36,0.3028,0.347451,0.359655,0.347451,0.359655,0.0,0.0,0.0,0.0,0.0,0.0,1.0,0.0,0.0,0.0
0,prior_0.26_seed_0_ep_000297,297,0.26,0.36,0.5004,0.347451,0.359655,0.347437,0.359655,1.0,1.0,1.0,1.0,1.0,0.0,0.0,0.0,0.0,0.0
0,prior_0.26_seed_0_ep_000298,298,0.26,0.36,0.4023,0.347437,0.359655,0.347144,0.359655,1.0,1.0,1.0,1.0,1.0,0.0,0.0,0.0,0.0,0.0
0,prior_0.26_seed_0_ep_000299,299,0.26,0.36,0.6582,0.347144,0.359655,0.347144,0.359655,1.0,1.0,1.0,1.0,1.0,0.0,0.0,0.0,0.0,0.0
1,prior_0.26_seed_1_ep_000000,0,0.26,0.36,0.402,0.261357,0.39185,0.25194,0.367085,0.96285,1.0,1.0,1.0,1.0,0.0,0.0,0.0,0.0,0.00138
1,prior_0.26_seed_1_ep_000001,1,0.26,0.36,0.2907,0.25194,0.367085,0.314493,0.394326,0.697044,1.0,0.0,1.0,0.0,0.0,0.0,1.0,1.0,0.485871
1,prior_0.26_seed_1_ep_000002,2,0.26,0.36,0.5832,0.314493,0.394326,0.314455,0.394326,1.0,1.0,1.0,1.0,1.0,0.0,0.0,0.0,0.0,0.0
1,prior_0.26_seed_1_ep_000003,3,0.26,0.36,0.4482,0.314455,0.394326,0.312181,0.389373,0.997056,1.0,1.0,1.0,1.0,0.0,0.0,0.0,0.0,9e-06
1,prior_0.26_seed_1_ep_000004,4,0.26,0.36,0.2709,0.312181,0.389373,0.312181,0.389373,0.192682,0.0,0.0,0.0,0.0,0.0,1.0,0.0,0.0,0.037126
1,prior_0.26_seed_1_ep_000005,5,0.26,0.36,0.4749,0.312181,0.389373,0.311336,0.386897,0.999889,1.0,1.0,1.0,1.0,0.0,0.0,0.0,0.0,0.0
1,prior_0.26_seed_1_ep_000006,6,0.26,0.36,0.3942,0.311336,0.386897,0.304832,0.374514,0.963947,1.0,1.0,1.0,1.0,0.0,0.0,0.0,0.0,0.0013
1,prior_0.26_seed_1_ep_000007,7,0.26,0.36,0.4246,0.304832,0.374514,0.302706,0.369561,0.998938,1.0,1.0,1.0,1.0,0.0,0.0,0.0,0.0,1e-06
1,prior_0.26_seed_1_ep_000008,8,0.26,0.36,0.2427,0.302706,0.369561,0.302706,0.369561,0.086133,0.0,0.0,0.0,0.0,0.0,1.0,0.0,0.0,0.007419
1,prior_0.26_seed_1_ep_000009,9,0.26,0.36,0.2564,0.302706,0.369561,0.302706,0.369561,0.144312,0.0,0.0,0.0,0.0,0.0,1.0,0.0,0.0,0.020826
1,prior_0.26_seed_1_ep_000010,10,0.26,0.36,0.3197,0.302706,0.369561,0.32915,0.38442,0.629137,1.0,0.0,1.0,0.0,0.0,0.0,1.0,1.0,0.395814
1,prior_0.26_seed_1_ep_000011,11,0.26,0.36,0.6527,0.32915,0.38442,0.329149,0.38442,1.0,1.0,1.0,1.0,1.0,0.0,0.0,0.0,0.0,0.0
1,prior_0.26_seed_1_ep_000012,12,0.26,0.36,0.2149,0.329149,0.38442,0.329149,0.38442,0.00123,0.0,0.0,0.0,0.0,0.0,1.0,0.0,0.0,2e-06
1,prior_0.26_seed_1_ep_000013,13,0.26,0.36,0.348,0.329149,0.38442,0.347971,0.394326,0.709808,1.0,0.0,1.0,0.0,0.0,0.0,1.0,1.0,0.503828
1,prior_0.26_seed_1_ep_000014,14,0.26,0.36,0.2845,0.347971,0.394326,0.351606,0.396803,0.016867,0.0,0.0,1.0,0.0,1.0,0.0,1.0,1.0,0.000284
1,prior_0.26_seed_1_ep_000015,15,0.26,0.36,0.2998,0.351606,0.396803,0.351606,0.396803,0.028957,0.0,0.0,0.0,0.0,0.0,1.0,0.0,0.0,0.000839
1,prior_0.26_seed_1_ep_000016,16,0.26,0.36,0.3595,0.351606,0.396803,0.363453,0.404232,0.595275,1.0,0.0,1.0,0.0,0.0,0.0,1.0,1.0,0.354353
1,prior_0.26_seed_1_ep_000017,17,0.26,0.36,0.3209,0.363453,0.404232,0.363453,0.404232,0.046977,0.0,0.0,0.0,0.0,0.0,1.0,0.0,0.0,0.002207
1,prior_0.26_seed_1_ep_000018,18,0.26,0.36,0.4725,0.363453,0.404232,0.362746,0.404232,0.999991,1.0,1.0,1.0,1.0,0.0,0.0,0.0,0.0,0.0
1,prior_0.26_seed_1_ep_000019,19,0.26,0.36,0.3546,0.362746,0.404232,0.362746,0.404232,0.351388,0.0,0.0,0.0,0.0,0.0,1.0,0.0,0.0,0.123474
1,prior_0.26_seed_1_ep_000020,20,0.26,0.36,0.397,0.362746,0.404232,0.357871,0.396803,0.923904,1.0,1.0,1.0,1.0,0.0,0.0,0.0,0.0,0.005791
1,prior_0.26_seed_1_ep_000021,21,0.26,0.36,0.5691,0.357871,0.396803,0.35785,0.396803,1.0,1.0,1.0,1.0,1.0,0.0,0.0,0.0,0.0,0.0
1,prior_0.26_seed_1_ep_000022,22,0.26,0.36,0.5121,0.35785,0.396803,0.357709,0.396803,1.0,1.0,1.0,1.0,1.0,0.0,0.0,0.0,0.0,0.0
1,prior_0.26_seed_1_ep_000023,23,0.26,0.36,0.2069,0.357709,0.396803,0.357878,0.396803,0.0,0.0,0.0,1.0,0.0,1.0,0.0,1.0,1.0,0.0
1,prior_0.26_seed_1_ep_000024,24,0.26,0.36,0.4825,0.357878,0.396803,0.357516,0.394326,1.0,1.0,1.0,1.0,1.0,0.0,0.0,0.0,0.0,0.0
1,prior_0.26_seed_1_ep_000025,25,0.26,0.36,0.3259,0.357516,0.394326,0.357516,0.394326,0.091796,0.0,0.0,0.0,0.0,0.0,1.0,0.0,0.0,0.008427
1,prior_0.26_seed_1_ep_000026,26,0.26,0.36,0.274,0.357516,0.394326,0.357516,0.394326,0.000361,0.0,0.0,0.0,0.0,0.0,1.0,0.0,0.0,0.0
1,prior_0.26_seed_1_ep_000027,27,0.26,0.36,0.3777,0.357516,0.394326,0.351792,0.386897,0.812031,1.0,1.0,1.0,1.0,0.0,0.0,0.0,0.0,0.035332
1,prior_0.26_seed_1_ep_000028,28,0.26,0.36,0.4222,0.351792,0.386897,0.350175,0.38442,0.999524,1.0,1.0,1.0,1.0,0.0,0.0,0.0,0.0,0.0
1,prior_0.26_seed_1_ep_000029,29,0.26,0.36,0.4631,0.350175,0.38442,0.34974,0.38442,1.0,1.0,1.0,1.0,1.0,0.0,0.0,0.0,0.0,0.0
1,prior_0.26_seed_1_ep_000030,30,0.26,0.36,0.2788,0.34974,0.38442,0.351342,0.38442,0.001206,0.0,0.0,1.0,0.0,1.0,0.0,1.0,1.0,1e-06
1,prior_0.26_seed_1_ep_000031,31,0.26,0.36,0.2025,0.351342,0.38442,0.351342,0.38442,0.0,0.0,0.0,0.0,0.0,0.0,1.0,0.0,0.0,0.0
1,prior_0.26_seed_1_ep_000032,32,0.26,0.36,0.2198,0.351342,0.38442,0.351342,0.38442,0.0,0.0,0.0,0.0,0.0,0.0,1.0,0.0,0.0,0.0
1,prior_0.26_seed_1_ep_000033,33,0.26,0.36,0.371,0.351342,0.38442,0.346541,0.379467,0.820439,1.0,1.0,1.0,1.0,0.0,0.0,0.0,0.0,0.032242
1,prior_0.26_seed_1_ep_000034,34,0.26,0.36,0.3917,0.346541,0.379467,0.343969,0.376991,0.986961,1.0,1.0,1.0,1.0,0.0,0.0,0.0,0.0,0.00017
1,prior_0.26_seed_1_ep_000035,35,0.26,0.36,0.3667,0.343969,0.376991,0.339955,0.372038,0.865582,1.0,1.0,1.0,1.0,0.0,0.0,0.0,0.0,0.018068
1,prior_0.26_seed_1_ep_000036,36,0.26,0.36,0.5384,0.339955,0.372038,0.339936,0.372038,1.0,1.0,1.0,1.0,1.0,0.0,0.0,0.0,0.0,0.0
1,prior_0.26_seed_1_ep_000037,37,0.26,0.36,0.4438,0.339936,0.372038,0.339505,0.369561,1.0,1.0,1.0,1.0,1.0,0.0,0.0,0.0,0.0,0.0
1,prior_0.26_seed_1_ep_000038,38,0.26,0.36,0.2692,0.339505,0.369561,0.340747,0.372038,0.000365,0.0,0.0,1.0,0.0,1.0,0.0,1.0,1.0,0.0
1,prior_0.26_seed_1_ep_000039,39,0.26,0.36,0.4893,0.340747,0.372038,0.340651,0.372038,1.0,1.0,1.0,1.0,1.0,0.0,0.0,0.0,0.0,0.0
1,prior_0.26_seed_1_ep_000040,40,0.26,0.36,0.3116,0.340651,0.372038,0.343867,0.372038,0.062573,0.0,0.0,1.0,0.0,1.0,0.0,1.0,1.0,0.003915
1,prior_0.26_seed_1_ep_000041,41,0.26,0.36,0.4673,0.343867,0.372038,0.343669,0.372038,1.0,1.0,1.0,1.0,1.0,0.0,0.0,0.0,0.0,0.0
1,prior_0.26_seed_1_ep_000042,42,0.26,0.36,0.3774,0.343669,0.372038,0.341081,0.369561,0.975746,1.0,1.0,1.0,1.0,0.0,0.0,0.0,0.0,0.000588
1,prior_0.26_seed_1_ep_000043,43,0.26,0.36,0.5601,0.341081,0.369561,0.341073,0.369561,1.0,1.0,1.0,1.0,1.0,0.0,0.0,0.0,0.0,0.0
1,prior_0.26_seed_1_ep_000044,44,0.26,0.36,0.6694,0.341073,0.369561,0.341073,0.369561,1.0,1.0,1.0,1.0,1.0,0.0,0.0,0.0,0.0,0.0
1,prior_0.26_seed_1_ep_000045,45,0.26,0.36,0.5343,0.341073,0.369561,0.341054,0.369561,1.0,1.0,1.0,1.0,1.0,0.0,0.0,0.0,0.0,0.0
1,prior_0.26_seed_1_ep_000046,46,0.26,0.36,0.5652,0.341054,0.369561,0.341047,0.369561,1.0,1.0,1.0,1.0,1.0,0.0,0.0,0.0,0.0,0.0
1,prior_0.26_seed_1_ep_000047,47,0.26,0.36,0.3367,0.341047,0.369561,0.341047,0.369561,0.383077,0.0,0.0,0.0,0.0,0.0,1.0,0.0,0.0,0.146748
1,prior_0.26_seed_1_ep_000048,48,0.26,0.36,0.3021,0.341047,0.369561,0.343283,0.369561,0.01395,0.0,0.0,1.0,0.0,1.0,0.0,1.0,1.0,0.000195
1,prior_0.26_seed_1_ep_000049,49,0.26,0.36,0.5875,0.343283,0.369561,0.34328,0.369561,1.0,1.0,1.0,1.0,1.0,0.0,0.0,0.0,0.0,0.0
1,prior_0.26_seed_1_ep_000050,50,0.26,0.36,0.2764,0.34328,0.369561,0.34328,0.369561,8.7e-05,0.0,0.0,0.0,0.0,0.0,1.0,0.0,0.0,0.0
1,prior_0.26_seed_1_ep_000051,51,0.26,0.36,0.2547,0.34328,0.369561,0.34328,0.369561,0.0,0.0,0.0,0.0,0.0,0.0,1.0,0.0,0.0,0.0
1,prior_0.26_seed_1_ep_000052,52,0.26,0.36,0.4104,0.34328,0.369561,0.342302,0.369561,0.999982,1.0,1.0,1.0,1.0,0.0,0.0,0.0,0.0,0.0
1,prior_0.26_seed_1_ep_000053,53,0.26,0.36,0.2626,0.342302,0.369561,0.342302,0.369561,3e-06,0.0,0.0,0.0,0.0,0.0,1.0,0.0,0.0,0.0
1,prior_0.26_seed_1_ep_000054,54,0.26,0.36,0.288,0.342302,0.369561,0.342302,0.369561,0.001105,0.0,0.0,0.0,0.0,0.0,1.0,0.0,0.0,1e-06
1,prior_0.26_seed_1_ep_000055,55,0.26,0.36,0.375,0.342302,0.369561,0.339991,0.367085,0.979675,1.0,1.0,1.0,1.0,0.0,0.0,0.0,0.0,0.000413
1,prior_0.26_seed_1_ep_000056,56,0.26,0.36,0.2214,0.339991,0.367085,0.339991,0.367085,0.0,0.0,0.0,0.0,0.0,0.0,1.0,0.0,0.0,0.0
1,prior_0.26_seed_1_ep_000057,57,0.26,0.36,0.2629,0.339991,0.367085,0.339991,0.367085,5e-06,0.0,0.0,0.0,0.0,0.0,1.0,0.0,0.0,0.0
1,prior_0.26_seed_1_ep_000058,58,0.26,0.36,0.4658,0.339991,0.367085,0.339843,0.367085,1.0,1.0,1.0,1.0,1.0,0.0,0.0,0.0,0.0,0.0
1,prior_0.26_seed_1_ep_000059,59,0.26,0.36,0.465,0.339843,0.367085,0.339693,0.367085,1.0,1.0,1.0,1.0,1.0,0.0,0.0,0.0,0.0,0.0
1,prior_0.26_seed_1_ep_000060,60,0.26,0.36,0.3063,0.339693,0.367085,0.339693,0.367085,0.023085,0.0,0.0,0.0,0.0,0.0,1.0,0.0,0.0,0.000533
1,prior_0.26_seed_1_ep_000061,61,0.26,0.36,0.4784,0.339693,0.367085,0.339596,0.367085,1.0,1.0,1.0,1.0,1.0,0.0,0.0,0.0,0.0,0.0
1,prior_0.26_seed_1_ep_000062,62,0.26,0.36,0.4017,0.339596,0.367085,0.338559,0.364608,0.999961,1.0,1.0,1.0,1.0,0.0,0.0,0.0,0.0,0.0
1,prior_0.26_seed_1_ep_000063,63,0.26,0.36,0.5706,0.338559,0.364608,0.338555,0.364608,1.0,1.0,1.0,1.0,1.0,0.0,0.0,0.0,0.0,0.0
1,prior_0.26_seed_1_ep_000064,64,0.26,0.36,0.2947,0.338555,0.364608,0.338555,0.364608,0.003945,0.0,0.0,0.0,0.0,0.0,1.0,0.0,0.0,1.6e-05
1,prior_0.26_seed_1_ep_000065,65,0.26,0.36,0.3692,0.338555,0.364608,0.336314,0.362132,0.971049,1.0,1.0,1.0,1.0,0.0,0.0,0.0,0.0,0.000838
1,prior_0.26_seed_1_ep_000066,66,0.26,0.36,0.4253,0.336314,0.362132,0.335874,0.362132,1.0,1.0,1.0,1.0,1.0,0.0,0.0,0.0,0.0,0.0
1,prior_0.26_seed_1_ep_000067,67,0.26,0.36,0.3349,0.335874,0.362132,0.335874,0.362132,0.498694,0.0,0.0,0.0,0.0,0.0,1.0,0.0,0.0,0.248696
1,prior_0.26_seed_1_ep_000068,68,0.26,0.36,0.6389,0.335874,0.362132,0.335874,0.362132,1.0,1.0,1.0,1.0,1.0,0.0,0.0,0.0,0.0,0.0
1,prior_0.26_seed_1_ep_000069,69,0.26,0.36,0.4641,0.335874,0.362132,0.33575,0.362132,1.0,1.0,1.0,1.0,1.0,0.0,0.0,0.0,0.0,0.0
1,prior_0.26_seed_1_ep_000070,70,0.26,0.36,0.5371,0.33575,0.362132,0.335738,0.362132,1.0,1.0,1.0,1.0,1.0,0.0,0.0,0.0,0.0,0.0
1,prior_0.26_seed_1_ep_000071,71,0.26,0.36,0.29,0.335738,0.362132,0.335738,0.362132,0.002319,0.0,0.0,0.0,0.0,0.0,1.0,0.0,0.0,5e-06
1,prior_0.26_seed_1_ep_000072,72,0.26,0.36,0.4247,0.335738,0.362132,0.335305,0.359655,1.0,1.0,1.0,1.0,1.0,0.0,0.0,0.0,0.0,0.0
1,prior_0.26_seed_1_ep_000073,73,0.26,0.36,0.4545,0.335305,0.359655,0.335141,0.359655,1.0,1.0,1.0,1.0,1.0,0.0,0.0,0.0,0.0,0.0
1,prior_0.26_seed_1_ep_000074,74,0.26,0.36,0.4344,0.335141,0.359655,0.334832,0.359655,1.0,1.0,1.0,1.0,1.0,0.0,0.0,0.0,0.0,0.0
1,prior_0.26_seed_1_ep_000075,75,0.26,0.36,0.5146,0.334832,0.359655,0.33481,0.359655,1.0,1.0,1.0,1.0,1.0,0.0,0.0,0.0,0.0,0.0
1,prior_0.26_seed_1_ep_000076,76,0.26,0.36,0.6379,0.33481,0.359655,0.334809,0.359655,1.0,1.0,1.0,1.0,1.0,0.0,0.0,0.0,0.0,0.0
1,prior_0.26_seed_1_ep_000077,77,0.26,0.36,0.4239,0.334809,0.359655,0.334389,0.359655,1.0,1.0,1.0,1.0,1.0,0.0,0.0,0.0,0.0,0.0
1,prior_0.26_seed_1_ep_000078,78,0.26,0.36,0.3778,0.334389,0.359655,0.332869,0.357179,0.998666,1.0,1.0,1.0,1.0,0.0,0.0,0.0,0.0,2e-06
1,prior_0.26_seed_1_ep_000079,79,0.26,0.36,0.4038,0.332869,0.357179,0.332171,0.357179,1.0,1.0,1.0,1.0,1.0,0.0,0.0,0.0,0.0,0.0
1,prior_0.26_seed_1_ep_000080,80,0.26,0.36,0.3884,0.332171,0.357179,0.33113,0.354702,0.99997,1.0,1.0,1.0,1.0,0.0,0.0,0.0,0.0,0.0
1,prior_0.26_seed_1_ep_000081,81,0.26,0.36,0.2698,0.33113,0.354702,0.33113,0.354702,7.8e-05,0.0,0.0,0.0,0.0,0.0,1.0,0.0,0.0,0.0
1,prior_0.26_seed_1_ep_000082,82,0.26,0.36,0.4818,0.33113,0.354702,0.331076,0.354702,1.0,1.0,1.0,1.0,1.0,0.0,0.0,0.0,0.0,0.0
1,prior_0.26_seed_1_ep_000083,83,0.26,0.36,0.3684,0.331076,0.354702,0.329416,0.352226,0.995624,1.0,1.0,1.0,1.0,0.0,0.0,0.0,0.0,1.9e-05
1,prior_0.26_seed_1_ep_000084,84,0.26,0.36,0.2307,0.329416,0.352226,0.329416,0.352226,0.0,0.0,0.0,0.0,0.0,0.0,1.0,0.0,0.0,0.0
1,prior_0.26_seed_1_ep_000085,85,0.26,0.36,0.3095,0.329416,0.352226,0.329416,0.352226,0.085822,0.0,0.0,0.0,0.0,0.0,1.0,0.0,0.0,0.007365
1,prior_0.26_seed_1_ep_000086,86,0.26,0.36,0.5384,0.329416,0.352226,0.329409,0.352226,1.0,1.0,1.0,1.0,1.0,0.0,0.0,0.0,0.0,0.0
1,prior_0.26_seed_1_ep_000087,87,0.26,0.36,0.6656,0.329409,0.352226,0.329409,0.352226,1.0,1.0,1.0,1.0,1.0,0.0,0.0,0.0,0.0,0.0
1,prior_0.26_seed_1_ep_000088,88,0.26,0.36,0.3091,0.329409,0.352226,0.329409,0.352226,0.085881,0.0,0.0,0.0,0.0,0.0,1.0,0.0,0.0,0.007376
1,prior_0.26_seed_1_ep_000089,89,0.26,0.36,0.2854,0.329409,0.352226,0.329409,0.352226,0.003187,0.0,0.0,0.0,0.0,0.0,1.0,0.0,0.0,1e-05
1,prior_0.26_seed_1_ep_000090,90,0.26,0.36,0.4971,0.329409,0.352226,0.329379,0.352226,1.0,1.0,1.0,1.0,1.0,0.0,0.0,0.0,0.0,0.0
1,prior_0.26_seed_1_ep_000091,91,0.26,0.36,0.6338,0.329379,0.352226,0.329379,0.352226,1.0,1.0,1.0,1.0,1.0,0.0,0.0,0.0,0.0,0.0
1,prior_0.26_seed_1_ep_000092,92,0.26,0.36,0.2998,0.329379,0.352226,0.329379,0.352226,0.023736,0.0,0.0,0.0,0.0,0.0,1.0,0.0,0.0,0.000563
1,prior_0.26_seed_1_ep_000093,93,0.26,0.36,0.383,0.329379,0.352226,0.328314,0.352226,0.999962,1.0,1.0,1.0,1.0,0.0,0.0,0.0,0.0,0.0
1,prior_0.26_seed_1_ep_000094,94,0.26,0.36,0.5311,0.328314,0.352226,0.328305,0.352226,1.0,1.0,1.0,1.0,1.0,0.0,0.0,0.0,0.0,0.0
1,prior_0.26_seed_1_ep_000095,95,0.26,0.36,0.441,0.328305,0.352226,0.32813,0.352226,1.0,1.0,1.0,1.0,1.0,0.0,0.0,0.0,0.0,0.0
1,prior_0.26_seed_1_ep_000096,96,0.26,0.36,0.562,0.32813,0.352226,0.328127,0.352226,1.0,1.0,1.0,1.0,1.0,0.0,0.0,0.0,0.0,0.0
1,prior_0.26_seed_1_ep_000097,97,0.26,0.36,0.3928,0.328127,0.352226,0.327361,0.349749,1.0,1.0,1.0,1.0,1.0,0.0,0.0,0.0,0.0,0.0
1,prior_0.26_seed_1_ep_000098,98,0.26,0.36,0.4604,0.327361,0.349749,0.327272,0.349749,1.0,1.0,1.0,1.0,1.0,0.0,0.0,0.0,0.0,0.0
1,prior_0.26_seed_1_ep_000099,99,0.26,0.36,0.4637,0.327272,0.349749,0.327193,0.349749,1.0,1.0,1.0,1.0,1.0,0.0,0.0,0.0,0.0,0.0
1,prior_0.26_seed_1_ep_000100,100,0.26,0.36,0.3583,0.327193,0.349749,0.332017,0.354702,0.988055,1.0,0.0,1.0,0.0,0.0,0.0,1.0,1.0,0.976253
1,prior_0.26_seed_1_ep_000101,101,0.26,0.36,0.3696,0.332017,0.354702,0.330613,0.352226,0.998618,1.0,1.0,1.0,1.0,0.0,0.0,0.0,0.0,2e-06
1,prior_0.26_seed_1_ep_000102,102,0.26,0.36,0.4885,0.330613,0.352226,0.330578,0.352226,1.0,1.0,1.0,1.0,1.0,0.0,0.0,0.0,0.0,0.0
1,prior_0.26_seed_1_ep_000103,103,0.26,0.36,0.3415,0.330578,0.352226,0.334057,0.354702,0.775898,1.0,0.0,1.0,0.0,0.0,0.0,1.0,1.0,0.602018
1,prior_0.26_seed_1_ep_000104,104,0.26,0.36,0.5576,0.334057,0.354702,0.334054,0.354702,1.0,1.0,1.0,1.0,1.0,0.0,0.0,0.0,0.0,0.0
1,prior_0.26_seed_1_ep_000105,105,0.26,0.36,0.5045,0.334054,0.354702,0.334033,0.354702,1.0,1.0,1.0,1.0,1.0,0.0,0.0,0.0,0.0,0.0
1,prior_0.26_seed_1_ep_000106,106,0.26,0.36,0.3674,0.334033,0.354702,0.332633,0.352226,0.997137,1.0,1.0,1.0,1.0,0.0,0.0,0.0,0.0,8e-06
1,prior_0.26_seed_1_ep_000107,107,0.26,0.36,0.6141,0.332633,0.352226,0.332633,0.352226,1.0,1.0,1.0,1.0,1.0,0.0,0.0,0.0,0.0,0.0
1,prior_0.26_seed_1_ep_000108,108,0.26,0.36,0.5385,0.332633,0.352226,0.332627,0.352226,1.0,1.0,1.0,1.0,1.0,0.0,0.0,0.0,0.0,0.0
1,prior_0.26_seed_1_ep_000109,109,0.26,0.36,0.6779,0.332627,0.352226,0.332627,0.352226,1.0,1.0,1.0,1.0,1.0,0.0,0.0,0.0,0.0,0.0
1,prior_0.26_seed_1_ep_000110,110,0.26,0.36,0.33,0.332627,0.352226,0.332627,0.352226,0.445848,0.0,0.0,0.0,0.0,0.0,1.0,0.0,0.0,0.19878
1,prior_0.26_seed_1_ep_000111,111,0.26,0.36,0.2326,0.332627,0.352226,0.332842,0.354702,0.0,0.0,0.0,1.0,0.0,1.0,0.0,1.0,1.0,0.0
1,prior_0.26_seed_1_ep_000112,112,0.26,0.36,0.3906,0.332842,0.354702,0.332121,0.352226,1.0,1.0,1.0,1.0,1.0,0.0,0.0,0.0,0.0,0.0
1,prior_0.26_seed_1_ep_000113,113,0.26,0.36,0.5099,0.332121,0.352226,0.332105,0.352226,1.0,1.0,1.0,1.0,1.0,0.0,0.0,0.0,0.0,0.0
1,prior_0.26_seed_1_ep_000114,114,0.26,0.36,0.6891,0.332105,0.352226,0.332105,0.352226,1.0,1.0,1.0,1.0,1.0,0.0,0.0,0.0,0.0,0.0
1,prior_0.26_seed_1_ep_000115,115,0.26,0.36,0.5239,0.332105,0.352226,0.332095,0.352226,1.0,1.0,1.0,1.0,1.0,0.0,0.0,0.0,0.0,0.0
1,prior_0.26_seed_1_ep_000116,116,0.26,0.36,0.2301,0.332095,0.352226,0.332095,0.352226,0.0,0.0,0.0,0.0,0.0,0.0,1.0,0.0,0.0,0.0
1,prior_0.26_seed_1_ep_000117,117,0.26,0.36,0.3906,0.332095,0.352226,0.331398,0.352226,1.0,1.0,1.0,1.0,1.0,0.0,0.0,0.0,0.0,0.0
1,prior_0.26_seed_1_ep_000118,118,0.26,0.36,0.2457,0.331398,0.352226,0.331398,0.352226,0.0,0.0,0.0,0.0,0.0,0.0,1.0,0.0,0.0,0.0
1,prior_0.26_seed_1_ep_000119,119,0.26,0.36,0.4759,0.331398,0.352226,0.331352,0.352226,1.0,1.0,1.0,1.0,1.0,0.0,0.0,0.0,0.0,0.0
1,prior_0.26_seed_1_ep_000120,120,0.26,0.36,0.2531,0.331352,0.352226,0.331759,0.352226,0.0,0.0,0.0,1.0,0.0,1.0,0.0,1.0,1.0,0.0
1,prior_0.26_seed_1_ep_000121,121,0.26,0.36,0.4835,0.331759,0.352226,0.331723,0.352226,1.0,1.0,1.0,1.0,1.0,0.0,0.0,0.0,0.0,0.0
1,prior_0.26_seed_1_ep_000122,122,0.26,0.36,0.4062,0.331723,0.352226,0.331299,0.352226,1.0,1.0,1.0,1.0,1.0,0.0,0.0,0.0,0.0,0.0
1,prior_0.26_seed_1_ep_000123,123,0.26,0.36,0.5399,0.331299,0.352226,0.331293,0.352226,1.0,1.0,1.0,1.0,1.0,0.0,0.0,0.0,0.0,0.0
1,prior_0.26_seed_1_ep_000124,124,0.26,0.36,0.2426,0.331293,0.352226,0.331293,0.352226,0.0,0.0,0.0,0.0,0.0,0.0,1.0,0.0,0.0,0.0
1,prior_0.26_seed_1_ep_000125,125,0.26,0.36,0.3146,0.331293,0.352226,0.331293,0.352226,0.085822,0.0,0.0,0.0,0.0,0.0,1.0,0.0,0.0,0.007365
1,prior_0.26_seed_1_ep_000126,126,0.26,0.36,0.2703,0.331293,0.352226,0.331293,0.352226,4e-06,0.0,0.0,0.0,0.0,0.0,1.0,0.0,0.0,0.0
1,prior_0.26_seed_1_ep_000127,127,0.26,0.36,0.2911,0.331293,0.352226,0.331293,0.352226,0.001527,0.0,0.0,0.0,0.0,0.0,1.0,0.0,0.0,2e-06
1,prior_0.26_seed_1_ep_000128,128,0.26,0.36,0.2954,0.331293,0.352226,0.331293,0.352226,0.004418,0.0,0.0,0.0,0.0,0.0,1.0,0.0,0.0,2e-05
1,prior_0.26_seed_1_ep_000129,129,0.26,0.36,0.5126,0.331293,0.352226,0.33128,0.352226,1.0,1.0,1.0,1.0,1.0,0.0,0.0,0.0,0.0,0.0
1,prior_0.26_seed_1_ep_000130,130,0.26,0.36,0.4593,0.33128,0.352226,0.331203,0.352226,1.0,1.0,1.0,1.0,1.0,0.0,0.0,0.0,0.0,0.0
1,prior_0.26_seed_1_ep_000131,131,0.26,0.36,0.4565,0.331203,0.352226,0.331119,0.352226,1.0,1.0,1.0,1.0,1.0,0.0,0.0,0.0,0.0,0.0
1,prior_0.26_seed_1_ep_000132,132,0.26,0.36,0.2735,0.331119,0.352226,0.331832,0.352226,1.9e-05,0.0,0.0,1.0,0.0,1.0,0.0,1.0,1.0,0.0
1,prior_0.26_seed_1_ep_000133,133,0.26,0.36,0.3552,0.331832,0.352226,0.335166,0.354702,0.977966,1.0,0.0,1.0,0.0,0.0,0.0,1.0,1.0,0.956417
1,prior_0.26_seed_1_ep_000134,134,0.26,0.36,0.4691,0.335166,0.354702,0.335109,0.354702,1.0,1.0,1.0,1.0,1.0,0.0,0.0,0.0,0.0,0.0
1,prior_0.26_seed_1_ep_000135,135,0.26,0.36,0.2309,0.335109,0.354702,0.335109,0.354702,0.0,0.0,0.0,0.0,0.0,0.0,1.0,0.0,0.0,0.0
1,prior_0.26_seed_1_ep_000136,136,0.26,0.36,0.5332,0.335109,0.354702,0.335102,0.354702,1.0,1.0,1.0,1.0,1.0,0.0,0.0,0.0,0.0,0.0
1,prior_0.26_seed_1_ep_000137,137,0.26,0.36,0.4079,0.335102,0.354702,0.334704,0.354702,1.0,1.0,1.0,1.0,1.0,0.0,0.0,0.0,0.0,0.0
1,prior_0.26_seed_1_ep_000138,138,0.26,0.36,0.4832,0.334704,0.354702,0.334669,0.354702,1.0,1.0,1.0,1.0,1.0,0.0,0.0,0.0,0.0,0.0
1,prior_0.26_seed_1_ep_000139,139,0.26,0.36,0.6219,0.334669,0.354702,0.334669,0.354702,1.0,1.0,1.0,1.0,1.0,0.0,0.0,0.0,0.0,0.0
1,prior_0.26_seed_1_ep_000140,140,0.26,0.36,0.2899,0.334669,0.354702,0.334669,0.354702,0.000185,0.0,0.0,0.0,0.0,0.0,1.0,0.0,0.0,0.0
1,prior_0.26_seed_1_ep_000141,141,0.26,0.36,0.5258,0.334669,0.354702,0.33466,0.354702,1.0,1.0,1.0,1.0,1.0,0.0,0.0,0.0,0.0,0.0
1,prior_0.26_seed_1_ep_000142,142,0.26,0.36,0.2581,0.33466,0.354702,0.33466,0.354702,0.0,0.0,0.0,0.0,0.0,0.0,1.0,0.0,0.0,0.0
1,prior_0.26_seed_1_ep_000143,143,0.26,0.36,0.4652,0.33466,0.354702,0.334597,0.354702,1.0,1.0,1.0,1.0,1.0,0.0,0.0,0.0,0.0,0.0
1,prior_0.26_seed_1_ep_000144,144,0.26,0.36,0.5757,0.334597,0.354702,0.334595,0.354702,1.0,1.0,1.0,1.0,1.0,0.0,0.0,0.0,0.0,0.0
1,prior_0.26_seed_1_ep_000145,145,0.26,0.36,0.2308,0.334595,0.354702,0.334595,0.354702,0.0,0.0,0.0,0.0,0.0,0.0,1.0,0.0,0.0,0.0
1,prior_0.26_seed_1_ep_000146,146,0.26,0.36,0.5088,0.334595,0.354702,0.33458,0.354702,1.0,1.0,1.0,1.0,1.0,0.0,0.0,0.0,0.0,0.0
1,prior_0.26_seed_1_ep_000147,147,0.26,0.36,0.4556,0.33458,0.354702,0.334494,0.354702,1.0,1.0,1.0,1.0,1.0,0.0,0.0,0.0,0.0,0.0
1,prior_0.26_seed_1_ep_000148,148,0.26,0.36,0.5269,0.334494,0.354702,0.334486,0.354702,1.0,1.0,1.0,1.0,1.0,0.0,0.0,0.0,0.0,0.0
1,prior_0.26_seed_1_ep_000149,149,0.26,0.36,0.5319,0.334486,0.354702,0.334479,0.354702,1.0,1.0,1.0,1.0,1.0,0.0,0.0,0.0,0.0,0.0
1,prior_0.26_seed_1_ep_000150,150,0.26,0.36,0.5912,0.334479,0.354702,0.334478,0.354702,1.0,1.0,1.0,1.0,1.0,0.0,0.0,0.0,0.0,0.0
1,prior_0.26_seed_1_ep_000151,151,0.26,0.36,0.2987,0.334478,0.354702,0.334478,0.354702,0.00234,0.0,0.0,0.0,0.0,0.0,1.0,0.0,0.0,5e-06
1,prior_0.26_seed_1_ep_000152,152,0.26,0.36,0.4937,0.334478,0.354702,0.334454,0.354702,1.0,1.0,1.0,1.0,1.0,0.0,0.0,0.0,0.0,0.0
1,prior_0.26_seed_1_ep_000153,153,0.26,0.36,0.4476,0.334454,0.354702,0.334343,0.352226,1.0,1.0,1.0,1.0,1.0,0.0,0.0,0.0,0.0,0.0
1,prior_0.26_seed_1_ep_000154,154,0.26,0.36,0.4497,0.334343,0.352226,0.33424,0.352226,1.0,1.0,1.0,1.0,1.0,0.0,0.0,0.0,0.0,0.0
1,prior_0.26_seed_1_ep_000155,155,0.26,0.36,0.3419,0.33424,0.352226,0.336771,0.354702,0.71343,1.0,0.0,1.0,0.0,0.0,0.0,1.0,1.0,0.508982
1,prior_0.26_seed_1_ep_000156,156,0.26,0.36,0.6708,0.336771,0.354702,0.336771,0.354702,1.0,1.0,1.0,1.0,1.0,0.0,0.0,0.0,0.0,0.0
1,prior_0.26_seed_1_ep_000157,157,0.26,0.36,0.6129,0.336771,0.354702,0.336771,0.354702,1.0,1.0,1.0,1.0,1.0,0.0,0.0,0.0,0.0,0.0
1,prior_0.26_seed_1_ep_000158,158,0.26,0.36,0.5297,0.336771,0.354702,0.336763,0.354702,1.0,1.0,1.0,1.0,1.0,0.0,0.0,0.0,0.0,0.0
1,prior_0.26_seed_1_ep_000159,159,0.26,0.36,0.4451,0.336763,0.354702,0.336643,0.354702,1.0,1.0,1.0,1.0,1.0,0.0,0.0,0.0,0.0,0.0
1,prior_0.26_seed_1_ep_000160,160,0.26,0.36,0.236,0.336643,0.354702,0.336643,0.354702,0.0,0.0,0.0,0.0,0.0,0.0,1.0,0.0,0.0,0.0
1,prior_0.26_seed_1_ep_000161,161,0.26,0.36,0.5093,0.336643,0.354702,0.336628,0.354702,1.0,1.0,1.0,1.0,1.0,0.0,0.0,0.0,0.0,0.0
1,prior_0.26_seed_1_ep_000162,162,0.26,0.36,0.3711,0.336628,0.354702,0.335582,0.354702,0.999207,1.0,1.0,1.0,1.0,0.0,0.0,0.0,0.0,1e-06
1,prior_0.26_seed_1_ep_000163,163,0.26,0.36,0.2564,0.335582,0.354702,0.335582,0.354702,0.0,0.0,0.0,0.0,0.0,0.0,1.0,0.0,0.0,0.0
1,prior_0.26_seed_1_ep_000164,164,0.26,0.36,0.4883,0.335582,0.354702,0.335555,0.354702,1.0,1.0,1.0,1.0,1.0,0.0,0.0,0.0,0.0,0.0
1,prior_0.26_seed_1_ep_000165,165,0.26,0.36,0.3307,0.335555,0.354702,0.335555,0.354702,0.343031,0.0,0.0,0.0,0.0,0.0,1.0,0.0,0.0,0.11767
1,prior_0.26_seed_1_ep_000166,166,0.26,0.36,0.5027,0.335555,0.354702,0.335537,0.354702,1.0,1.0,1.0,1.0,1.0,0.0,0.0,0.0,0.0,0.0
1,prior_0.26_seed_1_ep_000167,167,0.26,0.36,0.4572,0.335537,0.354702,0.335461,0.354702,1.0,1.0,1.0,1.0,1.0,0.0,0.0,0.0,0.0,0.0
1,prior_0.26_seed_1_ep_000168,168,0.26,0.36,0.4392,0.335461,0.354702,0.335324,0.354702,1.0,1.0,1.0,1.0,1.0,0.0,0.0,0.0,0.0,0.0
1,prior_0.26_seed_1_ep_000169,169,0.26,0.36,0.364,0.335324,0.354702,0.334149,0.352226,0.995215,1.0,1.0,1.0,1.0,0.0,0.0,0.0,0.0,2.3e-05
1,prior_0.26_seed_1_ep_000170,170,0.26,0.36,0.2537,0.334149,0.352226,0.334149,0.352226,0.0,0.0,0.0,0.0,0.0,0.0,1.0,0.0,0.0,0.0
1,prior_0.26_seed_1_ep_000171,171,0.26,0.36,0.4309,0.334149,0.352226,0.333981,0.352226,1.0,1.0,1.0,1.0,1.0,0.0,0.0,0.0,0.0,0.0
1,prior_0.26_seed_1_ep_000172,172,0.26,0.36,0.5385,0.333981,0.352226,0.333976,0.352226,1.0,1.0,1.0,1.0,1.0,0.0,0.0,0.0,0.0,0.0
1,prior_0.26_seed_1_ep_000173,173,0.26,0.36,0.4667,0.333976,0.352226,0.333924,0.352226,1.0,1.0,1.0,1.0,1.0,0.0,0.0,0.0,0.0,0.0
1,prior_0.26_seed_1_ep_000174,174,0.26,0.36,0.2261,0.333924,0.352226,0.333924,0.352226,0.0,0.0,0.0,0.0,0.0,0.0,1.0,0.0,0.0,0.0
1,prior_0.26_seed_1_ep_000175,175,0.26,0.36,0.6879,0.333924,0.352226,0.333924,0.352226,1.0,1.0,1.0,1.0,1.0,0.0,0.0,0.0,0.0,0.0
1,prior_0.26_seed_1_ep_000176,176,0.26,0.36,0.4123,0.333924,0.352226,0.333628,0.352226,1.0,1.0,1.0,1.0,1.0,0.0,0.0,0.0,0.0,0.0
1,prior_0.26_seed_1_ep_000177,177,0.26,0.36,0.2366,0.333628,0.352226,0.333628,0.352226,0.0,0.0,0.0,0.0,0.0,0.0,1.0,0.0,0.0,0.0
1,prior_0.26_seed_1_ep_000178,178,0.26,0.36,0.4154,0.333628,0.352226,0.333363,0.352226,1.0,1.0,1.0,1.0,1.0,0.0,0.0,0.0,0.0,0.0
1,prior_0.26_seed_1_ep_000179,179,0.26,0.36,0.2499,0.333363,0.352226,0.333624,0.352226,0.0,0.0,0.0,1.0,0.0,1.0,0.0,1.0,1.0,0.0
1,prior_0.26_seed_1_ep_000180,180,0.26,0.36,0.2848,0.333624,0.352226,0.333624,0.352226,2.2e-05,0.0,0.0,0.0,0.0,0.0,1.0,0.0,0.0,0.0
1,prior_0.26_seed_1_ep_000181,181,0.26,0.36,0.4623,0.333624,0.352226,0.333566,0.352226,1.0,1.0,1.0,1.0,1.0,0.0,0.0,0.0,0.0,0.0
1,prior_0.26_seed_1_ep_000182,182,0.26,0.36,0.6119,0.333566,0.352226,0.333566,0.352226,1.0,1.0,1.0,1.0,1.0,0.0,0.0,0.0,0.0,0.0
1,prior_0.26_seed_1_ep_000183,183,0.26,0.36,0.2855,0.333566,0.352226,0.333566,0.352226,4.8e-05,0.0,0.0,0.0,0.0,0.0,1.0,0.0,0.0,0.0
1,prior_0.26_seed_1_ep_000184,184,0.26,0.36,0.3681,0.333566,0.352226,0.332584,0.349749,0.999571,1.0,1.0,1.0,1.0,0.0,0.0,0.0,0.0,0.0
1,prior_0.26_seed_1_ep_000185,185,0.26,0.36,0.4189,0.332584,0.349749,0.332361,0.349749,1.0,1.0,1.0,1.0,1.0,0.0,0.0,0.0,0.0,0.0
1,prior_0.26_seed_1_ep_000186,186,0.26,0.36,0.3373,0.332361,0.349749,0.334477,0.352226,0.626658,1.0,0.0,1.0,0.0,0.0,0.0,1.0,1.0,0.3927
1,prior_0.26_seed_1_ep_000187,187,0.26,0.36,0.4886,0.334477,0.352226,0.334454,0.352226,1.0,1.0,1.0,1.0,1.0,0.0,0.0,0.0,0.0,0.0
1,prior_0.26_seed_1_ep_000188,188,0.26,0.36,0.2758,0.334454,0.352226,0.334454,0.352226,1e-06,0.0,0.0,0.0,0.0,0.0,1.0,0.0,0.0,0.0
1,prior_0.26_seed_1_ep_000189,189,0.26,0.36,0.2695,0.334454,0.352226,0.334454,0.352226,0.0,0.0,0.0,0.0,0.0,0.0,1.0,0.0,0.0,0.0
1,prior_0.26_seed_1_ep_000190,190,0.26,0.36,0.212,0.334454,0.352226,0.334454,0.352226,0.0,0.0,0.0,0.0,0.0,0.0,1.0,0.0,0.0,0.0
1,prior_0.26_seed_1_ep_000191,191,0.26,0.36,0.4081,0.334454,0.352226,0.334144,0.352226,1.0,1.0,1.0,1.0,1.0,0.0,0.0,0.0,0.0,0.0
1,prior_0.26_seed_1_ep_000192,192,0.26,0.36,0.2398,0.334144,0.352226,0.334144,0.352226,0.0,0.0,0.0,0.0,0.0,0.0,1.0,0.0,0.0,0.0
1,prior_0.26_seed_1_ep_000193,193,0.26,0.36,0.5252,0.334144,0.352226,0.334138,0.352226,1.0,1.0,1.0,1.0,1.0,0.0,0.0,0.0,0.0,0.0
1,prior_0.26_seed_1_ep_000194,194,0.26,0.36,0.5052,0.334138,0.352226,0.334124,0.352226,1.0,1.0,1.0,1.0,1.0,0.0,0.0,0.0,0.0,0.0
1,prior_0.26_seed_1_ep_000195,195,0.26,0.36,0.247,0.334124,0.352226,0.334336,0.352226,0.0,0.0,0.0,1.0,0.0,1.0,0.0,1.0,1.0,0.0
1,prior_0.26_seed_1_ep_000196,196,0.26,0.36,0.3333,0.334336,0.352226,0.336136,0.352226,0.466083,0.0,0.0,1.0,0.0,1.0,0.0,1.0,1.0,0.217234
1,prior_0.26_seed_1_ep_000197,197,0.26,0.36,0.2811,0.336136,0.352226,0.336648,0.352226,1e-06,0.0,0.0,1.0,0.0,1.0,0.0,1.0,1.0,0.0
1,prior_0.26_seed_1_ep_000198,198,0.26,0.36,0.2399,0.336648,0.352226,0.336648,0.352226,0.0,0.0,0.0,0.0,0.0,0.0,1.0,0.0,0.0,0.0
1,prior_0.26_seed_1_ep_000199,199,0.26,0.36,0.3752,0.336648,0.352226,0.33589,0.352226,0.999976,1.0,1.0,1.0,1.0,0.0,0.0,0.0,0.0,0.0
1,prior_0.26_seed_1_ep_000200,200,0.26,0.36,0.2744,0.33589,0.352226,0.33589,0.352226,0.0,0.0,0.0,0.0,0.0,0.0,1.0,0.0,0.0,0.0
1,prior_0.26_seed_1_ep_000201,201,0.26,0.36,0.2072,0.33589,0.352226,0.33589,0.352226,0.0,0.0,0.0,0.0,0.0,0.0,1.0,0.0,0.0,0.0
1,prior_0.26_seed_1_ep_000202,202,0.26,0.36,0.5376,0.33589,0.352226,0.335885,0.352226,1.0,1.0,1.0,1.0,1.0,0.0,0.0,0.0,0.0,0.0
1,prior_0.26_seed_1_ep_000203,203,0.26,0.36,0.2481,0.335885,0.352226,0.335885,0.352226,0.0,0.0,0.0,0.0,0.0,0.0,1.0,0.0,0.0,0.0
1,prior_0.26_seed_1_ep_000204,204,0.26,0.36,0.4786,0.335885,0.352226,0.335854,0.352226,1.0,1.0,1.0,1.0,1.0,0.0,0.0,0.0,0.0,0.0
1,prior_0.26_seed_1_ep_000205,205,0.26,0.36,0.272,0.335854,0.352226,0.33624,0.352226,0.0,0.0,0.0,1.0,0.0,1.0,0.0,1.0,1.0,0.0
1,prior_0.26_seed_1_ep_000206,206,0.26,0.36,0.5496,0.33624,0.352226,0.336237,0.352226,1.0,1.0,1.0,1.0,1.0,0.0,0.0,0.0,0.0,0.0
1,prior_0.26_seed_1_ep_000207,207,0.26,0.36,0.2869,0.336237,0.352226,0.336237,0.352226,3e-06,0.0,0.0,0.0,0.0,0.0,1.0,0.0,0.0,0.0
1,prior_0.26_seed_1_ep_000208,208,0.26,0.36,0.5452,0.336237,0.352226,0.336234,0.352226,1.0,1.0,1.0,1.0,1.0,0.0,0.0,0.0,0.0,0.0
1,prior_0.26_seed_1_ep_000209,209,0.26,0.36,0.2784,0.336234,0.352226,0.336234,0.352226,0.0,0.0,0.0,0.0,0.0,0.0,1.0,0.0,0.0,0.0
1,prior_0.26_seed_1_ep_000210,210,0.26,0.36,0.3882,0.336234,0.352226,0.335716,0.352226,1.0,1.0,1.0,1.0,1.0,0.0,0.0,0.0,0.0,0.0
1,prior_0.26_seed_1_ep_000211,211,0.26,0.36,0.3049,0.335716,0.352226,0.335716,0.352226,0.001308,0.0,0.0,0.0,0.0,0.0,1.0,0.0,0.0,2e-06
1,prior_0.26_seed_1_ep_000212,212,0.26,0.36,0.4371,0.335716,0.352226,0.335601,0.352226,1.0,1.0,1.0,1.0,1.0,0.0,0.0,0.0,0.0,0.0
1,prior_0.26_seed_1_ep_000213,213,0.26,0.36,0.5469,0.335601,0.352226,0.335598,0.352226,1.0,1.0,1.0,1.0,1.0,0.0,0.0,0.0,0.0,0.0
1,prior_0.26_seed_1_ep_000214,214,0.26,0.36,0.3515,0.335598,0.352226,0.337654,0.354702,0.940483,1.0,0.0,1.0,0.0,0.0,0.0,1.0,1.0,0.884508
1,prior_0.26_seed_1_ep_000215,215,0.26,0.36,0.382,0.337654,0.354702,0.337055,0.352226,1.0,1.0,1.0,1.0,1.0,0.0,0.0,0.0,0.0,0.0
1,prior_0.26_seed_1_ep_000216,216,0.26,0.36,0.5301,0.337055,0.352226,0.337049,0.352226,1.0,1.0,1.0,1.0,1.0,0.0,0.0,0.0,0.0,0.0
1,prior_0.26_seed_1_ep_000217,217,0.26,0.36,0.3741,0.337049,0.352226,0.336334,0.352226,0.999959,1.0,1.0,1.0,1.0,0.0,0.0,0.0,0.0,0.0
1,prior_0.26_seed_1_ep_000218,218,0.26,0.36,0.4269,0.336334,0.352226,0.336183,0.352226,1.0,1.0,1.0,1.0,1.0,0.0,0.0,0.0,0.0,0.0
1,prior_0.26_seed_1_ep_000219,219,0.26,0.36,0.3407,0.336183,0.352226,0.33783,0.352226,0.688799,1.0,0.0,1.0,0.0,0.0,0.0,1.0,1.0,0.474444
1,prior_0.26_seed_1_ep_000220,220,0.26,0.36,0.2794,0.33783,0.352226,0.33783,0.352226,0.0,0.0,0.0,0.0,0.0,0.0,1.0,0.0,0.0,0.0
1,prior_0.26_seed_1_ep_000221,221,0.26,0.36,0.3459,0.33783,0.352226,0.339493,0.354702,0.805523,1.0,0.0,1.0,0.0,0.0,0.0,1.0,1.0,0.648867
1,prior_0.26_seed_1_ep_000222,222,0.26,0.36,0.3461,0.339493,0.354702,0.341057,0.354702,0.757007,1.0,0.0,1.0,0.0,0.0,0.0,1.0,1.0,0.573059
1,prior_0.26_seed_1_ep_000223,223,0.26,0.36,0.4983,0.341057,0.354702,0.341042,0.354702,1.0,1.0,1.0,1.0,1.0,0.0,0.0,0.0,0.0,0.0
1,prior_0.26_seed_1_ep_000224,224,0.26,0.36,0.4827,0.341042,0.354702,0.341017,0.354702,1.0,1.0,1.0,1.0,1.0,0.0,0.0,0.0,0.0,0.0
1,prior_0.26_seed_1_ep_000225,225,0.26,0.36,0.4719,0.341017,0.354702,0.340981,0.354702,1.0,1.0,1.0,1.0,1.0,0.0,0.0,0.0,0.0,0.0
1,prior_0.26_seed_1_ep_000226,226,0.26,0.36,0.4646,0.340981,0.354702,0.340935,0.354702,1.0,1.0,1.0,1.0,1.0,0.0,0.0,0.0,0.0,0.0
1,prior_0.26_seed_1_ep_000227,227,0.26,0.36,0.421,0.340935,0.354702,0.340752,0.354702,1.0,1.0,1.0,1.0,1.0,0.0,0.0,0.0,0.0,0.0
1,prior_0.26_seed_1_ep_000228,228,0.26,0.36,0.2931,0.340752,0.354702,0.340752,0.354702,1e-06,0.0,0.0,0.0,0.0,0.0,1.0,0.0,0.0,0.0
1,prior_0.26_seed_1_ep_000229,229,0.26,0.36,0.4964,0.340752,0.354702,0.340736,0.354702,1.0,1.0,1.0,1.0,1.0,0.0,0.0,0.0,0.0,0.0
1,prior_0.26_seed_1_ep_000230,230,0.26,0.36,0.2853,0.340736,0.354702,0.340736,0.354702,0.0,0.0,0.0,0.0,0.0,0.0,1.0,0.0,0.0,0.0
1,prior_0.26_seed_1_ep_000231,231,0.26,0.36,0.2639,0.340736,0.354702,0.340943,0.354702,0.0,0.0,0.0,1.0,0.0,1.0,0.0,1.0,1.0,0.0
1,prior_0.26_seed_1_ep_000232,232,0.26,0.36,0.3206,0.340943,0.354702,0.340943,0.354702,0.016972,0.0,0.0,0.0,0.0,0.0,1.0,0.0,0.0,0.000288
1,prior_0.26_seed_1_ep_000233,233,0.26,0.36,0.3881,0.340943,0.354702,0.340471,0.354702,1.0,1.0,1.0,1.0,1.0,0.0,0.0,0.0,0.0,0.0
1,prior_0.26_seed_1_ep_000234,234,0.26,0.36,0.4206,0.340471,0.354702,0.340292,0.354702,1.0,1.0,1.0,1.0,1.0,0.0,0.0,0.0,0.0,0.0
1,prior_0.26_seed_1_ep_000235,235,0.26,0.36,0.5088,0.340292,0.354702,0.340281,0.354702,1.0,1.0,1.0,1.0,1.0,0.0,0.0,0.0,0.0,0.0
1,prior_0.26_seed_1_ep_000236,236,0.26,0.36,0.4346,0.340281,0.354702,0.340167,0.354702,1.0,1.0,1.0,1.0,1.0,0.0,0.0,0.0,0.0,0.0
1,prior_0.26_seed_1_ep_000237,237,0.26,0.36,0.3222,0.340167,0.354702,0.340167,0.354702,0.020026,0.0,0.0,0.0,0.0,0.0,1.0,0.0,0.0,0.000401
1,prior_0.26_seed_1_ep_000238,238,0.26,0.36,0.6769,0.340167,0.354702,0.340167,0.354702,1.0,1.0,1.0,1.0,1.0,0.0,0.0,0.0,0.0,0.0
1,prior_0.26_seed_1_ep_000239,239,0.26,0.36,0.2956,0.340167,0.354702,0.340674,0.354702,3e-06,0.0,0.0,1.0,0.0,1.0,0.0,1.0,1.0,0.0
1,prior_0.26_seed_1_ep_000240,240,0.26,0.36,0.3431,0.340674,0.354702,0.342022,0.357179,0.622181,1.0,0.0,1.0,0.0,0.0,0.0,1.0,1.0,0.387109
1,prior_0.26_seed_1_ep_000241,241,0.26,0.36,0.4364,0.342022,0.357179,0.341914,0.357179,1.0,1.0,1.0,1.0,1.0,0.0,0.0,0.0,0.0,0.0
1,prior_0.26_seed_1_ep_000242,242,0.26,0.36,0.543,0.341914,0.357179,0.341911,0.357179,1.0,1.0,1.0,1.0,1.0,0.0,0.0,0.0,0.0,0.0
1,prior_0.26_seed_1_ep_000243,243,0.26,0.36,0.3704,0.341911,0.357179,0.341204,0.354702,0.999723,1.0,1.0,1.0,1.0,0.0,0.0,0.0,0.0,0.0
1,prior_0.26_seed_1_ep_000244,244,0.26,0.36,0.412,0.341204,0.354702,0.340983,0.354702,1.0,1.0,1.0,1.0,1.0,0.0,0.0,0.0,0.0,0.0
1,prior_0.26_seed_1_ep_000245,245,0.26,0.36,0.3402,0.340983,0.354702,0.340983,0.354702,0.498653,0.0,0.0,0.0,0.0,0.0,1.0,0.0,0.0,0.248655
1,prior_0.26_seed_1_ep_000246,246,0.26,0.36,0.2604,0.340983,0.354702,0.34115,0.354702,0.0,0.0,0.0,1.0,0.0,1.0,0.0,1.0,1.0,0.0
1,prior_0.26_seed_1_ep_000247,247,0.26,0.36,0.2938,0.34115,0.354702,0.34115,0.354702,0.0,0.0,0.0,0.0,0.0,0.0,1.0,0.0,0.0,0.0
1,prior_0.26_seed_1_ep_000248,248,0.26,0.36,0.4698,0.34115,0.354702,0.341115,0.354702,1.0,1.0,1.0,1.0,1.0,0.0,0.0,0.0,0.0,0.0
1,prior_0.26_seed_1_ep_000249,249,0.26,0.36,0.2873,0.341115,0.354702,0.341115,0.354702,0.0,0.0,0.0,0.0,0.0,0.0,1.0,0.0,0.0,0.0
1,prior_0.26_seed_1_ep_000250,250,0.26,0.36,0.3691,0.341115,0.354702,0.340416,0.354702,0.999484,1.0,1.0,1.0,1.0,0.0,0.0,0.0,0.0,0.0
1,prior_0.26_seed_1_ep_000251,251,0.26,0.36,0.3869,0.340416,0.354702,0.339981,0.354702,1.0,1.0,1.0,1.0,1.0,0.0,0.0,0.0,0.0,0.0
1,prior_0.26_seed_1_ep_000252,252,0.26,0.36,0.4644,0.339981,0.354702,0.339942,0.354702,1.0,1.0,1.0,1.0,1.0,0.0,0.0,0.0,0.0,0.0
1,prior_0.26_seed_1_ep_000253,253,0.26,0.36,0.4743,0.339942,0.354702,0.339913,0.354702,1.0,1.0,1.0,1.0,1.0,0.0,0.0,0.0,0.0,0.0
1,prior_0.26_seed_1_ep_000254,254,0.26,0.36,0.5668,0.339913,0.354702,0.339912,0.354702,1.0,1.0,1.0,1.0,1.0,0.0,0.0,0.0,0.0,0.0
1,prior_0.26_seed_1_ep_000255,255,0.26,0.36,0.3545,0.339912,0.354702,0.341393,0.354702,0.946196,1.0,0.0,1.0,0.0,0.0,0.0,1.0,1.0,0.895286
1,prior_0.26_seed_1_ep_000256,256,0.26,0.36,0.67,0.341393,0.354702,0.341393,0.354702,1.0,1.0,1.0,1.0,1.0,0.0,0.0,0.0,0.0,0.0
1,prior_0.26_seed_1_ep_000257,257,0.26,0.36,0.3444,0.341393,0.354702,0.342612,0.357179,0.596552,1.0,0.0,1.0,0.0,0.0,0.0,1.0,1.0,0.355874
1,prior_0.26_seed_1_ep_000258,258,0.26,0.36,0.4611,0.342612,0.357179,0.342568,0.357179,1.0,1.0,1.0,1.0,1.0,0.0,0.0,0.0,0.0,0.0
1,prior_0.26_seed_1_ep_000259,259,0.26,0.36,0.4801,0.342568,0.357179,0.342544,0.357179,1.0,1.0,1.0,1.0,1.0,0.0,0.0,0.0,0.0,0.0
1,prior_0.26_seed_1_ep_000260,260,0.26,0.36,0.44,0.342544,0.357179,0.342457,0.354702,1.0,1.0,1.0,1.0,1.0,0.0,0.0,0.0,0.0,0.0
1,prior_0.26_seed_1_ep_000261,261,0.26,0.36,0.2909,0.342457,0.354702,0.342812,0.357179,0.0,0.0,0.0,1.0,0.0,1.0,0.0,1.0,1.0,0.0
1,prior_0.26_seed_1_ep_000262,262,0.26,0.36,0.5146,0.342812,0.357179,0.342804,0.357179,1.0,1.0,1.0,1.0,1.0,0.0,0.0,0.0,0.0,0.0
1,prior_0.26_seed_1_ep_000263,263,0.26,0.36,0.4649,0.342804,0.357179,0.342765,0.357179,1.0,1.0,1.0,1.0,1.0,0.0,0.0,0.0,0.0,0.0
1,prior_0.26_seed_1_ep_000264,264,0.26,0.36,0.3143,0.342765,0.357179,0.342765,0.357179,0.000366,0.0,0.0,0.0,0.0,0.0,1.0,0.0,0.0,0.0
1,prior_0.26_seed_1_ep_000265,265,0.26,0.36,0.3004,0.342765,0.357179,0.342765,0.357179,1e-06,0.0,0.0,0.0,0.0,0.0,1.0,0.0,0.0,0.0
1,prior_0.26_seed_1_ep_000266,266,0.26,0.36,0.4116,0.342765,0.357179,0.342556,0.354702,1.0,1.0,1.0,1.0,1.0,0.0,0.0,0.0,0.0,0.0
1,prior_0.26_seed_1_ep_000267,267,0.26,0.36,0.6206,0.342556,0.354702,0.342556,0.354702,1.0,1.0,1.0,1.0,1.0,0.0,0.0,0.0,0.0,0.0
1,prior_0.26_seed_1_ep_000268,268,0.26,0.36,0.6475,0.342556,0.354702,0.342556,0.354702,1.0,1.0,1.0,1.0,1.0,0.0,0.0,0.0,0.0,0.0
1,prior_0.26_seed_1_ep_000269,269,0.26,0.36,0.483,0.342556,0.354702,0.342534,0.354702,1.0,1.0,1.0,1.0,1.0,0.0,0.0,0.0,0.0,0.0
1,prior_0.26_seed_1_ep_000270,270,0.26,0.36,0.2258,0.342534,0.354702,0.342534,0.354702,0.0,0.0,0.0,0.0,0.0,0.0,1.0,0.0,0.0,0.0
1,prior_0.26_seed_1_ep_000271,271,0.26,0.36,0.5301,0.342534,0.354702,0.34253,0.354702,1.0,1.0,1.0,1.0,1.0,0.0,0.0,0.0,0.0,0.0
1,prior_0.26_seed_1_ep_000272,272,0.26,0.36,0.2258,0.34253,0.354702,0.34253,0.354702,0.0,0.0,0.0,0.0,0.0,0.0,1.0,0.0,0.0,0.0
1,prior_0.26_seed_1_ep_000273,273,0.26,0.36,0.5045,0.34253,0.354702,0.34252,0.354702,1.0,1.0,1.0,1.0,1.0,0.0,0.0,0.0,0.0,0.0
1,prior_0.26_seed_1_ep_000274,274,0.26,0.36,0.3476,0.34252,0.354702,0.343714,0.357179,0.766412,1.0,0.0,1.0,0.0,0.0,0.0,1.0,1.0,0.587387
1,prior_0.26_seed_1_ep_000275,275,0.26,0.36,0.446,0.343714,0.357179,0.343643,0.357179,1.0,1.0,1.0,1.0,1.0,0.0,0.0,0.0,0.0,0.0
1,prior_0.26_seed_1_ep_000276,276,0.26,0.36,0.4903,0.343643,0.357179,0.343626,0.357179,1.0,1.0,1.0,1.0,1.0,0.0,0.0,0.0,0.0,0.0
1,prior_0.26_seed_1_ep_000277,277,0.26,0.36,0.3679,0.343626,0.357179,0.342962,0.357179,0.999256,1.0,1.0,1.0,1.0,0.0,0.0,0.0,0.0,1e-06
1,prior_0.26_seed_1_ep_000278,278,0.26,0.36,0.4514,0.342962,0.357179,0.342904,0.354702,1.0,1.0,1.0,1.0,1.0,0.0,0.0,0.0,0.0,0.0
1,prior_0.26_seed_1_ep_000279,279,0.26,0.36,0.4602,0.342904,0.354702,0.342861,0.354702,1.0,1.0,1.0,1.0,1.0,0.0,0.0,0.0,0.0,0.0
1,prior_0.26_seed_1_ep_000280,280,0.26,0.36,0.5273,0.342861,0.354702,0.342856,0.354702,1.0,1.0,1.0,1.0,1.0,0.0,0.0,0.0,0.0,0.0
1,prior_0.26_seed_1_ep_000281,281,0.26,0.36,0.302,0.342856,0.354702,0.342856,0.354702,1e-06,0.0,0.0,0.0,0.0,0.0,1.0,0.0,0.0,0.0
1,prior_0.26_seed_1_ep_000282,282,0.26,0.36,0.3986,0.342856,0.354702,0.342564,0.354702,1.0,1.0,1.0,1.0,1.0,0.0,0.0,0.0,0.0,0.0
1,prior_0.26_seed_1_ep_000283,283,0.26,0.36,0.6279,0.342564,0.354702,0.342564,0.354702,1.0,1.0,1.0,1.0,1.0,0.0,0.0,0.0,0.0,0.0
1,prior_0.26_seed_1_ep_000284,284,0.26,0.36,0.6287,0.342564,0.354702,0.342564,0.354702,1.0,1.0,1.0,1.0,1.0,0.0,0.0,0.0,0.0,0.0
1,prior_0.26_seed_1_ep_000285,285,0.26,0.36,0.2597,0.342564,0.354702,0.342564,0.354702,0.0,0.0,0.0,0.0,0.0,0.0,1.0,0.0,0.0,0.0
1,prior_0.26_seed_1_ep_000286,286,0.26,0.36,0.3971,0.342564,0.354702,0.342263,0.354702,1.0,1.0,1.0,1.0,1.0,0.0,0.0,0.0,0.0,0.0
1,prior_0.26_seed_1_ep_000287,287,0.26,0.36,0.2291,0.342263,0.354702,0.342263,0.354702,0.0,0.0,0.0,0.0,0.0,0.0,1.0,0.0,0.0,0.0
1,prior_0.26_seed_1_ep_000288,288,0.26,0.36,0.2806,0.342263,0.354702,0.342263,0.354702,0.0,0.0,0.0,0.0,0.0,0.0,1.0,0.0,0.0,0.0
1,prior_0.26_seed_1_ep_000289,289,0.26,0.36,0.2253,0.342263,0.354702,0.342263,0.354702,0.0,0.0,0.0,0.0,0.0,0.0,1.0,0.0,0.0,0.0
1,prior_0.26_seed_1_ep_000290,290,0.26,0.36,0.47,0.342263,0.354702,0.342233,0.354702,1.0,1.0,1.0,1.0,1.0,0.0,0.0,0.0,0.0,0.0
1,prior_0.26_seed_1_ep_000291,291,0.26,0.36,0.4941,0.342233,0.354702,0.342219,0.354702,1.0,1.0,1.0,1.0,1.0,0.0,0.0,0.0,0.0,0.0
1,prior_0.26_seed_1_ep_000292,292,0.26,0.36,0.35,0.342219,0.354702,0.343395,0.357179,0.865671,1.0,0.0,1.0,0.0,0.0,0.0,1.0,1.0,0.749386
1,prior_0.26_seed_1_ep_000293,293,0.26,0.36,0.3998,0.343395,0.357179,0.34312,0.354702,1.0,1.0,1.0,1.0,1.0,0.0,0.0,0.0,0.0,0.0
1,prior_0.26_seed_1_ep_000294,294,0.26,0.36,0.6306,0.34312,0.354702,0.34312,0.354702,1.0,1.0,1.0,1.0,1.0,0.0,0.0,0.0,0.0,0.0
1,prior_0.26_seed_1_ep_000295,295,0.26,0.36,0.326,0.34312,0.354702,0.343857,0.357179,0.017296,0.0,0.0,1.0,0.0,1.0,0.0,1.0,1.0,0.000299
1,prior_0.26_seed_1_ep_000296,296,0.26,0.36,0.2328,0.343857,0.357179,0.343907,0.357179,0.0,0.0,0.0,1.0,0.0,1.0,0.0,1.0,1.0,0.0
1,prior_0.26_seed_1_ep_000297,297,0.26,0.36,0.2994,0.343907,0.357179,0.343907,0.357179,0.0,0.0,0.0,0.0,0.0,0.0,1.0,0.0,0.0,0.0
1,prior_0.26_seed_1_ep_000298,298,0.26,0.36,0.4954,0.343907,0.357179,0.343894,0.357179,1.0,1.0,1.0,1.0,1.0,0.0,0.0,0.0,0.0,0.0
1,prior_0.26_seed_1_ep_000299,299,0.26,0.36,0.5105,0.343894,0.357179,0.343886,0.357179,1.0,1.0,1.0,1.0,1.0,0.0,0.0,0.0,0.0,0.0
2,prior_0.26_seed_2_ep_000000,0,0.26,0.36,0.495,0.261357,0.39185,0.259965,0.386897,0.998311,1.0,1.0,1.0,1.0,0.0,0.0,0.0,0.0,3e-06
2,prior_0.26_seed_2_ep_000001,1,0.26,0.36,0.5978,0.259965,0.386897,0.25992,0.386897,1.0,1.0,1.0,1.0,1.0,0.0,0.0,0.0,0.0,0.0
2,prior_0.26_seed_2_ep_000002,2,0.26,0.36,0.222,0.25992,0.386897,0.25992,0.386897,0.316926,0.0,0.0,0.0,0.0,0.0,1.0,0.0,0.0,0.100442
2,prior_0.26_seed_2_ep_000003,3,0.26,0.36,0.3611,0.25992,0.386897,0.243498,0.349749,0.902278,1.0,1.0,1.0,1.0,0.0,0.0,0.0,0.0,0.00955
2,prior_0.26_seed_2_ep_000004,4,0.26,0.36,0.3882,0.243498,0.349749,0.239164,0.339843,0.991103,1.0,1.0,1.0,1.0,0.0,0.0,0.0,0.0,7.9e-05
2,prior_0.26_seed_2_ep_000005,5,0.26,0.36,0.4433,0.239164,0.339843,0.238507,0.337367,0.999966,1.0,1.0,1.0,1.0,0.0,0.0,0.0,0.0,0.0
2,prior_0.26_seed_2_ep_000006,6,0.26,0.36,0.5085,0.238507,0.337367,0.238433,0.337367,1.0,1.0,1.0,1.0,1.0,0.0,0.0,0.0,0.0,0.0
2,prior_0.26_seed_2_ep_000007,7,0.26,0.36,0.4165,0.238433,0.337367,0.237072,0.33489,0.999752,1.0,1.0,1.0,1.0,0.0,0.0,0.0,0.0,0.0
2,prior_0.26_seed_2_ep_000008,8,0.26,0.36,0.518,0.237072,0.33489,0.237026,0.33489,1.0,1.0,1.0,1.0,1.0,0.0,0.0,0.0,0.0,0.0
2,prior_0.26_seed_2_ep_000009,9,0.26,0.36,0.5341,0.237026,0.33489,0.236999,0.33489,1.0,1.0,1.0,1.0,1.0,0.0,0.0,0.0,0.0,0.0
2,prior_0.26_seed_2_ep_000010,10,0.26,0.36,0.4611,0.236999,0.33489,0.2367,0.33489,1.0,1.0,1.0,1.0,1.0,0.0,0.0,0.0,0.0,0.0
2,prior_0.26_seed_2_ep_000011,11,0.26,0.36,0.2879,0.2367,0.33489,0.294006,0.357179,0.780362,1.0,0.0,1.0,0.0,0.0,0.0,1.0,1.0,0.608966
2,prior_0.26_seed_2_ep_000012,12,0.26,0.36,0.3284,0.294006,0.357179,0.3226,0.374514,0.796857,1.0,0.0,1.0,0.0,0.0,0.0,1.0,1.0,0.63498
2,prior_0.26_seed_2_ep_000013,13,0.26,0.36,0.3688,0.3226,0.374514,0.316413,0.364608,0.928745,1.0,1.0,1.0,1.0,0.0,0.0,0.0,0.0,0.005077
2,prior_0.26_seed_2_ep_000014,14,0.26,0.36,0.4042,0.316413,0.364608,0.314445,0.362132,0.999062,1.0,1.0,1.0,1.0,0.0,0.0,0.0,0.0,1e-06
2,prior_0.26_seed_2_ep_000015,15,0.26,0.36,0.2212,0.314445,0.362132,0.314445,0.362132,0.003671,0.0,0.0,0.0,0.0,0.0,1.0,0.0,0.0,1.3e-05
2,prior_0.26_seed_2_ep_000016,16,0.26,0.36,0.2054,0.314445,0.362132,0.314445,0.362132,0.001032,0.0,0.0,0.0,0.0,0.0,1.0,0.0,0.0,1e-06
2,prior_0.26_seed_2_ep_000017,17,0.26,0.36,0.432,0.314445,0.362132,0.313674,0.359655,0.999997,1.0,1.0,1.0,1.0,0.0,0.0,0.0,0.0,0.0
2,prior_0.26_seed_2_ep_000018,18,0.26,0.36,0.3841,0.313674,0.359655,0.310763,0.354702,0.995021,1.0,1.0,1.0,1.0,0.0,0.0,0.0,0.0,2.5e-05
2,prior_0.26_seed_2_ep_000019,19,0.26,0.36,0.5051,0.310763,0.354702,0.310704,0.354702,1.0,1.0,1.0,1.0,1.0,0.0,0.0,0.0,0.0,0.0
2,prior_0.26_seed_2_ep_000020,20,0.26,0.36,0.3095,0.310704,0.354702,0.310704,0.354702,0.452215,0.0,0.0,0.0,0.0,0.0,1.0,0.0,0.0,0.204498
2,prior_0.26_seed_2_ep_000021,21,0.26,0.36,0.5204,0.310704,0.354702,0.310669,0.354702,1.0,1.0,1.0,1.0,1.0,0.0,0.0,0.0,0.0,0.0
2,prior_0.26_seed_2_ep_000022,22,0.26,0.36,0.414,0.310669,0.354702,0.309588,0.354702,0.999984,1.0,1.0,1.0,1.0,0.0,0.0,0.0,0.0,0.0
2,prior_0.26_seed_2_ep_000023,23,0.26,0.36,0.4905,0.309588,0.354702,0.309501,0.354702,1.0,1.0,1.0,1.0,1.0,0.0,0.0,0.0,0.0,0.0
2,prior_0.26_seed_2_ep_000024,24,0.26,0.36,0.38,0.309501,0.354702,0.306839,0.349749,0.997556,1.0,1.0,1.0,1.0,0.0,0.0,0.0,0.0,6e-06
2,prior_0.26_seed_2_ep_000025,25,0.26,0.36,0.2482,0.306839,0.349749,0.306839,0.349749,0.026686,0.0,0.0,0.0,0.0,0.0,1.0,0.0,0.0,0.000712
2,prior_0.26_seed_2_ep_000026,26,0.26,0.36,0.3694,0.306839,0.349749,0.303712,0.347273,0.992816,1.0,1.0,1.0,1.0,0.0,0.0,0.0,0.0,5.2e-05
2,prior_0.26_seed_2_ep_000027,27,0.26,0.36,0.5171,0.303712,0.347273,0.303686,0.347273,1.0,1.0,1.0,1.0,1.0,0.0,0.0,0.0,0.0,0.0
2,prior_0.26_seed_2_ep_000028,28,0.26,0.36,0.2364,0.303686,0.347273,0.303686,0.347273,0.016262,0.0,0.0,0.0,0.0,0.0,1.0,0.0,0.0,0.000264
2,prior_0.26_seed_2_ep_000029,29,0.26,0.36,0.2205,0.303686,0.347273,0.305923,0.347273,0.004933,0.0,0.0,1.0,0.0,1.0,0.0,1.0,1.0,2.4e-05
2,prior_0.26_seed_2_ep_000030,30,0.26,0.36,0.4181,0.305923,0.347273,0.305269,0.347273,1.0,1.0,1.0,1.0,1.0,0.0,0.0,0.0,0.0,0.0
2,prior_0.26_seed_2_ep_000031,31,0.26,0.36,0.4188,0.305269,0.347273,0.304653,0.344796,1.0,1.0,1.0,1.0,1.0,0.0,0.0,0.0,0.0,0.0
2,prior_0.26_seed_2_ep_000032,32,0.26,0.36,0.2318,0.304653,0.344796,0.304653,0.344796,0.006528,0.0,0.0,0.0,0.0,0.0,1.0,0.0,0.0,4.3e-05
2,prior_0.26_seed_2_ep_000033,33,0.26,0.36,0.4645,0.304653,0.344796,0.304516,0.344796,1.0,1.0,1.0,1.0,1.0,0.0,0.0,0.0,0.0,0.0
2,prior_0.26_seed_2_ep_000034,34,0.26,0.36,0.4186,0.304516,0.344796,0.303922,0.344796,1.0,1.0,1.0,1.0,1.0,0.0,0.0,0.0,0.0,0.0
2,prior_0.26_seed_2_ep_000035,35,0.26,0.36,0.394,0.303922,0.344796,0.302703,0.34232,0.999986,1.0,1.0,1.0,1.0,0.0,0.0,0.0,0.0,0.0
2,prior_0.26_seed_2_ep_000036,36,0.26,0.36,0.4213,0.302703,0.34232,0.302208,0.34232,1.0,1.0,1.0,1.0,1.0,0.0,0.0,0.0,0.0,0.0
2,prior_0.26_seed_2_ep_000037,37,0.26,0.36,0.3859,0.302208,0.34232,0.300789,0.339843,0.999964,1.0,1.0,1.0,1.0,0.0,0.0,0.0,0.0,0.0
2,prior_0.26_seed_2_ep_000038,38,0.26,0.36,0.4945,0.300789,0.339843,0.300748,0.339843,1.0,1.0,1.0,1.0,1.0,0.0,0.0,0.0,0.0,0.0
2,prior_0.26_seed_2_ep_000039,39,0.26,0.36,0.3103,0.300748,0.339843,0.311143,0.344796,0.644007,1.0,0.0,1.0,0.0,0.0,0.0,1.0,1.0,0.414745
2,prior_0.26_seed_2_ep_000040,40,0.26,0.36,0.2973,0.311143,0.344796,0.311143,0.344796,0.244121,0.0,0.0,0.0,0.0,0.0,1.0,0.0,0.0,0.059595
2,prior_0.26_seed_2_ep_000041,41,0.26,0.36,0.2936,0.311143,0.344796,0.311143,0.344796,0.212375,0.0,0.0,0.0,0.0,0.0,1.0,0.0,0.0,0.045103
2,prior_0.26_seed_2_ep_000042,42,0.26,0.36,0.6911,0.311143,0.344796,0.311143,0.344796,1.0,1.0,1.0,1.0,1.0,0.0,0.0,0.0,0.0,0.0
2,prior_0.26_seed_2_ep_000043,43,0.26,0.36,0.538,0.311143,0.344796,0.311133,0.344796,1.0,1.0,1.0,1.0,1.0,0.0,0.0,0.0,0.0,0.0
2,prior_0.26_seed_2_ep_000044,44,0.26,0.36,0.5177,0.311133,0.344796,0.311114,0.344796,1.0,1.0,1.0,1.0,1.0,0.0,0.0,0.0,0.0,0.0
2,prior_0.26_seed_2_ep_000045,45,0.26,0.36,0.3797,0.311114,0.344796,0.309528,0.34232,0.999872,1.0,1.0,1.0,1.0,0.0,0.0,0.0,0.0,0.0
2,prior_0.26_seed_2_ep_000046,46,0.26,0.36,0.5001,0.309528,0.34232,0.309495,0.34232,1.0,1.0,1.0,1.0,1.0,0.0,0.0,0.0,0.0,0.0
2,prior_0.26_seed_2_ep_000047,47,0.26,0.36,0.2933,0.309495,0.34232,0.309495,0.34232,0.230501,0.0,0.0,0.0,0.0,0.0,1.0,0.0,0.0,0.053131
2,prior_0.26_seed_2_ep_000048,48,0.26,0.36,0.473,0.309495,0.34232,0.309417,0.34232,1.0,1.0,1.0,1.0,1.0,0.0,0.0,0.0,0.0,0.0
2,prior_0.26_seed_2_ep_000049,49,0.26,0.36,0.3929,0.309417,0.34232,0.308413,0.34232,0.999998,1.0,1.0,1.0,1.0,0.0,0.0,0.0,0.0,0.0
2,prior_0.26_seed_2_ep_000050,50,0.26,0.36,0.5987,0.308413,0.34232,0.308412,0.34232,1.0,1.0,1.0,1.0,1.0,0.0,0.0,0.0,0.0,0.0
2,prior_0.26_seed_2_ep_000051,51,0.26,0.36,0.3766,0.308412,0.34232,0.306882,0.339843,0.999864,1.0,1.0,1.0,1.0,0.0,0.0,0.0,0.0,0.0
2,prior_0.26_seed_2_ep_000052,52,0.26,0.36,0.505,0.306882,0.339843,0.306858,0.339843,1.0,1.0,1.0,1.0,1.0,0.0,0.0,0.0,0.0,0.0
2,prior_0.26_seed_2_ep_000053,53,0.26,0.36,0.4256,0.306858,0.339843,0.306536,0.339843,1.0,1.0,1.0,1.0,1.0,0.0,0.0,0.0,0.0,0.0
2,prior_0.26_seed_2_ep_000054,54,0.26,0.36,0.662,0.306536,0.339843,0.306536,0.339843,1.0,1.0,1.0,1.0,1.0,0.0,0.0,0.0,0.0,0.0
2,prior_0.26_seed_2_ep_000055,55,0.26,0.36,0.3216,0.306536,0.339843,0.314734,0.344796,0.747385,1.0,0.0,1.0,0.0,0.0,0.0,1.0,1.0,0.558585
2,prior_0.26_seed_2_ep_000056,56,0.26,0.36,0.5234,0.314734,0.344796,0.314721,0.344796,1.0,1.0,1.0,1.0,1.0,0.0,0.0,0.0,0.0,0.0
2,prior_0.26_seed_2_ep_000057,57,0.26,0.36,0.6108,0.314721,0.344796,0.31472,0.344796,1.0,1.0,1.0,1.0,1.0,0.0,0.0,0.0,0.0,0.0
2,prior_0.26_seed_2_ep_000058,58,0.26,0.36,0.5807,0.31472,0.344796,0.314718,0.344796,1.0,1.0,1.0,1.0,1.0,0.0,0.0,0.0,0.0,0.0
2,prior_0.26_seed_2_ep_000059,59,0.26,0.36,0.5078,0.314718,0.344796,0.314696,0.344796,1.0,1.0,1.0,1.0,1.0,0.0,0.0,0.0,0.0,0.0
2,prior_0.26_seed_2_ep_000060,60,0.26,0.36,0.4239,0.314696,0.344796,0.314354,0.344796,1.0,1.0,1.0,1.0,1.0,0.0,0.0,0.0,0.0,0.0
2,prior_0.26_seed_2_ep_000061,61,0.26,0.36,0.408,0.314354,0.344796,0.313801,0.34232,1.0,1.0,1.0,1.0,1.0,0.0,0.0,0.0,0.0,0.0
2,prior_0.26_seed_2_ep_000062,62,0.26,0.36,0.2864,0.313801,0.34232,0.313801,0.34232,0.08146,0.0,0.0,0.0,0.0,0.0,1.0,0.0,0.0,0.006636
2,prior_0.26_seed_2_ep_000063,63,0.26,0.36,0.6665,0.313801,0.34232,0.3138,0.34232,1.0,1.0,1.0,1.0,1.0,0.0,0.0,0.0,0.0,0.0
2,prior_0.26_seed_2_ep_000064,64,0.26,0.36,0.3581,0.3138,0.34232,0.322451,0.349749,0.995151,1.0,0.0,1.0,0.0,0.0,0.0,1.0,1.0,0.990326
2,prior_0.26_seed_2_ep_000065,65,0.26,0.36,0.334,0.322451,0.349749,0.327875,0.352226,0.734379,1.0,0.0,1.0,0.0,0.0,0.0,1.0,1.0,0.539312
2,prior_0.26_seed_2_ep_000066,66,0.26,0.36,0.2672,0.327875,0.352226,0.327875,0.352226,0.000387,0.0,0.0,0.0,0.0,0.0,1.0,0.0,0.0,0.0
2,prior_0.26_seed_2_ep_000067,67,0.26,0.36,0.4219,0.327875,0.352226,0.327492,0.352226,1.0,1.0,1.0,1.0,1.0,0.0,0.0,0.0,0.0,0.0
2,prior_0.26_seed_2_ep_000068,68,0.26,0.36,0.2713,0.327492,0.352226,0.327492,0.352226,0.000925,0.0,0.0,0.0,0.0,0.0,1.0,0.0,0.0,1e-06
2,prior_0.26_seed_2_ep_000069,69,0.26,0.36,0.4133,0.327492,0.352226,0.327002,0.352226,1.0,1.0,1.0,1.0,1.0,0.0,0.0,0.0,0.0,0.0
2,prior_0.26_seed_2_ep_000070,70,0.26,0.36,0.4832,0.327002,0.352226,0.326952,0.352226,1.0,1.0,1.0,1.0,1.0,0.0,0.0,0.0,0.0,0.0
2,prior_0.26_seed_2_ep_000071,71,0.26,0.36,0.303,0.326952,0.352226,0.326952,0.352226,0.079323,0.0,0.0,0.0,0.0,0.0,1.0,0.0,0.0,0.006292
2,prior_0.26_seed_2_ep_000072,72,0.26,0.36,0.4784,0.326952,0.352226,0.326893,0.352226,1.0,1.0,1.0,1.0,1.0,0.0,0.0,0.0,0.0,0.0
2,prior_0.26_seed_2_ep_000073,73,0.26,0.36,0.5392,0.326893,0.352226,0.326885,0.352226,1.0,1.0,1.0,1.0,1.0,0.0,0.0,0.0,0.0,0.0
2,prior_0.26_seed_2_ep_000074,74,0.26,0.36,0.4178,0.326885,0.352226,0.326471,0.352226,1.0,1.0,1.0,1.0,1.0,0.0,0.0,0.0,0.0,0.0
2,prior_0.26_seed_2_ep_000075,75,0.26,0.36,0.4094,0.326471,0.352226,0.325947,0.349749,1.0,1.0,1.0,1.0,1.0,0.0,0.0,0.0,0.0,0.0
2,prior_0.26_seed_2_ep_000076,76,0.26,0.36,0.387,0.325947,0.349749,0.324961,0.349749,0.999997,1.0,1.0,1.0,1.0,0.0,0.0,0.0,0.0,0.0
2,prior_0.26_seed_2_ep_000077,77,0.26,0.36,0.2294,0.324961,0.349749,0.324961,0.349749,0.0,0.0,0.0,0.0,0.0,0.0,1.0,0.0,0.0,0.0
2,prior_0.26_seed_2_ep_000078,78,0.26,0.36,0.2495,0.324961,0.349749,0.324961,0.349749,2.4e-05,0.0,0.0,0.0,0.0,0.0,1.0,0.0,0.0,0.0
2,prior_0.26_seed_2_ep_000079,79,0.26,0.36,0.4736,0.324961,0.349749,0.324899,0.349749,1.0,1.0,1.0,1.0,1.0,0.0,0.0,0.0,0.0,0.0
2,prior_0.26_seed_2_ep_000080,80,0.26,0.36,0.2478,0.324899,0.349749,0.324899,0.349749,1.5e-05,0.0,0.0,0.0,0.0,0.0,1.0,0.0,0.0,0.0
2,prior_0.26_seed_2_ep_000081,81,0.26,0.36,0.2382,0.324899,0.349749,0.324899,0.349749,2e-06,0.0,0.0,0.0,0.0,0.0,1.0,0.0,0.0,0.0
2,prior_0.26_seed_2_ep_000082,82,0.26,0.36,0.3325,0.324899,0.349749,0.32921,0.352226,0.702974,1.0,0.0,1.0,0.0,0.0,0.0,1.0,1.0,0.494173
2,prior_0.26_seed_2_ep_000083,83,0.26,0.36,0.3849,0.32921,0.352226,0.328212,0.352226,0.999991,1.0,1.0,1.0,1.0,0.0,0.0,0.0,0.0,0.0
2,prior_0.26_seed_2_ep_000084,84,0.26,0.36,0.2784,0.328212,0.352226,0.328212,0.352226,0.001259,0.0,0.0,0.0,0.0,0.0,1.0,0.0,0.0,2e-06
2,prior_0.26_seed_2_ep_000085,85,0.26,0.36,0.4754,0.328212,0.352226,0.328155,0.352226,1.0,1.0,1.0,1.0,1.0,0.0,0.0,0.0,0.0,0.0
2,prior_0.26_seed_2_ep_000086,86,0.26,0.36,0.5335,0.328155,0.352226,0.328147,0.352226,1.0,1.0,1.0,1.0,1.0,0.0,0.0,0.0,0.0,0.0
2,prior_0.26_seed_2_ep_000087,87,0.26,0.36,0.4972,0.328147,0.352226,0.32812,0.352226,1.0,1.0,1.0,1.0,1.0,0.0,0.0,0.0,0.0,0.0
2,prior_0.26_seed_2_ep_000088,88,0.26,0.36,0.3009,0.32812,0.352226,0.32812,0.352226,0.040211,0.0,0.0,0.0,0.0,0.0,1.0,0.0,0.0,0.001617
2,prior_0.26_seed_2_ep_000089,89,0.26,0.36,0.4277,0.32812,0.352226,0.327855,0.352226,1.0,1.0,1.0,1.0,1.0,0.0,0.0,0.0,0.0,0.0
2,prior_0.26_seed_2_ep_000090,90,0.26,0.36,0.4351,0.327855,0.352226,0.32765,0.349749,1.0,1.0,1.0,1.0,1.0,0.0,0.0,0.0,0.0,0.0
2,prior_0.26_seed_2_ep_000091,91,0.26,0.36,0.426,0.32765,0.349749,0.327378,0.349749,1.0,1.0,1.0,1.0,1.0,0.0,0.0,0.0,0.0,0.0
2,prior_0.26_seed_2_ep_000092,92,0.26,0.36,0.4105,0.327378,0.349749,0.326943,0.349749,1.0,1.0,1.0,1.0,1.0,0.0,0.0,0.0,0.0,0.0
2,prior_0.26_seed_2_ep_000093,93,0.26,0.36,0.4859,0.326943,0.349749,0.326906,0.349749,1.0,1.0,1.0,1.0,1.0,0.0,0.0,0.0,0.0,0.0
2,prior_0.26_seed_2_ep_000094,94,0.26,0.36,0.3146,0.326906,0.349749,0.326906,0.349749,0.181184,0.0,0.0,0.0,0.0,0.0,1.0,0.0,0.0,0.032828
2,prior_0.26_seed_2_ep_000095,95,0.26,0.36,0.5244,0.326906,0.349749,0.326896,0.349749,1.0,1.0,1.0,1.0,1.0,0.0,0.0,0.0,0.0,0.0
2,prior_0.26_seed_2_ep_000096,96,0.26,0.36,0.5433,0.326896,0.349749,0.32689,0.349749,1.0,1.0,1.0,1.0,1.0,0.0,0.0,0.0,0.0,0.0
2,prior_0.26_seed_2_ep_000097,97,0.26,0.36,0.5255,0.32689,0.349749,0.32688,0.349749,1.0,1.0,1.0,1.0,1.0,0.0,0.0,0.0,0.0,0.0
2,prior_0.26_seed_2_ep_000098,98,0.26,0.36,0.3167,0.32688,0.349749,0.32688,0.349749,0.227274,0.0,0.0,0.0,0.0,0.0,1.0,0.0,0.0,0.051653
2,prior_0.26_seed_2_ep_000099,99,0.26,0.36,0.3858,0.32688,0.349749,0.326003,0.349749,0.999998,1.0,1.0,1.0,1.0,0.0,0.0,0.0,0.0,0.0
2,prior_0.26_seed_2_ep_000100,100,0.26,0.36,0.4119,0.326003,0.349749,0.325613,0.347273,1.0,1.0,1.0,1.0,1.0,0.0,0.0,0.0,0.0,0.0
2,prior_0.26_seed_2_ep_000101,101,0.26,0.36,0.4615,0.325613,0.347273,0.325535,0.347273,1.0,1.0,1.0,1.0,1.0,0.0,0.0,0.0,0.0,0.0
2,prior_0.26_seed_2_ep_000102,102,0.26,0.36,0.2349,0.325535,0.347273,0.325535,0.347273,0.0,0.0,0.0,0.0,0.0,0.0,1.0,0.0,0.0,0.0
2,prior_0.26_seed_2_ep_000103,103,0.26,0.36,0.2568,0.325535,0.347273,0.325535,0.347273,2.3e-05,0.0,0.0,0.0,0.0,0.0,1.0,0.0,0.0,0.0
2,prior_0.26_seed_2_ep_000104,104,0.26,0.36,0.5046,0.325535,0.347273,0.325516,0.347273,1.0,1.0,1.0,1.0,1.0,0.0,0.0,0.0,0.0,0.0
2,prior_0.26_seed_2_ep_000105,105,0.26,0.36,0.269,0.325516,0.347273,0.325516,0.347273,0.000288,0.0,0.0,0.0,0.0,0.0,1.0,0.0,0.0,0.0
2,prior_0.26_seed_2_ep_000106,106,0.26,0.36,0.3268,0.325516,0.347273,0.328849,0.349749,0.505,1.0,0.0,1.0,0.0,0.0,0.0,1.0,1.0,0.255025
2,prior_0.26_seed_2_ep_000107,107,0.26,0.36,0.3387,0.328849,0.349749,0.332259,0.352226,0.758549,1.0,0.0,1.0,0.0,0.0,0.0,1.0,1.0,0.575397
2,prior_0.26_seed_2_ep_000108,108,0.26,0.36,0.2206,0.332259,0.352226,0.332259,0.352226,0.0,0.0,0.0,0.0,0.0,0.0,1.0,0.0,0.0,0.0
2,prior_0.26_seed_2_ep_000109,109,0.26,0.36,0.5114,0.332259,0.352226,0.332244,0.352226,1.0,1.0,1.0,1.0,1.0,0.0,0.0,0.0,0.0,0.0
2,prior_0.26_seed_2_ep_000110,110,0.26,0.36,0.2918,0.332244,0.352226,0.333447,0.354702,0.001964,0.0,0.0,1.0,0.0,1.0,0.0,1.0,1.0,4e-06
2,prior_0.26_seed_2_ep_000111,111,0.26,0.36,0.4153,0.333447,0.354702,0.333105,0.352226,1.0,1.0,1.0,1.0,1.0,0.0,0.0,0.0,0.0,0.0
2,prior_0.26_seed_2_ep_000112,112,0.26,0.36,0.3899,0.333105,0.352226,0.332395,0.352226,1.0,1.0,1.0,1.0,1.0,0.0,0.0,0.0,0.0,0.0
2,prior_0.26_seed_2_ep_000113,113,0.26,0.36,0.4594,0.332395,0.352226,0.332316,0.352226,1.0,1.0,1.0,1.0,1.0,0.0,0.0,0.0,0.0,0.0
2,prior_0.26_seed_2_ep_000114,114,0.26,0.36,0.4975,0.332316,0.352226,0.332293,0.352226,1.0,1.0,1.0,1.0,1.0,0.0,0.0,0.0,0.0,0.0
2,prior_0.26_seed_2_ep_000115,115,0.26,0.36,0.5217,0.332293,0.352226,0.332283,0.352226,1.0,1.0,1.0,1.0,1.0,0.0,0.0,0.0,0.0,0.0
2,prior_0.26_seed_2_ep_000116,116,0.26,0.36,0.3957,0.332283,0.352226,0.331702,0.352226,1.0,1.0,1.0,1.0,1.0,0.0,0.0,0.0,0.0,0.0
2,prior_0.26_seed_2_ep_000117,117,0.26,0.36,0.2417,0.331702,0.352226,0.331702,0.352226,0.0,0.0,0.0,0.0,0.0,0.0,1.0,0.0,0.0,0.0
2,prior_0.26_seed_2_ep_000118,118,0.26,0.36,0.3457,0.331702,0.352226,0.33476,0.354702,0.876196,1.0,0.0,1.0,0.0,0.0,0.0,1.0,1.0,0.767719
2,prior_0.26_seed_2_ep_000119,119,0.26,0.36,0.4655,0.33476,0.354702,0.334696,0.354702,1.0,1.0,1.0,1.0,1.0,0.0,0.0,0.0,0.0,0.0
2,prior_0.26_seed_2_ep_000120,120,0.26,0.36,0.4753,0.334696,0.354702,0.33465,0.354702,1.0,1.0,1.0,1.0,1.0,0.0,0.0,0.0,0.0,0.0
2,prior_0.26_seed_2_ep_000121,121,0.26,0.36,0.6656,0.33465,0.354702,0.33465,0.354702,1.0,1.0,1.0,1.0,1.0,0.0,0.0,0.0,0.0,0.0
2,prior_0.26_seed_2_ep_000122,122,0.26,0.36,0.4533,0.33465,0.354702,0.334554,0.354702,1.0,1.0,1.0,1.0,1.0,0.0,0.0,0.0,0.0,0.0
2,prior_0.26_seed_2_ep_000123,123,0.26,0.36,0.4042,0.334554,0.354702,0.334114,0.352226,1.0,1.0,1.0,1.0,1.0,0.0,0.0,0.0,0.0,0.0
2,prior_0.26_seed_2_ep_000124,124,0.26,0.36,0.4242,0.334114,0.352226,0.33388,0.352226,1.0,1.0,1.0,1.0,1.0,0.0,0.0,0.0,0.0,0.0
2,prior_0.26_seed_2_ep_000125,125,0.26,0.36,0.3283,0.33388,0.352226,0.33388,0.352226,0.324076,0.0,0.0,0.0,0.0,0.0,1.0,0.0,0.0,0.105025
2,prior_0.26_seed_2_ep_000126,126,0.26,0.36,0.2299,0.33388,0.352226,0.33388,0.352226,0.0,0.0,0.0,0.0,0.0,0.0,1.0,0.0,0.0,0.0
2,prior_0.26_seed_2_ep_000127,127,0.26,0.36,0.215,0.33388,0.352226,0.333979,0.352226,0.0,0.0,0.0,1.0,0.0,1.0,0.0,1.0,1.0,0.0
2,prior_0.26_seed_2_ep_000128,128,0.26,0.36,0.3215,0.333979,0.352226,0.333979,0.352226,0.143317,0.0,0.0,0.0,0.0,0.0,1.0,0.0,0.0,0.02054
2,prior_0.26_seed_2_ep_000129,129,0.26,0.36,0.2093,0.333979,0.352226,0.333979,0.352226,0.0,0.0,0.0,0.0,0.0,0.0,1.0,0.0,0.0,0.0
2,prior_0.26_seed_2_ep_000130,130,0.26,0.36,0.2276,0.333979,0.352226,0.334126,0.352226,0.0,0.0,0.0,1.0,0.0,1.0,0.0,1.0,1.0,0.0
2,prior_0.26_seed_2_ep_000131,131,0.26,0.36,0.3565,0.334126,0.352226,0.33717,0.354702,0.971448,1.0,0.0,1.0,0.0,0.0,0.0,1.0,1.0,0.943711
2,prior_0.26_seed_2_ep_000132,132,0.26,0.36,0.2725,0.33717,0.354702,0.33717,0.354702,0.0,0.0,0.0,0.0,0.0,0.0,1.0,0.0,0.0,0.0
2,prior_0.26_seed_2_ep_000133,133,0.26,0.36,0.4779,0.33717,0.354702,0.337128,0.354702,1.0,1.0,1.0,1.0,1.0,0.0,0.0,0.0,0.0,0.0
2,prior_0.26_seed_2_ep_000134,134,0.26,0.36,0.3494,0.337128,0.354702,0.339653,0.357179,0.840356,1.0,0.0,1.0,0.0,0.0,0.0,1.0,1.0,0.706199
2,prior_0.26_seed_2_ep_000135,135,0.26,0.36,0.3784,0.339653,0.357179,0.338771,0.357179,0.999904,1.0,1.0,1.0,1.0,0.0,0.0,0.0,0.0,0.0
2,prior_0.26_seed_2_ep_000136,136,0.26,0.36,0.5285,0.338771,0.357179,0.338763,0.357179,1.0,1.0,1.0,1.0,1.0,0.0,0.0,0.0,0.0,0.0
2,prior_0.26_seed_2_ep_000137,137,0.26,0.36,0.3928,0.338763,0.357179,0.338183,0.354702,1.0,1.0,1.0,1.0,1.0,0.0,0.0,0.0,0.0,0.0
2,prior_0.26_seed_2_ep_000138,138,0.26,0.36,0.3543,0.338183,0.354702,0.340621,0.357179,0.92188,1.0,0.0,1.0,0.0,0.0,0.0,1.0,1.0,0.849863
2,prior_0.26_seed_2_ep_000139,139,0.26,0.36,0.5221,0.340621,0.357179,0.340612,0.357179,1.0,1.0,1.0,1.0,1.0,0.0,0.0,0.0,0.0,0.0
2,prior_0.26_seed_2_ep_000140,140,0.26,0.36,0.4067,0.340612,0.357179,0.340229,0.357179,1.0,1.0,1.0,1.0,1.0,0.0,0.0,0.0,0.0,0.0
2,prior_0.26_seed_2_ep_000141,141,0.26,0.36,0.3609,0.340229,0.357179,0.338994,0.354702,0.977956,1.0,1.0,1.0,1.0,0.0,0.0,0.0,0.0,0.000486
2,prior_0.26_seed_2_ep_000142,142,0.26,0.36,0.4025,0.338994,0.354702,0.338589,0.354702,1.0,1.0,1.0,1.0,1.0,0.0,0.0,0.0,0.0,0.0
2,prior_0.26_seed_2_ep_000143,143,0.26,0.36,0.3113,0.338589,0.354702,0.338589,0.354702,0.006802,0.0,0.0,0.0,0.0,0.0,1.0,0.0,0.0,4.6e-05
2,prior_0.26_seed_2_ep_000144,144,0.26,0.36,0.5309,0.338589,0.354702,0.338583,0.354702,1.0,1.0,1.0,1.0,1.0,0.0,0.0,0.0,0.0,0.0
2,prior_0.26_seed_2_ep_000145,145,0.26,0.36,0.6745,0.338583,0.354702,0.338583,0.354702,1.0,1.0,1.0,1.0,1.0,0.0,0.0,0.0,0.0,0.0
2,prior_0.26_seed_2_ep_000146,146,0.26,0.36,0.3048,0.338583,0.354702,0.338583,0.354702,0.001026,0.0,0.0,0.0,0.0,0.0,1.0,0.0,0.0,1e-06
2,prior_0.26_seed_2_ep_000147,147,0.26,0.36,0.3602,0.338583,0.354702,0.337395,0.354702,0.986285,1.0,1.0,1.0,1.0,0.0,0.0,0.0,0.0,0.000188
2,prior_0.26_seed_2_ep_000148,148,0.26,0.36,0.3577,0.337395,0.354702,0.339727,0.357179,0.981411,1.0,0.0,1.0,0.0,0.0,0.0,1.0,1.0,0.963168
2,prior_0.26_seed_2_ep_000149,149,0.26,0.36,0.2888,0.339727,0.357179,0.339727,0.357179,4e-06,0.0,0.0,0.0,0.0,0.0,1.0,0.0,0.0,0.0
2,prior_0.26_seed_2_ep_000150,150,0.26,0.36,0.2579,0.339727,0.357179,0.339952,0.357179,0.0,0.0,0.0,1.0,0.0,1.0,0.0,1.0,1.0,0.0
2,prior_0.26_seed_2_ep_000151,151,0.26,0.36,0.2869,0.339952,0.357179,0.339952,0.357179,1e-06,0.0,0.0,0.0,0.0,0.0,1.0,0.0,0.0,0.0
2,prior_0.26_seed_2_ep_000152,152,0.26,0.36,0.2359,0.339952,0.357179,0.339952,0.357179,0.0,0.0,0.0,0.0,0.0,0.0,1.0,0.0,0.0,0.0
2,prior_0.26_seed_2_ep_000153,153,0.26,0.36,0.4367,0.339952,0.357179,0.339817,0.357179,1.0,1.0,1.0,1.0,1.0,0.0,0.0,0.0,0.0,0.0
2,prior_0.26_seed_2_ep_000154,154,0.26,0.36,0.3441,0.339817,0.357179,0.341593,0.357179,0.638093,1.0,0.0,1.0,0.0,0.0,0.0,1.0,1.0,0.407163
2,prior_0.26_seed_2_ep_000155,155,0.26,0.36,0.5224,0.341593,0.357179,0.341584,0.357179,1.0,1.0,1.0,1.0,1.0,0.0,0.0,0.0,0.0,0.0
2,prior_0.26_seed_2_ep_000156,156,0.26,0.36,0.2227,0.341584,0.357179,0.341584,0.357179,0.0,0.0,0.0,0.0,0.0,0.0,1.0,0.0,0.0,0.0
2,prior_0.26_seed_2_ep_000157,157,0.26,0.36,0.4479,0.341584,0.357179,0.34149,0.357179,1.0,1.0,1.0,1.0,1.0,0.0,0.0,0.0,0.0,0.0
2,prior_0.26_seed_2_ep_000158,158,0.26,0.36,0.5145,0.34149,0.357179,0.34148,0.357179,1.0,1.0,1.0,1.0,1.0,0.0,0.0,0.0,0.0,0.0
2,prior_0.26_seed_2_ep_000159,159,0.26,0.36,0.4019,0.34148,0.357179,0.341094,0.357179,1.0,1.0,1.0,1.0,1.0,0.0,0.0,0.0,0.0,0.0
2,prior_0.26_seed_2_ep_000160,160,0.26,0.36,0.2414,0.341094,0.357179,0.341094,0.357179,0.0,0.0,0.0,0.0,0.0,0.0,1.0,0.0,0.0,0.0
2,prior_0.26_seed_2_ep_000161,161,0.26,0.36,0.3389,0.341094,0.357179,0.341094,0.357179,0.3925,0.0,0.0,0.0,0.0,0.0,1.0,0.0,0.0,0.154056
2,prior_0.26_seed_2_ep_000162,162,0.26,0.36,0.3135,0.341094,0.357179,0.342014,0.357179,0.004043,0.0,0.0,1.0,0.0,1.0,0.0,1.0,1.0,1.6e-05
2,prior_0.26_seed_2_ep_000163,163,0.26,0.36,0.4688,0.342014,0.357179,0.341968,0.357179,1.0,1.0,1.0,1.0,1.0,0.0,0.0,0.0,0.0,0.0
2,prior_0.26_seed_2_ep_000164,164,0.26,0.36,0.2214,0.341968,0.357179,0.341968,0.357179,0.0,0.0,0.0,0.0,0.0,0.0,1.0,0.0,0.0,0.0
2,prior_0.26_seed_2_ep_000165,165,0.26,0.36,0.316,0.341968,0.357179,0.341968,0.357179,0.005391,0.0,0.0,0.0,0.0,0.0,1.0,0.0,0.0,2.9e-05
2,prior_0.26_seed_2_ep_000166,166,0.26,0.36,0.5226,0.341968,0.357179,0.34196,0.357179,1.0,1.0,1.0,1.0,1.0,0.0,0.0,0.0,0.0,0.0
2,prior_0.26_seed_2_ep_000167,167,0.26,0.36,0.2607,0.34196,0.357179,0.34196,0.357179,0.0,0.0,0.0,0.0,0.0,0.0,1.0,0.0,0.0,0.0
2,prior_0.26_seed_2_ep_000168,168,0.26,0.36,0.3951,0.34196,0.357179,0.341505,0.357179,1.0,1.0,1.0,1.0,1.0,0.0,0.0,0.0,0.0,0.0
2,prior_0.26_seed_2_ep_000169,169,0.26,0.36,0.2211,0.341505,0.357179,0.341505,0.357179,0.0,0.0,0.0,0.0,0.0,0.0,1.0,0.0,0.0,0.0
2,prior_0.26_seed_2_ep_000170,170,0.26,0.36,0.5111,0.341505,0.357179,0.341494,0.357179,1.0,1.0,1.0,1.0,1.0,0.0,0.0,0.0,0.0,0.0
2,prior_0.26_seed_2_ep_000171,171,0.26,0.36,0.6166,0.341494,0.357179,0.341493,0.357179,1.0,1.0,1.0,1.0,1.0,0.0,0.0,0.0,0.0,0.0
2,prior_0.26_seed_2_ep_000172,172,0.26,0.36,0.279,0.341493,0.357179,0.341493,0.357179,0.0,0.0,0.0,0.0,0.0,0.0,1.0,0.0,0.0,0.0
2,prior_0.26_seed_2_ep_000173,173,0.26,0.36,0.534,0.341493,0.357179,0.341488,0.357179,1.0,1.0,1.0,1.0,1.0,0.0,0.0,0.0,0.0,0.0
2,prior_0.26_seed_2_ep_000174,174,0.26,0.36,0.4751,0.341488,0.357179,0.341451,0.357179,1.0,1.0,1.0,1.0,1.0,0.0,0.0,0.0,0.0,0.0
2,prior_0.26_seed_2_ep_000175,175,0.26,0.36,0.3207,0.341451,0.357179,0.341451,0.357179,0.02067,0.0,0.0,0.0,0.0,0.0,1.0,0.0,0.0,0.000427
2,prior_0.26_seed_2_ep_000176,176,0.26,0.36,0.3802,0.341451,0.357179,0.340788,0.357179,0.999994,1.0,1.0,1.0,1.0,0.0,0.0,0.0,0.0,0.0
2,prior_0.26_seed_2_ep_000177,177,0.26,0.36,0.3583,0.340788,0.357179,0.342693,0.357179,0.970791,1.0,0.0,1.0,0.0,0.0,0.0,1.0,1.0,0.942434
2,prior_0.26_seed_2_ep_000178,178,0.26,0.36,0.2446,0.342693,0.357179,0.342693,0.357179,0.0,0.0,0.0,0.0,0.0,0.0,1.0,0.0,0.0,0.0
2,prior_0.26_seed_2_ep_000179,179,0.26,0.36,0.253,0.342693,0.357179,0.342693,0.357179,0.0,0.0,0.0,0.0,0.0,0.0,1.0,0.0,0.0,0.0
2,prior_0.26_seed_2_ep_000180,180,0.26,0.36,0.2262,0.342693,0.357179,0.342693,0.357179,0.0,0.0,0.0,0.0,0.0,0.0,1.0,0.0,0.0,0.0
2,prior_0.26_seed_2_ep_000181,181,0.26,0.36,0.382,0.342693,0.357179,0.342073,0.357179,0.999998,1.0,1.0,1.0,1.0,0.0,0.0,0.0,0.0,0.0
2,prior_0.26_seed_2_ep_000182,182,0.26,0.36,0.4152,0.342073,0.357179,0.341837,0.357179,1.0,1.0,1.0,1.0,1.0,0.0,0.0,0.0,0.0,0.0
2,prior_0.26_seed_2_ep_000183,183,0.26,0.36,0.3535,0.341837,0.357179,0.34351,0.357179,0.89712,1.0,0.0,1.0,0.0,0.0,0.0,1.0,1.0,0.804824
2,prior_0.26_seed_2_ep_000184,184,0.26,0.36,0.3247,0.34351,0.357179,0.34351,0.357179,0.017373,0.0,0.0,0.0,0.0,0.0,1.0,0.0,0.0,0.000302
2,prior_0.26_seed_2_ep_000185,185,0.26,0.36,0.4714,0.34351,0.357179,0.34347,0.357179,1.0,1.0,1.0,1.0,1.0,0.0,0.0,0.0,0.0,0.0
2,prior_0.26_seed_2_ep_000186,186,0.26,0.36,0.5257,0.34347,0.357179,0.343464,0.357179,1.0,1.0,1.0,1.0,1.0,0.0,0.0,0.0,0.0,0.0
2,prior_0.26_seed_2_ep_000187,187,0.26,0.36,0.3459,0.343464,0.357179,0.34487,0.359655,0.60539,1.0,0.0,1.0,0.0,0.0,0.0,1.0,1.0,0.366498
2,prior_0.26_seed_2_ep_000188,188,0.26,0.36,0.389,0.34487,0.359655,0.344372,0.359655,1.0,1.0,1.0,1.0,1.0,0.0,0.0,0.0,0.0,0.0
2,prior_0.26_seed_2_ep_000189,189,0.26,0.36,0.4828,0.344372,0.359655,0.344345,0.359655,1.0,1.0,1.0,1.0,1.0,0.0,0.0,0.0,0.0,0.0
2,prior_0.26_seed_2_ep_000190,190,0.26,0.36,0.4408,0.344345,0.359655,0.344241,0.359655,1.0,1.0,1.0,1.0,1.0,0.0,0.0,0.0,0.0,0.0
2,prior_0.26_seed_2_ep_000191,191,0.26,0.36,0.3597,0.344241,0.359655,0.345847,0.359655,0.972798,1.0,0.0,1.0,0.0,0.0,0.0,1.0,1.0,0.946336
2,prior_0.26_seed_2_ep_000192,192,0.26,0.36,0.4946,0.345847,0.359655,0.345829,0.359655,1.0,1.0,1.0,1.0,1.0,0.0,0.0,0.0,0.0,0.0
2,prior_0.26_seed_2_ep_000193,193,0.26,0.36,0.6769,0.345829,0.359655,0.345829,0.359655,1.0,1.0,1.0,1.0,1.0,0.0,0.0,0.0,0.0,0.0
2,prior_0.26_seed_2_ep_000194,194,0.26,0.36,0.5127,0.345829,0.359655,0.345819,0.359655,1.0,1.0,1.0,1.0,1.0,0.0,0.0,0.0,0.0,0.0
2,prior_0.26_seed_2_ep_000195,195,0.26,0.36,0.4964,0.345819,0.359655,0.345802,0.359655,1.0,1.0,1.0,1.0,1.0,0.0,0.0,0.0,0.0,0.0
2,prior_0.26_seed_2_ep_000196,196,0.26,0.36,0.4351,0.345802,0.359655,0.345677,0.359655,1.0,1.0,1.0,1.0,1.0,0.0,0.0,0.0,0.0,0.0
2,prior_0.26_seed_2_ep_000197,197,0.26,0.36,0.3102,0.345677,0.359655,0.345677,0.359655,0.000104,0.0,0.0,0.0,0.0,0.0,1.0,0.0,0.0,0.0
2,prior_0.26_seed_2_ep_000198,198,0.26,0.36,0.3745,0.345677,0.359655,0.344984,0.359655,0.999863,1.0,1.0,1.0,1.0,0.0,0.0,0.0,0.0,0.0
2,prior_0.26_seed_2_ep_000199,199,0.26,0.36,0.307,0.344984,0.359655,0.344984,0.359655,1.7e-05,0.0,0.0,0.0,0.0,0.0,1.0,0.0,0.0,0.0
2,prior_0.26_seed_2_ep_000200,200,0.26,0.36,0.3182,0.344984,0.359655,0.344984,0.359655,0.001895,0.0,0.0,0.0,0.0,0.0,1.0,0.0,0.0,4e-06
2,prior_0.26_seed_2_ep_000201,201,0.26,0.36,0.4848,0.344984,0.359655,0.34496,0.359655,1.0,1.0,1.0,1.0,1.0,0.0,0.0,0.0,0.0,0.0
2,prior_0.26_seed_2_ep_000202,202,0.26,0.36,0.3214,0.34496,0.359655,0.34496,0.359655,0.00421,0.0,0.0,0.0,0.0,0.0,1.0,0.0,0.0,1.8e-05
2,prior_0.26_seed_2_ep_000203,203,0.26,0.36,0.5927,0.34496,0.359655,0.344959,0.359655,1.0,1.0,1.0,1.0,1.0,0.0,0.0,0.0,0.0,0.0
2,prior_0.26_seed_2_ep_000204,204,0.26,0.36,0.3139,0.344959,0.359655,0.344959,0.359655,0.000335,0.0,0.0,0.0,0.0,0.0,1.0,0.0,0.0,0.0
2,prior_0.26_seed_2_ep_000205,205,0.26,0.36,0.2355,0.344959,0.359655,0.344959,0.359655,0.0,0.0,0.0,0.0,0.0,0.0,1.0,0.0,0.0,0.0
2,prior_0.26_seed_2_ep_000206,206,0.26,0.36,0.4813,0.344959,0.359655,0.344932,0.359655,1.0,1.0,1.0,1.0,1.0,0.0,0.0,0.0,0.0,0.0
2,prior_0.26_seed_2_ep_000207,207,0.26,0.36,0.4879,0.344932,0.359655,0.34491,0.359655,1.0,1.0,1.0,1.0,1.0,0.0,0.0,0.0,0.0,0.0
2,prior_0.26_seed_2_ep_000208,208,0.26,0.36,0.5033,0.34491,0.359655,0.344897,0.359655,1.0,1.0,1.0,1.0,1.0,0.0,0.0,0.0,0.0,0.0
2,prior_0.26_seed_2_ep_000209,209,0.26,0.36,0.6368,0.344897,0.359655,0.344897,0.359655,1.0,1.0,1.0,1.0,1.0,0.0,0.0,0.0,0.0,0.0
2,prior_0.26_seed_2_ep_000210,210,0.26,0.36,0.3384,0.344897,0.359655,0.344897,0.359655,0.230281,0.0,0.0,0.0,0.0,0.0,1.0,0.0,0.0,0.053029
2,prior_0.26_seed_2_ep_000211,211,0.26,0.36,0.3303,0.344897,0.359655,0.344897,0.359655,0.058678,0.0,0.0,0.0,0.0,0.0,1.0,0.0,0.0,0.003443
2,prior_0.26_seed_2_ep_000212,212,0.26,0.36,0.2986,0.344897,0.359655,0.344897,0.359655,1e-06,0.0,0.0,0.0,0.0,0.0,1.0,0.0,0.0,0.0
2,prior_0.26_seed_2_ep_000213,213,0.26,0.36,0.2679,0.344897,0.359655,0.344897,0.359655,0.0,0.0,0.0,0.0,0.0,0.0,1.0,0.0,0.0,0.0
2,prior_0.26_seed_2_ep_000214,214,0.26,0.36,0.3309,0.344897,0.359655,0.344897,0.359655,0.058678,0.0,0.0,0.0,0.0,0.0,1.0,0.0,0.0,0.003443
2,prior_0.26_seed_2_ep_000215,215,0.26,0.36,0.3165,0.344897,0.359655,0.344897,0.359655,0.000834,0.0,0.0,0.0,0.0,0.0,1.0,0.0,0.0,1e-06
2,prior_0.26_seed_2_ep_000216,216,0.26,0.36,0.2771,0.344897,0.359655,0.345142,0.359655,0.0,0.0,0.0,1.0,0.0,1.0,0.0,1.0,1.0,0.0
2,prior_0.26_seed_2_ep_000217,217,0.26,0.36,0.3112,0.345142,0.359655,0.345142,0.359655,0.000109,0.0,0.0,0.0,0.0,0.0,1.0,0.0,0.0,0.0
2,prior_0.26_seed_2_ep_000218,218,0.26,0.36,0.4609,0.345142,0.359655,0.34509,0.359655,1.0,1.0,1.0,1.0,1.0,0.0,0.0,0.0,0.0,0.0
2,prior_0.26_seed_2_ep_000219,219,0.26,0.36,0.2547,0.34509,0.359655,0.34509,0.359655,0.0,0.0,0.0,0.0,0.0,0.0,1.0,0.0,0.0,0.0
2,prior_0.26_seed_2_ep_000220,220,0.26,0.36,0.6682,0.34509,0.359655,0.34509,0.359655,1.0,1.0,1.0,1.0,1.0,0.0,0.0,0.0,0.0,0.0
2,prior_0.26_seed_2_ep_000221,221,0.26,0.36,0.504,0.34509,0.359655,0.345077,0.359655,1.0,1.0,1.0,1.0,1.0,0.0,0.0,0.0,0.0,0.0
2,prior_0.26_seed_2_ep_000222,222,0.26,0.36,0.5052,0.345077,0.359655,0.345065,0.359655,1.0,1.0,1.0,1.0,1.0,0.0,0.0,0.0,0.0,0.0
2,prior_0.26_seed_2_ep_000223,223,0.26,0.36,0.4642,0.345065,0.359655,0.345018,0.359655,1.0,1.0,1.0,1.0,1.0,0.0,0.0,0.0,0.0,0.0
2,prior_0.26_seed_2_ep_000224,224,0.26,0.36,0.6121,0.345018,0.359655,0.345018,0.359655,1.0,1.0,1.0,1.0,1.0,0.0,0.0,0.0,0.0,0.0
2,prior_0.26_seed_2_ep_000225,225,0.26,0.36,0.2925,0.345018,0.359655,0.345392,0.359655,0.0,0.0,0.0,1.0,0.0,1.0,0.0,1.0,1.0,0.0
2,prior_0.26_seed_2_ep_000226,226,0.26,0.36,0.2569,0.345392,0.359655,0.345392,0.359655,0.0,0.0,0.0,0.0,0.0,0.0,1.0,0.0,0.0,0.0
2,prior_0.26_seed_2_ep_000227,227,0.26,0.36,0.3345,0.345392,0.359655,0.345392,0.359655,0.085882,0.0,0.0,0.0,0.0,0.0,1.0,0.0,0.0,0.007376
2,prior_0.26_seed_2_ep_000228,228,0.26,0.36,0.287,0.345392,0.359655,0.345392,0.359655,0.0,0.0,0.0,0.0,0.0,0.0,1.0,0.0,0.0,0.0
2,prior_0.26_seed_2_ep_000229,229,0.26,0.36,0.4535,0.345392,0.359655,0.345326,0.359655,1.0,1.0,1.0,1.0,1.0,0.0,0.0,0.0,0.0,0.0
2,prior_0.26_seed_2_ep_000230,230,0.26,0.36,0.3375,0.345326,0.359655,0.345326,0.359655,0.212728,0.0,0.0,0.0,0.0,0.0,1.0,0.0,0.0,0.045253
2,prior_0.26_seed_2_ep_000231,231,0.26,0.36,0.4193,0.345326,0.359655,0.345133,0.359655,1.0,1.0,1.0,1.0,1.0,0.0,0.0,0.0,0.0,0.0
2,prior_0.26_seed_2_ep_000232,232,0.26,0.36,0.4955,0.345133,0.359655,0.345117,0.359655,1.0,1.0,1.0,1.0,1.0,0.0,0.0,0.0,0.0,0.0
2,prior_0.26_seed_2_ep_000233,233,0.26,0.36,0.4905,0.345117,0.359655,0.345097,0.359655,1.0,1.0,1.0,1.0,1.0,0.0,0.0,0.0,0.0,0.0
2,prior_0.26_seed_2_ep_000234,234,0.26,0.36,0.3432,0.345097,0.359655,0.345097,0.359655,0.421945,0.0,0.0,0.0,0.0,0.0,1.0,0.0,0.0,0.178037
2,prior_0.26_seed_2_ep_000235,235,0.26,0.36,0.6009,0.345097,0.359655,0.345097,0.359655,1.0,1.0,1.0,1.0,1.0,0.0,0.0,0.0,0.0,0.0
2,prior_0.26_seed_2_ep_000236,236,0.26,0.36,0.3759,0.345097,0.359655,0.344464,0.357179,0.999926,1.0,1.0,1.0,1.0,0.0,0.0,0.0,0.0,0.0
2,prior_0.26_seed_2_ep_000237,237,0.26,0.36,0.4458,0.344464,0.357179,0.344383,0.357179,1.0,1.0,1.0,1.0,1.0,0.0,0.0,0.0,0.0,0.0
2,prior_0.26_seed_2_ep_000238,238,0.26,0.36,0.2496,0.344383,0.357179,0.344383,0.357179,0.0,0.0,0.0,0.0,0.0,0.0,1.0,0.0,0.0,0.0
2,prior_0.26_seed_2_ep_000239,239,0.26,0.36,0.339,0.344383,0.357179,0.344383,0.357179,0.243941,0.0,0.0,0.0,0.0,0.0,1.0,0.0,0.0,0.059507
2,prior_0.26_seed_2_ep_000240,240,0.26,0.36,0.4317,0.344383,0.357179,0.344257,0.357179,1.0,1.0,1.0,1.0,1.0,0.0,0.0,0.0,0.0,0.0
2,prior_0.26_seed_2_ep_000241,241,0.26,0.36,0.5289,0.344257,0.357179,0.344252,0.357179,1.0,1.0,1.0,1.0,1.0,0.0,0.0,0.0,0.0,0.0
2,prior_0.26_seed_2_ep_000242,242,0.26,0.36,0.5155,0.344252,0.357179,0.344244,0.357179,1.0,1.0,1.0,1.0,1.0,0.0,0.0,0.0,0.0,0.0
2,prior_0.26_seed_2_ep_000243,243,0.26,0.36,0.2672,0.344244,0.357179,0.344244,0.357179,0.0,0.0,0.0,0.0,0.0,0.0,1.0,0.0,0.0,0.0
2,prior_0.26_seed_2_ep_000244,244,0.26,0.36,0.3672,0.344244,0.357179,0.343495,0.357179,0.998511,1.0,1.0,1.0,1.0,0.0,0.0,0.0,0.0,2e-06
2,prior_0.26_seed_2_ep_000245,245,0.26,0.36,0.3026,0.343495,0.357179,0.343984,0.357179,2e-06,0.0,0.0,1.0,0.0,1.0,0.0,1.0,1.0,0.0
2,prior_0.26_seed_2_ep_000246,246,0.26,0.36,0.3971,0.343984,0.357179,0.343644,0.357179,1.0,1.0,1.0,1.0,1.0,0.0,0.0,0.0,0.0,0.0
2,prior_0.26_seed_2_ep_000247,247,0.26,0.36,0.3918,0.343644,0.357179,0.343257,0.357179,1.0,1.0,1.0,1.0,1.0,0.0,0.0,0.0,0.0,0.0
2,prior_0.26_seed_2_ep_000248,248,0.26,0.36,0.4428,0.343257,0.357179,0.343175,0.357179,1.0,1.0,1.0,1.0,1.0,0.0,0.0,0.0,0.0,0.0
2,prior_0.26_seed_2_ep_000249,249,0.26,0.36,0.4405,0.343175,0.357179,0.343087,0.357179,1.0,1.0,1.0,1.0,1.0,0.0,0.0,0.0,0.0,0.0
2,prior_0.26_seed_2_ep_000250,250,0.26,0.36,0.5339,0.343087,0.357179,0.343083,0.357179,1.0,1.0,1.0,1.0,1.0,0.0,0.0,0.0,0.0,0.0
2,prior_0.26_seed_2_ep_000251,251,0.26,0.36,0.5872,0.343083,0.357179,0.343082,0.357179,1.0,1.0,1.0,1.0,1.0,0.0,0.0,0.0,0.0,0.0
2,prior_0.26_seed_2_ep_000252,252,0.26,0.36,0.5271,0.343082,0.357179,0.343077,0.357179,1.0,1.0,1.0,1.0,1.0,0.0,0.0,0.0,0.0,0.0
2,prior_0.26_seed_2_ep_000253,253,0.26,0.36,0.3473,0.343077,0.357179,0.344276,0.357179,0.634878,1.0,0.0,1.0,0.0,0.0,0.0,1.0,1.0,0.40307
2,prior_0.26_seed_2_ep_000254,254,0.26,0.36,0.2632,0.344276,0.357179,0.344276,0.357179,0.0,0.0,0.0,0.0,0.0,0.0,1.0,0.0,0.0,0.0
2,prior_0.26_seed_2_ep_000255,255,0.26,0.36,0.4607,0.344276,0.357179,0.344231,0.357179,1.0,1.0,1.0,1.0,1.0,0.0,0.0,0.0,0.0,0.0
2,prior_0.26_seed_2_ep_000256,256,0.26,0.36,0.3525,0.344231,0.357179,0.345463,0.357179,0.873528,1.0,0.0,1.0,0.0,0.0,0.0,1.0,1.0,0.763052
2,prior_0.26_seed_2_ep_000257,257,0.26,0.36,0.4278,0.345463,0.357179,0.345331,0.357179,1.0,1.0,1.0,1.0,1.0,0.0,0.0,0.0,0.0,0.0
2,prior_0.26_seed_2_ep_000258,258,0.26,0.36,0.3139,0.345331,0.357179,0.345331,0.357179,9.6e-05,0.0,0.0,0.0,0.0,0.0,1.0,0.0,0.0,0.0
2,prior_0.26_seed_2_ep_000259,259,0.26,0.36,0.3735,0.345331,0.357179,0.344734,0.357179,0.999875,1.0,1.0,1.0,1.0,0.0,0.0,0.0,0.0,0.0
2,prior_0.26_seed_2_ep_000260,260,0.26,0.36,0.4008,0.344734,0.357179,0.344449,0.357179,1.0,1.0,1.0,1.0,1.0,0.0,0.0,0.0,0.0,0.0
2,prior_0.26_seed_2_ep_000261,261,0.26,0.36,0.5079,0.344449,0.357179,0.344439,0.357179,1.0,1.0,1.0,1.0,1.0,0.0,0.0,0.0,0.0,0.0
2,prior_0.26_seed_2_ep_000262,262,0.26,0.36,0.3464,0.344439,0.357179,0.345511,0.357179,0.574142,1.0,0.0,1.0,0.0,0.0,0.0,1.0,1.0,0.329639
2,prior_0.26_seed_2_ep_000263,263,0.26,0.36,0.3202,0.345511,0.357179,0.345511,0.357179,0.001454,0.0,0.0,0.0,0.0,0.0,1.0,0.0,0.0,2e-06
2,prior_0.26_seed_2_ep_000264,264,0.26,0.36,0.2603,0.345511,0.357179,0.345511,0.357179,0.0,0.0,0.0,0.0,0.0,0.0,1.0,0.0,0.0,0.0
2,prior_0.26_seed_2_ep_000265,265,0.26,0.36,0.6408,0.345511,0.357179,0.345511,0.357179,1.0,1.0,1.0,1.0,1.0,0.0,0.0,0.0,0.0,0.0
2,prior_0.26_seed_2_ep_000266,266,0.26,0.36,0.3122,0.345511,0.357179,0.345511,0.357179,2e-05,0.0,0.0,0.0,0.0,0.0,1.0,0.0,0.0,0.0
2,prior_0.26_seed_2_ep_000267,267,0.26,0.36,0.273,0.345511,0.357179,0.345511,0.357179,0.0,0.0,0.0,0.0,0.0,0.0,1.0,0.0,0.0,0.0
2,prior_0.26_seed_2_ep_000268,268,0.26,0.36,0.6012,0.345511,0.357179,0.345511,0.357179,1.0,1.0,1.0,1.0,1.0,0.0,0.0,0.0,0.0,0.0
2,prior_0.26_seed_2_ep_000269,269,0.26,0.36,0.5978,0.345511,0.357179,0.34551,0.357179,1.0,1.0,1.0,1.0,1.0,0.0,0.0,0.0,0.0,0.0
2,prior_0.26_seed_2_ep_000270,270,0.26,0.36,0.3122,0.34551,0.357179,0.346022,0.359655,2e-05,0.0,0.0,1.0,0.0,1.0,0.0,1.0,1.0,0.0
2,prior_0.26_seed_2_ep_000271,271,0.26,0.36,0.53,0.346022,0.359655,0.346017,0.359655,1.0,1.0,1.0,1.0,1.0,0.0,0.0,0.0,0.0,0.0
2,prior_0.26_seed_2_ep_000272,272,0.26,0.36,0.5672,0.346017,0.359655,0.346016,0.359655,1.0,1.0,1.0,1.0,1.0,0.0,0.0,0.0,0.0,0.0
2,prior_0.26_seed_2_ep_000273,273,0.26,0.36,0.6057,0.346016,0.359655,0.346016,0.359655,1.0,1.0,1.0,1.0,1.0,0.0,0.0,0.0,0.0,0.0
2,prior_0.26_seed_2_ep_000274,274,0.26,0.36,0.4531,0.346016,0.359655,0.345959,0.359655,1.0,1.0,1.0,1.0,1.0,0.0,0.0,0.0,0.0,0.0
2,prior_0.26_seed_2_ep_000275,275,0.26,0.36,0.4408,0.345959,0.359655,0.345876,0.357179,1.0,1.0,1.0,1.0,1.0,0.0,0.0,0.0,0.0,0.0
2,prior_0.26_seed_2_ep_000276,276,0.26,0.36,0.2833,0.345876,0.357179,0.345876,0.357179,0.0,0.0,0.0,0.0,0.0,0.0,1.0,0.0,0.0,0.0
2,prior_0.26_seed_2_ep_000277,277,0.26,0.36,0.4325,0.345876,0.357179,0.345769,0.357179,1.0,1.0,1.0,1.0,1.0,0.0,0.0,0.0,0.0,0.0
2,prior_0.26_seed_2_ep_000278,278,0.26,0.36,0.3284,0.345769,0.357179,0.345769,0.357179,0.015489,0.0,0.0,0.0,0.0,0.0,1.0,0.0,0.0,0.00024
2,prior_0.26_seed_2_ep_000279,279,0.26,0.36,0.2899,0.345769,0.357179,0.345769,0.357179,0.0,0.0,0.0,0.0,0.0,0.0,1.0,0.0,0.0,0.0
2,prior_0.26_seed_2_ep_000280,280,0.26,0.36,0.4902,0.345769,0.357179,0.345752,0.357179,1.0,1.0,1.0,1.0,1.0,0.0,0.0,0.0,0.0,0.0
2,prior_0.26_seed_2_ep_000281,281,0.26,0.36,0.661,0.345752,0.357179,0.345752,0.357179,1.0,1.0,1.0,1.0,1.0,0.0,0.0,0.0,0.0,0.0
2,prior_0.26_seed_2_ep_000282,282,0.26,0.36,0.4604,0.345752,0.357179,0.345708,0.357179,1.0,1.0,1.0,1.0,1.0,0.0,0.0,0.0,0.0,0.0
2,prior_0.26_seed_2_ep_000283,283,0.26,0.36,0.5176,0.345708,0.357179,0.345702,0.357179,1.0,1.0,1.0,1.0,1.0,0.0,0.0,0.0,0.0,0.0
2,prior_0.26_seed_2_ep_000284,284,0.26,0.36,0.3674,0.345702,0.357179,0.345054,0.357179,0.998806,1.0,1.0,1.0,1.0,0.0,0.0,0.0,0.0,1e-06
2,prior_0.26_seed_2_ep_000285,285,0.26,0.36,0.5454,0.345054,0.357179,0.345052,0.357179,1.0,1.0,1.0,1.0,1.0,0.0,0.0,0.0,0.0,0.0
2,prior_0.26_seed_2_ep_000286,286,0.26,0.36,0.5191,0.345052,0.357179,0.345046,0.357179,1.0,1.0,1.0,1.0,1.0,0.0,0.0,0.0,0.0,0.0
2,prior_0.26_seed_2_ep_000287,287,0.26,0.36,0.2784,0.345046,0.357179,0.345046,0.357179,0.0,0.0,0.0,0.0,0.0,0.0,1.0,0.0,0.0,0.0
2,prior_0.26_seed_2_ep_000288,288,0.26,0.36,0.3175,0.345046,0.357179,0.345613,0.357179,0.000191,0.0,0.0,1.0,0.0,1.0,0.0,1.0,1.0,0.0
2,prior_0.26_seed_2_ep_000289,289,0.26,0.36,0.3672,0.345613,0.357179,0.344981,0.357179,0.998994,1.0,1.0,1.0,1.0,0.0,0.0,0.0,0.0,1e-06
2,prior_0.26_seed_2_ep_000290,290,0.26,0.36,0.3181,0.344981,0.357179,0.344981,0.357179,0.000477,0.0,0.0,0.0,0.0,0.0,1.0,0.0,0.0,0.0
2,prior_0.26_seed_2_ep_000291,291,0.26,0.36,0.4906,0.344981,0.357179,0.344966,0.357179,1.0,1.0,1.0,1.0,1.0,0.0,0.0,0.0,0.0,0.0
2,prior_0.26_seed_2_ep_000292,292,0.26,0.36,0.3153,0.344966,0.357179,0.344966,0.357179,0.000162,0.0,0.0,0.0,0.0,0.0,1.0,0.0,0.0,0.0
2,prior_0.26_seed_2_ep_000293,293,0.26,0.36,0.5302,0.344966,0.357179,0.344962,0.357179,1.0,1.0,1.0,1.0,1.0,0.0,0.0,0.0,0.0,0.0
2,prior_0.26_seed_2_ep_000294,294,0.26,0.36,0.4916,0.344962,0.357179,0.344947,0.357179,1.0,1.0,1.0,1.0,1.0,0.0,0.0,0.0,0.0,0.0
2,prior_0.26_seed_2_ep_000295,295,0.26,0.36,0.4949,0.344947,0.357179,0.344934,0.357179,1.0,1.0,1.0,1.0,1.0,0.0,0.0,0.0,0.0,0.0
2,prior_0.26_seed_2_ep_000296,296,0.26,0.36,0.3251,0.344934,0.357179,0.344934,0.357179,0.008195,0.0,0.0,0.0,0.0,0.0,1.0,0.0,0.0,6.7e-05
2,prior_0.26_seed_2_ep_000297,297,0.26,0.36,0.6128,0.344934,0.357179,0.344933,0.357179,1.0,1.0,1.0,1.0,1.0,0.0,0.0,0.0,0.0,0.0
2,prior_0.26_seed_2_ep_000298,298,0.26,0.36,0.5102,0.344933,0.357179,0.344925,0.357179,1.0,1.0,1.0,1.0,1.0,0.0,0.0,0.0,0.0,0.0
2,prior_0.26_seed_2_ep_000299,299,0.26,0.36,0.4384,0.344925,0.357179,0.344842,0.357179,1.0,1.0,1.0,1.0,1.0,0.0,0.0,0.0,0.0,0.0
0,prior_0.31_seed_0_ep_000000,0,0.31,0.36,0.5263,0.31136,0.441724,0.309197,0.434765,0.996565,1.0,1.0,1.0,1.0,0.0,0.0,0.0,0.0,1.2e-05
0,prior_0.31_seed_0_ep_000001,1,0.31,0.36,0.4387,0.309197,0.434765,0.299066,0.409248,0.954291,1.0,1.0,1.0,1.0,0.0,0.0,0.0,0.0,0.002089
0,prior_0.31_seed_0_ep_000002,2,0.31,0.36,0.2987,0.299066,0.409248,0.299066,0.409248,0.487543,0.0,0.0,0.0,0.0,0.0,1.0,0.0,0.0,0.237698
0,prior_0.31_seed_0_ep_000003,3,0.31,0.36,0.3561,0.299066,0.409248,0.367106,0.441724,0.785857,1.0,0.0,1.0,0.0,0.0,0.0,1.0,1.0,0.617572
0,prior_0.31_seed_0_ep_000004,4,0.31,0.36,0.304,0.367106,0.441724,0.367106,0.441724,0.087564,0.0,0.0,0.0,0.0,0.0,1.0,0.0,0.0,0.007667
0,prior_0.31_seed_0_ep_000005,5,0.31,0.36,0.3195,0.367106,0.441724,0.367106,0.441724,0.150604,0.0,0.0,0.0,0.0,0.0,1.0,0.0,0.0,0.022682
0,prior_0.31_seed_0_ep_000006,6,0.31,0.36,0.5213,0.367106,0.441724,0.366103,0.439404,0.999764,1.0,1.0,1.0,1.0,0.0,0.0,0.0,0.0,0.0
0,prior_0.31_seed_0_ep_000007,7,0.31,0.36,0.3521,0.366103,0.439404,0.386567,0.448683,0.368,0.0,0.0,1.0,0.0,1.0,0.0,1.0,1.0,0.135424
0,prior_0.31_seed_0_ep_000008,8,0.31,0.36,0.4174,0.386567,0.448683,0.375182,0.430125,0.795988,1.0,1.0,1.0,1.0,0.0,0.0,0.0,0.0,0.041621
0,prior_0.31_seed_0_ep_000009,9,0.31,0.36,0.3194,0.375182,0.430125,0.375182,0.430125,0.052852,0.0,0.0,0.0,0.0,0.0,1.0,0.0,0.0,0.002793
0,prior_0.31_seed_0_ep_000010,10,0.31,0.36,0.4058,0.375182,0.430125,0.365918,0.416207,0.820216,1.0,1.0,1.0,1.0,0.0,0.0,0.0,0.0,0.032322
0,prior_0.31_seed_0_ep_000011,11,0.31,0.36,0.3698,0.365918,0.416207,0.353424,0.399969,0.553381,1.0,1.0,1.0,1.0,0.0,0.0,0.0,0.0,0.199468
0,prior_0.31_seed_0_ep_000012,12,0.31,0.36,0.3051,0.353424,0.399969,0.353424,0.399969,0.058511,0.0,0.0,0.0,0.0,0.0,1.0,0.0,0.0,0.003424
0,prior_0.31_seed_0_ep_000013,13,0.31,0.36,0.3828,0.353424,0.399969,0.346213,0.39069,0.844368,1.0,1.0,1.0,1.0,0.0,0.0,0.0,0.0,0.024221
0,prior_0.31_seed_0_ep_000014,14,0.31,0.36,0.5309,0.346213,0.39069,0.34614,0.39069,1.0,1.0,1.0,1.0,1.0,0.0,0.0,0.0,0.0,0.0
0,prior_0.31_seed_0_ep_000015,15,0.31,0.36,0.2364,0.34614,0.39069,0.34614,0.39069,0.000646,0.0,0.0,0.0,0.0,0.0,1.0,0.0,0.0,0.0
0,prior_0.31_seed_0_ep_000016,16,0.31,0.36,0.2791,0.34614,0.39069,0.34614,0.39069,0.014036,0.0,0.0,0.0,0.0,0.0,1.0,0.0,0.0,0.000197
0,prior_0.31_seed_0_ep_000017,17,0.31,0.36,0.3857,0.34614,0.39069,0.340825,0.38373,0.92661,1.0,1.0,1.0,1.0,0.0,0.0,0.0,0.0,0.005386
0,prior_0.31_seed_0_ep_000018,18,0.31,0.36,0.635,0.340825,0.38373,0.340823,0.38373,1.0,1.0,1.0,1.0,1.0,0.0,0.0,0.0,0.0,0.0
0,prior_0.31_seed_0_ep_000019,19,0.31,0.36,0.5089,0.340823,0.38373,0.340708,0.381411,1.0,1.0,1.0,1.0,1.0,0.0,0.0,0.0,0.0,0.0
0,prior_0.31_seed_0_ep_000020,20,0.31,0.36,0.2095,0.340708,0.381411,0.340708,0.381411,9e-05,0.0,0.0,0.0,0.0,0.0,1.0,0.0,0.0,0.0
0,prior_0.31_seed_0_ep_000021,21,0.31,0.36,0.6441,0.340708,0.381411,0.340707,0.381411,1.0,1.0,1.0,1.0,1.0,0.0,0.0,0.0,0.0,0.0
0,prior_0.31_seed_0_ep_000022,22,0.31,0.36,0.3897,0.340707,0.381411,0.336718,0.376771,0.974528,1.0,1.0,1.0,1.0,0.0,0.0,0.0,0.0,0.000649
0,prior_0.31_seed_0_ep_000023,23,0.31,0.36,0.3558,0.336718,0.376771,0.348965,0.38373,0.746495,1.0,0.0,1.0,0.0,0.0,0.0,1.0,1.0,0.557255
0,prior_0.31_seed_0_ep_000024,24,0.31,0.36,0.2377,0.348965,0.38373,0.348965,0.38373,4.8e-05,0.0,0.0,0.0,0.0,0.0,1.0,0.0,0.0,0.0
0,prior_0.31_seed_0_ep_000025,25,0.31,0.36,0.5344,0.348965,0.38373,0.348923,0.38373,1.0,1.0,1.0,1.0,1.0,0.0,0.0,0.0,0.0,0.0
0,prior_0.31_seed_0_ep_000026,26,0.31,0.36,0.5332,0.348923,0.38373,0.348879,0.38373,1.0,1.0,1.0,1.0,1.0,0.0,0.0,0.0,0.0,0.0
0,prior_0.31_seed_0_ep_000027,27,0.31,0.36,0.2904,0.348879,0.38373,0.348879,0.38373,0.008811,0.0,0.0,0.0,0.0,0.0,1.0,0.0,0.0,7.8e-05
0,prior_0.31_seed_0_ep_000028,28,0.31,0.36,0.583,0.348879,0.38373,0.34887,0.38373,1.0,1.0,1.0,1.0,1.0,0.0,0.0,0.0,0.0,0.0
0,prior_0.31_seed_0_ep_000029,29,0.31,0.36,0.3065,0.34887,0.38373,0.34887,0.38373,0.035852,0.0,0.0,0.0,0.0,0.0,1.0,0.0,0.0,0.001285
0,prior_0.31_seed_0_ep_000030,30,0.31,0.36,0.5014,0.34887,0.38373,0.348744,0.38373,1.0,1.0,1.0,1.0,1.0,0.0,0.0,0.0,0.0,0.0
0,prior_0.31_seed_0_ep_000031,31,0.31,0.36,0.4046,0.348744,0.38373,0.346384,0.381411,0.995305,1.0,1.0,1.0,1.0,0.0,0.0,0.0,0.0,2.2e-05
0,prior_0.31_seed_0_ep_000032,32,0.31,0.36,0.3286,0.346384,0.381411,0.346384,0.381411,0.210248,0.0,0.0,0.0,0.0,0.0,1.0,0.0,0.0,0.044204
0,prior_0.31_seed_0_ep_000033,33,0.31,0.36,0.226,0.346384,0.381411,0.346384,0.381411,1.2e-05,0.0,0.0,0.0,0.0,0.0,1.0,0.0,0.0,0.0
0,prior_0.31_seed_0_ep_000034,34,0.31,0.36,0.4343,0.346384,0.381411,0.345464,0.379091,0.999993,1.0,1.0,1.0,1.0,0.0,0.0,0.0,0.0,0.0
0,prior_0.31_seed_0_ep_000035,35,0.31,0.36,0.2814,0.345464,0.379091,0.345464,0.379091,0.00463,0.0,0.0,0.0,0.0,0.0,1.0,0.0,0.0,2.1e-05
0,prior_0.31_seed_0_ep_000036,36,0.31,0.36,0.6339,0.345464,0.379091,0.345463,0.379091,1.0,1.0,1.0,1.0,1.0,0.0,0.0,0.0,0.0,0.0
0,prior_0.31_seed_0_ep_000037,37,0.31,0.36,0.4008,0.345463,0.379091,0.343216,0.376771,0.997219,1.0,1.0,1.0,1.0,0.0,0.0,0.0,0.0,8e-06
0,prior_0.31_seed_0_ep_000038,38,0.31,0.36,0.5485,0.343216,0.376771,0.343196,0.376771,1.0,1.0,1.0,1.0,1.0,0.0,0.0,0.0,0.0,0.0
0,prior_0.31_seed_0_ep_000039,39,0.31,0.36,0.4154,0.343196,0.376771,0.341827,0.374451,0.999911,1.0,1.0,1.0,1.0,0.0,0.0,0.0,0.0,0.0
0,prior_0.31_seed_0_ep_000040,40,0.31,0.36,0.3705,0.341827,0.374451,0.337826,0.369812,0.922876,1.0,1.0,1.0,1.0,0.0,0.0,0.0,0.0,0.005948
0,prior_0.31_seed_0_ep_000041,41,0.31,0.36,0.5737,0.337826,0.369812,0.337819,0.369812,1.0,1.0,1.0,1.0,1.0,0.0,0.0,0.0,0.0,0.0
0,prior_0.31_seed_0_ep_000042,42,0.31,0.36,0.6283,0.337819,0.369812,0.337818,0.369812,1.0,1.0,1.0,1.0,1.0,0.0,0.0,0.0,0.0,0.0
0,prior_0.31_seed_0_ep_000043,43,0.31,0.36,0.2642,0.337818,0.369812,0.337818,0.369812,0.001683,0.0,0.0,0.0,0.0,0.0,1.0,0.0,0.0,3e-06
0,prior_0.31_seed_0_ep_000044,44,0.31,0.36,0.3913,0.337818,0.369812,0.335671,0.367492,0.997956,1.0,1.0,1.0,1.0,0.0,0.0,0.0,0.0,4e-06
0,prior_0.31_seed_0_ep_000045,45,0.31,0.36,0.372,0.335671,0.367492,0.332476,0.365172,0.965886,1.0,1.0,1.0,1.0,0.0,0.0,0.0,0.0,0.001164
0,prior_0.31_seed_0_ep_000046,46,0.31,0.36,0.2277,0.332476,0.365172,0.332476,0.365172,5e-05,0.0,0.0,0.0,0.0,0.0,1.0,0.0,0.0,0.0
0,prior_0.31_seed_0_ep_000047,47,0.31,0.36,0.4345,0.332476,0.365172,0.33198,0.362853,1.0,1.0,1.0,1.0,1.0,0.0,0.0,0.0,0.0,0.0
0,prior_0.31_seed_0_ep_000048,48,0.31,0.36,0.29,0.33198,0.362853,0.33198,0.362853,0.029391,0.0,0.0,0.0,0.0,0.0,1.0,0.0,0.0,0.000864
0,prior_0.31_seed_0_ep_000049,49,0.31,0.36,0.674,0.33198,0.362853,0.33198,0.362853,1.0,1.0,1.0,1.0,1.0,0.0,0.0,0.0,0.0,0.0
0,prior_0.31_seed_0_ep_000050,50,0.31,0.36,0.4613,0.33198,0.362853,0.331774,0.362853,1.0,1.0,1.0,1.0,1.0,0.0,0.0,0.0,0.0,0.0
0,prior_0.31_seed_0_ep_000051,51,0.31,0.36,0.3948,0.331774,0.362853,0.330214,0.360533,0.999806,1.0,1.0,1.0,1.0,0.0,0.0,0.0,0.0,0.0
0,prior_0.31_seed_0_ep_000052,52,0.31,0.36,0.3761,0.330214,0.360533,0.327808,0.358213,0.99397,1.0,1.0,1.0,1.0,0.0,0.0,0.0,0.0,3.6e-05
0,prior_0.31_seed_0_ep_000053,53,0.31,0.36,0.2482,0.327808,0.358213,0.327808,0.358213,0.000721,0.0,0.0,0.0,0.0,0.0,1.0,0.0,0.0,1e-06
0,prior_0.31_seed_0_ep_000054,54,0.31,0.36,0.2623,0.327808,0.358213,0.329484,0.360533,0.00302,0.0,0.0,1.0,0.0,1.0,0.0,1.0,1.0,9e-06
0,prior_0.31_seed_0_ep_000055,55,0.31,0.36,0.374,0.329484,0.360533,0.327214,0.355893,0.994027,1.0,1.0,1.0,1.0,0.0,0.0,0.0,0.0,3.6e-05
0,prior_0.31_seed_0_ep_000056,56,0.31,0.36,0.3076,0.327214,0.355893,0.327214,0.355893,0.159863,0.0,0.0,0.0,0.0,0.0,1.0,0.0,0.0,0.025556
0,prior_0.31_seed_0_ep_000057,57,0.31,0.36,0.3862,0.327214,0.355893,0.32569,0.355893,0.999863,1.0,1.0,1.0,1.0,0.0,0.0,0.0,0.0,0.0
0,prior_0.31_seed_0_ep_000058,58,0.31,0.36,0.3548,0.32569,0.355893,0.33336,0.360533,0.947665,1.0,0.0,1.0,0.0,0.0,0.0,1.0,1.0,0.898069
0,prior_0.31_seed_0_ep_000059,59,0.31,0.36,0.3197,0.33336,0.360533,0.33336,0.360533,0.209611,0.0,0.0,0.0,0.0,0.0,1.0,0.0,0.0,0.043937
0,prior_0.31_seed_0_ep_000060,60,0.31,0.36,0.4171,0.33336,0.360533,0.332766,0.360533,1.0,1.0,1.0,1.0,1.0,0.0,0.0,0.0,0.0,0.0
0,prior_0.31_seed_0_ep_000061,61,0.31,0.36,0.4115,0.332766,0.360533,0.332081,0.358213,1.0,1.0,1.0,1.0,1.0,0.0,0.0,0.0,0.0,0.0
0,prior_0.31_seed_0_ep_000062,62,0.31,0.36,0.4253,0.332081,0.358213,0.331645,0.358213,1.0,1.0,1.0,1.0,1.0,0.0,0.0,0.0,0.0,0.0
0,prior_0.31_seed_0_ep_000063,63,0.31,0.36,0.5093,0.331645,0.358213,0.331617,0.358213,1.0,1.0,1.0,1.0,1.0,0.0,0.0,0.0,0.0,0.0
0,prior_0.31_seed_0_ep_000064,64,0.31,0.36,0.4155,0.331617,0.358213,0.331041,0.358213,1.0,1.0,1.0,1.0,1.0,0.0,0.0,0.0,0.0,0.0
0,prior_0.31_seed_0_ep_000065,65,0.31,0.36,0.3895,0.331041,0.358213,0.329844,0.355893,0.999971,1.0,1.0,1.0,1.0,0.0,0.0,0.0,0.0,0.0
0,prior_0.31_seed_0_ep_000066,66,0.31,0.36,0.4086,0.329844,0.355893,0.329188,0.355893,1.0,1.0,1.0,1.0,1.0,0.0,0.0,0.0,0.0,0.0
0,prior_0.31_seed_0_ep_000067,67,0.31,0.36,0.3486,0.329188,0.355893,0.334732,0.358213,0.871752,1.0,0.0,1.0,0.0,0.0,0.0,1.0,1.0,0.759951
0,prior_0.31_seed_0_ep_000068,68,0.31,0.36,0.2595,0.334732,0.358213,0.334732,0.358213,3e-05,0.0,0.0,0.0,0.0,0.0,1.0,0.0,0.0,0.0
0,prior_0.31_seed_0_ep_000069,69,0.31,0.36,0.2438,0.334732,0.358213,0.334732,0.358213,1e-06,0.0,0.0,0.0,0.0,0.0,1.0,0.0,0.0,0.0
0,prior_0.31_seed_0_ep_000070,70,0.31,0.36,0.6454,0.334732,0.358213,0.334732,0.358213,1.0,1.0,1.0,1.0,1.0,0.0,0.0,0.0,0.0,0.0
0,prior_0.31_seed_0_ep_000071,71,0.31,0.36,0.4197,0.334732,0.358213,0.334274,0.358213,1.0,1.0,1.0,1.0,1.0,0.0,0.0,0.0,0.0,0.0
0,prior_0.31_seed_0_ep_000072,72,0.31,0.36,0.3826,0.334274,0.358213,0.332972,0.355893,0.999803,1.0,1.0,1.0,1.0,0.0,0.0,0.0,0.0,0.0
0,prior_0.31_seed_0_ep_000073,73,0.31,0.36,0.6903,0.332972,0.355893,0.332972,0.355893,1.0,1.0,1.0,1.0,1.0,0.0,0.0,0.0,0.0,0.0
0,prior_0.31_seed_0_ep_000074,74,0.31,0.36,0.4825,0.332972,0.355893,0.332916,0.355893,1.0,1.0,1.0,1.0,1.0,0.0,0.0,0.0,0.0,0.0
0,prior_0.31_seed_0_ep_000075,75,0.31,0.36,0.4092,0.332916,0.355893,0.332335,0.355893,1.0,1.0,1.0,1.0,1.0,0.0,0.0,0.0,0.0,0.0
0,prior_0.31_seed_0_ep_000076,76,0.31,0.36,0.37,0.332335,0.355893,0.330662,0.353574,0.99752,1.0,1.0,1.0,1.0,0.0,0.0,0.0,0.0,6e-06
0,prior_0.31_seed_0_ep_000077,77,0.31,0.36,0.3666,0.330662,0.353574,0.328938,0.353574,0.995217,1.0,1.0,1.0,1.0,0.0,0.0,0.0,0.0,2.3e-05
0,prior_0.31_seed_0_ep_000078,78,0.31,0.36,0.5966,0.328938,0.353574,0.328937,0.353574,1.0,1.0,1.0,1.0,1.0,0.0,0.0,0.0,0.0,0.0
0,prior_0.31_seed_0_ep_000079,79,0.31,0.36,0.3385,0.328937,0.353574,0.333,0.355893,0.730033,1.0,0.0,1.0,0.0,0.0,0.0,1.0,1.0,0.532948
0,prior_0.31_seed_0_ep_000080,80,0.31,0.36,0.2963,0.333,0.355893,0.333,0.355893,0.008955,0.0,0.0,0.0,0.0,0.0,1.0,0.0,0.0,8e-05
0,prior_0.31_seed_0_ep_000081,81,0.31,0.36,0.4862,0.333,0.355893,0.332958,0.355893,1.0,1.0,1.0,1.0,1.0,0.0,0.0,0.0,0.0,0.0
0,prior_0.31_seed_0_ep_000082,82,0.31,0.36,0.4907,0.332958,0.355893,0.332922,0.355893,1.0,1.0,1.0,1.0,1.0,0.0,0.0,0.0,0.0,0.0
0,prior_0.31_seed_0_ep_000083,83,0.31,0.36,0.4511,0.332922,0.355893,0.33279,0.355893,1.0,1.0,1.0,1.0,1.0,0.0,0.0,0.0,0.0,0.0
0,prior_0.31_seed_0_ep_000084,84,0.31,0.36,0.5113,0.33279,0.355893,0.332772,0.355893,1.0,1.0,1.0,1.0,1.0,0.0,0.0,0.0,0.0,0.0
0,prior_0.31_seed_0_ep_000085,85,0.31,0.36,0.4659,0.332772,0.355893,0.33269,0.355893,1.0,1.0,1.0,1.0,1.0,0.0,0.0,0.0,0.0,0.0
0,prior_0.31_seed_0_ep_000086,86,0.31,0.36,0.4361,0.33269,0.355893,0.332479,0.353574,1.0,1.0,1.0,1.0,1.0,0.0,0.0,0.0,0.0,0.0
0,prior_0.31_seed_0_ep_000087,87,0.31,0.36,0.4646,0.332479,0.353574,0.332395,0.353574,1.0,1.0,1.0,1.0,1.0,0.0,0.0,0.0,0.0,0.0
0,prior_0.31_seed_0_ep_000088,88,0.31,0.36,0.3162,0.332395,0.353574,0.332395,0.353574,0.113634,0.0,0.0,0.0,0.0,0.0,1.0,0.0,0.0,0.012913
0,prior_0.31_seed_0_ep_000089,89,0.31,0.36,0.2912,0.332395,0.353574,0.332395,0.353574,0.004627,0.0,0.0,0.0,0.0,0.0,1.0,0.0,0.0,2.1e-05
0,prior_0.31_seed_0_ep_000090,90,0.31,0.36,0.6466,0.332395,0.353574,0.332395,0.353574,1.0,1.0,1.0,1.0,1.0,0.0,0.0,0.0,0.0,0.0
0,prior_0.31_seed_0_ep_000091,91,0.31,0.36,0.3245,0.332395,0.353574,0.335142,0.355893,0.277605,0.0,0.0,1.0,0.0,1.0,0.0,1.0,1.0,0.077064
0,prior_0.31_seed_0_ep_000092,92,0.31,0.36,0.4823,0.335142,0.355893,0.335096,0.355893,1.0,1.0,1.0,1.0,1.0,0.0,0.0,0.0,0.0,0.0
0,prior_0.31_seed_0_ep_000093,93,0.31,0.36,0.5305,0.335096,0.355893,0.335087,0.355893,1.0,1.0,1.0,1.0,1.0,0.0,0.0,0.0,0.0,0.0
0,prior_0.31_seed_0_ep_000094,94,0.31,0.36,0.4576,0.335087,0.355893,0.334984,0.355893,1.0,1.0,1.0,1.0,1.0,0.0,0.0,0.0,0.0,0.0
0,prior_0.31_seed_0_ep_000095,95,0.31,0.36,0.3336,0.334984,0.355893,0.33776,0.358213,0.451802,0.0,0.0,1.0,0.0,1.0,0.0,1.0,1.0,0.204125
0,prior_0.31_seed_0_ep_000096,96,0.31,0.36,0.3639,0.33776,0.358213,0.336201,0.355893,0.984979,1.0,1.0,1.0,1.0,0.0,0.0,0.0,0.0,0.000226
0,prior_0.31_seed_0_ep_000097,97,0.31,0.36,0.4691,0.336201,0.355893,0.336135,0.355893,1.0,1.0,1.0,1.0,1.0,0.0,0.0,0.0,0.0,0.0
0,prior_0.31_seed_0_ep_000098,98,0.31,0.36,0.5299,0.336135,0.355893,0.336126,0.355893,1.0,1.0,1.0,1.0,1.0,0.0,0.0,0.0,0.0,0.0
0,prior_0.31_seed_0_ep_000099,99,0.31,0.36,0.2594,0.336126,0.355893,0.336126,0.355893,0.0,0.0,0.0,0.0,0.0,0.0,1.0,0.0,0.0,0.0
0,prior_0.31_seed_0_ep_000100,100,0.31,0.36,0.4914,0.336126,0.355893,0.336095,0.355893,1.0,1.0,1.0,1.0,1.0,0.0,0.0,0.0,0.0,0.0
0,prior_0.31_seed_0_ep_000101,101,0.31,0.36,0.6197,0.336095,0.355893,0.336094,0.355893,1.0,1.0,1.0,1.0,1.0,0.0,0.0,0.0,0.0,0.0
0,prior_0.31_seed_0_ep_000102,102,0.31,0.36,0.4462,0.336094,0.355893,0.335956,0.355893,1.0,1.0,1.0,1.0,1.0,0.0,0.0,0.0,0.0,0.0
0,prior_0.31_seed_0_ep_000103,103,0.31,0.36,0.5025,0.335956,0.355893,0.335934,0.355893,1.0,1.0,1.0,1.0,1.0,0.0,0.0,0.0,0.0,0.0
0,prior_0.31_seed_0_ep_000104,104,0.31,0.36,0.4967,0.335934,0.355893,0.335908,0.355893,1.0,1.0,1.0,1.0,1.0,0.0,0.0,0.0,0.0,0.0
0,prior_0.31_seed_0_ep_000105,105,0.31,0.36,0.4358,0.335908,0.355893,0.335717,0.355893,1.0,1.0,1.0,1.0,1.0,0.0,0.0,0.0,0.0,0.0
0,prior_0.31_seed_0_ep_000106,106,0.31,0.36,0.4423,0.335717,0.355893,0.335564,0.355893,1.0,1.0,1.0,1.0,1.0,0.0,0.0,0.0,0.0,0.0
0,prior_0.31_seed_0_ep_000107,107,0.31,0.36,0.3257,0.335564,0.355893,0.335564,0.355893,0.188155,0.0,0.0,0.0,0.0,0.0,1.0,0.0,0.0,0.035402
0,prior_0.31_seed_0_ep_000108,108,0.31,0.36,0.4471,0.335564,0.355893,0.335433,0.355893,1.0,1.0,1.0,1.0,1.0,0.0,0.0,0.0,0.0,0.0
0,prior_0.31_seed_0_ep_000109,109,0.31,0.36,0.2902,0.335433,0.355893,0.335433,0.355893,0.000582,0.0,0.0,0.0,0.0,0.0,1.0,0.0,0.0,0.0
0,prior_0.31_seed_0_ep_000110,110,0.31,0.36,0.4259,0.335433,0.355893,0.335178,0.355893,1.0,1.0,1.0,1.0,1.0,0.0,0.0,0.0,0.0,0.0
0,prior_0.31_seed_0_ep_000111,111,0.31,0.36,0.4315,0.335178,0.355893,0.334967,0.355893,1.0,1.0,1.0,1.0,1.0,0.0,0.0,0.0,0.0,0.0
0,prior_0.31_seed_0_ep_000112,112,0.31,0.36,0.3981,0.334967,0.355893,0.33439,0.353574,1.0,1.0,1.0,1.0,1.0,0.0,0.0,0.0,0.0,0.0
0,prior_0.31_seed_0_ep_000113,113,0.31,0.36,0.3541,0.33439,0.353574,0.337631,0.355893,0.954814,1.0,0.0,1.0,0.0,0.0,0.0,1.0,1.0,0.91167
0,prior_0.31_seed_0_ep_000114,114,0.31,0.36,0.5228,0.337631,0.355893,0.33762,0.355893,1.0,1.0,1.0,1.0,1.0,0.0,0.0,0.0,0.0,0.0
0,prior_0.31_seed_0_ep_000115,115,0.31,0.36,0.427,0.33762,0.355893,0.337383,0.355893,1.0,1.0,1.0,1.0,1.0,0.0,0.0,0.0,0.0,0.0
0,prior_0.31_seed_0_ep_000116,116,0.31,0.36,0.4368,0.337383,0.355893,0.337211,0.355893,1.0,1.0,1.0,1.0,1.0,0.0,0.0,0.0,0.0,0.0
0,prior_0.31_seed_0_ep_000117,117,0.31,0.36,0.4539,0.337211,0.355893,0.337112,0.355893,1.0,1.0,1.0,1.0,1.0,0.0,0.0,0.0,0.0,0.0
0,prior_0.31_seed_0_ep_000118,118,0.31,0.36,0.5023,0.337112,0.355893,0.337092,0.355893,1.0,1.0,1.0,1.0,1.0,0.0,0.0,0.0,0.0,0.0
0,prior_0.31_seed_0_ep_000119,119,0.31,0.36,0.4059,0.337092,0.355893,0.336653,0.355893,1.0,1.0,1.0,1.0,1.0,0.0,0.0,0.0,0.0,0.0
0,prior_0.31_seed_0_ep_000120,120,0.31,0.36,0.5074,0.336653,0.355893,0.336636,0.355893,1.0,1.0,1.0,1.0,1.0,0.0,0.0,0.0,0.0,0.0
0,prior_0.31_seed_0_ep_000121,121,0.31,0.36,0.5124,0.336636,0.355893,0.336622,0.355893,1.0,1.0,1.0,1.0,1.0,0.0,0.0,0.0,0.0,0.0
0,prior_0.31_seed_0_ep_000122,122,0.31,0.36,0.5343,0.336622,0.355893,0.336615,0.355893,1.0,1.0,1.0,1.0,1.0,0.0,0.0,0.0,0.0,0.0
0,prior_0.31_seed_0_ep_000123,123,0.31,0.36,0.2847,0.336615,0.355893,0.336615,0.355893,7e-05,0.0,0.0,0.0,0.0,0.0,1.0,0.0,0.0,0.0
0,prior_0.31_seed_0_ep_000124,124,0.31,0.36,0.3209,0.336615,0.355893,0.336615,0.355893,0.08343,0.0,0.0,0.0,0.0,0.0,1.0,0.0,0.0,0.006961
0,prior_0.31_seed_0_ep_000125,125,0.31,0.36,0.2602,0.336615,0.355893,0.336615,0.355893,0.0,0.0,0.0,0.0,0.0,0.0,1.0,0.0,0.0,0.0
0,prior_0.31_seed_0_ep_000126,126,0.31,0.36,0.5831,0.336615,0.355893,0.336614,0.355893,1.0,1.0,1.0,1.0,1.0,0.0,0.0,0.0,0.0,0.0
0,prior_0.31_seed_0_ep_000127,127,0.31,0.36,0.5911,0.336614,0.355893,0.336613,0.355893,1.0,1.0,1.0,1.0,1.0,0.0,0.0,0.0,0.0,0.0
0,prior_0.31_seed_0_ep_000128,128,0.31,0.36,0.5577,0.336613,0.355893,0.33661,0.355893,1.0,1.0,1.0,1.0,1.0,0.0,0.0,0.0,0.0,0.0
0,prior_0.31_seed_0_ep_000129,129,0.31,0.36,0.3419,0.33661,0.355893,0.339058,0.358213,0.628806,1.0,0.0,1.0,0.0,0.0,0.0,1.0,1.0,0.395397
0,prior_0.31_seed_0_ep_000130,130,0.31,0.36,0.3714,0.339058,0.358213,0.337969,0.355893,0.99863,1.0,1.0,1.0,1.0,0.0,0.0,0.0,0.0,2e-06
0,prior_0.31_seed_0_ep_000131,131,0.31,0.36,0.3753,0.337969,0.355893,0.337016,0.355893,0.999842,1.0,1.0,1.0,1.0,0.0,0.0,0.0,0.0,0.0
0,prior_0.31_seed_0_ep_000132,132,0.31,0.36,0.2514,0.337016,0.355893,0.337016,0.355893,0.0,0.0,0.0,0.0,0.0,0.0,1.0,0.0,0.0,0.0
0,prior_0.31_seed_0_ep_000133,133,0.31,0.36,0.2295,0.337016,0.355893,0.337016,0.355893,0.0,0.0,0.0,0.0,0.0,0.0,1.0,0.0,0.0,0.0
0,prior_0.31_seed_0_ep_000134,134,0.31,0.36,0.2202,0.337016,0.355893,0.337016,0.355893,0.0,0.0,0.0,0.0,0.0,0.0,1.0,0.0,0.0,0.0
0,prior_0.31_seed_0_ep_000135,135,0.31,0.36,0.6328,0.337016,0.355893,0.337016,0.355893,1.0,1.0,1.0,1.0,1.0,0.0,0.0,0.0,0.0,0.0
0,prior_0.31_seed_0_ep_000136,136,0.31,0.36,0.5371,0.337016,0.355893,0.33701,0.355893,1.0,1.0,1.0,1.0,1.0,0.0,0.0,0.0,0.0,0.0
0,prior_0.31_seed_0_ep_000137,137,0.31,0.36,0.3662,0.33701,0.355893,0.335859,0.353574,0.99719,1.0,1.0,1.0,1.0,0.0,0.0,0.0,0.0,8e-06
0,prior_0.31_seed_0_ep_000138,138,0.31,0.36,0.4336,0.335859,0.353574,0.335698,0.353574,1.0,1.0,1.0,1.0,1.0,0.0,0.0,0.0,0.0,0.0
0,prior_0.31_seed_0_ep_000139,139,0.31,0.36,0.4698,0.335698,0.353574,0.335649,0.353574,1.0,1.0,1.0,1.0,1.0,0.0,0.0,0.0,0.0,0.0
0,prior_0.31_seed_0_ep_000140,140,0.31,0.36,0.3377,0.335649,0.353574,0.337753,0.355893,0.58958,1.0,0.0,1.0,0.0,0.0,0.0,1.0,1.0,0.347605
0,prior_0.31_seed_0_ep_000141,141,0.31,0.36,0.251,0.337753,0.355893,0.337753,0.355893,0.0,0.0,0.0,0.0,0.0,0.0,1.0,0.0,0.0,0.0
0,prior_0.31_seed_0_ep_000142,142,0.31,0.36,0.4808,0.337753,0.355893,0.337718,0.355893,1.0,1.0,1.0,1.0,1.0,0.0,0.0,0.0,0.0,0.0
0,prior_0.31_seed_0_ep_000143,143,0.31,0.36,0.3163,0.337718,0.355893,0.337718,0.355893,0.023725,0.0,0.0,0.0,0.0,0.0,1.0,0.0,0.0,0.000563
0,prior_0.31_seed_0_ep_000144,144,0.31,0.36,0.5352,0.337718,0.355893,0.337713,0.355893,1.0,1.0,1.0,1.0,1.0,0.0,0.0,0.0,0.0,0.0
0,prior_0.31_seed_0_ep_000145,145,0.31,0.36,0.4033,0.337713,0.355893,0.33731,0.353574,1.0,1.0,1.0,1.0,1.0,0.0,0.0,0.0,0.0,0.0
0,prior_0.31_seed_0_ep_000146,146,0.31,0.36,0.5124,0.33731,0.353574,0.337298,0.353574,1.0,1.0,1.0,1.0,1.0,0.0,0.0,0.0,0.0,0.0
0,prior_0.31_seed_0_ep_000147,147,0.31,0.36,0.3462,0.337298,0.353574,0.339461,0.355893,0.771853,1.0,0.0,1.0,0.0,0.0,0.0,1.0,1.0,0.595756
0,prior_0.31_seed_0_ep_000148,148,0.31,0.36,0.2668,0.339461,0.355893,0.33978,0.355893,0.0,0.0,0.0,1.0,0.0,1.0,0.0,1.0,1.0,0.0
0,prior_0.31_seed_0_ep_000149,149,0.31,0.36,0.4245,0.33978,0.355893,0.339573,0.355893,1.0,1.0,1.0,1.0,1.0,0.0,0.0,0.0,0.0,0.0
0,prior_0.31_seed_0_ep_000150,150,0.31,0.36,0.2351,0.339573,0.355893,0.339573,0.355893,0.0,0.0,0.0,0.0,0.0,0.0,1.0,0.0,0.0,0.0
0,prior_0.31_seed_0_ep_000151,151,0.31,0.36,0.4949,0.339573,0.355893,0.339552,0.355893,1.0,1.0,1.0,1.0,1.0,0.0,0.0,0.0,0.0,0.0
0,prior_0.31_seed_0_ep_000152,152,0.31,0.36,0.2905,0.339552,0.355893,0.339552,0.355893,1e-05,0.0,0.0,0.0,0.0,0.0,1.0,0.0,0.0,0.0
0,prior_0.31_seed_0_ep_000153,153,0.31,0.36,0.2172,0.339552,0.355893,0.339552,0.355893,0.0,0.0,0.0,0.0,0.0,0.0,1.0,0.0,0.0,0.0
0,prior_0.31_seed_0_ep_000154,154,0.31,0.36,0.3291,0.339552,0.355893,0.339552,0.355893,0.158961,0.0,0.0,0.0,0.0,0.0,1.0,0.0,0.0,0.025269
0,prior_0.31_seed_0_ep_000155,155,0.31,0.36,0.3681,0.339552,0.355893,0.338562,0.355893,0.998518,1.0,1.0,1.0,1.0,0.0,0.0,0.0,0.0,2e-06
0,prior_0.31_seed_0_ep_000156,156,0.31,0.36,0.3167,0.338562,0.355893,0.338562,0.355893,0.025375,0.0,0.0,0.0,0.0,0.0,1.0,0.0,0.0,0.000644
0,prior_0.31_seed_0_ep_000157,157,0.31,0.36,0.5304,0.338562,0.355893,0.338556,0.355893,1.0,1.0,1.0,1.0,1.0,0.0,0.0,0.0,0.0,0.0
0,prior_0.31_seed_0_ep_000158,158,0.31,0.36,0.2595,0.338556,0.355893,0.338556,0.355893,0.0,0.0,0.0,0.0,0.0,0.0,1.0,0.0,0.0,0.0
0,prior_0.31_seed_0_ep_000159,159,0.31,0.36,0.2414,0.338556,0.355893,0.338556,0.355893,0.0,0.0,0.0,0.0,0.0,0.0,1.0,0.0,0.0,0.0
0,prior_0.31_seed_0_ep_000160,160,0.31,0.36,0.3437,0.338556,0.355893,0.340434,0.355893,0.664394,1.0,0.0,1.0,0.0,0.0,0.0,1.0,1.0,0.441419
0,prior_0.31_seed_0_ep_000161,161,0.31,0.36,0.2348,0.340434,0.355893,0.340434,0.355893,0.0,0.0,0.0,0.0,0.0,0.0,1.0,0.0,0.0,0.0
0,prior_0.31_seed_0_ep_000162,162,0.31,0.36,0.3374,0.340434,0.355893,0.340434,0.355893,0.414555,0.0,0.0,0.0,0.0,0.0,1.0,0.0,0.0,0.171856
0,prior_0.31_seed_0_ep_000163,163,0.31,0.36,0.3092,0.340434,0.355893,0.340434,0.355893,0.001431,0.0,0.0,0.0,0.0,0.0,1.0,0.0,0.0,2e-06
0,prior_0.31_seed_0_ep_000164,164,0.31,0.36,0.336,0.340434,0.355893,0.340434,0.355893,0.328495,0.0,0.0,0.0,0.0,0.0,1.0,0.0,0.0,0.107909
0,prior_0.31_seed_0_ep_000165,165,0.31,0.36,0.2337,0.340434,0.355893,0.340434,0.355893,0.0,0.0,0.0,0.0,0.0,0.0,1.0,0.0,0.0,0.0
0,prior_0.31_seed_0_ep_000166,166,0.31,0.36,0.2488,0.340434,0.355893,0.340434,0.355893,0.0,0.0,0.0,0.0,0.0,0.0,1.0,0.0,0.0,0.0
0,prior_0.31_seed_0_ep_000167,167,0.31,0.36,0.4821,0.340434,0.355893,0.340403,0.355893,1.0,1.0,1.0,1.0,1.0,0.0,0.0,0.0,0.0,0.0
0,prior_0.31_seed_0_ep_000168,168,0.31,0.36,0.5866,0.340403,0.355893,0.340402,0.355893,1.0,1.0,1.0,1.0,1.0,0.0,0.0,0.0,0.0,0.0
0,prior_0.31_seed_0_ep_000169,169,0.31,0.36,0.2967,0.340402,0.355893,0.340402,0.355893,4.3e-05,0.0,0.0,0.0,0.0,0.0,1.0,0.0,0.0,0.0
0,prior_0.31_seed_0_ep_000170,170,0.31,0.36,0.2967,0.340402,0.355893,0.341058,0.355893,4.3e-05,0.0,0.0,1.0,0.0,1.0,0.0,1.0,1.0,0.0
0,prior_0.31_seed_0_ep_000171,171,0.31,0.36,0.5288,0.341058,0.355893,0.341051,0.355893,1.0,1.0,1.0,1.0,1.0,0.0,0.0,0.0,0.0,0.0
0,prior_0.31_seed_0_ep_000172,172,0.31,0.36,0.5061,0.341051,0.355893,0.341037,0.355893,1.0,1.0,1.0,1.0,1.0,0.0,0.0,0.0,0.0,0.0
0,prior_0.31_seed_0_ep_000173,173,0.31,0.36,0.4918,0.341037,0.355893,0.341015,0.355893,1.0,1.0,1.0,1.0,1.0,0.0,0.0,0.0,0.0,0.0
0,prior_0.31_seed_0_ep_000174,174,0.31,0.36,0.4493,0.341015,0.355893,0.340926,0.355893,1.0,1.0,1.0,1.0,1.0,0.0,0.0,0.0,0.0,0.0
0,prior_0.31_seed_0_ep_000175,175,0.31,0.36,0.3274,0.340926,0.355893,0.340926,0.355893,0.081068,0.0,0.0,0.0,0.0,0.0,1.0,0.0,0.0,0.006572
0,prior_0.31_seed_0_ep_000176,176,0.31,0.36,0.2013,0.340926,0.355893,0.340926,0.355893,0.0,0.0,0.0,0.0,0.0,0.0,1.0,0.0,0.0,0.0
0,prior_0.31_seed_0_ep_000177,177,0.31,0.36,0.4422,0.340926,0.355893,0.340815,0.355893,1.0,1.0,1.0,1.0,1.0,0.0,0.0,0.0,0.0,0.0
0,prior_0.31_seed_0_ep_000178,178,0.31,0.36,0.3353,0.340815,0.355893,0.340815,0.355893,0.312975,0.0,0.0,0.0,0.0,0.0,1.0,0.0,0.0,0.097954
0,prior_0.31_seed_0_ep_000179,179,0.31,0.36,0.2967,0.340815,0.355893,0.340815,0.355893,2.7e-05,0.0,0.0,0.0,0.0,0.0,1.0,0.0,0.0,0.0
0,prior_0.31_seed_0_ep_000180,180,0.31,0.36,0.3946,0.340815,0.355893,0.340344,0.355893,1.0,1.0,1.0,1.0,1.0,0.0,0.0,0.0,0.0,0.0
0,prior_0.31_seed_0_ep_000181,181,0.31,0.36,0.4102,0.340344,0.355893,0.340051,0.355893,1.0,1.0,1.0,1.0,1.0,0.0,0.0,0.0,0.0,0.0
0,prior_0.31_seed_0_ep_000182,182,0.31,0.36,0.4258,0.340051,0.355893,0.339872,0.355893,1.0,1.0,1.0,1.0,1.0,0.0,0.0,0.0,0.0,0.0
0,prior_0.31_seed_0_ep_000183,183,0.31,0.36,0.4839,0.339872,0.355893,0.339845,0.355893,1.0,1.0,1.0,1.0,1.0,0.0,0.0,0.0,0.0,0.0
0,prior_0.31_seed_0_ep_000184,184,0.31,0.36,0.4663,0.339845,0.355893,0.339797,0.355893,1.0,1.0,1.0,1.0,1.0,0.0,0.0,0.0,0.0,0.0
0,prior_0.31_seed_0_ep_000185,185,0.31,0.36,0.4452,0.339797,0.355893,0.339701,0.355893,1.0,1.0,1.0,1.0,1.0,0.0,0.0,0.0,0.0,0.0
0,prior_0.31_seed_0_ep_000186,186,0.31,0.36,0.3623,0.339701,0.355893,0.338689,0.353574,0.990311,1.0,1.0,1.0,1.0,0.0,0.0,0.0,0.0,9.4e-05
0,prior_0.31_seed_0_ep_000187,187,0.31,0.36,0.2393,0.338689,0.353574,0.338689,0.353574,0.0,0.0,0.0,0.0,0.0,0.0,1.0,0.0,0.0,0.0
0,prior_0.31_seed_0_ep_000188,188,0.31,0.36,0.3989,0.338689,0.353574,0.338308,0.353574,1.0,1.0,1.0,1.0,1.0,0.0,0.0,0.0,0.0,0.0
0,prior_0.31_seed_0_ep_000189,189,0.31,0.36,0.4554,0.338308,0.353574,0.338243,0.353574,1.0,1.0,1.0,1.0,1.0,0.0,0.0,0.0,0.0,0.0
0,prior_0.31_seed_0_ep_000190,190,0.31,0.36,0.2301,0.338243,0.353574,0.338243,0.353574,0.0,0.0,0.0,0.0,0.0,0.0,1.0,0.0,0.0,0.0
0,prior_0.31_seed_0_ep_000191,191,0.31,0.36,0.4871,0.338243,0.353574,0.338221,0.353574,1.0,1.0,1.0,1.0,1.0,0.0,0.0,0.0,0.0,0.0
0,prior_0.31_seed_0_ep_000192,192,0.31,0.36,0.3718,0.338221,0.353574,0.337449,0.353574,0.999844,1.0,1.0,1.0,1.0,0.0,0.0,0.0,0.0,0.0
0,prior_0.31_seed_0_ep_000193,193,0.31,0.36,0.3087,0.337449,0.353574,0.338325,0.353574,0.002391,0.0,0.0,1.0,0.0,1.0,0.0,1.0,1.0,6e-06
0,prior_0.31_seed_0_ep_000194,194,0.31,0.36,0.6923,0.338325,0.353574,0.338325,0.353574,1.0,1.0,1.0,1.0,1.0,0.0,0.0,0.0,0.0,0.0
0,prior_0.31_seed_0_ep_000195,195,0.31,0.36,0.3467,0.338325,0.353574,0.340005,0.355893,0.839931,1.0,0.0,1.0,0.0,0.0,0.0,1.0,1.0,0.705484
0,prior_0.31_seed_0_ep_000196,196,0.31,0.36,0.3758,0.340005,0.355893,0.339334,0.353574,0.999979,1.0,1.0,1.0,1.0,0.0,0.0,0.0,0.0,0.0
0,prior_0.31_seed_0_ep_000197,197,0.31,0.36,0.482,0.339334,0.353574,0.339309,0.353574,1.0,1.0,1.0,1.0,1.0,0.0,0.0,0.0,0.0,0.0
0,prior_0.31_seed_0_ep_000198,198,0.31,0.36,0.6362,0.339309,0.353574,0.339309,0.353574,1.0,1.0,1.0,1.0,1.0,0.0,0.0,0.0,0.0,0.0
0,prior_0.31_seed_0_ep_000199,199,0.31,0.36,0.2897,0.339309,0.353574,0.339309,0.353574,1e-06,0.0,0.0,0.0,0.0,0.0,1.0,0.0,0.0,0.0
0,prior_0.31_seed_0_ep_000200,200,0.31,0.36,0.4935,0.339309,0.353574,0.339292,0.353574,1.0,1.0,1.0,1.0,1.0,0.0,0.0,0.0,0.0,0.0
0,prior_0.31_seed_0_ep_000201,201,0.31,0.36,0.2865,0.339292,0.353574,0.339292,0.353574,0.0,0.0,0.0,0.0,0.0,0.0,1.0,0.0,0.0,0.0
0,prior_0.31_seed_0_ep_000202,202,0.31,0.36,0.4033,0.339292,0.353574,0.338984,0.353574,1.0,1.0,1.0,1.0,1.0,0.0,0.0,0.0,0.0,0.0
0,prior_0.31_seed_0_ep_000203,203,0.31,0.36,0.2424,0.338984,0.353574,0.338984,0.353574,0.0,0.0,0.0,0.0,0.0,0.0,1.0,0.0,0.0,0.0
0,prior_0.31_seed_0_ep_000204,204,0.31,0.36,0.5329,0.338984,0.353574,0.33898,0.353574,1.0,1.0,1.0,1.0,1.0,0.0,0.0,0.0,0.0,0.0
0,prior_0.31_seed_0_ep_000205,205,0.31,0.36,0.2282,0.33898,0.353574,0.33898,0.353574,0.0,0.0,0.0,0.0,0.0,0.0,1.0,0.0,0.0,0.0
0,prior_0.31_seed_0_ep_000206,206,0.31,0.36,0.2407,0.33898,0.353574,0.33898,0.353574,0.0,0.0,0.0,0.0,0.0,0.0,1.0,0.0,0.0,0.0
0,prior_0.31_seed_0_ep_000207,207,0.31,0.36,0.2603,0.33898,0.353574,0.33898,0.353574,0.0,0.0,0.0,0.0,0.0,0.0,1.0,0.0,0.0,0.0
0,prior_0.31_seed_0_ep_000208,208,0.31,0.36,0.2647,0.33898,0.353574,0.33898,0.353574,0.0,0.0,0.0,0.0,0.0,0.0,1.0,0.0,0.0,0.0
0,prior_0.31_seed_0_ep_000209,209,0.31,0.36,0.3217,0.33898,0.353574,0.33898,0.353574,0.038774,0.0,0.0,0.0,0.0,0.0,1.0,0.0,0.0,0.001503
0,prior_0.31_seed_0_ep_000210,210,0.31,0.36,0.5275,0.33898,0.353574,0.338974,0.353574,1.0,1.0,1.0,1.0,1.0,0.0,0.0,0.0,0.0,0.0
0,prior_0.31_seed_0_ep_000211,211,0.31,0.36,0.3505,0.338974,0.353574,0.340626,0.355893,0.887982,1.0,0.0,1.0,0.0,0.0,0.0,1.0,1.0,0.788512
0,prior_0.31_seed_0_ep_000212,212,0.31,0.36,0.4212,0.340626,0.355893,0.340449,0.355893,1.0,1.0,1.0,1.0,1.0,0.0,0.0,0.0,0.0,0.0
0,prior_0.31_seed_0_ep_000213,213,0.31,0.36,0.5612,0.340449,0.355893,0.340447,0.355893,1.0,1.0,1.0,1.0,1.0,0.0,0.0,0.0,0.0,0.0
0,prior_0.31_seed_0_ep_000214,214,0.31,0.36,0.4365,0.340447,0.355893,0.340338,0.355893,1.0,1.0,1.0,1.0,1.0,0.0,0.0,0.0,0.0,0.0
0,prior_0.31_seed_0_ep_000215,215,0.31,0.36,0.2368,0.340338,0.355893,0.340338,0.355893,0.0,0.0,0.0,0.0,0.0,0.0,1.0,0.0,0.0,0.0
0,prior_0.31_seed_0_ep_000216,216,0.31,0.36,0.2607,0.340338,0.355893,0.340338,0.355893,0.0,0.0,0.0,0.0,0.0,0.0,1.0,0.0,0.0,0.0
0,prior_0.31_seed_0_ep_000217,217,0.31,0.36,0.4497,0.340338,0.355893,0.340268,0.355893,1.0,1.0,1.0,1.0,1.0,0.0,0.0,0.0,0.0,0.0
0,prior_0.31_seed_0_ep_000218,218,0.31,0.36,0.4959,0.340268,0.355893,0.340252,0.355893,1.0,1.0,1.0,1.0,1.0,0.0,0.0,0.0,0.0,0.0
0,prior_0.31_seed_0_ep_000219,219,0.31,0.36,0.3189,0.340252,0.355893,0.340252,0.355893,0.014764,0.0,0.0,0.0,0.0,0.0,1.0,0.0,0.0,0.000218
0,prior_0.31_seed_0_ep_000220,220,0.31,0.36,0.2558,0.340252,0.355893,0.340252,0.355893,0.0,0.0,0.0,0.0,0.0,0.0,1.0,0.0,0.0,0.0
0,prior_0.31_seed_0_ep_000221,221,0.31,0.36,0.3116,0.340252,0.355893,0.341009,0.355893,0.001001,0.0,0.0,1.0,0.0,1.0,0.0,1.0,1.0,1e-06
0,prior_0.31_seed_0_ep_000222,222,0.31,0.36,0.2595,0.341009,0.355893,0.34118,0.355893,0.0,0.0,0.0,1.0,0.0,1.0,0.0,1.0,1.0,0.0
0,prior_0.31_seed_0_ep_000223,223,0.31,0.36,0.6149,0.34118,0.355893,0.34118,0.355893,1.0,1.0,1.0,1.0,1.0,0.0,0.0,0.0,0.0,0.0
0,prior_0.31_seed_0_ep_000224,224,0.31,0.36,0.4957,0.34118,0.355893,0.341165,0.355893,1.0,1.0,1.0,1.0,1.0,0.0,0.0,0.0,0.0,0.0
0,prior_0.31_seed_0_ep_000225,225,0.31,0.36,0.3403,0.341165,0.355893,0.341165,0.355893,0.47678,0.0,0.0,0.0,0.0,0.0,1.0,0.0,0.0,0.227319
0,prior_0.31_seed_0_ep_000226,226,0.31,0.36,0.465,0.341165,0.355893,0.341122,0.355893,1.0,1.0,1.0,1.0,1.0,0.0,0.0,0.0,0.0,0.0
0,prior_0.31_seed_0_ep_000227,227,0.31,0.36,0.5642,0.341122,0.355893,0.34112,0.355893,1.0,1.0,1.0,1.0,1.0,0.0,0.0,0.0,0.0,0.0
0,prior_0.31_seed_0_ep_000228,228,0.31,0.36,0.3144,0.34112,0.355893,0.34112,0.355893,0.002695,0.0,0.0,0.0,0.0,0.0,1.0,0.0,0.0,7e-06
0,prior_0.31_seed_0_ep_000229,229,0.31,0.36,0.5333,0.34112,0.355893,0.341116,0.355893,1.0,1.0,1.0,1.0,1.0,0.0,0.0,0.0,0.0,0.0
0,prior_0.31_seed_0_ep_000230,230,0.31,0.36,0.5301,0.341116,0.355893,0.341111,0.355893,1.0,1.0,1.0,1.0,1.0,0.0,0.0,0.0,0.0,0.0
0,prior_0.31_seed_0_ep_000231,231,0.31,0.36,0.338,0.341111,0.355893,0.341111,0.355893,0.376875,0.0,0.0,0.0,0.0,0.0,1.0,0.0,0.0,0.142035
0,prior_0.31_seed_0_ep_000232,232,0.31,0.36,0.4346,0.341111,0.355893,0.340997,0.355893,1.0,1.0,1.0,1.0,1.0,0.0,0.0,0.0,0.0,0.0
0,prior_0.31_seed_0_ep_000233,233,0.31,0.36,0.5068,0.340997,0.355893,0.340987,0.355893,1.0,1.0,1.0,1.0,1.0,0.0,0.0,0.0,0.0,0.0
0,prior_0.31_seed_0_ep_000234,234,0.31,0.36,0.55,0.340987,0.355893,0.340984,0.355893,1.0,1.0,1.0,1.0,1.0,0.0,0.0,0.0,0.0,0.0
0,prior_0.31_seed_0_ep_000235,235,0.31,0.36,0.3033,0.340984,0.355893,0.340984,0.355893,4.7e-05,0.0,0.0,0.0,0.0,0.0,1.0,0.0,0.0,0.0
0,prior_0.31_seed_0_ep_000236,236,0.31,0.36,0.502,0.340984,0.355893,0.340972,0.355893,1.0,1.0,1.0,1.0,1.0,0.0,0.0,0.0,0.0,0.0
0,prior_0.31_seed_0_ep_000237,237,0.31,0.36,0.3701,0.340972,0.355893,0.340261,0.353574,0.999836,1.0,1.0,1.0,1.0,0.0,0.0,0.0,0.0,0.0
0,prior_0.31_seed_0_ep_000238,238,0.31,0.36,0.3983,0.340261,0.353574,0.339932,0.353574,1.0,1.0,1.0,1.0,1.0,0.0,0.0,0.0,0.0,0.0
0,prior_0.31_seed_0_ep_000239,239,0.31,0.36,0.5292,0.339932,0.353574,0.339927,0.353574,1.0,1.0,1.0,1.0,1.0,0.0,0.0,0.0,0.0,0.0
0,prior_0.31_seed_0_ep_000240,240,0.31,0.36,0.5512,0.339927,0.353574,0.339925,0.353574,1.0,1.0,1.0,1.0,1.0,0.0,0.0,0.0,0.0,0.0
0,prior_0.31_seed_0_ep_000241,241,0.31,0.36,0.5314,0.339925,0.353574,0.33992,0.353574,1.0,1.0,1.0,1.0,1.0,0.0,0.0,0.0,0.0,0.0
0,prior_0.31_seed_0_ep_000242,242,0.31,0.36,0.3009,0.33992,0.353574,0.33992,0.353574,2.6e-05,0.0,0.0,0.0,0.0,0.0,1.0,0.0,0.0,0.0
0,prior_0.31_seed_0_ep_000243,243,0.31,0.36,0.2361,0.33992,0.353574,0.33992,0.353574,0.0,0.0,0.0,0.0,0.0,0.0,1.0,0.0,0.0,0.0
0,prior_0.31_seed_0_ep_000244,244,0.31,0.36,0.6342,0.33992,0.353574,0.33992,0.353574,1.0,1.0,1.0,1.0,1.0,0.0,0.0,0.0,0.0,0.0
0,prior_0.31_seed_0_ep_000245,245,0.31,0.36,0.4928,0.33992,0.353574,0.339904,0.353574,1.0,1.0,1.0,1.0,1.0,0.0,0.0,0.0,0.0,0.0
0,prior_0.31_seed_0_ep_000246,246,0.31,0.36,0.228,0.339904,0.353574,0.339904,0.353574,0.0,0.0,0.0,0.0,0.0,0.0,1.0,0.0,0.0,0.0
0,prior_0.31_seed_0_ep_000247,247,0.31,0.36,0.3197,0.339904,0.353574,0.339904,0.353574,0.013889,0.0,0.0,0.0,0.0,0.0,1.0,0.0,0.0,0.000193
0,prior_0.31_seed_0_ep_000248,248,0.31,0.36,0.4362,0.339904,0.353574,0.339802,0.353574,1.0,1.0,1.0,1.0,1.0,0.0,0.0,0.0,0.0,0.0
0,prior_0.31_seed_0_ep_000249,249,0.31,0.36,0.232,0.339802,0.353574,0.339802,0.353574,0.0,0.0,0.0,0.0,0.0,0.0,1.0,0.0,0.0,0.0
0,prior_0.31_seed_0_ep_000250,250,0.31,0.36,0.4796,0.339802,0.353574,0.339777,0.353574,1.0,1.0,1.0,1.0,1.0,0.0,0.0,0.0,0.0,0.0
0,prior_0.31_seed_0_ep_000251,251,0.31,0.36,0.4285,0.339777,0.353574,0.339648,0.353574,1.0,1.0,1.0,1.0,1.0,0.0,0.0,0.0,0.0,0.0
0,prior_0.31_seed_0_ep_000252,252,0.31,0.36,0.3757,0.339648,0.353574,0.339059,0.353574,0.999995,1.0,1.0,1.0,1.0,0.0,0.0,0.0,0.0,0.0
0,prior_0.31_seed_0_ep_000253,253,0.31,0.36,0.309,0.339059,0.353574,0.339059,0.353574,0.000476,0.0,0.0,0.0,0.0,0.0,1.0,0.0,0.0,0.0
0,prior_0.31_seed_0_ep_000254,254,0.31,0.36,0.4246,0.339059,0.353574,0.338918,0.353574,1.0,1.0,1.0,1.0,1.0,0.0,0.0,0.0,0.0,0.0
0,prior_0.31_seed_0_ep_000255,255,0.31,0.36,0.3432,0.338918,0.353574,0.340247,0.353574,0.68102,1.0,0.0,1.0,0.0,0.0,0.0,1.0,1.0,0.463788
0,prior_0.31_seed_0_ep_000256,256,0.31,0.36,0.2894,0.340247,0.353574,0.340247,0.353574,0.0,0.0,0.0,0.0,0.0,0.0,1.0,0.0,0.0,0.0
0,prior_0.31_seed_0_ep_000257,257,0.31,0.36,0.4945,0.340247,0.353574,0.340232,0.353574,1.0,1.0,1.0,1.0,1.0,0.0,0.0,0.0,0.0,0.0
0,prior_0.31_seed_0_ep_000258,258,0.31,0.36,0.2936,0.340232,0.353574,0.340232,0.353574,1e-06,0.0,0.0,0.0,0.0,0.0,1.0,0.0,0.0,0.0
0,prior_0.31_seed_0_ep_000259,259,0.31,0.36,0.2571,0.340232,0.353574,0.340232,0.353574,0.0,0.0,0.0,0.0,0.0,0.0,1.0,0.0,0.0,0.0
0,prior_0.31_seed_0_ep_000260,260,0.31,0.36,0.4422,0.340232,0.353574,0.340151,0.353574,1.0,1.0,1.0,1.0,1.0,0.0,0.0,0.0,0.0,0.0
0,prior_0.31_seed_0_ep_000261,261,0.31,0.36,0.477,0.340151,0.353574,0.340126,0.353574,1.0,1.0,1.0,1.0,1.0,0.0,0.0,0.0,0.0,0.0
0,prior_0.31_seed_0_ep_000262,262,0.31,0.36,0.5349,0.340126,0.353574,0.340122,0.353574,1.0,1.0,1.0,1.0,1.0,0.0,0.0,0.0,0.0,0.0
0,prior_0.31_seed_0_ep_000263,263,0.31,0.36,0.2848,0.340122,0.353574,0.340122,0.353574,0.0,0.0,0.0,0.0,0.0,0.0,1.0,0.0,0.0,0.0
0,prior_0.31_seed_0_ep_000264,264,0.31,0.36,0.3669,0.340122,0.353574,0.339421,0.353574,0.999385,1.0,1.0,1.0,1.0,0.0,0.0,0.0,0.0,0.0
0,prior_0.31_seed_0_ep_000265,265,0.31,0.36,0.4745,0.339421,0.353574,0.339393,0.353574,1.0,1.0,1.0,1.0,1.0,0.0,0.0,0.0,0.0,0.0
0,prior_0.31_seed_0_ep_000266,266,0.31,0.36,0.4106,0.339393,0.353574,0.339185,0.353574,1.0,1.0,1.0,1.0,1.0,0.0,0.0,0.0,0.0,0.0
0,prior_0.31_seed_0_ep_000267,267,0.31,0.36,0.3755,0.339185,0.353574,0.338634,0.351254,0.999998,1.0,1.0,1.0,1.0,0.0,0.0,0.0,0.0,0.0
0,prior_0.31_seed_0_ep_000268,268,0.31,0.36,0.2543,0.338634,0.351254,0.338634,0.351254,0.0,0.0,0.0,0.0,0.0,0.0,1.0,0.0,0.0,0.0
0,prior_0.31_seed_0_ep_000269,269,0.31,0.36,0.2464,0.338634,0.351254,0.338634,0.351254,0.0,0.0,0.0,0.0,0.0,0.0,1.0,0.0,0.0,0.0
0,prior_0.31_seed_0_ep_000270,270,0.31,0.36,0.3763,0.338634,0.351254,0.338105,0.351254,0.999999,1.0,1.0,1.0,1.0,0.0,0.0,0.0,0.0,0.0
0,prior_0.31_seed_0_ep_000271,271,0.31,0.36,0.4244,0.338105,0.351254,0.337977,0.351254,1.0,1.0,1.0,1.0,1.0,0.0,0.0,0.0,0.0,0.0
0,prior_0.31_seed_0_ep_000272,272,0.31,0.36,0.2757,0.337977,0.351254,0.337977,0.351254,0.0,0.0,0.0,0.0,0.0,0.0,1.0,0.0,0.0,0.0
0,prior_0.31_seed_0_ep_000273,273,0.31,0.36,0.659,0.337977,0.351254,0.337976,0.351254,1.0,1.0,1.0,1.0,1.0,0.0,0.0,0.0,0.0,0.0
0,prior_0.31_seed_0_ep_000274,274,0.31,0.36,0.2141,0.337976,0.351254,0.338016,0.351254,0.0,0.0,0.0,1.0,0.0,1.0,0.0,1.0,1.0,0.0
0,prior_0.31_seed_0_ep_000275,275,0.31,0.36,0.4081,0.338016,0.351254,0.337805,0.351254,1.0,1.0,1.0,1.0,1.0,0.0,0.0,0.0,0.0,0.0
0,prior_0.31_seed_0_ep_000276,276,0.31,0.36,0.3849,0.337805,0.351254,0.337399,0.351254,1.0,1.0,1.0,1.0,1.0,0.0,0.0,0.0,0.0,0.0
0,prior_0.31_seed_0_ep_000277,277,0.31,0.36,0.4531,0.337399,0.351254,0.337349,0.351254,1.0,1.0,1.0,1.0,1.0,0.0,0.0,0.0,0.0,0.0
0,prior_0.31_seed_0_ep_000278,278,0.31,0.36,0.5001,0.337349,0.351254,0.337338,0.351254,1.0,1.0,1.0,1.0,1.0,0.0,0.0,0.0,0.0,0.0
0,prior_0.31_seed_0_ep_000279,279,0.31,0.36,0.3981,0.337338,0.351254,0.337063,0.351254,1.0,1.0,1.0,1.0,1.0,0.0,0.0,0.0,0.0,0.0
0,prior_0.31_seed_0_ep_000280,280,0.31,0.36,0.4426,0.337063,0.351254,0.336994,0.351254,1.0,1.0,1.0,1.0,1.0,0.0,0.0,0.0,0.0,0.0
0,prior_0.31_seed_0_ep_000281,281,0.31,0.36,0.3002,0.336994,0.351254,0.336994,0.351254,4.2e-05,0.0,0.0,0.0,0.0,0.0,1.0,0.0,0.0,0.0
0,prior_0.31_seed_0_ep_000282,282,0.31,0.36,0.3656,0.336994,0.351254,0.336351,0.348934,0.999909,1.0,1.0,1.0,1.0,0.0,0.0,0.0,0.0,0.0
0,prior_0.31_seed_0_ep_000283,283,0.31,0.36,0.5054,0.336351,0.348934,0.336343,0.348934,1.0,1.0,1.0,1.0,1.0,0.0,0.0,0.0,0.0,0.0
0,prior_0.31_seed_0_ep_000284,284,0.31,0.36,0.3704,0.336343,0.348934,0.335782,0.348934,0.999996,1.0,1.0,1.0,1.0,0.0,0.0,0.0,0.0,0.0
0,prior_0.31_seed_0_ep_000285,285,0.31,0.36,0.488,0.335782,0.348934,0.335768,0.348934,1.0,1.0,1.0,1.0,1.0,0.0,0.0,0.0,0.0,0.0
0,prior_0.31_seed_0_ep_000286,286,0.31,0.36,0.5022,0.335768,0.348934,0.335759,0.348934,1.0,1.0,1.0,1.0,1.0,0.0,0.0,0.0,0.0,0.0
0,prior_0.31_seed_0_ep_000287,287,0.31,0.36,0.2677,0.335759,0.348934,0.335983,0.348934,0.0,0.0,0.0,1.0,0.0,1.0,0.0,1.0,1.0,0.0
0,prior_0.31_seed_0_ep_000288,288,0.31,0.36,0.4703,0.335983,0.348934,0.335956,0.348934,1.0,1.0,1.0,1.0,1.0,0.0,0.0,0.0,0.0,0.0
0,prior_0.31_seed_0_ep_000289,289,0.31,0.36,0.4865,0.335956,0.348934,0.335941,0.348934,1.0,1.0,1.0,1.0,1.0,0.0,0.0,0.0,0.0,0.0
0,prior_0.31_seed_0_ep_000290,290,0.31,0.36,0.6415,0.335941,0.348934,0.335941,0.348934,1.0,1.0,1.0,1.0,1.0,0.0,0.0,0.0,0.0,0.0
0,prior_0.31_seed_0_ep_000291,291,0.31,0.36,0.5019,0.335941,0.348934,0.335932,0.348934,1.0,1.0,1.0,1.0,1.0,0.0,0.0,0.0,0.0,0.0
0,prior_0.31_seed_0_ep_000292,292,0.31,0.36,0.2957,0.335932,0.348934,0.335932,0.348934,7e-06,0.0,0.0,0.0,0.0,0.0,1.0,0.0,0.0,0.0
0,prior_0.31_seed_0_ep_000293,293,0.31,0.36,0.279,0.335932,0.348934,0.335932,0.348934,0.0,0.0,0.0,0.0,0.0,0.0,1.0,0.0,0.0,0.0
0,prior_0.31_seed_0_ep_000294,294,0.31,0.36,0.2502,0.335932,0.348934,0.336061,0.348934,0.0,0.0,0.0,1.0,0.0,1.0,0.0,1.0,1.0,0.0
0,prior_0.31_seed_0_ep_000295,295,0.31,0.36,0.3984,0.336061,0.348934,0.335807,0.348934,1.0,1.0,1.0,1.0,1.0,0.0,0.0,0.0,0.0,0.0
0,prior_0.31_seed_0_ep_000296,296,0.31,0.36,0.2537,0.335807,0.348934,0.335807,0.348934,0.0,0.0,0.0,0.0,0.0,0.0,1.0,0.0,0.0,0.0
0,prior_0.31_seed_0_ep_000297,297,0.31,0.36,0.2372,0.335807,0.348934,0.335892,0.348934,0.0,0.0,0.0,1.0,0.0,1.0,0.0,1.0,1.0,0.0
0,prior_0.31_seed_0_ep_000298,298,0.31,0.36,0.4788,0.335892,0.348934,0.335873,0.348934,1.0,1.0,1.0,1.0,1.0,0.0,0.0,0.0,0.0,0.0
0,prior_0.31_seed_0_ep_000299,299,0.31,0.36,0.5194,0.335873,0.348934,0.335868,0.348934,1.0,1.0,1.0,1.0,1.0,0.0,0.0,0.0,0.0,0.0
1,prior_0.31_seed_1_ep_000000,0,0.31,0.36,0.4003,0.31136,0.441724,0.290966,0.395329,0.871916,1.0,1.0,1.0,1.0,0.0,0.0,0.0,0.0,0.016406
1,prior_0.31_seed_1_ep_000001,1,0.31,0.36,0.4442,0.290966,0.395329,0.287611,0.38837,0.994993,1.0,1.0,1.0,1.0,0.0,0.0,0.0,0.0,2.5e-05
1,prior_0.31_seed_1_ep_000002,2,0.31,0.36,0.4744,0.287611,0.38837,0.286526,0.38605,0.999829,1.0,1.0,1.0,1.0,0.0,0.0,0.0,0.0,0.0
1,prior_0.31_seed_1_ep_000003,3,0.31,0.36,0.241,0.286526,0.38605,0.286526,0.38605,0.239673,0.0,0.0,0.0,0.0,0.0,1.0,0.0,0.0,0.057443
1,prior_0.31_seed_1_ep_000004,4,0.31,0.36,0.4197,0.286526,0.38605,0.282127,0.376771,0.992125,1.0,1.0,1.0,1.0,0.0,0.0,0.0,0.0,6.2e-05
1,prior_0.31_seed_1_ep_000005,5,0.31,0.36,0.3496,0.282127,0.376771,0.342442,0.402288,0.863216,1.0,0.0,1.0,0.0,0.0,0.0,1.0,1.0,0.745141
1,prior_0.31_seed_1_ep_000006,6,0.31,0.36,0.3202,0.342442,0.402288,0.342442,0.402288,0.265673,0.0,0.0,0.0,0.0,0.0,1.0,0.0,0.0,0.070582
1,prior_0.31_seed_1_ep_000007,7,0.31,0.36,0.5125,0.342442,0.402288,0.34214,0.402288,1.0,1.0,1.0,1.0,1.0,0.0,0.0,0.0,0.0,0.0
1,prior_0.31_seed_1_ep_000008,8,0.31,0.36,0.2965,0.34214,0.402288,0.34214,0.402288,0.125992,0.0,0.0,0.0,0.0,0.0,1.0,0.0,0.0,0.015874
1,prior_0.31_seed_1_ep_000009,9,0.31,0.36,0.521,0.34214,0.402288,0.341915,0.402288,1.0,1.0,1.0,1.0,1.0,0.0,0.0,0.0,0.0,0.0
1,prior_0.31_seed_1_ep_000010,10,0.31,0.36,0.499,0.341915,0.402288,0.341469,0.399969,0.999999,1.0,1.0,1.0,1.0,0.0,0.0,0.0,0.0,0.0
1,prior_0.31_seed_1_ep_000011,11,0.31,0.36,0.2622,0.341469,0.399969,0.341469,0.399969,0.032545,0.0,0.0,0.0,0.0,0.0,1.0,0.0,0.0,0.001059
1,prior_0.31_seed_1_ep_000012,12,0.31,0.36,0.5015,0.341469,0.399969,0.341071,0.399969,1.0,1.0,1.0,1.0,1.0,0.0,0.0,0.0,0.0,0.0
1,prior_0.31_seed_1_ep_000013,13,0.31,0.36,0.4912,0.341071,0.399969,0.340534,0.399969,1.0,1.0,1.0,1.0,1.0,0.0,0.0,0.0,0.0,0.0
1,prior_0.31_seed_1_ep_000014,14,0.31,0.36,0.4757,0.340534,0.399969,0.339694,0.397649,0.999994,1.0,1.0,1.0,1.0,0.0,0.0,0.0,0.0,0.0
1,prior_0.31_seed_1_ep_000015,15,0.31,0.36,0.2761,0.339694,0.397649,0.339694,0.397649,0.060583,0.0,0.0,0.0,0.0,0.0,1.0,0.0,0.0,0.00367
1,prior_0.31_seed_1_ep_000016,16,0.31,0.36,0.6274,0.339694,0.397649,0.339689,0.397649,1.0,1.0,1.0,1.0,1.0,0.0,0.0,0.0,0.0,0.0
1,prior_0.31_seed_1_ep_000017,17,0.31,0.36,0.4823,0.339689,0.397649,0.339043,0.397649,0.999999,1.0,1.0,1.0,1.0,0.0,0.0,0.0,0.0,0.0
1,prior_0.31_seed_1_ep_000018,18,0.31,0.36,0.3876,0.339043,0.397649,0.331013,0.38605,0.907667,1.0,1.0,1.0,1.0,0.0,0.0,0.0,0.0,0.008525
1,prior_0.31_seed_1_ep_000019,19,0.31,0.36,0.2763,0.331013,0.38605,0.331013,0.38605,0.078296,0.0,0.0,0.0,0.0,0.0,1.0,0.0,0.0,0.00613
1,prior_0.31_seed_1_ep_000020,20,0.31,0.36,0.4593,0.331013,0.38605,0.330137,0.38605,0.999997,1.0,1.0,1.0,1.0,0.0,0.0,0.0,0.0,0.0
1,prior_0.31_seed_1_ep_000021,21,0.31,0.36,0.4099,0.330137,0.38605,0.326682,0.379091,0.995322,1.0,1.0,1.0,1.0,0.0,0.0,0.0,0.0,2.2e-05
1,prior_0.31_seed_1_ep_000022,22,0.31,0.36,0.2704,0.326682,0.379091,0.326682,0.379091,0.073783,0.0,0.0,0.0,0.0,0.0,1.0,0.0,0.0,0.005444
1,prior_0.31_seed_1_ep_000023,23,0.31,0.36,0.4557,0.326682,0.379091,0.325902,0.379091,1.0,1.0,1.0,1.0,1.0,0.0,0.0,0.0,0.0,0.0
1,prior_0.31_seed_1_ep_000024,24,0.31,0.36,0.5496,0.325902,0.379091,0.325867,0.379091,1.0,1.0,1.0,1.0,1.0,0.0,0.0,0.0,0.0,0.0
1,prior_0.31_seed_1_ep_000025,25,0.31,0.36,0.4488,0.325867,0.379091,0.324943,0.376771,0.999999,1.0,1.0,1.0,1.0,0.0,0.0,0.0,0.0,0.0
1,prior_0.31_seed_1_ep_000026,26,0.31,0.36,0.314,0.324943,0.376771,0.324943,0.376771,0.335384,0.0,0.0,0.0,0.0,0.0,1.0,0.0,0.0,0.112483
1,prior_0.31_seed_1_ep_000027,27,0.31,0.36,0.6543,0.324943,0.376771,0.324942,0.376771,1.0,1.0,1.0,1.0,1.0,0.0,0.0,0.0,0.0,0.0
1,prior_0.31_seed_1_ep_000028,28,0.31,0.36,0.3605,0.324942,0.376771,0.315986,0.367492,0.836967,1.0,1.0,1.0,1.0,0.0,0.0,0.0,0.0,0.02658
1,prior_0.31_seed_1_ep_000029,29,0.31,0.36,0.472,0.315986,0.367492,0.31569,0.367492,1.0,1.0,1.0,1.0,1.0,0.0,0.0,0.0,0.0,0.0
1,prior_0.31_seed_1_ep_000030,30,0.31,0.36,0.4524,0.31569,0.367492,0.315143,0.365172,1.0,1.0,1.0,1.0,1.0,0.0,0.0,0.0,0.0,0.0
1,prior_0.31_seed_1_ep_000031,31,0.31,0.36,0.4134,0.315143,0.365172,0.313386,0.362853,0.999886,1.0,1.0,1.0,1.0,0.0,0.0,0.0,0.0,0.0
1,prior_0.31_seed_1_ep_000032,32,0.31,0.36,0.395,0.313386,0.362853,0.310652,0.360533,0.998463,1.0,1.0,1.0,1.0,0.0,0.0,0.0,0.0,2e-06
1,prior_0.31_seed_1_ep_000033,33,0.31,0.36,0.5115,0.310652,0.360533,0.31059,0.360533,1.0,1.0,1.0,1.0,1.0,0.0,0.0,0.0,0.0,0.0
1,prior_0.31_seed_1_ep_000034,34,0.31,0.36,0.6263,0.31059,0.360533,0.310589,0.360533,1.0,1.0,1.0,1.0,1.0,0.0,0.0,0.0,0.0,0.0
1,prior_0.31_seed_1_ep_000035,35,0.31,0.36,0.6674,0.310589,0.360533,0.310588,0.360533,1.0,1.0,1.0,1.0,1.0,0.0,0.0,0.0,0.0,0.0
1,prior_0.31_seed_1_ep_000036,36,0.31,0.36,0.3939,0.310588,0.360533,0.308066,0.358213,0.999243,1.0,1.0,1.0,1.0,0.0,0.0,0.0,0.0,1e-06
1,prior_0.31_seed_1_ep_000037,37,0.31,0.36,0.6399,0.308066,0.358213,0.308066,0.358213,1.0,1.0,1.0,1.0,1.0,0.0,0.0,0.0,0.0,0.0
1,prior_0.31_seed_1_ep_000038,38,0.31,0.36,0.3118,0.308066,0.358213,0.308066,0.358213,0.489349,0.0,0.0,0.0,0.0,0.0,1.0,0.0,0.0,0.239462
1,prior_0.31_seed_1_ep_000039,39,0.31,0.36,0.3386,0.308066,0.358213,0.327537,0.367492,0.819308,1.0,0.0,1.0,0.0,0.0,0.0,1.0,1.0,0.671266
1,prior_0.31_seed_1_ep_000040,40,0.31,0.36,0.4361,0.327537,0.367492,0.326884,0.365172,1.0,1.0,1.0,1.0,1.0,0.0,0.0,0.0,0.0,0.0
1,prior_0.31_seed_1_ep_000041,41,0.31,0.36,0.3139,0.326884,0.365172,0.326884,0.365172,0.272605,0.0,0.0,0.0,0.0,0.0,1.0,0.0,0.0,0.074314
1,prior_0.31_seed_1_ep_000042,42,0.31,0.36,0.5949,0.326884,0.365172,0.326881,0.365172,1.0,1.0,1.0,1.0,1.0,0.0,0.0,0.0,0.0,0.0
1,prior_0.31_seed_1_ep_000043,43,0.31,0.36,0.579,0.326881,0.365172,0.326875,0.365172,1.0,1.0,1.0,1.0,1.0,0.0,0.0,0.0,0.0,0.0
1,prior_0.31_seed_1_ep_000044,44,0.31,0.36,0.2666,0.326875,0.365172,0.326875,0.365172,0.018139,0.0,0.0,0.0,0.0,0.0,1.0,0.0,0.0,0.000329
1,prior_0.31_seed_1_ep_000045,45,0.31,0.36,0.6843,0.326875,0.365172,0.326875,0.365172,1.0,1.0,1.0,1.0,1.0,0.0,0.0,0.0,0.0,0.0
1,prior_0.31_seed_1_ep_000046,46,0.31,0.36,0.3283,0.326875,0.365172,0.33632,0.369812,0.508099,1.0,0.0,1.0,0.0,0.0,0.0,1.0,1.0,0.258164
1,prior_0.31_seed_1_ep_000047,47,0.31,0.36,0.3455,0.33632,0.369812,0.344372,0.374451,0.647441,1.0,0.0,1.0,0.0,0.0,0.0,1.0,1.0,0.41918
1,prior_0.31_seed_1_ep_000048,48,0.31,0.36,0.2754,0.344372,0.374451,0.344372,0.374451,0.001115,0.0,0.0,0.0,0.0,0.0,1.0,0.0,0.0,1e-06
1,prior_0.31_seed_1_ep_000049,49,0.31,0.36,0.399,0.344372,0.374451,0.342531,0.372132,0.998713,1.0,1.0,1.0,1.0,0.0,0.0,0.0,0.0,2e-06
1,prior_0.31_seed_1_ep_000050,50,0.31,0.36,0.4183,0.342531,0.372132,0.341537,0.372132,0.999994,1.0,1.0,1.0,1.0,0.0,0.0,0.0,0.0,0.0
1,prior_0.31_seed_1_ep_000051,51,0.31,0.36,0.3807,0.341537,0.372132,0.338953,0.369812,0.984128,1.0,1.0,1.0,1.0,0.0,0.0,0.0,0.0,0.000252
1,prior_0.31_seed_1_ep_000052,52,0.31,0.36,0.4712,0.338953,0.369812,0.338792,0.367492,1.0,1.0,1.0,1.0,1.0,0.0,0.0,0.0,0.0,0.0
1,prior_0.31_seed_1_ep_000053,53,0.31,0.36,0.3241,0.338792,0.367492,0.338792,0.367492,0.218831,0.0,0.0,0.0,0.0,0.0,1.0,0.0,0.0,0.047887
1,prior_0.31_seed_1_ep_000054,54,0.31,0.36,0.2892,0.338792,0.367492,0.338792,0.367492,0.00926,0.0,0.0,0.0,0.0,0.0,1.0,0.0,0.0,8.6e-05
1,prior_0.31_seed_1_ep_000055,55,0.31,0.36,0.3395,0.338792,0.367492,0.338792,0.367492,0.476131,0.0,0.0,0.0,0.0,0.0,1.0,0.0,0.0,0.226701
1,prior_0.31_seed_1_ep_000056,56,0.31,0.36,0.4815,0.338792,0.367492,0.338678,0.367492,1.0,1.0,1.0,1.0,1.0,0.0,0.0,0.0,0.0,0.0
1,prior_0.31_seed_1_ep_000057,57,0.31,0.36,0.4129,0.338678,0.367492,0.3377,0.367492,0.999997,1.0,1.0,1.0,1.0,0.0,0.0,0.0,0.0,0.0
1,prior_0.31_seed_1_ep_000058,58,0.31,0.36,0.4216,0.3377,0.367492,0.336978,0.365172,1.0,1.0,1.0,1.0,1.0,0.0,0.0,0.0,0.0,0.0
1,prior_0.31_seed_1_ep_000059,59,0.31,0.36,0.6276,0.336978,0.365172,0.336977,0.365172,1.0,1.0,1.0,1.0,1.0,0.0,0.0,0.0,0.0,0.0
1,prior_0.31_seed_1_ep_000060,60,0.31,0.36,0.4164,0.336977,0.365172,0.336162,0.365172,1.0,1.0,1.0,1.0,1.0,0.0,0.0,0.0,0.0,0.0
1,prior_0.31_seed_1_ep_000061,61,0.31,0.36,0.4123,0.336162,0.365172,0.335277,0.365172,0.999999,1.0,1.0,1.0,1.0,0.0,0.0,0.0,0.0,0.0
1,prior_0.31_seed_1_ep_000062,62,0.31,0.36,0.3591,0.335277,0.365172,0.342228,0.369812,0.911713,1.0,0.0,1.0,0.0,0.0,0.0,1.0,1.0,0.831221
1,prior_0.31_seed_1_ep_000063,63,0.31,0.36,0.4644,0.342228,0.369812,0.342056,0.367492,1.0,1.0,1.0,1.0,1.0,0.0,0.0,0.0,0.0,0.0
1,prior_0.31_seed_1_ep_000064,64,0.31,0.36,0.2252,0.342056,0.367492,0.342056,0.367492,0.0,0.0,0.0,0.0,0.0,0.0,1.0,0.0,0.0,0.0
1,prior_0.31_seed_1_ep_000065,65,0.31,0.36,0.2946,0.342056,0.367492,0.342056,0.367492,0.005183,0.0,0.0,0.0,0.0,0.0,1.0,0.0,0.0,2.7e-05
1,prior_0.31_seed_1_ep_000066,66,0.31,0.36,0.6029,0.342056,0.367492,0.342054,0.367492,1.0,1.0,1.0,1.0,1.0,0.0,0.0,0.0,0.0,0.0
1,prior_0.31_seed_1_ep_000067,67,0.31,0.36,0.4923,0.342054,0.367492,0.341986,0.367492,1.0,1.0,1.0,1.0,1.0,0.0,0.0,0.0,0.0,0.0
1,prior_0.31_seed_1_ep_000068,68,0.31,0.36,0.5111,0.341986,0.367492,0.341949,0.367492,1.0,1.0,1.0,1.0,1.0,0.0,0.0,0.0,0.0,0.0
1,prior_0.31_seed_1_ep_000069,69,0.31,0.36,0.3856,0.341949,0.367492,0.340177,0.367492,0.997351,1.0,1.0,1.0,1.0,0.0,0.0,0.0,0.0,7e-06
1,prior_0.31_seed_1_ep_000070,70,0.31,0.36,0.2954,0.340177,0.367492,0.340177,0.367492,0.00633,0.0,0.0,0.0,0.0,0.0,1.0,0.0,0.0,4e-05
1,prior_0.31_seed_1_ep_000071,71,0.31,0.36,0.4994,0.340177,0.367492,0.340128,0.365172,1.0,1.0,1.0,1.0,1.0,0.0,0.0,0.0,0.0,0.0
1,prior_0.31_seed_1_ep_000072,72,0.31,0.36,0.2427,0.340128,0.365172,0.340128,0.365172,2e-06,0.0,0.0,0.0,0.0,0.0,1.0,0.0,0.0,0.0
1,prior_0.31_seed_1_ep_000073,73,0.31,0.36,0.4094,0.340128,0.365172,0.339264,0.365172,1.0,1.0,1.0,1.0,1.0,0.0,0.0,0.0,0.0,0.0
1,prior_0.31_seed_1_ep_000074,74,0.31,0.36,0.2012,0.339264,0.365172,0.339378,0.365172,0.0,0.0,0.0,1.0,0.0,1.0,0.0,1.0,1.0,0.0
1,prior_0.31_seed_1_ep_000075,75,0.31,0.36,0.2371,0.339378,0.365172,0.339734,0.365172,1e-06,0.0,0.0,1.0,0.0,1.0,0.0,1.0,1.0,0.0
1,prior_0.31_seed_1_ep_000076,76,0.31,0.36,0.438,0.339734,0.365172,0.339388,0.365172,1.0,1.0,1.0,1.0,1.0,0.0,0.0,0.0,0.0,0.0
1,prior_0.31_seed_1_ep_000077,77,0.31,0.36,0.4349,0.339388,0.365172,0.339013,0.365172,1.0,1.0,1.0,1.0,1.0,0.0,0.0,0.0,0.0,0.0
1,prior_0.31_seed_1_ep_000078,78,0.31,0.36,0.4894,0.339013,0.365172,0.33895,0.365172,1.0,1.0,1.0,1.0,1.0,0.0,0.0,0.0,0.0,0.0
1,prior_0.31_seed_1_ep_000079,79,0.31,0.36,0.4751,0.33895,0.365172,0.33885,0.365172,1.0,1.0,1.0,1.0,1.0,0.0,0.0,0.0,0.0,0.0
1,prior_0.31_seed_1_ep_000080,80,0.31,0.36,0.5015,0.33885,0.365172,0.338808,0.365172,1.0,1.0,1.0,1.0,1.0,0.0,0.0,0.0,0.0,0.0
1,prior_0.31_seed_1_ep_000081,81,0.31,0.36,0.2761,0.338808,0.365172,0.338808,0.365172,0.000393,0.0,0.0,0.0,0.0,0.0,1.0,0.0,0.0,0.0
1,prior_0.31_seed_1_ep_000082,82,0.31,0.36,0.279,0.338808,0.365172,0.339982,0.365172,0.00057,0.0,0.0,1.0,0.0,1.0,0.0,1.0,1.0,0.0
1,prior_0.31_seed_1_ep_000083,83,0.31,0.36,0.4379,0.339982,0.365172,0.339656,0.365172,1.0,1.0,1.0,1.0,1.0,0.0,0.0,0.0,0.0,0.0
1,prior_0.31_seed_1_ep_000084,84,0.31,0.36,0.4119,0.339656,0.365172,0.338946,0.362853,1.0,1.0,1.0,1.0,1.0,0.0,0.0,0.0,0.0,0.0
1,prior_0.31_seed_1_ep_000085,85,0.31,0.36,0.4737,0.338946,0.362853,0.338848,0.362853,1.0,1.0,1.0,1.0,1.0,0.0,0.0,0.0,0.0,0.0
1,prior_0.31_seed_1_ep_000086,86,0.31,0.36,0.4852,0.338848,0.362853,0.338782,0.362853,1.0,1.0,1.0,1.0,1.0,0.0,0.0,0.0,0.0,0.0
1,prior_0.31_seed_1_ep_000087,87,0.31,0.36,0.507,0.338782,0.362853,0.338749,0.362853,1.0,1.0,1.0,1.0,1.0,0.0,0.0,0.0,0.0,0.0
1,prior_0.31_seed_1_ep_000088,88,0.31,0.36,0.3541,0.338749,0.362853,0.343464,0.367492,0.847844,1.0,0.0,1.0,0.0,0.0,0.0,1.0,1.0,0.718839
1,prior_0.31_seed_1_ep_000089,89,0.31,0.36,0.5017,0.343464,0.367492,0.343425,0.367492,1.0,1.0,1.0,1.0,1.0,0.0,0.0,0.0,0.0,0.0
1,prior_0.31_seed_1_ep_000090,90,0.31,0.36,0.3127,0.343425,0.367492,0.343425,0.367492,0.024412,0.0,0.0,0.0,0.0,0.0,1.0,0.0,0.0,0.000596
1,prior_0.31_seed_1_ep_000091,91,0.31,0.36,0.4914,0.343425,0.367492,0.343369,0.367492,1.0,1.0,1.0,1.0,1.0,0.0,0.0,0.0,0.0,0.0
1,prior_0.31_seed_1_ep_000092,92,0.31,0.36,0.6808,0.343369,0.367492,0.343369,0.367492,1.0,1.0,1.0,1.0,1.0,0.0,0.0,0.0,0.0,0.0
1,prior_0.31_seed_1_ep_000093,93,0.31,0.36,0.6617,0.343369,0.367492,0.343369,0.367492,1.0,1.0,1.0,1.0,1.0,0.0,0.0,0.0,0.0,0.0
1,prior_0.31_seed_1_ep_000094,94,0.31,0.36,0.4811,0.343369,0.367492,0.343292,0.367492,1.0,1.0,1.0,1.0,1.0,0.0,0.0,0.0,0.0,0.0
1,prior_0.31_seed_1_ep_000095,95,0.31,0.36,0.3306,0.343292,0.367492,0.343292,0.367492,0.207153,0.0,0.0,0.0,0.0,0.0,1.0,0.0,0.0,0.042913
1,prior_0.31_seed_1_ep_000096,96,0.31,0.36,0.3124,0.343292,0.367492,0.343292,0.367492,0.024762,0.0,0.0,0.0,0.0,0.0,1.0,0.0,0.0,0.000613
1,prior_0.31_seed_1_ep_000097,97,0.31,0.36,0.3477,0.343292,0.367492,0.346923,0.369812,0.608586,1.0,0.0,1.0,0.0,0.0,0.0,1.0,1.0,0.370376
1,prior_0.31_seed_1_ep_000098,98,0.31,0.36,0.3089,0.346923,0.369812,0.348388,0.369812,0.00494,0.0,0.0,1.0,0.0,1.0,0.0,1.0,1.0,2.4e-05
1,prior_0.31_seed_1_ep_000099,99,0.31,0.36,0.2928,0.348388,0.369812,0.348388,0.369812,9.1e-05,0.0,0.0,0.0,0.0,0.0,1.0,0.0,0.0,0.0
1,prior_0.31_seed_1_ep_000100,100,0.31,0.36,0.4661,0.348388,0.369812,0.348262,0.369812,1.0,1.0,1.0,1.0,1.0,0.0,0.0,0.0,0.0,0.0
1,prior_0.31_seed_1_ep_000101,101,0.31,0.36,0.3779,0.348262,0.369812,0.346635,0.367492,0.989239,1.0,1.0,1.0,1.0,0.0,0.0,0.0,0.0,0.000116
1,prior_0.31_seed_1_ep_000102,102,0.31,0.36,0.6654,0.346635,0.367492,0.346635,0.367492,1.0,1.0,1.0,1.0,1.0,0.0,0.0,0.0,0.0,0.0
1,prior_0.31_seed_1_ep_000103,103,0.31,0.36,0.2528,0.346635,0.367492,0.346917,0.367492,0.0,0.0,0.0,1.0,0.0,1.0,0.0,1.0,1.0,0.0
1,prior_0.31_seed_1_ep_000104,104,0.31,0.36,0.4859,0.346917,0.367492,0.346856,0.367492,1.0,1.0,1.0,1.0,1.0,0.0,0.0,0.0,0.0,0.0
1,prior_0.31_seed_1_ep_000105,105,0.31,0.36,0.299,0.346856,0.367492,0.346856,0.367492,0.00049,0.0,0.0,0.0,0.0,0.0,1.0,0.0,0.0,0.0
1,prior_0.31_seed_1_ep_000106,106,0.31,0.36,0.4925,0.346856,0.367492,0.346808,0.367492,1.0,1.0,1.0,1.0,1.0,0.0,0.0,0.0,0.0,0.0
1,prior_0.31_seed_1_ep_000107,107,0.31,0.36,0.2764,0.346808,0.367492,0.346808,0.367492,2e-06,0.0,0.0,0.0,0.0,0.0,1.0,0.0,0.0,0.0
1,prior_0.31_seed_1_ep_000108,108,0.31,0.36,0.4336,0.346808,0.367492,0.346484,0.367492,1.0,1.0,1.0,1.0,1.0,0.0,0.0,0.0,0.0,0.0
1,prior_0.31_seed_1_ep_000109,109,0.31,0.36,0.2391,0.346484,0.367492,0.346484,0.367492,0.0,0.0,0.0,0.0,0.0,0.0,1.0,0.0,0.0,0.0
1,prior_0.31_seed_1_ep_000110,110,0.31,0.36,0.2312,0.346484,0.367492,0.346484,0.367492,0.0,0.0,0.0,0.0,0.0,0.0,1.0,0.0,0.0,0.0
1,prior_0.31_seed_1_ep_000111,111,0.31,0.36,0.5524,0.346484,0.367492,0.346477,0.367492,1.0,1.0,1.0,1.0,1.0,0.0,0.0,0.0,0.0,0.0
1,prior_0.31_seed_1_ep_000112,112,0.31,0.36,0.3346,0.346477,0.367492,0.346477,0.367492,0.169378,0.0,0.0,0.0,0.0,0.0,1.0,0.0,0.0,0.028689
1,prior_0.31_seed_1_ep_000113,113,0.31,0.36,0.3623,0.346477,0.367492,0.344372,0.365172,0.876712,1.0,1.0,1.0,1.0,0.0,0.0,0.0,0.0,0.0152
1,prior_0.31_seed_1_ep_000114,114,0.31,0.36,0.6732,0.344372,0.365172,0.344372,0.365172,1.0,1.0,1.0,1.0,1.0,0.0,0.0,0.0,0.0,0.0
1,prior_0.31_seed_1_ep_000115,115,0.31,0.36,0.4838,0.344372,0.365172,0.344314,0.365172,1.0,1.0,1.0,1.0,1.0,0.0,0.0,0.0,0.0,0.0
1,prior_0.31_seed_1_ep_000116,116,0.31,0.36,0.4546,0.344314,0.365172,0.344164,0.365172,1.0,1.0,1.0,1.0,1.0,0.0,0.0,0.0,0.0,0.0
1,prior_0.31_seed_1_ep_000117,117,0.31,0.36,0.3629,0.344164,0.365172,0.34222,0.362853,0.939668,1.0,1.0,1.0,1.0,0.0,0.0,0.0,0.0,0.00364
1,prior_0.31_seed_1_ep_000118,118,0.31,0.36,0.2692,0.34222,0.362853,0.34222,0.362853,1e-06,0.0,0.0,0.0,0.0,0.0,1.0,0.0,0.0,0.0
1,prior_0.31_seed_1_ep_000119,119,0.31,0.36,0.4424,0.34222,0.362853,0.342017,0.362853,1.0,1.0,1.0,1.0,1.0,0.0,0.0,0.0,0.0,0.0
1,prior_0.31_seed_1_ep_000120,120,0.31,0.36,0.5761,0.342017,0.362853,0.342015,0.362853,1.0,1.0,1.0,1.0,1.0,0.0,0.0,0.0,0.0,0.0
1,prior_0.31_seed_1_ep_000121,121,0.31,0.36,0.3275,0.342015,0.362853,0.342015,0.362853,0.123251,0.0,0.0,0.0,0.0,0.0,1.0,0.0,0.0,0.015191
1,prior_0.31_seed_1_ep_000122,122,0.31,0.36,0.234,0.342015,0.362853,0.342183,0.362853,0.0,0.0,0.0,1.0,0.0,1.0,0.0,1.0,1.0,0.0
1,prior_0.31_seed_1_ep_000123,123,0.31,0.36,0.5117,0.342183,0.362853,0.342162,0.362853,1.0,1.0,1.0,1.0,1.0,0.0,0.0,0.0,0.0,0.0
1,prior_0.31_seed_1_ep_000124,124,0.31,0.36,0.2253,0.342162,0.362853,0.342162,0.362853,0.0,0.0,0.0,0.0,0.0,0.0,1.0,0.0,0.0,0.0
1,prior_0.31_seed_1_ep_000125,125,0.31,0.36,0.2299,0.342162,0.362853,0.342162,0.362853,0.0,0.0,0.0,0.0,0.0,0.0,1.0,0.0,0.0,0.0
1,prior_0.31_seed_1_ep_000126,126,0.31,0.36,0.3057,0.342162,0.362853,0.342162,0.362853,0.00431,0.0,0.0,0.0,0.0,0.0,1.0,0.0,0.0,1.9e-05
1,prior_0.31_seed_1_ep_000127,127,0.31,0.36,0.4092,0.342162,0.362853,0.34161,0.362853,1.0,1.0,1.0,1.0,1.0,0.0,0.0,0.0,0.0,0.0
1,prior_0.31_seed_1_ep_000128,128,0.31,0.36,0.3075,0.34161,0.362853,0.34161,0.362853,0.007281,0.0,0.0,0.0,0.0,0.0,1.0,0.0,0.0,5.3e-05
1,prior_0.31_seed_1_ep_000129,129,0.31,0.36,0.2337,0.34161,0.362853,0.34161,0.362853,0.0,0.0,0.0,0.0,0.0,0.0,1.0,0.0,0.0,0.0
1,prior_0.31_seed_1_ep_000130,130,0.31,0.36,0.6796,0.34161,0.362853,0.34161,0.362853,1.0,1.0,1.0,1.0,1.0,0.0,0.0,0.0,0.0,0.0
1,prior_0.31_seed_1_ep_000131,131,0.31,0.36,0.3526,0.34161,0.362853,0.344705,0.365172,0.797998,1.0,0.0,1.0,0.0,0.0,0.0,1.0,1.0,0.6368
1,prior_0.31_seed_1_ep_000132,132,0.31,0.36,0.5046,0.344705,0.365172,0.344679,0.365172,1.0,1.0,1.0,1.0,1.0,0.0,0.0,0.0,0.0,0.0
1,prior_0.31_seed_1_ep_000133,133,0.31,0.36,0.4413,0.344679,0.365172,0.344475,0.365172,1.0,1.0,1.0,1.0,1.0,0.0,0.0,0.0,0.0,0.0
1,prior_0.31_seed_1_ep_000134,134,0.31,0.36,0.4059,0.344475,0.365172,0.343883,0.362853,1.0,1.0,1.0,1.0,1.0,0.0,0.0,0.0,0.0,0.0
1,prior_0.31_seed_1_ep_000135,135,0.31,0.36,0.5388,0.343883,0.362853,0.343875,0.362853,1.0,1.0,1.0,1.0,1.0,0.0,0.0,0.0,0.0,0.0
1,prior_0.31_seed_1_ep_000136,136,0.31,0.36,0.41,0.343875,0.362853,0.343364,0.362853,1.0,1.0,1.0,1.0,1.0,0.0,0.0,0.0,0.0,0.0
1,prior_0.31_seed_1_ep_000137,137,0.31,0.36,0.59,0.343364,0.362853,0.343363,0.362853,1.0,1.0,1.0,1.0,1.0,0.0,0.0,0.0,0.0,0.0
1,prior_0.31_seed_1_ep_000138,138,0.31,0.36,0.4363,0.343363,0.362853,0.343139,0.362853,1.0,1.0,1.0,1.0,1.0,0.0,0.0,0.0,0.0,0.0
1,prior_0.31_seed_1_ep_000139,139,0.31,0.36,0.2716,0.343139,0.362853,0.343139,0.362853,0.0,0.0,0.0,0.0,0.0,0.0,1.0,0.0,0.0,0.0
1,prior_0.31_seed_1_ep_000140,140,0.31,0.36,0.4054,0.343139,0.362853,0.342576,0.362853,1.0,1.0,1.0,1.0,1.0,0.0,0.0,0.0,0.0,0.0
1,prior_0.31_seed_1_ep_000141,141,0.31,0.36,0.4845,0.342576,0.362853,0.342531,0.362853,1.0,1.0,1.0,1.0,1.0,0.0,0.0,0.0,0.0,0.0
1,prior_0.31_seed_1_ep_000142,142,0.31,0.36,0.6565,0.342531,0.362853,0.342531,0.362853,1.0,1.0,1.0,1.0,1.0,0.0,0.0,0.0,0.0,0.0
1,prior_0.31_seed_1_ep_000143,143,0.31,0.36,0.2279,0.342531,0.362853,0.342531,0.362853,0.0,0.0,0.0,0.0,0.0,0.0,1.0,0.0,0.0,0.0
1,prior_0.31_seed_1_ep_000144,144,0.31,0.36,0.3008,0.342531,0.362853,0.342531,0.362853,0.000873,0.0,0.0,0.0,0.0,0.0,1.0,0.0,0.0,1e-06
1,prior_0.31_seed_1_ep_000145,145,0.31,0.36,0.3391,0.342531,0.362853,0.342531,0.362853,0.360472,0.0,0.0,0.0,0.0,0.0,1.0,0.0,0.0,0.12994
1,prior_0.31_seed_1_ep_000146,146,0.31,0.36,0.3171,0.342531,0.362853,0.342531,0.362853,0.024137,0.0,0.0,0.0,0.0,0.0,1.0,0.0,0.0,0.000583
1,prior_0.31_seed_1_ep_000147,147,0.31,0.36,0.488,0.342531,0.362853,0.342491,0.362853,1.0,1.0,1.0,1.0,1.0,0.0,0.0,0.0,0.0,0.0
1,prior_0.31_seed_1_ep_000148,148,0.31,0.36,0.3621,0.342491,0.362853,0.340854,0.360533,0.94826,1.0,1.0,1.0,1.0,0.0,0.0,0.0,0.0,0.002677
1,prior_0.31_seed_1_ep_000149,149,0.31,0.36,0.2779,0.340854,0.360533,0.340854,0.360533,2e-06,0.0,0.0,0.0,0.0,0.0,1.0,0.0,0.0,0.0
1,prior_0.31_seed_1_ep_000150,150,0.31,0.36,0.3713,0.340854,0.360533,0.339586,0.358213,0.995935,1.0,1.0,1.0,1.0,0.0,0.0,0.0,0.0,1.7e-05
1,prior_0.31_seed_1_ep_000151,151,0.31,0.36,0.4008,0.339586,0.358213,0.339029,0.358213,1.0,1.0,1.0,1.0,1.0,0.0,0.0,0.0,0.0,0.0
1,prior_0.31_seed_1_ep_000152,152,0.31,0.36,0.4049,0.339029,0.358213,0.338547,0.358213,1.0,1.0,1.0,1.0,1.0,0.0,0.0,0.0,0.0,0.0
1,prior_0.31_seed_1_ep_000153,153,0.31,0.36,0.6283,0.338547,0.358213,0.338546,0.358213,1.0,1.0,1.0,1.0,1.0,0.0,0.0,0.0,0.0,0.0
1,prior_0.31_seed_1_ep_000154,154,0.31,0.36,0.2432,0.338546,0.358213,0.338546,0.358213,0.0,0.0,0.0,0.0,0.0,0.0,1.0,0.0,0.0,0.0
1,prior_0.31_seed_1_ep_000155,155,0.31,0.36,0.4616,0.338546,0.358213,0.338467,0.358213,1.0,1.0,1.0,1.0,1.0,0.0,0.0,0.0,0.0,0.0
1,prior_0.31_seed_1_ep_000156,156,0.31,0.36,0.2342,0.338467,0.358213,0.338467,0.358213,0.0,0.0,0.0,0.0,0.0,0.0,1.0,0.0,0.0,0.0
1,prior_0.31_seed_1_ep_000157,157,0.31,0.36,0.5229,0.338467,0.358213,0.338456,0.358213,1.0,1.0,1.0,1.0,1.0,0.0,0.0,0.0,0.0,0.0
1,prior_0.31_seed_1_ep_000158,158,0.31,0.36,0.2329,0.338456,0.358213,0.338456,0.358213,0.0,0.0,0.0,0.0,0.0,0.0,1.0,0.0,0.0,0.0
1,prior_0.31_seed_1_ep_000159,159,0.31,0.36,0.3054,0.338456,0.358213,0.338456,0.358213,0.00511,0.0,0.0,0.0,0.0,0.0,1.0,0.0,0.0,2.6e-05
1,prior_0.31_seed_1_ep_000160,160,0.31,0.36,0.4118,0.338456,0.358213,0.338073,0.355893,1.0,1.0,1.0,1.0,1.0,0.0,0.0,0.0,0.0,0.0
1,prior_0.31_seed_1_ep_000161,161,0.31,0.36,0.2391,0.338073,0.355893,0.338073,0.355893,0.0,0.0,0.0,0.0,0.0,0.0,1.0,0.0,0.0,0.0
1,prior_0.31_seed_1_ep_000162,162,0.31,0.36,0.3637,0.338073,0.355893,0.336709,0.355893,0.989522,1.0,1.0,1.0,1.0,0.0,0.0,0.0,0.0,0.00011
1,prior_0.31_seed_1_ep_000163,163,0.31,0.36,0.2816,0.336709,0.355893,0.336709,0.355893,1.2e-05,0.0,0.0,0.0,0.0,0.0,1.0,0.0,0.0,0.0
1,prior_0.31_seed_1_ep_000164,164,0.31,0.36,0.3558,0.336709,0.355893,0.33958,0.358213,0.94266,1.0,0.0,1.0,0.0,0.0,0.0,1.0,1.0,0.888608
1,prior_0.31_seed_1_ep_000165,165,0.31,0.36,0.4115,0.33958,0.358213,0.339216,0.358213,1.0,1.0,1.0,1.0,1.0,0.0,0.0,0.0,0.0,0.0
1,prior_0.31_seed_1_ep_000166,166,0.31,0.36,0.4638,0.339216,0.358213,0.339148,0.358213,1.0,1.0,1.0,1.0,1.0,0.0,0.0,0.0,0.0,0.0
1,prior_0.31_seed_1_ep_000167,167,0.31,0.36,0.3014,0.339148,0.358213,0.339148,0.358213,0.000994,0.0,0.0,0.0,0.0,0.0,1.0,0.0,0.0,1e-06
1,prior_0.31_seed_1_ep_000168,168,0.31,0.36,0.3287,0.339148,0.358213,0.339148,0.358213,0.187024,0.0,0.0,0.0,0.0,0.0,1.0,0.0,0.0,0.034978
1,prior_0.31_seed_1_ep_000169,169,0.31,0.36,0.2687,0.339148,0.358213,0.339148,0.358213,0.0,0.0,0.0,0.0,0.0,0.0,1.0,0.0,0.0,0.0
1,prior_0.31_seed_1_ep_000170,170,0.31,0.36,0.4405,0.339148,0.358213,0.339003,0.355893,1.0,1.0,1.0,1.0,1.0,0.0,0.0,0.0,0.0,0.0
1,prior_0.31_seed_1_ep_000171,171,0.31,0.36,0.4577,0.339003,0.355893,0.33892,0.355893,1.0,1.0,1.0,1.0,1.0,0.0,0.0,0.0,0.0,0.0
1,prior_0.31_seed_1_ep_000172,172,0.31,0.36,0.2303,0.33892,0.355893,0.33892,0.355893,0.0,0.0,0.0,0.0,0.0,0.0,1.0,0.0,0.0,0.0
1,prior_0.31_seed_1_ep_000173,173,0.31,0.36,0.2524,0.33892,0.355893,0.33892,0.355893,0.0,0.0,0.0,0.0,0.0,0.0,1.0,0.0,0.0,0.0
1,prior_0.31_seed_1_ep_000174,174,0.31,0.36,0.3248,0.33892,0.355893,0.33892,0.355893,0.103633,0.0,0.0,0.0,0.0,0.0,1.0,0.0,0.0,0.01074
1,prior_0.31_seed_1_ep_000175,175,0.31,0.36,0.2026,0.33892,0.355893,0.33892,0.355893,0.0,0.0,0.0,0.0,0.0,0.0,1.0,0.0,0.0,0.0
1,prior_0.31_seed_1_ep_000176,176,0.31,0.36,0.3508,0.33892,0.355893,0.34135,0.358213,0.840192,1.0,0.0,1.0,0.0,0.0,0.0,1.0,1.0,0.705923
1,prior_0.31_seed_1_ep_000177,177,0.31,0.36,0.3545,0.34135,0.358213,0.343667,0.360533,0.893474,1.0,0.0,1.0,0.0,0.0,0.0,1.0,1.0,0.798296
1,prior_0.31_seed_1_ep_000178,178,0.31,0.36,0.3513,0.343667,0.360533,0.345698,0.362853,0.79485,1.0,0.0,1.0,0.0,0.0,0.0,1.0,1.0,0.631787
1,prior_0.31_seed_1_ep_000179,179,0.31,0.36,0.3031,0.345698,0.362853,0.346401,0.362853,8.7e-05,0.0,0.0,1.0,0.0,1.0,0.0,1.0,1.0,0.0
1,prior_0.31_seed_1_ep_000180,180,0.31,0.36,0.3658,0.346401,0.362853,0.345243,0.360533,0.978677,1.0,1.0,1.0,1.0,0.0,0.0,0.0,0.0,0.000455
1,prior_0.31_seed_1_ep_000181,181,0.31,0.36,0.2917,0.345243,0.360533,0.345243,0.360533,1e-06,0.0,0.0,0.0,0.0,0.0,1.0,0.0,0.0,0.0
1,prior_0.31_seed_1_ep_000182,182,0.31,0.36,0.2323,0.345243,0.360533,0.345243,0.360533,0.0,0.0,0.0,0.0,0.0,0.0,1.0,0.0,0.0,0.0
1,prior_0.31_seed_1_ep_000183,183,0.31,0.36,0.4945,0.345243,0.360533,0.345219,0.360533,1.0,1.0,1.0,1.0,1.0,0.0,0.0,0.0,0.0,0.0
1,prior_0.31_seed_1_ep_000184,184,0.31,0.36,0.2854,0.345219,0.360533,0.345219,0.360533,0.0,0.0,0.0,0.0,0.0,0.0,1.0,0.0,0.0,0.0
1,prior_0.31_seed_1_ep_000185,185,0.31,0.36,0.5207,0.345219,0.360533,0.345209,0.360533,1.0,1.0,1.0,1.0,1.0,0.0,0.0,0.0,0.0,0.0
1,prior_0.31_seed_1_ep_000186,186,0.31,0.36,0.2601,0.345209,0.360533,0.345408,0.360533,0.0,0.0,0.0,1.0,0.0,1.0,0.0,1.0,1.0,0.0
1,prior_0.31_seed_1_ep_000187,187,0.31,0.36,0.3256,0.345408,0.360533,0.345408,0.360533,0.021902,0.0,0.0,0.0,0.0,0.0,1.0,0.0,0.0,0.00048
1,prior_0.31_seed_1_ep_000188,188,0.31,0.36,0.5262,0.345408,0.360533,0.3454,0.360533,1.0,1.0,1.0,1.0,1.0,0.0,0.0,0.0,0.0,0.0
1,prior_0.31_seed_1_ep_000189,189,0.31,0.36,0.2711,0.3454,0.360533,0.3454,0.360533,0.0,0.0,0.0,0.0,0.0,0.0,1.0,0.0,0.0,0.0
1,prior_0.31_seed_1_ep_000190,190,0.31,0.36,0.5324,0.3454,0.360533,0.345393,0.360533,1.0,1.0,1.0,1.0,1.0,0.0,0.0,0.0,0.0,0.0
1,prior_0.31_seed_1_ep_000191,191,0.31,0.36,0.3705,0.345393,0.360533,0.34439,0.360533,0.996099,1.0,1.0,1.0,1.0,0.0,0.0,0.0,0.0,1.5e-05
1,prior_0.31_seed_1_ep_000192,192,0.31,0.36,0.2683,0.34439,0.360533,0.34439,0.360533,0.0,0.0,0.0,0.0,0.0,0.0,1.0,0.0,0.0,0.0
1,prior_0.31_seed_1_ep_000193,193,0.31,0.36,0.3148,0.34439,0.360533,0.34439,0.360533,0.002781,0.0,0.0,0.0,0.0,0.0,1.0,0.0,0.0,8e-06
1,prior_0.31_seed_1_ep_000194,194,0.31,0.36,0.2572,0.34439,0.360533,0.34439,0.360533,0.0,0.0,0.0,0.0,0.0,0.0,1.0,0.0,0.0,0.0
1,prior_0.31_seed_1_ep_000195,195,0.31,0.36,0.5326,0.34439,0.360533,0.344384,0.360533,1.0,1.0,1.0,1.0,1.0,0.0,0.0,0.0,0.0,0.0
1,prior_0.31_seed_1_ep_000196,196,0.31,0.36,0.303,0.344384,0.360533,0.344384,0.360533,8e-05,0.0,0.0,0.0,0.0,0.0,1.0,0.0,0.0,0.0
1,prior_0.31_seed_1_ep_000197,197,0.31,0.36,0.4772,0.344384,0.360533,0.344343,0.360533,1.0,1.0,1.0,1.0,1.0,0.0,0.0,0.0,0.0,0.0
1,prior_0.31_seed_1_ep_000198,198,0.31,0.36,0.466,0.344343,0.360533,0.344285,0.360533,1.0,1.0,1.0,1.0,1.0,0.0,0.0,0.0,0.0,0.0
1,prior_0.31_seed_1_ep_000199,199,0.31,0.36,0.2923,0.344285,0.360533,0.344285,0.360533,1e-06,0.0,0.0,0.0,0.0,0.0,1.0,0.0,0.0,0.0
1,prior_0.31_seed_1_ep_000200,200,0.31,0.36,0.5126,0.344285,0.360533,0.344272,0.360533,1.0,1.0,1.0,1.0,1.0,0.0,0.0,0.0,0.0,0.0
1,prior_0.31_seed_1_ep_000201,201,0.31,0.36,0.5855,0.344272,0.360533,0.344271,0.360533,1.0,1.0,1.0,1.0,1.0,0.0,0.0,0.0,0.0,0.0
1,prior_0.31_seed_1_ep_000202,202,0.31,0.36,0.3645,0.344271,0.360533,0.343171,0.358213,0.979529,1.0,1.0,1.0,1.0,0.0,0.0,0.0,0.0,0.000419
1,prior_0.31_seed_1_ep_000203,203,0.31,0.36,0.3024,0.343171,0.358213,0.343854,0.360533,5.1e-05,0.0,0.0,1.0,0.0,1.0,0.0,1.0,1.0,0.0
1,prior_0.31_seed_1_ep_000204,204,0.31,0.36,0.292,0.343854,0.360533,0.343854,0.360533,1e-06,0.0,0.0,0.0,0.0,0.0,1.0,0.0,0.0,0.0
1,prior_0.31_seed_1_ep_000205,205,0.31,0.36,0.267,0.343854,0.360533,0.343854,0.360533,0.0,0.0,0.0,0.0,0.0,0.0,1.0,0.0,0.0,0.0
1,prior_0.31_seed_1_ep_000206,206,0.31,0.36,0.538,0.343854,0.360533,0.343849,0.360533,1.0,1.0,1.0,1.0,1.0,0.0,0.0,0.0,0.0,0.0
1,prior_0.31_seed_1_ep_000207,207,0.31,0.36,0.319,0.343849,0.360533,0.343849,0.360533,0.009234,0.0,0.0,0.0,0.0,0.0,1.0,0.0,0.0,8.5e-05
1,prior_0.31_seed_1_ep_000208,208,0.31,0.36,0.536,0.343849,0.360533,0.343843,0.360533,1.0,1.0,1.0,1.0,1.0,0.0,0.0,0.0,0.0,0.0
1,prior_0.31_seed_1_ep_000209,209,0.31,0.36,0.4659,0.343843,0.360533,0.343788,0.360533,1.0,1.0,1.0,1.0,1.0,0.0,0.0,0.0,0.0,0.0
1,prior_0.31_seed_1_ep_000210,210,0.31,0.36,0.4218,0.343788,0.360533,0.343563,0.358213,1.0,1.0,1.0,1.0,1.0,0.0,0.0,0.0,0.0,0.0
1,prior_0.31_seed_1_ep_000211,211,0.31,0.36,0.4594,0.343563,0.358213,0.343495,0.358213,1.0,1.0,1.0,1.0,1.0,0.0,0.0,0.0,0.0,0.0
1,prior_0.31_seed_1_ep_000212,212,0.31,0.36,0.2013,0.343495,0.358213,0.343495,0.358213,0.0,0.0,0.0,0.0,0.0,0.0,1.0,0.0,0.0,0.0
1,prior_0.31_seed_1_ep_000213,213,0.31,0.36,0.5167,0.343495,0.358213,0.343485,0.358213,1.0,1.0,1.0,1.0,1.0,0.0,0.0,0.0,0.0,0.0
1,prior_0.31_seed_1_ep_000214,214,0.31,0.36,0.3469,0.343485,0.358213,0.345117,0.360533,0.664991,1.0,0.0,1.0,0.0,0.0,0.0,1.0,1.0,0.442212
1,prior_0.31_seed_1_ep_000215,215,0.31,0.36,0.4548,0.345117,0.360533,0.345038,0.360533,1.0,1.0,1.0,1.0,1.0,0.0,0.0,0.0,0.0,0.0
1,prior_0.31_seed_1_ep_000216,216,0.31,0.36,0.298,0.345038,0.360533,0.345038,0.360533,5e-06,0.0,0.0,0.0,0.0,0.0,1.0,0.0,0.0,0.0
1,prior_0.31_seed_1_ep_000217,217,0.31,0.36,0.524,0.345038,0.360533,0.34503,0.360533,1.0,1.0,1.0,1.0,1.0,0.0,0.0,0.0,0.0,0.0
1,prior_0.31_seed_1_ep_000218,218,0.31,0.36,0.6633,0.34503,0.360533,0.34503,0.360533,1.0,1.0,1.0,1.0,1.0,0.0,0.0,0.0,0.0,0.0
1,prior_0.31_seed_1_ep_000219,219,0.31,0.36,0.3413,0.34503,0.360533,0.34503,0.360533,0.323317,0.0,0.0,0.0,0.0,0.0,1.0,0.0,0.0,0.104534
1,prior_0.31_seed_1_ep_000220,220,0.31,0.36,0.257,0.34503,0.360533,0.34503,0.360533,0.0,0.0,0.0,0.0,0.0,0.0,1.0,0.0,0.0,0.0
1,prior_0.31_seed_1_ep_000221,221,0.31,0.36,0.435,0.34503,0.360533,0.344882,0.360533,1.0,1.0,1.0,1.0,1.0,0.0,0.0,0.0,0.0,0.0
1,prior_0.31_seed_1_ep_000222,222,0.31,0.36,0.3601,0.344882,0.360533,0.343768,0.358213,0.939658,1.0,1.0,1.0,1.0,0.0,0.0,0.0,0.0,0.003641
1,prior_0.31_seed_1_ep_000223,223,0.31,0.36,0.2839,0.343768,0.358213,0.343768,0.358213,0.0,0.0,0.0,0.0,0.0,0.0,1.0,0.0,0.0,0.0
1,prior_0.31_seed_1_ep_000224,224,0.31,0.36,0.212,0.343768,0.358213,0.343768,0.358213,0.0,0.0,0.0,0.0,0.0,0.0,1.0,0.0,0.0,0.0
1,prior_0.31_seed_1_ep_000225,225,0.31,0.36,0.4327,0.343768,0.358213,0.343617,0.358213,1.0,1.0,1.0,1.0,1.0,0.0,0.0,0.0,0.0,0.0
1,prior_0.31_seed_1_ep_000226,226,0.31,0.36,0.4781,0.343617,0.358213,0.343583,0.358213,1.0,1.0,1.0,1.0,1.0,0.0,0.0,0.0,0.0,0.0
1,prior_0.31_seed_1_ep_000227,227,0.31,0.36,0.223,0.343583,0.358213,0.343583,0.358213,0.0,0.0,0.0,0.0,0.0,0.0,1.0,0.0,0.0,0.0
1,prior_0.31_seed_1_ep_000228,228,0.31,0.36,0.437,0.343583,0.358213,0.343453,0.358213,1.0,1.0,1.0,1.0,1.0,0.0,0.0,0.0,0.0,0.0
1,prior_0.31_seed_1_ep_000229,229,0.31,0.36,0.2289,0.343453,0.358213,0.343453,0.358213,0.0,0.0,0.0,0.0,0.0,0.0,1.0,0.0,0.0,0.0
1,prior_0.31_seed_1_ep_000230,230,0.31,0.36,0.3135,0.343453,0.358213,0.343453,0.358213,0.001103,0.0,0.0,0.0,0.0,0.0,1.0,0.0,0.0,1e-06
1,prior_0.31_seed_1_ep_000231,231,0.31,0.36,0.27,0.343453,0.358213,0.343453,0.358213,0.0,0.0,0.0,0.0,0.0,0.0,1.0,0.0,0.0,0.0
1,prior_0.31_seed_1_ep_000232,232,0.31,0.36,0.2857,0.343453,0.358213,0.343453,0.358213,0.0,0.0,0.0,0.0,0.0,0.0,1.0,0.0,0.0,0.0
1,prior_0.31_seed_1_ep_000233,233,0.31,0.36,0.3536,0.343453,0.358213,0.345138,0.360533,0.829273,1.0,0.0,1.0,0.0,0.0,0.0,1.0,1.0,0.687693
1,prior_0.31_seed_1_ep_000234,234,0.31,0.36,0.5112,0.345138,0.360533,0.345127,0.360533,1.0,1.0,1.0,1.0,1.0,0.0,0.0,0.0,0.0,0.0
1,prior_0.31_seed_1_ep_000235,235,0.31,0.36,0.6924,0.345127,0.360533,0.345127,0.360533,1.0,1.0,1.0,1.0,1.0,0.0,0.0,0.0,0.0,0.0
1,prior_0.31_seed_1_ep_000236,236,0.31,0.36,0.313,0.345127,0.360533,0.345127,0.360533,0.0005,0.0,0.0,0.0,0.0,0.0,1.0,0.0,0.0,0.0
1,prior_0.31_seed_1_ep_000237,237,0.31,0.36,0.3037,0.345127,0.360533,0.345127,0.360533,1.6e-05,0.0,0.0,0.0,0.0,0.0,1.0,0.0,0.0,0.0
1,prior_0.31_seed_1_ep_000238,238,0.31,0.36,0.2722,0.345127,0.360533,0.345367,0.360533,0.0,0.0,0.0,1.0,0.0,1.0,0.0,1.0,1.0,0.0
1,prior_0.31_seed_1_ep_000239,239,0.31,0.36,0.2576,0.345367,0.360533,0.345367,0.360533,0.0,0.0,0.0,0.0,0.0,0.0,1.0,0.0,0.0,0.0
1,prior_0.31_seed_1_ep_000240,240,0.31,0.36,0.3251,0.345367,0.360533,0.345367,0.360533,0.01396,0.0,0.0,0.0,0.0,0.0,1.0,0.0,0.0,0.000195
1,prior_0.31_seed_1_ep_000241,241,0.31,0.36,0.3482,0.345367,0.360533,0.346807,0.360533,0.597625,1.0,0.0,1.0,0.0,0.0,0.0,1.0,1.0,0.357155
1,prior_0.31_seed_1_ep_000242,242,0.31,0.36,0.4855,0.346807,0.360533,0.34678,0.360533,1.0,1.0,1.0,1.0,1.0,0.0,0.0,0.0,0.0,0.0
1,prior_0.31_seed_1_ep_000243,243,0.31,0.36,0.4422,0.34678,0.360533,0.346669,0.360533,1.0,1.0,1.0,1.0,1.0,0.0,0.0,0.0,0.0,0.0
1,prior_0.31_seed_1_ep_000244,244,0.31,0.36,0.271,0.346669,0.360533,0.346669,0.360533,0.0,0.0,0.0,0.0,0.0,0.0,1.0,0.0,0.0,0.0
1,prior_0.31_seed_1_ep_000245,245,0.31,0.36,0.3765,0.346669,0.360533,0.345944,0.360533,0.999621,1.0,1.0,1.0,1.0,0.0,0.0,0.0,0.0,0.0
1,prior_0.31_seed_1_ep_000246,246,0.31,0.36,0.2472,0.345944,0.360533,0.346046,0.360533,0.0,0.0,0.0,1.0,0.0,1.0,0.0,1.0,1.0,0.0
1,prior_0.31_seed_1_ep_000247,247,0.31,0.36,0.227,0.346046,0.360533,0.346046,0.360533,0.0,0.0,0.0,0.0,0.0,0.0,1.0,0.0,0.0,0.0
1,prior_0.31_seed_1_ep_000248,248,0.31,0.36,0.5153,0.346046,0.360533,0.346036,0.360533,1.0,1.0,1.0,1.0,1.0,0.0,0.0,0.0,0.0,0.0
1,prior_0.31_seed_1_ep_000249,249,0.31,0.36,0.5171,0.346036,0.360533,0.346027,0.360533,1.0,1.0,1.0,1.0,1.0,0.0,0.0,0.0,0.0,0.0
1,prior_0.31_seed_1_ep_000250,250,0.31,0.36,0.2585,0.346027,0.360533,0.346027,0.360533,0.0,0.0,0.0,0.0,0.0,0.0,1.0,0.0,0.0,0.0
1,prior_0.31_seed_1_ep_000251,251,0.31,0.36,0.5115,0.346027,0.360533,0.346016,0.360533,1.0,1.0,1.0,1.0,1.0,0.0,0.0,0.0,0.0,0.0
1,prior_0.31_seed_1_ep_000252,252,0.31,0.36,0.3202,0.346016,0.360533,0.346016,0.360533,0.002532,0.0,0.0,0.0,0.0,0.0,1.0,0.0,0.0,6e-06
1,prior_0.31_seed_1_ep_000253,253,0.31,0.36,0.3591,0.346016,0.360533,0.347592,0.362853,0.935716,1.0,0.0,1.0,0.0,0.0,0.0,1.0,1.0,0.875564
1,prior_0.31_seed_1_ep_000254,254,0.31,0.36,0.5275,0.347592,0.362853,0.347585,0.362853,1.0,1.0,1.0,1.0,1.0,0.0,0.0,0.0,0.0,0.0
1,prior_0.31_seed_1_ep_000255,255,0.31,0.36,0.3367,0.347585,0.362853,0.347585,0.362853,0.097692,0.0,0.0,0.0,0.0,0.0,1.0,0.0,0.0,0.009544
1,prior_0.31_seed_1_ep_000256,256,0.31,0.36,0.3825,0.347585,0.362853,0.346977,0.360533,0.999987,1.0,1.0,1.0,1.0,0.0,0.0,0.0,0.0,0.0
1,prior_0.31_seed_1_ep_000257,257,0.31,0.36,0.3783,0.346977,0.360533,0.346319,0.360533,0.999902,1.0,1.0,1.0,1.0,0.0,0.0,0.0,0.0,0.0
1,prior_0.31_seed_1_ep_000258,258,0.31,0.36,0.4069,0.346319,0.360533,0.346021,0.360533,1.0,1.0,1.0,1.0,1.0,0.0,0.0,0.0,0.0,0.0
1,prior_0.31_seed_1_ep_000259,259,0.31,0.36,0.5949,0.346021,0.360533,0.34602,0.360533,1.0,1.0,1.0,1.0,1.0,0.0,0.0,0.0,0.0,0.0
1,prior_0.31_seed_1_ep_000260,260,0.31,0.36,0.3498,0.34602,0.360533,0.347324,0.360533,0.677039,1.0,0.0,1.0,0.0,0.0,0.0,1.0,1.0,0.458382
1,prior_0.31_seed_1_ep_000261,261,0.31,0.36,0.2466,0.347324,0.360533,0.347324,0.360533,0.0,0.0,0.0,0.0,0.0,0.0,1.0,0.0,0.0,0.0
1,prior_0.31_seed_1_ep_000262,262,0.31,0.36,0.4692,0.347324,0.360533,0.347282,0.360533,1.0,1.0,1.0,1.0,1.0,0.0,0.0,0.0,0.0,0.0
1,prior_0.31_seed_1_ep_000263,263,0.31,0.36,0.3402,0.347282,0.360533,0.347282,0.360533,0.221028,0.0,0.0,0.0,0.0,0.0,1.0,0.0,0.0,0.048854
1,prior_0.31_seed_1_ep_000264,264,0.31,0.36,0.2617,0.347282,0.360533,0.347282,0.360533,0.0,0.0,0.0,0.0,0.0,0.0,1.0,0.0,0.0,0.0
1,prior_0.31_seed_1_ep_000265,265,0.31,0.36,0.3139,0.347282,0.360533,0.347885,0.360533,7.3e-05,0.0,0.0,1.0,0.0,1.0,0.0,1.0,1.0,0.0
1,prior_0.31_seed_1_ep_000266,266,0.31,0.36,0.2615,0.347885,0.360533,0.347885,0.360533,0.0,0.0,0.0,0.0,0.0,0.0,1.0,0.0,0.0,0.0
1,prior_0.31_seed_1_ep_000267,267,0.31,0.36,0.3368,0.347885,0.360533,0.347885,0.360533,0.083635,0.0,0.0,0.0,0.0,0.0,1.0,0.0,0.0,0.006995
1,prior_0.31_seed_1_ep_000268,268,0.31,0.36,0.3613,0.347885,0.360533,0.346973,0.360533,0.952376,1.0,1.0,1.0,1.0,0.0,0.0,0.0,0.0,0.002268
1,prior_0.31_seed_1_ep_000269,269,0.31,0.36,0.4093,0.346973,0.360533,0.346709,0.360533,1.0,1.0,1.0,1.0,1.0,0.0,0.0,0.0,0.0,0.0
1,prior_0.31_seed_1_ep_000270,270,0.31,0.36,0.3738,0.346709,0.360533,0.346041,0.360533,0.999538,1.0,1.0,1.0,1.0,0.0,0.0,0.0,0.0,0.0
1,prior_0.31_seed_1_ep_000271,271,0.31,0.36,0.4426,0.346041,0.360533,0.34595,0.360533,1.0,1.0,1.0,1.0,1.0,0.0,0.0,0.0,0.0,0.0
1,prior_0.31_seed_1_ep_000272,272,0.31,0.36,0.417,0.34595,0.360533,0.345749,0.358213,1.0,1.0,1.0,1.0,1.0,0.0,0.0,0.0,0.0,0.0
1,prior_0.31_seed_1_ep_000273,273,0.31,0.36,0.3501,0.345749,0.358213,0.346959,0.360533,0.696491,1.0,0.0,1.0,0.0,0.0,0.0,1.0,1.0,0.4851
1,prior_0.31_seed_1_ep_000274,274,0.31,0.36,0.4984,0.346959,0.360533,0.346945,0.360533,1.0,1.0,1.0,1.0,1.0,0.0,0.0,0.0,0.0,0.0
1,prior_0.31_seed_1_ep_000275,275,0.31,0.36,0.5191,0.346945,0.360533,0.346937,0.360533,1.0,1.0,1.0,1.0,1.0,0.0,0.0,0.0,0.0,0.0
1,prior_0.31_seed_1_ep_000276,276,0.31,0.36,0.2911,0.346937,0.360533,0.346937,0.360533,0.0,0.0,0.0,0.0,0.0,0.0,1.0,0.0,0.0,0.0
1,prior_0.31_seed_1_ep_000277,277,0.31,0.36,0.4943,0.346937,0.360533,0.346921,0.360533,1.0,1.0,1.0,1.0,1.0,0.0,0.0,0.0,0.0,0.0
1,prior_0.31_seed_1_ep_000278,278,0.31,0.36,0.385,0.346921,0.360533,0.346432,0.360533,1.0,1.0,1.0,1.0,1.0,0.0,0.0,0.0,0.0,0.0
1,prior_0.31_seed_1_ep_000279,279,0.31,0.36,0.573,0.346432,0.360533,0.346431,0.360533,1.0,1.0,1.0,1.0,1.0,0.0,0.0,0.0,0.0,0.0
1,prior_0.31_seed_1_ep_000280,280,0.31,0.36,0.276,0.346431,0.360533,0.346431,0.360533,0.0,0.0,0.0,0.0,0.0,0.0,1.0,0.0,0.0,0.0
1,prior_0.31_seed_1_ep_000281,281,0.31,0.36,0.301,0.346431,0.360533,0.346431,0.360533,0.0,0.0,0.0,0.0,0.0,0.0,1.0,0.0,0.0,0.0
1,prior_0.31_seed_1_ep_000282,282,0.31,0.36,0.3973,0.346431,0.360533,0.346087,0.358213,1.0,1.0,1.0,1.0,1.0,0.0,0.0,0.0,0.0,0.0
1,prior_0.31_seed_1_ep_000283,283,0.31,0.36,0.3419,0.346087,0.358213,0.346087,0.358213,0.254442,0.0,0.0,0.0,0.0,0.0,1.0,0.0,0.0,0.064741
1,prior_0.31_seed_1_ep_000284,284,0.31,0.36,0.3573,0.346087,0.358213,0.347362,0.360533,0.914392,1.0,0.0,1.0,0.0,0.0,0.0,1.0,1.0,0.836112
1,prior_0.31_seed_1_ep_000285,285,0.31,0.36,0.3562,0.347362,0.360533,0.348561,0.360533,0.889514,1.0,0.0,1.0,0.0,0.0,0.0,1.0,1.0,0.791235
1,prior_0.31_seed_1_ep_000286,286,0.31,0.36,0.2351,0.348561,0.360533,0.348609,0.360533,0.0,0.0,0.0,1.0,0.0,1.0,0.0,1.0,1.0,0.0
1,prior_0.31_seed_1_ep_000287,287,0.31,0.36,0.4237,0.348609,0.360533,0.34845,0.360533,1.0,1.0,1.0,1.0,1.0,0.0,0.0,0.0,0.0,0.0
1,prior_0.31_seed_1_ep_000288,288,0.31,0.36,0.2799,0.34845,0.360533,0.34845,0.360533,0.0,0.0,0.0,0.0,0.0,0.0,1.0,0.0,0.0,0.0
1,prior_0.31_seed_1_ep_000289,289,0.31,0.36,0.536,0.34845,0.360533,0.348446,0.360533,1.0,1.0,1.0,1.0,1.0,0.0,0.0,0.0,0.0,0.0
1,prior_0.31_seed_1_ep_000290,290,0.31,0.36,0.2821,0.348446,0.360533,0.348446,0.360533,0.0,0.0,0.0,0.0,0.0,0.0,1.0,0.0,0.0,0.0
1,prior_0.31_seed_1_ep_000291,291,0.31,0.36,0.3599,0.348446,0.360533,0.349646,0.362853,0.920597,1.0,0.0,1.0,0.0,0.0,0.0,1.0,1.0,0.847499
1,prior_0.31_seed_1_ep_000292,292,0.31,0.36,0.2751,0.349646,0.362853,0.349646,0.362853,0.0,0.0,0.0,0.0,0.0,0.0,1.0,0.0,0.0,0.0
1,prior_0.31_seed_1_ep_000293,293,0.31,0.36,0.4759,0.349646,0.362853,0.349616,0.362853,1.0,1.0,1.0,1.0,1.0,0.0,0.0,0.0,0.0,0.0
1,prior_0.31_seed_1_ep_000294,294,0.31,0.36,0.427,0.349616,0.362853,0.349473,0.362853,1.0,1.0,1.0,1.0,1.0,0.0,0.0,0.0,0.0,0.0
1,prior_0.31_seed_1_ep_000295,295,0.31,0.36,0.2294,0.349473,0.362853,0.349473,0.362853,0.0,0.0,0.0,0.0,0.0,0.0,1.0,0.0,0.0,0.0
1,prior_0.31_seed_1_ep_000296,296,0.31,0.36,0.4133,0.349473,0.362853,0.349259,0.362853,1.0,1.0,1.0,1.0,1.0,0.0,0.0,0.0,0.0,0.0
1,prior_0.31_seed_1_ep_000297,297,0.31,0.36,0.3205,0.349259,0.362853,0.349811,0.362853,0.000144,0.0,0.0,1.0,0.0,1.0,0.0,1.0,1.0,0.0
1,prior_0.31_seed_1_ep_000298,298,0.31,0.36,0.2768,0.349811,0.362853,0.349811,0.362853,0.0,0.0,0.0,0.0,0.0,0.0,1.0,0.0,0.0,0.0
1,prior_0.31_seed_1_ep_000299,299,0.31,0.36,0.4807,0.349811,0.362853,0.349786,0.362853,1.0,1.0,1.0,1.0,1.0,0.0,0.0,0.0,0.0,0.0
2,prior_0.31_seed_2_ep_000000,0,0.31,0.36,0.3358,0.31136,0.441724,0.375396,0.474201,0.626015,1.0,0.0,1.0,0.0,0.0,0.0,1.0,1.0,0.391895
2,prior_0.31_seed_2_ep_000001,1,0.31,0.36,0.2266,0.375396,0.474201,0.375396,0.474201,0.003953,0.0,0.0,0.0,0.0,0.0,1.0,0.0,0.0,1.6e-05
2,prior_0.31_seed_2_ep_000002,2,0.31,0.36,0.2233,0.375396,0.474201,0.375396,0.474201,0.003146,0.0,0.0,0.0,0.0,0.0,1.0,0.0,0.0,1e-05
2,prior_0.31_seed_2_ep_000003,3,0.31,0.36,0.6987,0.375396,0.474201,0.375368,0.474201,0.999998,1.0,1.0,1.0,1.0,0.0,0.0,0.0,0.0,0.0
2,prior_0.31_seed_2_ep_000004,4,0.31,0.36,0.3266,0.375368,0.474201,0.375368,0.474201,0.19498,0.0,0.0,0.0,0.0,0.0,1.0,0.0,0.0,0.038017
2,prior_0.31_seed_2_ep_000005,5,0.31,0.36,0.4787,0.375368,0.474201,0.366987,0.451003,0.954517,1.0,1.0,1.0,1.0,0.0,0.0,0.0,0.0,0.002069
2,prior_0.31_seed_2_ep_000006,6,0.31,0.36,0.3127,0.366987,0.451003,0.366987,0.451003,0.143447,0.0,0.0,0.0,0.0,0.0,1.0,0.0,0.0,0.020577
2,prior_0.31_seed_2_ep_000007,7,0.31,0.36,0.4332,0.366987,0.451003,0.355423,0.427806,0.901247,1.0,1.0,1.0,1.0,0.0,0.0,0.0,0.0,0.009752
2,prior_0.31_seed_2_ep_000008,8,0.31,0.36,0.371,0.355423,0.427806,0.335193,0.399969,0.624421,1.0,1.0,1.0,1.0,0.0,0.0,0.0,0.0,0.14106
2,prior_0.31_seed_2_ep_000009,9,0.31,0.36,0.2552,0.335193,0.399969,0.335193,0.399969,0.032731,0.0,0.0,0.0,0.0,0.0,1.0,0.0,0.0,0.001071
2,prior_0.31_seed_2_ep_000010,10,0.31,0.36,0.2794,0.335193,0.399969,0.335193,0.399969,0.092875,0.0,0.0,0.0,0.0,0.0,1.0,0.0,0.0,0.008626
2,prior_0.31_seed_2_ep_000011,11,0.31,0.36,0.2327,0.335193,0.399969,0.335193,0.399969,0.011328,0.0,0.0,0.0,0.0,0.0,1.0,0.0,0.0,0.000128
2,prior_0.31_seed_2_ep_000012,12,0.31,0.36,0.4099,0.335193,0.399969,0.329805,0.39069,0.974794,1.0,1.0,1.0,1.0,0.0,0.0,0.0,0.0,0.000635
2,prior_0.31_seed_2_ep_000013,13,0.31,0.36,0.3915,0.329805,0.39069,0.323461,0.379091,0.956733,1.0,1.0,1.0,1.0,0.0,0.0,0.0,0.0,0.001872
2,prior_0.31_seed_2_ep_000014,14,0.31,0.36,0.4426,0.323461,0.379091,0.322236,0.376771,0.999927,1.0,1.0,1.0,1.0,0.0,0.0,0.0,0.0,0.0
2,prior_0.31_seed_2_ep_000015,15,0.31,0.36,0.2855,0.322236,0.376771,0.322236,0.376771,0.153286,0.0,0.0,0.0,0.0,0.0,1.0,0.0,0.0,0.023497
2,prior_0.31_seed_2_ep_000016,16,0.31,0.36,0.5029,0.322236,0.376771,0.32207,0.376771,1.0,1.0,1.0,1.0,1.0,0.0,0.0,0.0,0.0,0.0
2,prior_0.31_seed_2_ep_000017,17,0.31,0.36,0.6022,0.32207,0.376771,0.322063,0.376771,1.0,1.0,1.0,1.0,1.0,0.0,0.0,0.0,0.0,0.0
2,prior_0.31_seed_2_ep_000018,18,0.31,0.36,0.297,0.322063,0.376771,0.322063,0.376771,0.229242,0.0,0.0,0.0,0.0,0.0,1.0,0.0,0.0,0.052552
2,prior_0.31_seed_2_ep_000019,19,0.31,0.36,0.2306,0.322063,0.376771,0.322063,0.376771,0.014442,0.0,0.0,0.0,0.0,0.0,1.0,0.0,0.0,0.000209
2,prior_0.31_seed_2_ep_000020,20,0.31,0.36,0.6297,0.322063,0.376771,0.322061,0.376771,1.0,1.0,1.0,1.0,1.0,0.0,0.0,0.0,0.0,0.0
2,prior_0.31_seed_2_ep_000021,21,0.31,0.36,0.4763,0.322061,0.376771,0.32167,0.376771,1.0,1.0,1.0,1.0,1.0,0.0,0.0,0.0,0.0,0.0
2,prior_0.31_seed_2_ep_000022,22,0.31,0.36,0.2953,0.32167,0.376771,0.32167,0.376771,0.214467,0.0,0.0,0.0,0.0,0.0,1.0,0.0,0.0,0.045996
2,prior_0.31_seed_2_ep_000023,23,0.31,0.36,0.6016,0.32167,0.376771,0.321664,0.376771,1.0,1.0,1.0,1.0,1.0,0.0,0.0,0.0,0.0,0.0
2,prior_0.31_seed_2_ep_000024,24,0.31,0.36,0.4147,0.321664,0.376771,0.319215,0.372132,0.998774,1.0,1.0,1.0,1.0,0.0,0.0,0.0,0.0,2e-06
2,prior_0.31_seed_2_ep_000025,25,0.31,0.36,0.2577,0.319215,0.372132,0.319215,0.372132,0.055594,0.0,0.0,0.0,0.0,0.0,1.0,0.0,0.0,0.003091
2,prior_0.31_seed_2_ep_000026,26,0.31,0.36,0.2437,0.319215,0.372132,0.319215,0.372132,0.030106,0.0,0.0,0.0,0.0,0.0,1.0,0.0,0.0,0.000906
2,prior_0.31_seed_2_ep_000027,27,0.31,0.36,0.4981,0.319215,0.372132,0.319054,0.372132,1.0,1.0,1.0,1.0,1.0,0.0,0.0,0.0,0.0,0.0
2,prior_0.31_seed_2_ep_000028,28,0.31,0.36,0.2295,0.319054,0.372132,0.319054,0.372132,0.015775,0.0,0.0,0.0,0.0,0.0,1.0,0.0,0.0,0.000249
2,prior_0.31_seed_2_ep_000029,29,0.31,0.36,0.3969,0.319054,0.372132,0.315572,0.367492,0.994264,1.0,1.0,1.0,1.0,0.0,0.0,0.0,0.0,3.3e-05
2,prior_0.31_seed_2_ep_000030,30,0.31,0.36,0.4923,0.315572,0.367492,0.315412,0.367492,1.0,1.0,1.0,1.0,1.0,0.0,0.0,0.0,0.0,0.0
2,prior_0.31_seed_2_ep_000031,31,0.31,0.36,0.6585,0.315412,0.367492,0.315411,0.367492,1.0,1.0,1.0,1.0,1.0,0.0,0.0,0.0,0.0,0.0
2,prior_0.31_seed_2_ep_000032,32,0.31,0.36,0.4829,0.315411,0.367492,0.315196,0.367492,1.0,1.0,1.0,1.0,1.0,0.0,0.0,0.0,0.0,0.0
2,prior_0.31_seed_2_ep_000033,33,0.31,0.36,0.4977,0.315196,0.367492,0.315065,0.367492,1.0,1.0,1.0,1.0,1.0,0.0,0.0,0.0,0.0,0.0
2,prior_0.31_seed_2_ep_000034,34,0.31,0.36,0.3845,0.315065,0.367492,0.31101,0.362853,0.990207,1.0,1.0,1.0,1.0,0.0,0.0,0.0,0.0,9.6e-05
2,prior_0.31_seed_2_ep_000035,35,0.31,0.36,0.2364,0.31101,0.362853,0.315753,0.362853,0.028508,0.0,0.0,1.0,0.0,1.0,0.0,1.0,1.0,0.000813
2,prior_0.31_seed_2_ep_000036,36,0.31,0.36,0.2214,0.315753,0.362853,0.315753,0.362853,0.004405,0.0,0.0,0.0,0.0,0.0,1.0,0.0,0.0,1.9e-05
2,prior_0.31_seed_2_ep_000037,37,0.31,0.36,0.3442,0.315753,0.362853,0.333393,0.372132,0.80717,1.0,0.0,1.0,0.0,0.0,0.0,1.0,1.0,0.651523
2,prior_0.31_seed_2_ep_000038,38,0.31,0.36,0.4214,0.333393,0.372132,0.332129,0.372132,0.99997,1.0,1.0,1.0,1.0,0.0,0.0,0.0,0.0,0.0
2,prior_0.31_seed_2_ep_000039,39,0.31,0.36,0.3771,0.332129,0.372132,0.32826,0.367492,0.974533,1.0,1.0,1.0,1.0,0.0,0.0,0.0,0.0,0.000649
2,prior_0.31_seed_2_ep_000040,40,0.31,0.36,0.3895,0.32826,0.367492,0.325796,0.362853,0.997367,1.0,1.0,1.0,1.0,0.0,0.0,0.0,0.0,7e-06
2,prior_0.31_seed_2_ep_000041,41,0.31,0.36,0.2751,0.325796,0.362853,0.325796,0.362853,0.029768,0.0,0.0,0.0,0.0,0.0,1.0,0.0,0.0,0.000886
2,prior_0.31_seed_2_ep_000042,42,0.31,0.36,0.4796,0.325796,0.362853,0.325657,0.362853,1.0,1.0,1.0,1.0,1.0,0.0,0.0,0.0,0.0,0.0
2,prior_0.31_seed_2_ep_000043,43,0.31,0.36,0.5546,0.325657,0.362853,0.325645,0.362853,1.0,1.0,1.0,1.0,1.0,0.0,0.0,0.0,0.0,0.0
2,prior_0.31_seed_2_ep_000044,44,0.31,0.36,0.5067,0.325645,0.362853,0.325588,0.362853,1.0,1.0,1.0,1.0,1.0,0.0,0.0,0.0,0.0,0.0
2,prior_0.31_seed_2_ep_000045,45,0.31,0.36,0.459,0.325588,0.362853,0.325318,0.362853,1.0,1.0,1.0,1.0,1.0,0.0,0.0,0.0,0.0,0.0
2,prior_0.31_seed_2_ep_000046,46,0.31,0.36,0.3755,0.325318,0.362853,0.322196,0.358213,0.989258,1.0,1.0,1.0,1.0,0.0,0.0,0.0,0.0,0.000115
2,prior_0.31_seed_2_ep_000047,47,0.31,0.36,0.5323,0.322196,0.358213,0.322176,0.358213,1.0,1.0,1.0,1.0,1.0,0.0,0.0,0.0,0.0,0.0
2,prior_0.31_seed_2_ep_000048,48,0.31,0.36,0.3721,0.322176,0.358213,0.319143,0.355893,0.988432,1.0,1.0,1.0,1.0,0.0,0.0,0.0,0.0,0.000134
2,prior_0.31_seed_2_ep_000049,49,0.31,0.36,0.3256,0.319143,0.355893,0.327969,0.360533,0.567721,1.0,0.0,1.0,0.0,0.0,0.0,1.0,1.0,0.322308
2,prior_0.31_seed_2_ep_000050,50,0.31,0.36,0.3461,0.327969,0.360533,0.336018,0.365172,0.799087,1.0,0.0,1.0,0.0,0.0,0.0,1.0,1.0,0.63854
2,prior_0.31_seed_2_ep_000051,51,0.31,0.36,0.477,0.336018,0.365172,0.3359,0.365172,1.0,1.0,1.0,1.0,1.0,0.0,0.0,0.0,0.0,0.0
2,prior_0.31_seed_2_ep_000052,52,0.31,0.36,0.3823,0.3359,0.365172,0.33386,0.362853,0.996579,1.0,1.0,1.0,1.0,0.0,0.0,0.0,0.0,1.2e-05
2,prior_0.31_seed_2_ep_000053,53,0.31,0.36,0.3605,0.33386,0.362853,0.330707,0.358213,0.924138,1.0,1.0,1.0,1.0,0.0,0.0,0.0,0.0,0.005755
2,prior_0.31_seed_2_ep_000054,54,0.31,0.36,0.4798,0.330707,0.358213,0.330623,0.358213,1.0,1.0,1.0,1.0,1.0,0.0,0.0,0.0,0.0,0.0
2,prior_0.31_seed_2_ep_000055,55,0.31,0.36,0.2517,0.330623,0.358213,0.33151,0.360533,0.000146,0.0,0.0,1.0,0.0,1.0,0.0,1.0,1.0,0.0
2,prior_0.31_seed_2_ep_000056,56,0.31,0.36,0.3169,0.33151,0.360533,0.33151,0.360533,0.211531,0.0,0.0,0.0,0.0,0.0,1.0,0.0,0.0,0.044745
2,prior_0.31_seed_2_ep_000057,57,0.31,0.36,0.4772,0.33151,0.360533,0.331419,0.360533,1.0,1.0,1.0,1.0,1.0,0.0,0.0,0.0,0.0,0.0
2,prior_0.31_seed_2_ep_000058,58,0.31,0.36,0.3992,0.331419,0.360533,0.330382,0.358213,0.999989,1.0,1.0,1.0,1.0,0.0,0.0,0.0,0.0,0.0
2,prior_0.31_seed_2_ep_000059,59,0.31,0.36,0.2655,0.330382,0.358213,0.3316,0.358213,0.000706,0.0,0.0,1.0,0.0,1.0,0.0,1.0,1.0,0.0
2,prior_0.31_seed_2_ep_000060,60,0.31,0.36,0.405,0.3316,0.358213,0.330777,0.358213,0.999999,1.0,1.0,1.0,1.0,0.0,0.0,0.0,0.0,0.0
2,prior_0.31_seed_2_ep_000061,61,0.31,0.36,0.2242,0.330777,0.358213,0.330777,0.358213,0.0,0.0,0.0,0.0,0.0,0.0,1.0,0.0,0.0,0.0
2,prior_0.31_seed_2_ep_000062,62,0.31,0.36,0.3148,0.330777,0.358213,0.330777,0.358213,0.17927,0.0,0.0,0.0,0.0,0.0,1.0,0.0,0.0,0.032138
2,prior_0.31_seed_2_ep_000063,63,0.31,0.36,0.3817,0.330777,0.358213,0.329263,0.355893,0.999567,1.0,1.0,1.0,1.0,0.0,0.0,0.0,0.0,0.0
2,prior_0.31_seed_2_ep_000064,64,0.31,0.36,0.2226,0.329263,0.355893,0.329263,0.355893,0.0,0.0,0.0,0.0,0.0,0.0,1.0,0.0,0.0,0.0
2,prior_0.31_seed_2_ep_000065,65,0.31,0.36,0.2414,0.329263,0.355893,0.329263,0.355893,4e-06,0.0,0.0,0.0,0.0,0.0,1.0,0.0,0.0,0.0
2,prior_0.31_seed_2_ep_000066,66,0.31,0.36,0.5729,0.329263,0.355893,0.32926,0.355893,1.0,1.0,1.0,1.0,1.0,0.0,0.0,0.0,0.0,0.0
2,prior_0.31_seed_2_ep_000067,67,0.31,0.36,0.4205,0.32926,0.355893,0.328798,0.355893,1.0,1.0,1.0,1.0,1.0,0.0,0.0,0.0,0.0,0.0
2,prior_0.31_seed_2_ep_000068,68,0.31,0.36,0.3498,0.328798,0.355893,0.334509,0.360533,0.90281,1.0,0.0,1.0,0.0,0.0,0.0,1.0,1.0,0.815066
2,prior_0.31_seed_2_ep_000069,69,0.31,0.36,0.5194,0.334509,0.360533,0.33449,0.360533,1.0,1.0,1.0,1.0,1.0,0.0,0.0,0.0,0.0,0.0
2,prior_0.31_seed_2_ep_000070,70,0.31,0.36,0.4216,0.33449,0.360533,0.33404,0.358213,1.0,1.0,1.0,1.0,1.0,0.0,0.0,0.0,0.0,0.0
2,prior_0.31_seed_2_ep_000071,71,0.31,0.36,0.2951,0.33404,0.358213,0.33404,0.358213,0.008892,0.0,0.0,0.0,0.0,0.0,1.0,0.0,0.0,7.9e-05
2,prior_0.31_seed_2_ep_000072,72,0.31,0.36,0.2943,0.33404,0.358213,0.33404,0.358213,0.008892,0.0,0.0,0.0,0.0,0.0,1.0,0.0,0.0,7.9e-05
2,prior_0.31_seed_2_ep_000073,73,0.31,0.36,0.342,0.33404,0.358213,0.338317,0.362853,0.713465,1.0,0.0,1.0,0.0,0.0,0.0,1.0,1.0,0.509032
2,prior_0.31_seed_2_ep_000074,74,0.31,0.36,0.4181,0.338317,0.362853,0.337821,0.360533,1.0,1.0,1.0,1.0,1.0,0.0,0.0,0.0,0.0,0.0
2,prior_0.31_seed_2_ep_000075,75,0.31,0.36,0.3906,0.337821,0.360533,0.336753,0.360533,0.999937,1.0,1.0,1.0,1.0,0.0,0.0,0.0,0.0,0.0
2,prior_0.31_seed_2_ep_000076,76,0.31,0.36,0.5345,0.336753,0.360533,0.336742,0.360533,1.0,1.0,1.0,1.0,1.0,0.0,0.0,0.0,0.0,0.0
2,prior_0.31_seed_2_ep_000077,77,0.31,0.36,0.265,0.336742,0.360533,0.336742,0.360533,8e-06,0.0,0.0,0.0,0.0,0.0,1.0,0.0,0.0,0.0
2,prior_0.31_seed_2_ep_000078,78,0.31,0.36,0.4131,0.336742,0.360533,0.336207,0.358213,1.0,1.0,1.0,1.0,1.0,0.0,0.0,0.0,0.0,0.0
2,prior_0.31_seed_2_ep_000079,79,0.31,0.36,0.4772,0.336207,0.358213,0.336139,0.358213,1.0,1.0,1.0,1.0,1.0,0.0,0.0,0.0,0.0,0.0
2,prior_0.31_seed_2_ep_000080,80,0.31,0.36,0.4309,0.336139,0.358213,0.335839,0.358213,1.0,1.0,1.0,1.0,1.0,0.0,0.0,0.0,0.0,0.0
2,prior_0.31_seed_2_ep_000081,81,0.31,0.36,0.3676,0.335839,0.358213,0.334085,0.355893,0.992024,1.0,1.0,1.0,1.0,0.0,0.0,0.0,0.0,6.4e-05
2,prior_0.31_seed_2_ep_000082,82,0.31,0.36,0.4599,0.334085,0.355893,0.333977,0.355893,1.0,1.0,1.0,1.0,1.0,0.0,0.0,0.0,0.0,0.0
2,prior_0.31_seed_2_ep_000083,83,0.31,0.36,0.3444,0.333977,0.355893,0.337722,0.360533,0.78691,1.0,0.0,1.0,0.0,0.0,0.0,1.0,1.0,0.619227
2,prior_0.31_seed_2_ep_000084,84,0.31,0.36,0.2867,0.337722,0.360533,0.337722,0.360533,0.000406,0.0,0.0,0.0,0.0,0.0,1.0,0.0,0.0,0.0
2,prior_0.31_seed_2_ep_000085,85,0.31,0.36,0.4193,0.337722,0.360533,0.337326,0.358213,1.0,1.0,1.0,1.0,1.0,0.0,0.0,0.0,0.0,0.0
2,prior_0.31_seed_2_ep_000086,86,0.31,0.36,0.5081,0.337326,0.358213,0.337304,0.358213,1.0,1.0,1.0,1.0,1.0,0.0,0.0,0.0,0.0,0.0
2,prior_0.31_seed_2_ep_000087,87,0.31,0.36,0.3113,0.337304,0.358213,0.337304,0.358213,0.029278,0.0,0.0,0.0,0.0,0.0,1.0,0.0,0.0,0.000857
2,prior_0.31_seed_2_ep_000088,88,0.31,0.36,0.4338,0.337304,0.358213,0.337057,0.358213,1.0,1.0,1.0,1.0,1.0,0.0,0.0,0.0,0.0,0.0
2,prior_0.31_seed_2_ep_000089,89,0.31,0.36,0.3452,0.337057,0.358213,0.340327,0.360533,0.727964,1.0,0.0,1.0,0.0,0.0,0.0,1.0,1.0,0.529932
2,prior_0.31_seed_2_ep_000090,90,0.31,0.36,0.2374,0.340327,0.360533,0.340327,0.360533,0.0,0.0,0.0,0.0,0.0,0.0,1.0,0.0,0.0,0.0
2,prior_0.31_seed_2_ep_000091,91,0.31,0.36,0.3613,0.340327,0.360533,0.338526,0.358213,0.955774,1.0,1.0,1.0,1.0,0.0,0.0,0.0,0.0,0.001956
2,prior_0.31_seed_2_ep_000092,92,0.31,0.36,0.364,0.338526,0.358213,0.336922,0.358213,0.980869,1.0,1.0,1.0,1.0,0.0,0.0,0.0,0.0,0.000366
2,prior_0.31_seed_2_ep_000093,93,0.31,0.36,0.2815,0.336922,0.358213,0.336922,0.358213,4e-05,0.0,0.0,0.0,0.0,0.0,1.0,0.0,0.0,0.0
2,prior_0.31_seed_2_ep_000094,94,0.31,0.36,0.2996,0.336922,0.358213,0.336922,0.358213,0.002783,0.0,0.0,0.0,0.0,0.0,1.0,0.0,0.0,8e-06
2,prior_0.31_seed_2_ep_000095,95,0.31,0.36,0.3216,0.336922,0.358213,0.336922,0.358213,0.125078,0.0,0.0,0.0,0.0,0.0,1.0,0.0,0.0,0.015645
2,prior_0.31_seed_2_ep_000096,96,0.31,0.36,0.3095,0.336922,0.358213,0.338471,0.358213,0.023607,0.0,0.0,1.0,0.0,1.0,0.0,1.0,1.0,0.000557
2,prior_0.31_seed_2_ep_000097,97,0.31,0.36,0.2891,0.338471,0.358213,0.338471,0.358213,0.000165,0.0,0.0,0.0,0.0,0.0,1.0,0.0,0.0,0.0
2,prior_0.31_seed_2_ep_000098,98,0.31,0.36,0.4706,0.338471,0.358213,0.338406,0.358213,1.0,1.0,1.0,1.0,1.0,0.0,0.0,0.0,0.0,0.0
2,prior_0.31_seed_2_ep_000099,99,0.31,0.36,0.3573,0.338406,0.358213,0.341562,0.360533,0.938838,1.0,0.0,1.0,0.0,0.0,0.0,1.0,1.0,0.881417
2,prior_0.31_seed_2_ep_000100,100,0.31,0.36,0.4416,0.341562,0.360533,0.341392,0.360533,1.0,1.0,1.0,1.0,1.0,0.0,0.0,0.0,0.0,0.0
2,prior_0.31_seed_2_ep_000101,101,0.31,0.36,0.4769,0.341392,0.360533,0.341338,0.360533,1.0,1.0,1.0,1.0,1.0,0.0,0.0,0.0,0.0,0.0
2,prior_0.31_seed_2_ep_000102,102,0.31,0.36,0.3911,0.341338,0.360533,0.34058,0.360533,0.999998,1.0,1.0,1.0,1.0,0.0,0.0,0.0,0.0,0.0
2,prior_0.31_seed_2_ep_000103,103,0.31,0.36,0.3636,0.34058,0.360533,0.339136,0.358213,0.980014,1.0,1.0,1.0,1.0,0.0,0.0,0.0,0.0,0.000399
2,prior_0.31_seed_2_ep_000104,104,0.31,0.36,0.3781,0.339136,0.358213,0.338159,0.355893,0.999788,1.0,1.0,1.0,1.0,0.0,0.0,0.0,0.0,0.0
2,prior_0.31_seed_2_ep_000105,105,0.31,0.36,0.663,0.338159,0.355893,0.338159,0.355893,1.0,1.0,1.0,1.0,1.0,0.0,0.0,0.0,0.0,0.0
2,prior_0.31_seed_2_ep_000106,106,0.31,0.36,0.3332,0.338159,0.355893,0.338159,0.355893,0.347573,0.0,0.0,0.0,0.0,0.0,1.0,0.0,0.0,0.120807
2,prior_0.31_seed_2_ep_000107,107,0.31,0.36,0.261,0.338159,0.355893,0.338159,0.355893,0.0,0.0,0.0,0.0,0.0,0.0,1.0,0.0,0.0,0.0
2,prior_0.31_seed_2_ep_000108,108,0.31,0.36,0.4853,0.338159,0.355893,0.338125,0.355893,1.0,1.0,1.0,1.0,1.0,0.0,0.0,0.0,0.0,0.0
2,prior_0.31_seed_2_ep_000109,109,0.31,0.36,0.4556,0.338125,0.355893,0.338033,0.355893,1.0,1.0,1.0,1.0,1.0,0.0,0.0,0.0,0.0,0.0
2,prior_0.31_seed_2_ep_000110,110,0.31,0.36,0.4607,0.338033,0.355893,0.337955,0.355893,1.0,1.0,1.0,1.0,1.0,0.0,0.0,0.0,0.0,0.0
2,prior_0.31_seed_2_ep_000111,111,0.31,0.36,0.2815,0.337955,0.355893,0.337955,0.355893,6e-06,0.0,0.0,0.0,0.0,0.0,1.0,0.0,0.0,0.0
2,prior_0.31_seed_2_ep_000112,112,0.31,0.36,0.634,0.337955,0.355893,0.337954,0.355893,1.0,1.0,1.0,1.0,1.0,0.0,0.0,0.0,0.0,0.0
2,prior_0.31_seed_2_ep_000113,113,0.31,0.36,0.4237,0.337954,0.355893,0.337702,0.355893,1.0,1.0,1.0,1.0,1.0,0.0,0.0,0.0,0.0,0.0
2,prior_0.31_seed_2_ep_000114,114,0.31,0.36,0.4833,0.337702,0.355893,0.337666,0.355893,1.0,1.0,1.0,1.0,1.0,0.0,0.0,0.0,0.0,0.0
2,prior_0.31_seed_2_ep_000115,115,0.31,0.36,0.3451,0.337666,0.355893,0.340082,0.358213,0.745994,1.0,0.0,1.0,0.0,0.0,0.0,1.0,1.0,0.556507
2,prior_0.31_seed_2_ep_000116,116,0.31,0.36,0.3516,0.340082,0.358213,0.342481,0.360533,0.866157,1.0,0.0,1.0,0.0,0.0,0.0,1.0,1.0,0.750228
2,prior_0.31_seed_2_ep_000117,117,0.31,0.36,0.5197,0.342481,0.360533,0.34247,0.360533,1.0,1.0,1.0,1.0,1.0,0.0,0.0,0.0,0.0,0.0
2,prior_0.31_seed_2_ep_000118,118,0.31,0.36,0.4539,0.34247,0.360533,0.342372,0.360533,1.0,1.0,1.0,1.0,1.0,0.0,0.0,0.0,0.0,0.0
2,prior_0.31_seed_2_ep_000119,119,0.31,0.36,0.5724,0.342372,0.360533,0.34237,0.360533,1.0,1.0,1.0,1.0,1.0,0.0,0.0,0.0,0.0,0.0
2,prior_0.31_seed_2_ep_000120,120,0.31,0.36,0.2943,0.34237,0.360533,0.343052,0.360533,2.9e-05,0.0,0.0,1.0,0.0,1.0,0.0,1.0,1.0,0.0
2,prior_0.31_seed_2_ep_000121,121,0.31,0.36,0.2399,0.343052,0.360533,0.34318,0.360533,0.0,0.0,0.0,1.0,0.0,1.0,0.0,1.0,1.0,0.0
2,prior_0.31_seed_2_ep_000122,122,0.31,0.36,0.5689,0.34318,0.360533,0.343178,0.360533,1.0,1.0,1.0,1.0,1.0,0.0,0.0,0.0,0.0,0.0
2,prior_0.31_seed_2_ep_000123,123,0.31,0.36,0.31,0.343178,0.360533,0.343178,0.360533,0.001944,0.0,0.0,0.0,0.0,0.0,1.0,0.0,0.0,4e-06
2,prior_0.31_seed_2_ep_000124,124,0.31,0.36,0.2721,0.343178,0.360533,0.343178,0.360533,0.0,0.0,0.0,0.0,0.0,0.0,1.0,0.0,0.0,0.0
2,prior_0.31_seed_2_ep_000125,125,0.31,0.36,0.4477,0.343178,0.360533,0.34306,0.360533,1.0,1.0,1.0,1.0,1.0,0.0,0.0,0.0,0.0,0.0
2,prior_0.31_seed_2_ep_000126,126,0.31,0.36,0.292,0.34306,0.360533,0.34306,0.360533,7e-06,0.0,0.0,0.0,0.0,0.0,1.0,0.0,0.0,0.0
2,prior_0.31_seed_2_ep_000127,127,0.31,0.36,0.2046,0.34306,0.360533,0.343101,0.360533,0.0,0.0,0.0,1.0,0.0,1.0,0.0,1.0,1.0,0.0
2,prior_0.31_seed_2_ep_000128,128,0.31,0.36,0.401,0.343101,0.360533,0.342613,0.360533,1.0,1.0,1.0,1.0,1.0,0.0,0.0,0.0,0.0,0.0
2,prior_0.31_seed_2_ep_000129,129,0.31,0.36,0.3304,0.342613,0.360533,0.342613,0.360533,0.148245,0.0,0.0,0.0,0.0,0.0,1.0,0.0,0.0,0.021977
2,prior_0.31_seed_2_ep_000130,130,0.31,0.36,0.415,0.342613,0.360533,0.342295,0.358213,1.0,1.0,1.0,1.0,1.0,0.0,0.0,0.0,0.0,0.0
2,prior_0.31_seed_2_ep_000131,131,0.31,0.36,0.3515,0.342295,0.358213,0.344381,0.360533,0.830639,1.0,0.0,1.0,0.0,0.0,0.0,1.0,1.0,0.68996
2,prior_0.31_seed_2_ep_000132,132,0.31,0.36,0.5984,0.344381,0.360533,0.34438,0.360533,1.0,1.0,1.0,1.0,1.0,0.0,0.0,0.0,0.0,0.0
2,prior_0.31_seed_2_ep_000133,133,0.31,0.36,0.4833,0.34438,0.360533,0.344345,0.360533,1.0,1.0,1.0,1.0,1.0,0.0,0.0,0.0,0.0,0.0
2,prior_0.31_seed_2_ep_000134,134,0.31,0.36,0.3992,0.344345,0.360533,0.343847,0.360533,1.0,1.0,1.0,1.0,1.0,0.0,0.0,0.0,0.0,0.0
2,prior_0.31_seed_2_ep_000135,135,0.31,0.36,0.3633,0.343847,0.360533,0.342658,0.358213,0.978179,1.0,1.0,1.0,1.0,0.0,0.0,0.0,0.0,0.000476
2,prior_0.31_seed_2_ep_000136,136,0.31,0.36,0.3681,0.342658,0.358213,0.341629,0.358213,0.995941,1.0,1.0,1.0,1.0,0.0,0.0,0.0,0.0,1.6e-05
2,prior_0.31_seed_2_ep_000137,137,0.31,0.36,0.3905,0.341629,0.358213,0.341063,0.358213,1.0,1.0,1.0,1.0,1.0,0.0,0.0,0.0,0.0,0.0
2,prior_0.31_seed_2_ep_000138,138,0.31,0.36,0.5375,0.341063,0.358213,0.341058,0.358213,1.0,1.0,1.0,1.0,1.0,0.0,0.0,0.0,0.0,0.0
2,prior_0.31_seed_2_ep_000139,139,0.31,0.36,0.4885,0.341058,0.358213,0.341032,0.358213,1.0,1.0,1.0,1.0,1.0,0.0,0.0,0.0,0.0,0.0
2,prior_0.31_seed_2_ep_000140,140,0.31,0.36,0.4582,0.341032,0.358213,0.340962,0.358213,1.0,1.0,1.0,1.0,1.0,0.0,0.0,0.0,0.0,0.0
2,prior_0.31_seed_2_ep_000141,141,0.31,0.36,0.3025,0.340962,0.358213,0.340962,0.358213,0.000134,0.0,0.0,0.0,0.0,0.0,1.0,0.0,0.0,0.0
2,prior_0.31_seed_2_ep_000142,142,0.31,0.36,0.3828,0.340962,0.358213,0.340289,0.355893,0.999995,1.0,1.0,1.0,1.0,0.0,0.0,0.0,0.0,0.0
2,prior_0.31_seed_2_ep_000143,143,0.31,0.36,0.4161,0.340289,0.355893,0.340035,0.355893,1.0,1.0,1.0,1.0,1.0,0.0,0.0,0.0,0.0,0.0
2,prior_0.31_seed_2_ep_000144,144,0.31,0.36,0.5337,0.340035,0.355893,0.340029,0.355893,1.0,1.0,1.0,1.0,1.0,0.0,0.0,0.0,0.0,0.0
2,prior_0.31_seed_2_ep_000145,145,0.31,0.36,0.2248,0.340029,0.355893,0.340029,0.355893,0.0,0.0,0.0,0.0,0.0,0.0,1.0,0.0,0.0,0.0
2,prior_0.31_seed_2_ep_000146,146,0.31,0.36,0.3542,0.340029,0.355893,0.342023,0.358213,0.93269,1.0,0.0,1.0,0.0,0.0,0.0,1.0,1.0,0.869911
2,prior_0.31_seed_2_ep_000147,147,0.31,0.36,0.5738,0.342023,0.358213,0.342021,0.358213,1.0,1.0,1.0,1.0,1.0,0.0,0.0,0.0,0.0,0.0
2,prior_0.31_seed_2_ep_000148,148,0.31,0.36,0.326,0.342021,0.358213,0.342021,0.358213,0.063472,0.0,0.0,0.0,0.0,0.0,1.0,0.0,0.0,0.004029
2,prior_0.31_seed_2_ep_000149,149,0.31,0.36,0.651,0.342021,0.358213,0.342021,0.358213,1.0,1.0,1.0,1.0,1.0,0.0,0.0,0.0,0.0,0.0
2,prior_0.31_seed_2_ep_000150,150,0.31,0.36,0.3836,0.342021,0.358213,0.341384,0.355893,0.999995,1.0,1.0,1.0,1.0,0.0,0.0,0.0,0.0,0.0
2,prior_0.31_seed_2_ep_000151,151,0.31,0.36,0.4342,0.341384,0.355893,0.341243,0.355893,1.0,1.0,1.0,1.0,1.0,0.0,0.0,0.0,0.0,0.0
2,prior_0.31_seed_2_ep_000152,152,0.31,0.36,0.2572,0.341243,0.355893,0.341243,0.355893,0.0,0.0,0.0,0.0,0.0,0.0,1.0,0.0,0.0,0.0
2,prior_0.31_seed_2_ep_000153,153,0.31,0.36,0.2728,0.341243,0.355893,0.341243,0.355893,0.0,0.0,0.0,0.0,0.0,0.0,1.0,0.0,0.0,0.0
2,prior_0.31_seed_2_ep_000154,154,0.31,0.36,0.473,0.341243,0.355893,0.341204,0.355893,1.0,1.0,1.0,1.0,1.0,0.0,0.0,0.0,0.0,0.0
2,prior_0.31_seed_2_ep_000155,155,0.31,0.36,0.3657,0.341204,0.355893,0.340252,0.355893,0.996525,1.0,1.0,1.0,1.0,0.0,0.0,0.0,0.0,1.2e-05
2,prior_0.31_seed_2_ep_000156,156,0.31,0.36,0.357,0.340252,0.355893,0.342172,0.358213,0.962784,1.0,0.0,1.0,0.0,0.0,0.0,1.0,1.0,0.926953
2,prior_0.31_seed_2_ep_000157,157,0.31,0.36,0.3368,0.342172,0.358213,0.342172,0.358213,0.25825,0.0,0.0,0.0,0.0,0.0,1.0,0.0,0.0,0.066693
2,prior_0.31_seed_2_ep_000158,158,0.31,0.36,0.4742,0.342172,0.358213,0.342135,0.358213,1.0,1.0,1.0,1.0,1.0,0.0,0.0,0.0,0.0,0.0
2,prior_0.31_seed_2_ep_000159,159,0.31,0.36,0.5242,0.342135,0.358213,0.342127,0.358213,1.0,1.0,1.0,1.0,1.0,0.0,0.0,0.0,0.0,0.0
2,prior_0.31_seed_2_ep_000160,160,0.31,0.36,0.424,0.342127,0.358213,0.341942,0.358213,1.0,1.0,1.0,1.0,1.0,0.0,0.0,0.0,0.0,0.0
2,prior_0.31_seed_2_ep_000161,161,0.31,0.36,0.389,0.341942,0.358213,0.34143,0.355893,1.0,1.0,1.0,1.0,1.0,0.0,0.0,0.0,0.0,0.0
2,prior_0.31_seed_2_ep_000162,162,0.31,0.36,0.3825,0.34143,0.355893,0.340835,0.355893,0.999999,1.0,1.0,1.0,1.0,0.0,0.0,0.0,0.0,0.0
2,prior_0.31_seed_2_ep_000163,163,0.31,0.36,0.4011,0.340835,0.355893,0.340487,0.355893,1.0,1.0,1.0,1.0,1.0,0.0,0.0,0.0,0.0,0.0
2,prior_0.31_seed_2_ep_000164,164,0.31,0.36,0.369,0.340487,0.355893,0.339688,0.353574,0.999266,1.0,1.0,1.0,1.0,0.0,0.0,0.0,0.0,1e-06
2,prior_0.31_seed_2_ep_000165,165,0.31,0.36,0.3042,0.339688,0.353574,0.340369,0.355893,0.000154,0.0,0.0,1.0,0.0,1.0,0.0,1.0,1.0,0.0
2,prior_0.31_seed_2_ep_000166,166,0.31,0.36,0.6348,0.340369,0.355893,0.340369,0.355893,1.0,1.0,1.0,1.0,1.0,0.0,0.0,0.0,0.0,0.0
2,prior_0.31_seed_2_ep_000167,167,0.31,0.36,0.3177,0.340369,0.355893,0.340369,0.355893,0.008296,0.0,0.0,0.0,0.0,0.0,1.0,0.0,0.0,6.9e-05
2,prior_0.31_seed_2_ep_000168,168,0.31,0.36,0.5293,0.340369,0.355893,0.340364,0.355893,1.0,1.0,1.0,1.0,1.0,0.0,0.0,0.0,0.0,0.0
2,prior_0.31_seed_2_ep_000169,169,0.31,0.36,0.4786,0.340364,0.355893,0.340335,0.355893,1.0,1.0,1.0,1.0,1.0,0.0,0.0,0.0,0.0,0.0
2,prior_0.31_seed_2_ep_000170,170,0.31,0.36,0.4194,0.340335,0.355893,0.340145,0.355893,1.0,1.0,1.0,1.0,1.0,0.0,0.0,0.0,0.0,0.0
2,prior_0.31_seed_2_ep_000171,171,0.31,0.36,0.4945,0.340145,0.355893,0.340128,0.355893,1.0,1.0,1.0,1.0,1.0,0.0,0.0,0.0,0.0,0.0
2,prior_0.31_seed_2_ep_000172,172,0.31,0.36,0.4414,0.340128,0.355893,0.340034,0.353574,1.0,1.0,1.0,1.0,1.0,0.0,0.0,0.0,0.0,0.0
2,prior_0.31_seed_2_ep_000173,173,0.31,0.36,0.2685,0.340034,0.353574,0.340034,0.353574,0.0,0.0,0.0,0.0,0.0,0.0,1.0,0.0,0.0,0.0
2,prior_0.31_seed_2_ep_000174,174,0.31,0.36,0.4163,0.340034,0.353574,0.339828,0.353574,1.0,1.0,1.0,1.0,1.0,0.0,0.0,0.0,0.0,0.0
2,prior_0.31_seed_2_ep_000175,175,0.31,0.36,0.5888,0.339828,0.353574,0.339827,0.353574,1.0,1.0,1.0,1.0,1.0,0.0,0.0,0.0,0.0,0.0
2,prior_0.31_seed_2_ep_000176,176,0.31,0.36,0.3436,0.339827,0.353574,0.341264,0.355893,0.636217,1.0,0.0,1.0,0.0,0.0,0.0,1.0,1.0,0.404773
2,prior_0.31_seed_2_ep_000177,177,0.31,0.36,0.571,0.341264,0.355893,0.341263,0.355893,1.0,1.0,1.0,1.0,1.0,0.0,0.0,0.0,0.0,0.0
2,prior_0.31_seed_2_ep_000178,178,0.31,0.36,0.2977,0.341263,0.355893,0.341263,0.355893,3e-06,0.0,0.0,0.0,0.0,0.0,1.0,0.0,0.0,0.0
2,prior_0.31_seed_2_ep_000179,179,0.31,0.36,0.6625,0.341263,0.355893,0.341263,0.355893,1.0,1.0,1.0,1.0,1.0,0.0,0.0,0.0,0.0,0.0
2,prior_0.31_seed_2_ep_000180,180,0.31,0.36,0.5082,0.341263,0.355893,0.341252,0.355893,1.0,1.0,1.0,1.0,1.0,0.0,0.0,0.0,0.0,0.0
2,prior_0.31_seed_2_ep_000181,181,0.31,0.36,0.4577,0.341252,0.355893,0.341197,0.355893,1.0,1.0,1.0,1.0,1.0,0.0,0.0,0.0,0.0,0.0
2,prior_0.31_seed_2_ep_000182,182,0.31,0.36,0.5271,0.341197,0.355893,0.341191,0.355893,1.0,1.0,1.0,1.0,1.0,0.0,0.0,0.0,0.0,0.0
2,prior_0.31_seed_2_ep_000183,183,0.31,0.36,0.423,0.341191,0.355893,0.341025,0.355893,1.0,1.0,1.0,1.0,1.0,0.0,0.0,0.0,0.0,0.0
2,prior_0.31_seed_2_ep_000184,184,0.31,0.36,0.4067,0.341025,0.355893,0.340756,0.355893,1.0,1.0,1.0,1.0,1.0,0.0,0.0,0.0,0.0,0.0
2,prior_0.31_seed_2_ep_000185,185,0.31,0.36,0.5031,0.340756,0.355893,0.340744,0.355893,1.0,1.0,1.0,1.0,1.0,0.0,0.0,0.0,0.0,0.0
2,prior_0.31_seed_2_ep_000186,186,0.31,0.36,0.3837,0.340744,0.355893,0.340237,0.353574,1.0,1.0,1.0,1.0,1.0,0.0,0.0,0.0,0.0,0.0
2,prior_0.31_seed_2_ep_000187,187,0.31,0.36,0.4595,0.340237,0.353574,0.340187,0.353574,1.0,1.0,1.0,1.0,1.0,0.0,0.0,0.0,0.0,0.0
2,prior_0.31_seed_2_ep_000188,188,0.31,0.36,0.3946,0.340187,0.353574,0.339819,0.353574,1.0,1.0,1.0,1.0,1.0,0.0,0.0,0.0,0.0,0.0
2,prior_0.31_seed_2_ep_000189,189,0.31,0.36,0.3241,0.339819,0.353574,0.339819,0.353574,0.044925,0.0,0.0,0.0,0.0,0.0,1.0,0.0,0.0,0.002018
2,prior_0.31_seed_2_ep_000190,190,0.31,0.36,0.398,0.339819,0.353574,0.339489,0.353574,1.0,1.0,1.0,1.0,1.0,0.0,0.0,0.0,0.0,0.0
2,prior_0.31_seed_2_ep_000191,191,0.31,0.36,0.2971,0.339489,0.353574,0.340004,0.353574,5e-06,0.0,0.0,1.0,0.0,1.0,0.0,1.0,1.0,0.0
2,prior_0.31_seed_2_ep_000192,192,0.31,0.36,0.4524,0.340004,0.353574,0.339944,0.353574,1.0,1.0,1.0,1.0,1.0,0.0,0.0,0.0,0.0,0.0
2,prior_0.31_seed_2_ep_000193,193,0.31,0.36,0.6327,0.339944,0.353574,0.339944,0.353574,1.0,1.0,1.0,1.0,1.0,0.0,0.0,0.0,0.0,0.0
2,prior_0.31_seed_2_ep_000194,194,0.31,0.36,0.2791,0.339944,0.353574,0.340248,0.353574,0.0,0.0,0.0,1.0,0.0,1.0,0.0,1.0,1.0,0.0
2,prior_0.31_seed_2_ep_000195,195,0.31,0.36,0.4466,0.340248,0.353574,0.340176,0.353574,1.0,1.0,1.0,1.0,1.0,0.0,0.0,0.0,0.0,0.0
2,prior_0.31_seed_2_ep_000196,196,0.31,0.36,0.408,0.340176,0.353574,0.339938,0.353574,1.0,1.0,1.0,1.0,1.0,0.0,0.0,0.0,0.0,0.0
2,prior_0.31_seed_2_ep_000197,197,0.31,0.36,0.6537,0.339938,0.353574,0.339938,0.353574,1.0,1.0,1.0,1.0,1.0,0.0,0.0,0.0,0.0,0.0
2,prior_0.31_seed_2_ep_000198,198,0.31,0.36,0.2011,0.339938,0.353574,0.339938,0.353574,0.0,0.0,0.0,0.0,0.0,0.0,1.0,0.0,0.0,0.0
2,prior_0.31_seed_2_ep_000199,199,0.31,0.36,0.538,0.339938,0.353574,0.339934,0.353574,1.0,1.0,1.0,1.0,1.0,0.0,0.0,0.0,0.0,0.0
2,prior_0.31_seed_2_ep_000200,200,0.31,0.36,0.4045,0.339934,0.353574,0.339673,0.353574,1.0,1.0,1.0,1.0,1.0,0.0,0.0,0.0,0.0,0.0
2,prior_0.31_seed_2_ep_000201,201,0.31,0.36,0.3822,0.339673,0.353574,0.339191,0.353574,1.0,1.0,1.0,1.0,1.0,0.0,0.0,0.0,0.0,0.0
2,prior_0.31_seed_2_ep_000202,202,0.31,0.36,0.4601,0.339191,0.353574,0.339147,0.353574,1.0,1.0,1.0,1.0,1.0,0.0,0.0,0.0,0.0,0.0
2,prior_0.31_seed_2_ep_000203,203,0.31,0.36,0.2221,0.339147,0.353574,0.339147,0.353574,0.0,0.0,0.0,0.0,0.0,0.0,1.0,0.0,0.0,0.0
2,prior_0.31_seed_2_ep_000204,204,0.31,0.36,0.387,0.339147,0.353574,0.338733,0.353574,1.0,1.0,1.0,1.0,1.0,0.0,0.0,0.0,0.0,0.0
2,prior_0.31_seed_2_ep_000205,205,0.31,0.36,0.4817,0.338733,0.353574,0.338712,0.353574,1.0,1.0,1.0,1.0,1.0,0.0,0.0,0.0,0.0,0.0
2,prior_0.31_seed_2_ep_000206,206,0.31,0.36,0.4236,0.338712,0.353574,0.338574,0.351254,1.0,1.0,1.0,1.0,1.0,0.0,0.0,0.0,0.0,0.0
2,prior_0.31_seed_2_ep_000207,207,0.31,0.36,0.3301,0.338574,0.351254,0.338574,0.351254,0.136337,0.0,0.0,0.0,0.0,0.0,1.0,0.0,0.0,0.018588
2,prior_0.31_seed_2_ep_000208,208,0.31,0.36,0.2893,0.338574,0.351254,0.338574,0.351254,0.0,0.0,0.0,0.0,0.0,0.0,1.0,0.0,0.0,0.0
2,prior_0.31_seed_2_ep_000209,209,0.31,0.36,0.5231,0.338574,0.351254,0.338568,0.351254,1.0,1.0,1.0,1.0,1.0,0.0,0.0,0.0,0.0,0.0
2,prior_0.31_seed_2_ep_000210,210,0.31,0.36,0.5122,0.338568,0.351254,0.338561,0.351254,1.0,1.0,1.0,1.0,1.0,0.0,0.0,0.0,0.0,0.0
2,prior_0.31_seed_2_ep_000211,211,0.31,0.36,0.3557,0.338561,0.351254,0.340076,0.353574,0.974406,1.0,0.0,1.0,0.0,0.0,0.0,1.0,1.0,0.949466
2,prior_0.31_seed_2_ep_000212,212,0.31,0.36,0.3053,0.340076,0.353574,0.340076,0.353574,7.2e-05,0.0,0.0,0.0,0.0,0.0,1.0,0.0,0.0,0.0
2,prior_0.31_seed_2_ep_000213,213,0.31,0.36,0.4408,0.340076,0.353574,0.339995,0.353574,1.0,1.0,1.0,1.0,1.0,0.0,0.0,0.0,0.0,0.0
2,prior_0.31_seed_2_ep_000214,214,0.31,0.36,0.4995,0.339995,0.353574,0.339984,0.353574,1.0,1.0,1.0,1.0,1.0,0.0,0.0,0.0,0.0,0.0
2,prior_0.31_seed_2_ep_000215,215,0.31,0.36,0.2799,0.339984,0.353574,0.339984,0.353574,0.0,0.0,0.0,0.0,0.0,0.0,1.0,0.0,0.0,0.0
2,prior_0.31_seed_2_ep_000216,216,0.31,0.36,0.6156,0.339984,0.353574,0.339983,0.353574,1.0,1.0,1.0,1.0,1.0,0.0,0.0,0.0,0.0,0.0
2,prior_0.31_seed_2_ep_000217,217,0.31,0.36,0.3644,0.339983,0.353574,0.339273,0.353574,0.998679,1.0,1.0,1.0,1.0,0.0,0.0,0.0,0.0,2e-06
2,prior_0.31_seed_2_ep_000218,218,0.31,0.36,0.3383,0.339273,0.353574,0.339273,0.353574,0.455662,0.0,0.0,0.0,0.0,0.0,1.0,0.0,0.0,0.207628
2,prior_0.31_seed_2_ep_000219,219,0.31,0.36,0.2682,0.339273,0.353574,0.339273,0.353574,0.0,0.0,0.0,0.0,0.0,0.0,1.0,0.0,0.0,0.0
2,prior_0.31_seed_2_ep_000220,220,0.31,0.36,0.4517,0.339273,0.353574,0.339218,0.353574,1.0,1.0,1.0,1.0,1.0,0.0,0.0,0.0,0.0,0.0
2,prior_0.31_seed_2_ep_000221,221,0.31,0.36,0.5588,0.339218,0.353574,0.339217,0.353574,1.0,1.0,1.0,1.0,1.0,0.0,0.0,0.0,0.0,0.0
2,prior_0.31_seed_2_ep_000222,222,0.31,0.36,0.6356,0.339217,0.353574,0.339217,0.353574,1.0,1.0,1.0,1.0,1.0,0.0,0.0,0.0,0.0,0.0
2,prior_0.31_seed_2_ep_000223,223,0.31,0.36,0.4936,0.339217,0.353574,0.339203,0.353574,1.0,1.0,1.0,1.0,1.0,0.0,0.0,0.0,0.0,0.0
2,prior_0.31_seed_2_ep_000224,224,0.31,0.36,0.217,0.339203,0.353574,0.339203,0.353574,0.0,0.0,0.0,0.0,0.0,0.0,1.0,0.0,0.0,0.0
2,prior_0.31_seed_2_ep_000225,225,0.31,0.36,0.6662,0.339203,0.353574,0.339203,0.353574,1.0,1.0,1.0,1.0,1.0,0.0,0.0,0.0,0.0,0.0
2,prior_0.31_seed_2_ep_000226,226,0.31,0.36,0.497,0.339203,0.353574,0.339191,0.353574,1.0,1.0,1.0,1.0,1.0,0.0,0.0,0.0,0.0,0.0
2,prior_0.31_seed_2_ep_000227,227,0.31,0.36,0.4631,0.339191,0.353574,0.339153,0.353574,1.0,1.0,1.0,1.0,1.0,0.0,0.0,0.0,0.0,0.0
2,prior_0.31_seed_2_ep_000228,228,0.31,0.36,0.2735,0.339153,0.353574,0.339394,0.353574,0.0,0.0,0.0,1.0,0.0,1.0,0.0,1.0,1.0,0.0
2,prior_0.31_seed_2_ep_000229,229,0.31,0.36,0.2854,0.339394,0.353574,0.339727,0.353574,0.0,0.0,0.0,1.0,0.0,1.0,0.0,1.0,1.0,0.0
2,prior_0.31_seed_2_ep_000230,230,0.31,0.36,0.5632,0.339727,0.353574,0.339726,0.353574,1.0,1.0,1.0,1.0,1.0,0.0,0.0,0.0,0.0,0.0
2,prior_0.31_seed_2_ep_000231,231,0.31,0.36,0.6397,0.339726,0.353574,0.339725,0.353574,1.0,1.0,1.0,1.0,1.0,0.0,0.0,0.0,0.0,0.0
2,prior_0.31_seed_2_ep_000232,232,0.31,0.36,0.2413,0.339725,0.353574,0.339725,0.353574,0.0,0.0,0.0,0.0,0.0,0.0,1.0,0.0,0.0,0.0
2,prior_0.31_seed_2_ep_000233,233,0.31,0.36,0.3216,0.339725,0.353574,0.339725,0.353574,0.019154,0.0,0.0,0.0,0.0,0.0,1.0,0.0,0.0,0.000367
2,prior_0.31_seed_2_ep_000234,234,0.31,0.36,0.3949,0.339725,0.353574,0.339414,0.353574,1.0,1.0,1.0,1.0,1.0,0.0,0.0,0.0,0.0,0.0
2,prior_0.31_seed_2_ep_000235,235,0.31,0.36,0.2927,0.339414,0.353574,0.339414,0.353574,0.0,0.0,0.0,0.0,0.0,0.0,1.0,0.0,0.0,0.0
2,prior_0.31_seed_2_ep_000236,236,0.31,0.36,0.3097,0.339414,0.353574,0.339414,0.353574,0.000444,0.0,0.0,0.0,0.0,0.0,1.0,0.0,0.0,0.0
2,prior_0.31_seed_2_ep_000237,237,0.31,0.36,0.6075,0.339414,0.353574,0.339414,0.353574,1.0,1.0,1.0,1.0,1.0,0.0,0.0,0.0,0.0,0.0
2,prior_0.31_seed_2_ep_000238,238,0.31,0.36,0.2504,0.339414,0.353574,0.339414,0.353574,0.0,0.0,0.0,0.0,0.0,0.0,1.0,0.0,0.0,0.0
2,prior_0.31_seed_2_ep_000239,239,0.31,0.36,0.3253,0.339414,0.353574,0.339414,0.353574,0.03787,0.0,0.0,0.0,0.0,0.0,1.0,0.0,0.0,0.001434
2,prior_0.31_seed_2_ep_000240,240,0.31,0.36,0.4933,0.339414,0.353574,0.3394,0.353574,1.0,1.0,1.0,1.0,1.0,0.0,0.0,0.0,0.0,0.0
2,prior_0.31_seed_2_ep_000241,241,0.31,0.36,0.4216,0.3394,0.353574,0.339262,0.353574,1.0,1.0,1.0,1.0,1.0,0.0,0.0,0.0,0.0,0.0
2,prior_0.31_seed_2_ep_000242,242,0.31,0.36,0.4086,0.339262,0.353574,0.339058,0.351254,1.0,1.0,1.0,1.0,1.0,0.0,0.0,0.0,0.0,0.0
2,prior_0.31_seed_2_ep_000243,243,0.31,0.36,0.342,0.339058,0.351254,0.340207,0.353574,0.687079,1.0,0.0,1.0,0.0,0.0,0.0,1.0,1.0,0.472078
2,prior_0.31_seed_2_ep_000244,244,0.31,0.36,0.4795,0.340207,0.353574,0.340186,0.353574,1.0,1.0,1.0,1.0,1.0,0.0,0.0,0.0,0.0,0.0
2,prior_0.31_seed_2_ep_000245,245,0.31,0.36,0.4844,0.340186,0.353574,0.340168,0.353574,1.0,1.0,1.0,1.0,1.0,0.0,0.0,0.0,0.0,0.0
2,prior_0.31_seed_2_ep_000246,246,0.31,0.36,0.5104,0.340168,0.353574,0.34016,0.353574,1.0,1.0,1.0,1.0,1.0,0.0,0.0,0.0,0.0,0.0
2,prior_0.31_seed_2_ep_000247,247,0.31,0.36,0.3905,0.34016,0.353574,0.339819,0.353574,1.0,1.0,1.0,1.0,1.0,0.0,0.0,0.0,0.0,0.0
2,prior_0.31_seed_2_ep_000248,248,0.31,0.36,0.3575,0.339819,0.353574,0.34117,0.353574,0.986641,1.0,0.0,1.0,0.0,0.0,0.0,1.0,1.0,0.973461
2,prior_0.31_seed_2_ep_000249,249,0.31,0.36,0.4295,0.34117,0.353574,0.341065,0.353574,1.0,1.0,1.0,1.0,1.0,0.0,0.0,0.0,0.0,0.0
2,prior_0.31_seed_2_ep_000250,250,0.31,0.36,0.3839,0.341065,0.353574,0.340663,0.353574,1.0,1.0,1.0,1.0,1.0,0.0,0.0,0.0,0.0,0.0
2,prior_0.31_seed_2_ep_000251,251,0.31,0.36,0.2503,0.340663,0.353574,0.340663,0.353574,0.0,0.0,0.0,0.0,0.0,0.0,1.0,0.0,0.0,0.0
2,prior_0.31_seed_2_ep_000252,252,0.31,0.36,0.521,0.340663,0.353574,0.340658,0.353574,1.0,1.0,1.0,1.0,1.0,0.0,0.0,0.0,0.0,0.0
2,prior_0.31_seed_2_ep_000253,253,0.31,0.36,0.3003,0.340658,0.353574,0.340658,0.353574,2e-06,0.0,0.0,0.0,0.0,0.0,1.0,0.0,0.0,0.0
2,prior_0.31_seed_2_ep_000254,254,0.31,0.36,0.2405,0.340658,0.353574,0.340658,0.353574,0.0,0.0,0.0,0.0,0.0,0.0,1.0,0.0,0.0,0.0
2,prior_0.31_seed_2_ep_000255,255,0.31,0.36,0.2472,0.340658,0.353574,0.340658,0.353574,0.0,0.0,0.0,0.0,0.0,0.0,1.0,0.0,0.0,0.0
2,prior_0.31_seed_2_ep_000256,256,0.31,0.36,0.4715,0.340658,0.353574,0.340632,0.353574,1.0,1.0,1.0,1.0,1.0,0.0,0.0,0.0,0.0,0.0
2,prior_0.31_seed_2_ep_000257,257,0.31,0.36,0.3405,0.340632,0.353574,0.341645,0.353574,0.502857,1.0,0.0,1.0,0.0,0.0,0.0,1.0,1.0,0.252865
2,prior_0.31_seed_2_ep_000258,258,0.31,0.36,0.5229,0.341645,0.353574,0.34164,0.353574,1.0,1.0,1.0,1.0,1.0,0.0,0.0,0.0,0.0,0.0
2,prior_0.31_seed_2_ep_000259,259,0.31,0.36,0.4005,0.34164,0.353574,0.341391,0.353574,1.0,1.0,1.0,1.0,1.0,0.0,0.0,0.0,0.0,0.0
2,prior_0.31_seed_2_ep_000260,260,0.31,0.36,0.5567,0.341391,0.353574,0.34139,0.353574,1.0,1.0,1.0,1.0,1.0,0.0,0.0,0.0,0.0,0.0
2,prior_0.31_seed_2_ep_000261,261,0.31,0.36,0.3634,0.34139,0.353574,0.340749,0.353574,0.998868,1.0,1.0,1.0,1.0,0.0,0.0,0.0,0.0,1e-06
2,prior_0.31_seed_2_ep_000262,262,0.31,0.36,0.2627,0.340749,0.353574,0.340749,0.353574,0.0,0.0,0.0,0.0,0.0,0.0,1.0,0.0,0.0,0.0
2,prior_0.31_seed_2_ep_000263,263,0.31,0.36,0.2394,0.340749,0.353574,0.340749,0.353574,0.0,0.0,0.0,0.0,0.0,0.0,1.0,0.0,0.0,0.0
2,prior_0.31_seed_2_ep_000264,264,0.31,0.36,0.4356,0.340749,0.353574,0.340667,0.353574,1.0,1.0,1.0,1.0,1.0,0.0,0.0,0.0,0.0,0.0
2,prior_0.31_seed_2_ep_000265,265,0.31,0.36,0.5115,0.340667,0.353574,0.340661,0.353574,1.0,1.0,1.0,1.0,1.0,0.0,0.0,0.0,0.0,0.0
2,prior_0.31_seed_2_ep_000266,266,0.31,0.36,0.6133,0.340661,0.353574,0.34066,0.353574,1.0,1.0,1.0,1.0,1.0,0.0,0.0,0.0,0.0,0.0
2,prior_0.31_seed_2_ep_000267,267,0.31,0.36,0.2482,0.34066,0.353574,0.34066,0.353574,0.0,0.0,0.0,0.0,0.0,0.0,1.0,0.0,0.0,0.0
2,prior_0.31_seed_2_ep_000268,268,0.31,0.36,0.2323,0.34066,0.353574,0.34066,0.353574,0.0,0.0,0.0,0.0,0.0,0.0,1.0,0.0,0.0,0.0
2,prior_0.31_seed_2_ep_000269,269,0.31,0.36,0.2911,0.34066,0.353574,0.34066,0.353574,0.0,0.0,0.0,0.0,0.0,0.0,1.0,0.0,0.0,0.0
2,prior_0.31_seed_2_ep_000270,270,0.31,0.36,0.3181,0.34066,0.353574,0.34066,0.353574,0.002011,0.0,0.0,0.0,0.0,0.0,1.0,0.0,0.0,4e-06
2,prior_0.31_seed_2_ep_000271,271,0.31,0.36,0.3266,0.34066,0.353574,0.34066,0.353574,0.039213,0.0,0.0,0.0,0.0,0.0,1.0,0.0,0.0,0.001538
2,prior_0.31_seed_2_ep_000272,272,0.31,0.36,0.2546,0.34066,0.353574,0.34066,0.353574,0.0,0.0,0.0,0.0,0.0,0.0,1.0,0.0,0.0,0.0
2,prior_0.31_seed_2_ep_000273,273,0.31,0.36,0.2714,0.34066,0.353574,0.34066,0.353574,0.0,0.0,0.0,0.0,0.0,0.0,1.0,0.0,0.0,0.0
2,prior_0.31_seed_2_ep_000274,274,0.31,0.36,0.4003,0.34066,0.353574,0.340421,0.353574,1.0,1.0,1.0,1.0,1.0,0.0,0.0,0.0,0.0,0.0
2,prior_0.31_seed_2_ep_000275,275,0.31,0.36,0.2549,0.340421,0.353574,0.340532,0.353574,0.0,0.0,0.0,1.0,0.0,1.0,0.0,1.0,1.0,0.0
2,prior_0.31_seed_2_ep_000276,276,0.31,0.36,0.5016,0.340532,0.353574,0.340523,0.353574,1.0,1.0,1.0,1.0,1.0,0.0,0.0,0.0,0.0,0.0
2,prior_0.31_seed_2_ep_000277,277,0.31,0.36,0.3557,0.340523,0.353574,0.341721,0.353574,0.971308,1.0,0.0,1.0,0.0,0.0,0.0,1.0,1.0,0.943439
2,prior_0.31_seed_2_ep_000278,278,0.31,0.36,0.2989,0.341721,0.353574,0.341721,0.353574,0.0,0.0,0.0,0.0,0.0,0.0,1.0,0.0,0.0,0.0
2,prior_0.31_seed_2_ep_000279,279,0.31,0.36,0.402,0.341721,0.353574,0.341495,0.353574,1.0,1.0,1.0,1.0,1.0,0.0,0.0,0.0,0.0,0.0
2,prior_0.31_seed_2_ep_000280,280,0.31,0.36,0.6463,0.341495,0.353574,0.341495,0.353574,1.0,1.0,1.0,1.0,1.0,0.0,0.0,0.0,0.0,0.0
2,prior_0.31_seed_2_ep_000281,281,0.31,0.36,0.377,0.341495,0.353574,0.341052,0.353574,1.0,1.0,1.0,1.0,1.0,0.0,0.0,0.0,0.0,0.0
2,prior_0.31_seed_2_ep_000282,282,0.31,0.36,0.3444,0.341052,0.353574,0.342031,0.353574,0.718519,1.0,0.0,1.0,0.0,0.0,0.0,1.0,1.0,0.516269
2,prior_0.31_seed_2_ep_000283,283,0.31,0.36,0.6463,0.342031,0.353574,0.342031,0.353574,1.0,1.0,1.0,1.0,1.0,0.0,0.0,0.0,0.0,0.0
2,prior_0.31_seed_2_ep_000284,284,0.31,0.36,0.2618,0.342031,0.353574,0.342153,0.353574,0.0,0.0,0.0,1.0,0.0,1.0,0.0,1.0,1.0,0.0
2,prior_0.31_seed_2_ep_000285,285,0.31,0.36,0.2752,0.342153,0.353574,0.342153,0.353574,0.0,0.0,0.0,0.0,0.0,0.0,1.0,0.0,0.0,0.0
2,prior_0.31_seed_2_ep_000286,286,0.31,0.36,0.6087,0.342153,0.353574,0.342153,0.353574,1.0,1.0,1.0,1.0,1.0,0.0,0.0,0.0,0.0,0.0
2,prior_0.31_seed_2_ep_000287,287,0.31,0.36,0.2703,0.342153,0.353574,0.342153,0.353574,0.0,0.0,0.0,0.0,0.0,0.0,1.0,0.0,0.0,0.0
2,prior_0.31_seed_2_ep_000288,288,0.31,0.36,0.3514,0.342153,0.353574,0.343186,0.355893,0.920378,1.0,0.0,1.0,0.0,0.0,0.0,1.0,1.0,0.847096
2,prior_0.31_seed_2_ep_000289,289,0.31,0.36,0.5392,0.343186,0.355893,0.343183,0.355893,1.0,1.0,1.0,1.0,1.0,0.0,0.0,0.0,0.0,0.0
2,prior_0.31_seed_2_ep_000290,290,0.31,0.36,0.2382,0.343183,0.355893,0.343183,0.355893,0.0,0.0,0.0,0.0,0.0,0.0,1.0,0.0,0.0,0.0
2,prior_0.31_seed_2_ep_000291,291,0.31,0.36,0.4392,0.343183,0.355893,0.343113,0.355893,1.0,1.0,1.0,1.0,1.0,0.0,0.0,0.0,0.0,0.0
2,prior_0.31_seed_2_ep_000292,292,0.31,0.36,0.3404,0.343113,0.355893,0.343113,0.355893,0.370929,0.0,0.0,0.0,0.0,0.0,1.0,0.0,0.0,0.137588
2,prior_0.31_seed_2_ep_000293,293,0.31,0.36,0.2206,0.343113,0.355893,0.343113,0.355893,0.0,0.0,0.0,0.0,0.0,0.0,1.0,0.0,0.0,0.0
2,prior_0.31_seed_2_ep_000294,294,0.31,0.36,0.2729,0.343113,0.355893,0.343113,0.355893,0.0,0.0,0.0,0.0,0.0,0.0,1.0,0.0,0.0,0.0
2,prior_0.31_seed_2_ep_000295,295,0.31,0.36,0.5297,0.343113,0.355893,0.343109,0.355893,1.0,1.0,1.0,1.0,1.0,0.0,0.0,0.0,0.0,0.0
2,prior_0.31_seed_2_ep_000296,296,0.31,0.36,0.4338,0.343109,0.355893,0.343026,0.355893,1.0,1.0,1.0,1.0,1.0,0.0,0.0,0.0,0.0,0.0
2,prior_0.31_seed_2_ep_000297,297,0.31,0.36,0.4293,0.343026,0.355893,0.34293,0.353574,1.0,1.0,1.0,1.0,1.0,0.0,0.0,0.0,0.0,0.0
2,prior_0.31_seed_2_ep_000298,298,0.31,0.36,0.2576,0.34293,0.353574,0.34293,0.353574,0.0,0.0,0.0,0.0,0.0,0.0,1.0,0.0,0.0,0.0
2,prior_0.31_seed_2_ep_000299,299,0.31,0.36,0.4884,0.34293,0.353574,0.342916,0.353574,1.0,1.0,1.0,1.0,1.0,0.0,0.0,0.0,0.0,0.0
0,prior_0.36_seed_0_ep_000000,0,0.36,0.36,0.6421,0.360986,0.49232,0.360574,0.490125,0.999794,1.0,1.0,1.0,1.0,0.0,0.0,0.0,0.0,0.0
0,prior_0.36_seed_0_ep_000001,1,0.36,0.36,0.5157,0.360574,0.490125,0.353449,0.470376,0.975311,1.0,1.0,1.0,1.0,0.0,0.0,0.0,0.0,0.00061
0,prior_0.36_seed_0_ep_000002,2,0.36,0.36,0.3027,0.353449,0.470376,0.353449,0.470376,0.246297,0.0,0.0,0.0,0.0,0.0,1.0,0.0,0.0,0.060662
0,prior_0.36_seed_0_ep_000003,3,0.36,0.36,0.4232,0.353449,0.470376,0.331154,0.428683,0.823188,1.0,1.0,1.0,1.0,0.0,0.0,0.0,0.0,0.031262
0,prior_0.36_seed_0_ep_000004,4,0.36,0.36,0.244,0.331154,0.428683,0.331154,0.428683,0.092959,0.0,0.0,0.0,0.0,0.0,1.0,0.0,0.0,0.008641
0,prior_0.36_seed_0_ep_000005,5,0.36,0.36,0.4588,0.331154,0.428683,0.3262,0.417712,0.987622,1.0,1.0,1.0,1.0,0.0,0.0,0.0,0.0,0.000153
0,prior_0.36_seed_0_ep_000006,6,0.36,0.36,0.2419,0.3262,0.417712,0.3262,0.417712,0.093221,0.0,0.0,0.0,0.0,0.0,1.0,0.0,0.0,0.00869
0,prior_0.36_seed_0_ep_000007,7,0.36,0.36,0.4051,0.3262,0.417712,0.314118,0.397962,0.914402,1.0,1.0,1.0,1.0,0.0,0.0,0.0,0.0,0.007327
0,prior_0.36_seed_0_ep_000008,8,0.36,0.36,0.5382,0.314118,0.397962,0.313951,0.397962,1.0,1.0,1.0,1.0,1.0,0.0,0.0,0.0,0.0,0.0
0,prior_0.36_seed_0_ep_000009,9,0.36,0.36,0.4246,0.313951,0.397962,0.309072,0.391379,0.990237,1.0,1.0,1.0,1.0,0.0,0.0,0.0,0.0,9.5e-05
0,prior_0.36_seed_0_ep_000010,10,0.36,0.36,0.2209,0.309072,0.391379,0.309072,0.391379,0.06958,0.0,0.0,0.0,0.0,0.0,1.0,0.0,0.0,0.004841
0,prior_0.36_seed_0_ep_000011,11,0.36,0.36,0.3954,0.309072,0.391379,0.301294,0.378213,0.960486,1.0,1.0,1.0,1.0,0.0,0.0,0.0,0.0,0.001561
0,prior_0.36_seed_0_ep_000012,12,0.36,0.36,0.5058,0.301294,0.378213,0.301075,0.378213,1.0,1.0,1.0,1.0,1.0,0.0,0.0,0.0,0.0,0.0
0,prior_0.36_seed_0_ep_000013,13,0.36,0.36,0.3879,0.301075,0.378213,0.294275,0.369436,0.972523,1.0,1.0,1.0,1.0,0.0,0.0,0.0,0.0,0.000755
0,prior_0.36_seed_0_ep_000014,14,0.36,0.36,0.4136,0.294275,0.369436,0.291625,0.365047,0.999178,1.0,1.0,1.0,1.0,0.0,0.0,0.0,0.0,1e-06
0,prior_0.36_seed_0_ep_000015,15,0.36,0.36,0.5014,0.291625,0.365047,0.291478,0.365047,1.0,1.0,1.0,1.0,1.0,0.0,0.0,0.0,0.0,0.0
0,prior_0.36_seed_0_ep_000016,16,0.36,0.36,0.5669,0.291478,0.365047,0.291461,0.365047,1.0,1.0,1.0,1.0,1.0,0.0,0.0,0.0,0.0,0.0
0,prior_0.36_seed_0_ep_000017,17,0.36,0.36,0.3488,0.291461,0.365047,0.332911,0.382602,0.884622,1.0,0.0,1.0,0.0,0.0,0.0,1.0,1.0,0.782556
0,prior_0.36_seed_0_ep_000018,18,0.36,0.36,0.6392,0.332911,0.382602,0.332909,0.382602,1.0,1.0,1.0,1.0,1.0,0.0,0.0,0.0,0.0,0.0
0,prior_0.36_seed_0_ep_000019,19,0.36,0.36,0.2717,0.332909,0.382602,0.332909,0.382602,0.0455,0.0,0.0,0.0,0.0,0.0,1.0,0.0,0.0,0.00207
0,prior_0.36_seed_0_ep_000020,20,0.36,0.36,0.2375,0.332909,0.382602,0.332909,0.382602,0.007569,0.0,0.0,0.0,0.0,0.0,1.0,0.0,0.0,5.7e-05
0,prior_0.36_seed_0_ep_000021,21,0.36,0.36,0.2477,0.332909,0.382602,0.332909,0.382602,0.013621,0.0,0.0,0.0,0.0,0.0,1.0,0.0,0.0,0.000186
0,prior_0.36_seed_0_ep_000022,22,0.36,0.36,0.527,0.332909,0.382602,0.332833,0.382602,1.0,1.0,1.0,1.0,1.0,0.0,0.0,0.0,0.0,0.0
0,prior_0.36_seed_0_ep_000023,23,0.36,0.36,0.309,0.332833,0.382602,0.332833,0.382602,0.220344,0.0,0.0,0.0,0.0,0.0,1.0,0.0,0.0,0.048551
0,prior_0.36_seed_0_ep_000024,24,0.36,0.36,0.489,0.332833,0.382602,0.332568,0.382602,1.0,1.0,1.0,1.0,1.0,0.0,0.0,0.0,0.0,0.0
0,prior_0.36_seed_0_ep_000025,25,0.36,0.36,0.5271,0.332568,0.382602,0.332494,0.382602,1.0,1.0,1.0,1.0,1.0,0.0,0.0,0.0,0.0,0.0
0,prior_0.36_seed_0_ep_000026,26,0.36,0.36,0.6445,0.332494,0.382602,0.332493,0.382602,1.0,1.0,1.0,1.0,1.0,0.0,0.0,0.0,0.0,0.0
0,prior_0.36_seed_0_ep_000027,27,0.36,0.36,0.3328,0.332493,0.382602,0.332493,0.382602,0.474025,0.0,0.0,0.0,0.0,0.0,1.0,0.0,0.0,0.2247
0,prior_0.36_seed_0_ep_000028,28,0.36,0.36,0.3759,0.332493,0.382602,0.325919,0.373824,0.91595,1.0,1.0,1.0,1.0,0.0,0.0,0.0,0.0,0.007064
0,prior_0.36_seed_0_ep_000029,29,0.36,0.36,0.3019,0.325919,0.373824,0.325919,0.373824,0.217549,0.0,0.0,0.0,0.0,0.0,1.0,0.0,0.0,0.047328
0,prior_0.36_seed_0_ep_000030,30,0.36,0.36,0.4131,0.325919,0.373824,0.323854,0.37163,0.99955,1.0,1.0,1.0,1.0,0.0,0.0,0.0,0.0,0.0
0,prior_0.36_seed_0_ep_000031,31,0.36,0.36,0.4336,0.323854,0.37163,0.322828,0.369436,0.999998,1.0,1.0,1.0,1.0,0.0,0.0,0.0,0.0,0.0
0,prior_0.36_seed_0_ep_000032,32,0.36,0.36,0.4192,0.322828,0.369436,0.321324,0.367241,0.999961,1.0,1.0,1.0,1.0,0.0,0.0,0.0,0.0,0.0
0,prior_0.36_seed_0_ep_000033,33,0.36,0.36,0.2873,0.321324,0.367241,0.321324,0.367241,0.138048,0.0,0.0,0.0,0.0,0.0,1.0,0.0,0.0,0.019057
0,prior_0.36_seed_0_ep_000034,34,0.36,0.36,0.3197,0.321324,0.367241,0.321324,0.367241,0.445332,0.0,0.0,0.0,0.0,0.0,1.0,0.0,0.0,0.19832
0,prior_0.36_seed_0_ep_000035,35,0.36,0.36,0.3384,0.321324,0.367241,0.337081,0.376019,0.676068,1.0,0.0,1.0,0.0,0.0,0.0,1.0,1.0,0.457067
0,prior_0.36_seed_0_ep_000036,36,0.36,0.36,0.2474,0.337081,0.376019,0.337081,0.376019,0.001586,0.0,0.0,0.0,0.0,0.0,1.0,0.0,0.0,3e-06
0,prior_0.36_seed_0_ep_000037,37,0.36,0.36,0.59,0.337081,0.376019,0.337076,0.376019,1.0,1.0,1.0,1.0,1.0,0.0,0.0,0.0,0.0,0.0
0,prior_0.36_seed_0_ep_000038,38,0.36,0.36,0.4993,0.337076,0.376019,0.336965,0.376019,1.0,1.0,1.0,1.0,1.0,0.0,0.0,0.0,0.0,0.0
0,prior_0.36_seed_0_ep_000039,39,0.36,0.36,0.3989,0.336965,0.376019,0.334546,0.37163,0.997876,1.0,1.0,1.0,1.0,0.0,0.0,0.0,0.0,5e-06
0,prior_0.36_seed_0_ep_000040,40,0.36,0.36,0.3279,0.334546,0.37163,0.334546,0.37163,0.382411,0.0,0.0,0.0,0.0,0.0,1.0,0.0,0.0,0.146238
0,prior_0.36_seed_0_ep_000041,41,0.36,0.36,0.434,0.334546,0.37163,0.333751,0.37163,1.0,1.0,1.0,1.0,1.0,0.0,0.0,0.0,0.0,0.0
0,prior_0.36_seed_0_ep_000042,42,0.36,0.36,0.3248,0.333751,0.37163,0.333751,0.37163,0.328478,0.0,0.0,0.0,0.0,0.0,1.0,0.0,0.0,0.107898
0,prior_0.36_seed_0_ep_000043,43,0.36,0.36,0.3774,0.333751,0.37163,0.330083,0.367241,0.974552,1.0,1.0,1.0,1.0,0.0,0.0,0.0,0.0,0.000648
0,prior_0.36_seed_0_ep_000044,44,0.36,0.36,0.245,0.330083,0.367241,0.331618,0.367241,0.002035,0.0,0.0,1.0,0.0,1.0,0.0,1.0,1.0,4e-06
0,prior_0.36_seed_0_ep_000045,45,0.36,0.36,0.3693,0.331618,0.367241,0.327792,0.362853,0.954832,1.0,1.0,1.0,1.0,0.0,0.0,0.0,0.0,0.00204
0,prior_0.36_seed_0_ep_000046,46,0.36,0.36,0.6832,0.327792,0.362853,0.327792,0.362853,1.0,1.0,1.0,1.0,1.0,0.0,0.0,0.0,0.0,0.0
0,prior_0.36_seed_0_ep_000047,47,0.36,0.36,0.3439,0.327792,0.362853,0.337118,0.369436,0.756713,1.0,0.0,1.0,0.0,0.0,0.0,1.0,1.0,0.572615
0,prior_0.36_seed_0_ep_000048,48,0.36,0.36,0.3328,0.337118,0.369436,0.337118,0.369436,0.404662,0.0,0.0,0.0,0.0,0.0,1.0,0.0,0.0,0.163752
0,prior_0.36_seed_0_ep_000049,49,0.36,0.36,0.6816,0.337118,0.369436,0.337118,0.369436,1.0,1.0,1.0,1.0,1.0,0.0,0.0,0.0,0.0,0.0
0,prior_0.36_seed_0_ep_000050,50,0.36,0.36,0.4936,0.337118,0.369436,0.337036,0.369436,1.0,1.0,1.0,1.0,1.0,0.0,0.0,0.0,0.0,0.0
0,prior_0.36_seed_0_ep_000051,51,0.36,0.36,0.2808,0.337036,0.369436,0.339079,0.369436,0.005921,0.0,0.0,1.0,0.0,1.0,0.0,1.0,1.0,3.5e-05
0,prior_0.36_seed_0_ep_000052,52,0.36,0.36,0.295,0.339079,0.369436,0.339079,0.369436,0.017869,0.0,0.0,0.0,0.0,0.0,1.0,0.0,0.0,0.000319
0,prior_0.36_seed_0_ep_000053,53,0.36,0.36,0.492,0.339079,0.369436,0.338994,0.369436,1.0,1.0,1.0,1.0,1.0,0.0,0.0,0.0,0.0,0.0
0,prior_0.36_seed_0_ep_000054,54,0.36,0.36,0.2451,0.338994,0.369436,0.338994,0.369436,2e-05,0.0,0.0,0.0,0.0,0.0,1.0,0.0,0.0,0.0
0,prior_0.36_seed_0_ep_000055,55,0.36,0.36,0.4546,0.338994,0.369436,0.338708,0.369436,1.0,1.0,1.0,1.0,1.0,0.0,0.0,0.0,0.0,0.0
0,prior_0.36_seed_0_ep_000056,56,0.36,0.36,0.4121,0.338708,0.369436,0.337669,0.367241,0.999993,1.0,1.0,1.0,1.0,0.0,0.0,0.0,0.0,0.0
0,prior_0.36_seed_0_ep_000057,57,0.36,0.36,0.2848,0.337669,0.367241,0.337669,0.367241,0.005731,0.0,0.0,0.0,0.0,0.0,1.0,0.0,0.0,3.3e-05
0,prior_0.36_seed_0_ep_000058,58,0.36,0.36,0.2593,0.337669,0.367241,0.337669,0.367241,0.000167,0.0,0.0,0.0,0.0,0.0,1.0,0.0,0.0,0.0
0,prior_0.36_seed_0_ep_000059,59,0.36,0.36,0.3941,0.337669,0.367241,0.336039,0.365047,0.999572,1.0,1.0,1.0,1.0,0.0,0.0,0.0,0.0,0.0
0,prior_0.36_seed_0_ep_000060,60,0.36,0.36,0.6912,0.336039,0.365047,0.336039,0.365047,1.0,1.0,1.0,1.0,1.0,0.0,0.0,0.0,0.0,0.0
0,prior_0.36_seed_0_ep_000061,61,0.36,0.36,0.3805,0.336039,0.365047,0.333871,0.362853,0.995848,1.0,1.0,1.0,1.0,0.0,0.0,0.0,0.0,1.7e-05
0,prior_0.36_seed_0_ep_000062,62,0.36,0.36,0.5106,0.333871,0.362853,0.333836,0.362853,1.0,1.0,1.0,1.0,1.0,0.0,0.0,0.0,0.0,0.0
0,prior_0.36_seed_0_ep_000063,63,0.36,0.36,0.3751,0.333836,0.362853,0.331556,0.360658,0.991819,1.0,1.0,1.0,1.0,0.0,0.0,0.0,0.0,6.7e-05
0,prior_0.36_seed_0_ep_000064,64,0.36,0.36,0.24,0.331556,0.360658,0.332183,0.360658,1.4e-05,0.0,0.0,1.0,0.0,1.0,0.0,1.0,1.0,0.0
0,prior_0.36_seed_0_ep_000065,65,0.36,0.36,0.3509,0.332183,0.360658,0.338543,0.365047,0.850425,1.0,0.0,1.0,0.0,0.0,0.0,1.0,1.0,0.723223
0,prior_0.36_seed_0_ep_000066,66,0.36,0.36,0.5259,0.338543,0.365047,0.338523,0.365047,1.0,1.0,1.0,1.0,1.0,0.0,0.0,0.0,0.0,0.0
0,prior_0.36_seed_0_ep_000067,67,0.36,0.36,0.4673,0.338523,0.365047,0.338387,0.365047,1.0,1.0,1.0,1.0,1.0,0.0,0.0,0.0,0.0,0.0
0,prior_0.36_seed_0_ep_000068,68,0.36,0.36,0.2433,0.338387,0.365047,0.338387,0.365047,1e-06,0.0,0.0,0.0,0.0,0.0,1.0,0.0,0.0,0.0
0,prior_0.36_seed_0_ep_000069,69,0.36,0.36,0.5226,0.338387,0.365047,0.338365,0.365047,1.0,1.0,1.0,1.0,1.0,0.0,0.0,0.0,0.0,0.0
0,prior_0.36_seed_0_ep_000070,70,0.36,0.36,0.4337,0.338365,0.365047,0.337969,0.365047,1.0,1.0,1.0,1.0,1.0,0.0,0.0,0.0,0.0,0.0
0,prior_0.36_seed_0_ep_000071,71,0.36,0.36,0.3775,0.337969,0.365047,0.336057,0.362853,0.99439,1.0,1.0,1.0,1.0,0.0,0.0,0.0,0.0,3.1e-05
0,prior_0.36_seed_0_ep_000072,72,0.36,0.36,0.3917,0.336057,0.362853,0.334824,0.360658,0.999939,1.0,1.0,1.0,1.0,0.0,0.0,0.0,0.0,0.0
0,prior_0.36_seed_0_ep_000073,73,0.36,0.36,0.6441,0.334824,0.360658,0.334824,0.360658,1.0,1.0,1.0,1.0,1.0,0.0,0.0,0.0,0.0,0.0
0,prior_0.36_seed_0_ep_000074,74,0.36,0.36,0.3737,0.334824,0.360658,0.332956,0.358464,0.993993,1.0,1.0,1.0,1.0,0.0,0.0,0.0,0.0,3.6e-05
0,prior_0.36_seed_0_ep_000075,75,0.36,0.36,0.5259,0.332956,0.358464,0.332941,0.358464,1.0,1.0,1.0,1.0,1.0,0.0,0.0,0.0,0.0,0.0
0,prior_0.36_seed_0_ep_000076,76,0.36,0.36,0.3192,0.332941,0.358464,0.332941,0.358464,0.20685,0.0,0.0,0.0,0.0,0.0,1.0,0.0,0.0,0.042787
0,prior_0.36_seed_0_ep_000077,77,0.36,0.36,0.6294,0.332941,0.358464,0.33294,0.358464,1.0,1.0,1.0,1.0,1.0,0.0,0.0,0.0,0.0,0.0
0,prior_0.36_seed_0_ep_000078,78,0.36,0.36,0.4805,0.33294,0.358464,0.332872,0.358464,1.0,1.0,1.0,1.0,1.0,0.0,0.0,0.0,0.0,0.0
0,prior_0.36_seed_0_ep_000079,79,0.36,0.36,0.3569,0.332872,0.358464,0.338319,0.362853,0.943272,1.0,0.0,1.0,0.0,0.0,0.0,1.0,1.0,0.889763
0,prior_0.36_seed_0_ep_000080,80,0.36,0.36,0.2315,0.338319,0.362853,0.338319,0.362853,0.0,0.0,0.0,0.0,0.0,0.0,1.0,0.0,0.0,0.0
0,prior_0.36_seed_0_ep_000081,81,0.36,0.36,0.3611,0.338319,0.362853,0.335996,0.360658,0.946843,1.0,1.0,1.0,1.0,0.0,0.0,0.0,0.0,0.002826
0,prior_0.36_seed_0_ep_000082,82,0.36,0.36,0.6083,0.335996,0.360658,0.335995,0.360658,1.0,1.0,1.0,1.0,1.0,0.0,0.0,0.0,0.0,0.0
0,prior_0.36_seed_0_ep_000083,83,0.36,0.36,0.4578,0.335995,0.360658,0.335861,0.358464,1.0,1.0,1.0,1.0,1.0,0.0,0.0,0.0,0.0,0.0
0,prior_0.36_seed_0_ep_000084,84,0.36,0.36,0.4852,0.335861,0.358464,0.335807,0.358464,1.0,1.0,1.0,1.0,1.0,0.0,0.0,0.0,0.0,0.0
0,prior_0.36_seed_0_ep_000085,85,0.36,0.36,0.3426,0.335807,0.358464,0.339652,0.362853,0.651605,1.0,0.0,1.0,0.0,0.0,0.0,1.0,1.0,0.424589
0,prior_0.36_seed_0_ep_000086,86,0.36,0.36,0.4468,0.339652,0.362853,0.339461,0.362853,1.0,1.0,1.0,1.0,1.0,0.0,0.0,0.0,0.0,0.0
0,prior_0.36_seed_0_ep_000087,87,0.36,0.36,0.2979,0.339461,0.362853,0.340832,0.362853,0.003324,0.0,0.0,1.0,0.0,1.0,0.0,1.0,1.0,1.1e-05
0,prior_0.36_seed_0_ep_000088,88,0.36,0.36,0.3744,0.340832,0.362853,0.339317,0.360658,0.99575,1.0,1.0,1.0,1.0,0.0,0.0,0.0,0.0,1.8e-05
0,prior_0.36_seed_0_ep_000089,89,0.36,0.36,0.5466,0.339317,0.360658,0.33931,0.360658,1.0,1.0,1.0,1.0,1.0,0.0,0.0,0.0,0.0,0.0
0,prior_0.36_seed_0_ep_000090,90,0.36,0.36,0.507,0.33931,0.360658,0.339286,0.360658,1.0,1.0,1.0,1.0,1.0,0.0,0.0,0.0,0.0,0.0
0,prior_0.36_seed_0_ep_000091,91,0.36,0.36,0.4871,0.339286,0.360658,0.339239,0.360658,1.0,1.0,1.0,1.0,1.0,0.0,0.0,0.0,0.0,0.0
0,prior_0.36_seed_0_ep_000092,92,0.36,0.36,0.4535,0.339239,0.360658,0.339098,0.360658,1.0,1.0,1.0,1.0,1.0,0.0,0.0,0.0,0.0,0.0
0,prior_0.36_seed_0_ep_000093,93,0.36,0.36,0.4321,0.339098,0.360658,0.338822,0.360658,1.0,1.0,1.0,1.0,1.0,0.0,0.0,0.0,0.0,0.0
0,prior_0.36_seed_0_ep_000094,94,0.36,0.36,0.2463,0.338822,0.360658,0.338822,0.360658,0.0,0.0,0.0,0.0,0.0,0.0,1.0,0.0,0.0,0.0
0,prior_0.36_seed_0_ep_000095,95,0.36,0.36,0.2454,0.338822,0.360658,0.339113,0.360658,0.0,0.0,0.0,1.0,0.0,1.0,0.0,1.0,1.0,0.0
0,prior_0.36_seed_0_ep_000096,96,0.36,0.36,0.474,0.339113,0.360658,0.339043,0.360658,1.0,1.0,1.0,1.0,1.0,0.0,0.0,0.0,0.0,0.0
0,prior_0.36_seed_0_ep_000097,97,0.36,0.36,0.2684,0.339043,0.360658,0.339043,0.360658,2e-06,0.0,0.0,0.0,0.0,0.0,1.0,0.0,0.0,0.0
0,prior_0.36_seed_0_ep_000098,98,0.36,0.36,0.4363,0.339043,0.360658,0.338806,0.360658,1.0,1.0,1.0,1.0,1.0,0.0,0.0,0.0,0.0,0.0
0,prior_0.36_seed_0_ep_000099,99,0.36,0.36,0.3617,0.338806,0.360658,0.336962,0.358464,0.962155,1.0,1.0,1.0,1.0,0.0,0.0,0.0,0.0,0.001432
0,prior_0.36_seed_0_ep_000100,100,0.36,0.36,0.4381,0.336962,0.358464,0.336758,0.358464,1.0,1.0,1.0,1.0,1.0,0.0,0.0,0.0,0.0,0.0
0,prior_0.36_seed_0_ep_000101,101,0.36,0.36,0.4298,0.336758,0.358464,0.336495,0.358464,1.0,1.0,1.0,1.0,1.0,0.0,0.0,0.0,0.0,0.0
0,prior_0.36_seed_0_ep_000102,102,0.36,0.36,0.4744,0.336495,0.358464,0.336434,0.358464,1.0,1.0,1.0,1.0,1.0,0.0,0.0,0.0,0.0,0.0
0,prior_0.36_seed_0_ep_000103,103,0.36,0.36,0.225,0.336434,0.358464,0.336434,0.358464,0.0,0.0,0.0,0.0,0.0,0.0,1.0,0.0,0.0,0.0
0,prior_0.36_seed_0_ep_000104,104,0.36,0.36,0.5035,0.336434,0.358464,0.33641,0.358464,1.0,1.0,1.0,1.0,1.0,0.0,0.0,0.0,0.0,0.0
0,prior_0.36_seed_0_ep_000105,105,0.36,0.36,0.2705,0.33641,0.358464,0.33641,0.358464,5e-06,0.0,0.0,0.0,0.0,0.0,1.0,0.0,0.0,0.0
0,prior_0.36_seed_0_ep_000106,106,0.36,0.36,0.2549,0.33641,0.358464,0.33641,0.358464,0.0,0.0,0.0,0.0,0.0,0.0,1.0,0.0,0.0,0.0
0,prior_0.36_seed_0_ep_000107,107,0.36,0.36,0.5666,0.33641,0.358464,0.336408,0.358464,1.0,1.0,1.0,1.0,1.0,0.0,0.0,0.0,0.0,0.0
0,prior_0.36_seed_0_ep_000108,108,0.36,0.36,0.4441,0.336408,0.358464,0.336244,0.35627,1.0,1.0,1.0,1.0,1.0,0.0,0.0,0.0,0.0,0.0
0,prior_0.36_seed_0_ep_000109,109,0.36,0.36,0.3315,0.336244,0.35627,0.338808,0.358464,0.336586,0.0,0.0,1.0,0.0,1.0,0.0,1.0,1.0,0.11329
0,prior_0.36_seed_0_ep_000110,110,0.36,0.36,0.4106,0.338808,0.358464,0.338347,0.358464,1.0,1.0,1.0,1.0,1.0,0.0,0.0,0.0,0.0,0.0
0,prior_0.36_seed_0_ep_000111,111,0.36,0.36,0.4283,0.338347,0.358464,0.338085,0.358464,1.0,1.0,1.0,1.0,1.0,0.0,0.0,0.0,0.0,0.0
0,prior_0.36_seed_0_ep_000112,112,0.36,0.36,0.4314,0.338085,0.358464,0.337851,0.358464,1.0,1.0,1.0,1.0,1.0,0.0,0.0,0.0,0.0,0.0
0,prior_0.36_seed_0_ep_000113,113,0.36,0.36,0.4575,0.337851,0.358464,0.337751,0.358464,1.0,1.0,1.0,1.0,1.0,0.0,0.0,0.0,0.0,0.0
0,prior_0.36_seed_0_ep_000114,114,0.36,0.36,0.2533,0.337751,0.358464,0.338076,0.358464,0.0,0.0,0.0,1.0,0.0,1.0,0.0,1.0,1.0,0.0
0,prior_0.36_seed_0_ep_000115,115,0.36,0.36,0.434,0.338076,0.358464,0.337864,0.358464,1.0,1.0,1.0,1.0,1.0,0.0,0.0,0.0,0.0,0.0
0,prior_0.36_seed_0_ep_000116,116,0.36,0.36,0.4746,0.337864,0.358464,0.337808,0.358464,1.0,1.0,1.0,1.0,1.0,0.0,0.0,0.0,0.0,0.0
0,prior_0.36_seed_0_ep_000117,117,0.36,0.36,0.5115,0.337808,0.358464,0.337791,0.358464,1.0,1.0,1.0,1.0,1.0,0.0,0.0,0.0,0.0,0.0
0,prior_0.36_seed_0_ep_000118,118,0.36,0.36,0.2617,0.337791,0.358464,0.337791,0.358464,0.0,0.0,0.0,0.0,0.0,0.0,1.0,0.0,0.0,0.0
0,prior_0.36_seed_0_ep_000119,119,0.36,0.36,0.4592,0.337791,0.358464,0.337699,0.358464,1.0,1.0,1.0,1.0,1.0,0.0,0.0,0.0,0.0,0.0
0,prior_0.36_seed_0_ep_000120,120,0.36,0.36,0.3069,0.337699,0.358464,0.337699,0.358464,0.009216,0.0,0.0,0.0,0.0,0.0,1.0,0.0,0.0,8.5e-05
0,prior_0.36_seed_0_ep_000121,121,0.36,0.36,0.3837,0.337699,0.358464,0.336787,0.35627,0.999974,1.0,1.0,1.0,1.0,0.0,0.0,0.0,0.0,0.0
0,prior_0.36_seed_0_ep_000122,122,0.36,0.36,0.4953,0.336787,0.35627,0.33676,0.35627,1.0,1.0,1.0,1.0,1.0,0.0,0.0,0.0,0.0,0.0
0,prior_0.36_seed_0_ep_000123,123,0.36,0.36,0.6713,0.33676,0.35627,0.33676,0.35627,1.0,1.0,1.0,1.0,1.0,0.0,0.0,0.0,0.0,0.0
0,prior_0.36_seed_0_ep_000124,124,0.36,0.36,0.4201,0.33676,0.35627,0.336454,0.35627,1.0,1.0,1.0,1.0,1.0,0.0,0.0,0.0,0.0,0.0
0,prior_0.36_seed_0_ep_000125,125,0.36,0.36,0.4021,0.336454,0.35627,0.335937,0.35627,1.0,1.0,1.0,1.0,1.0,0.0,0.0,0.0,0.0,0.0
0,prior_0.36_seed_0_ep_000126,126,0.36,0.36,0.2224,0.335937,0.35627,0.33606,0.35627,0.0,0.0,0.0,1.0,0.0,1.0,0.0,1.0,1.0,0.0
0,prior_0.36_seed_0_ep_000127,127,0.36,0.36,0.3059,0.33606,0.35627,0.33606,0.35627,0.011518,0.0,0.0,0.0,0.0,0.0,1.0,0.0,0.0,0.000133
0,prior_0.36_seed_0_ep_000128,128,0.36,0.36,0.2768,0.33606,0.35627,0.33606,0.35627,7e-06,0.0,0.0,0.0,0.0,0.0,1.0,0.0,0.0,0.0
0,prior_0.36_seed_0_ep_000129,129,0.36,0.36,0.4213,0.33606,0.35627,0.335778,0.35627,1.0,1.0,1.0,1.0,1.0,0.0,0.0,0.0,0.0,0.0
0,prior_0.36_seed_0_ep_000130,130,0.36,0.36,0.2557,0.335778,0.35627,0.335778,0.35627,0.0,0.0,0.0,0.0,0.0,0.0,1.0,0.0,0.0,0.0
0,prior_0.36_seed_0_ep_000131,131,0.36,0.36,0.2958,0.335778,0.35627,0.335778,0.35627,0.001218,0.0,0.0,0.0,0.0,0.0,1.0,0.0,0.0,1e-06
0,prior_0.36_seed_0_ep_000132,132,0.36,0.36,0.463,0.335778,0.35627,0.335704,0.354075,1.0,1.0,1.0,1.0,1.0,0.0,0.0,0.0,0.0,0.0
0,prior_0.36_seed_0_ep_000133,133,0.36,0.36,0.4794,0.335704,0.354075,0.335662,0.354075,1.0,1.0,1.0,1.0,1.0,0.0,0.0,0.0,0.0,0.0
0,prior_0.36_seed_0_ep_000134,134,0.36,0.36,0.3902,0.335662,0.354075,0.334966,0.354075,1.0,1.0,1.0,1.0,1.0,0.0,0.0,0.0,0.0,0.0
0,prior_0.36_seed_0_ep_000135,135,0.36,0.36,0.4612,0.334966,0.354075,0.334892,0.354075,1.0,1.0,1.0,1.0,1.0,0.0,0.0,0.0,0.0,0.0
0,prior_0.36_seed_0_ep_000136,136,0.36,0.36,0.5189,0.334892,0.354075,0.334881,0.354075,1.0,1.0,1.0,1.0,1.0,0.0,0.0,0.0,0.0,0.0
0,prior_0.36_seed_0_ep_000137,137,0.36,0.36,0.3672,0.334881,0.354075,0.333661,0.351881,0.997069,1.0,1.0,1.0,1.0,0.0,0.0,0.0,0.0,9e-06
0,prior_0.36_seed_0_ep_000138,138,0.36,0.36,0.3319,0.333661,0.351881,0.333661,0.351881,0.402784,0.0,0.0,0.0,0.0,0.0,1.0,0.0,0.0,0.162235
0,prior_0.36_seed_0_ep_000139,139,0.36,0.36,0.3668,0.333661,0.351881,0.332481,0.351881,0.998088,1.0,1.0,1.0,1.0,0.0,0.0,0.0,0.0,4e-06
0,prior_0.36_seed_0_ep_000140,140,0.36,0.36,0.4432,0.332481,0.351881,0.332361,0.351881,1.0,1.0,1.0,1.0,1.0,0.0,0.0,0.0,0.0,0.0
0,prior_0.36_seed_0_ep_000141,141,0.36,0.36,0.5274,0.332361,0.351881,0.332354,0.351881,1.0,1.0,1.0,1.0,1.0,0.0,0.0,0.0,0.0,0.0
0,prior_0.36_seed_0_ep_000142,142,0.36,0.36,0.4433,0.332354,0.351881,0.332234,0.351881,1.0,1.0,1.0,1.0,1.0,0.0,0.0,0.0,0.0,0.0
0,prior_0.36_seed_0_ep_000143,143,0.36,0.36,0.2717,0.332234,0.351881,0.332234,0.351881,4e-06,0.0,0.0,0.0,0.0,0.0,1.0,0.0,0.0,0.0
0,prior_0.36_seed_0_ep_000144,144,0.36,0.36,0.325,0.332234,0.351881,0.332234,0.351881,0.250891,0.0,0.0,0.0,0.0,0.0,1.0,0.0,0.0,0.062946
0,prior_0.36_seed_0_ep_000145,145,0.36,0.36,0.4595,0.332234,0.351881,0.332164,0.351881,1.0,1.0,1.0,1.0,1.0,0.0,0.0,0.0,0.0,0.0
0,prior_0.36_seed_0_ep_000146,146,0.36,0.36,0.221,0.332164,0.351881,0.332164,0.351881,0.0,0.0,0.0,0.0,0.0,0.0,1.0,0.0,0.0,0.0
0,prior_0.36_seed_0_ep_000147,147,0.36,0.36,0.6832,0.332164,0.351881,0.332164,0.351881,1.0,1.0,1.0,1.0,1.0,0.0,0.0,0.0,0.0,0.0
0,prior_0.36_seed_0_ep_000148,148,0.36,0.36,0.471,0.332164,0.351881,0.332117,0.351881,1.0,1.0,1.0,1.0,1.0,0.0,0.0,0.0,0.0,0.0
0,prior_0.36_seed_0_ep_000149,149,0.36,0.36,0.2933,0.332117,0.351881,0.332117,0.351881,0.001432,0.0,0.0,0.0,0.0,0.0,1.0,0.0,0.0,2e-06
0,prior_0.36_seed_0_ep_000150,150,0.36,0.36,0.3016,0.332117,0.351881,0.333384,0.351881,0.009314,0.0,0.0,1.0,0.0,1.0,0.0,1.0,1.0,8.7e-05
0,prior_0.36_seed_0_ep_000151,151,0.36,0.36,0.4263,0.333384,0.351881,0.333183,0.351881,1.0,1.0,1.0,1.0,1.0,0.0,0.0,0.0,0.0,0.0
0,prior_0.36_seed_0_ep_000152,152,0.36,0.36,0.2647,0.333183,0.351881,0.333627,0.351881,0.0,0.0,0.0,1.0,0.0,1.0,0.0,1.0,1.0,0.0
0,prior_0.36_seed_0_ep_000153,153,0.36,0.36,0.2708,0.333627,0.351881,0.334138,0.351881,1e-06,0.0,0.0,1.0,0.0,1.0,0.0,1.0,1.0,0.0
0,prior_0.36_seed_0_ep_000154,154,0.36,0.36,0.4965,0.334138,0.351881,0.334118,0.351881,1.0,1.0,1.0,1.0,1.0,0.0,0.0,0.0,0.0,0.0
0,prior_0.36_seed_0_ep_000155,155,0.36,0.36,0.6867,0.334118,0.351881,0.334118,0.351881,1.0,1.0,1.0,1.0,1.0,0.0,0.0,0.0,0.0,0.0
0,prior_0.36_seed_0_ep_000156,156,0.36,0.36,0.2264,0.334118,0.351881,0.334118,0.351881,0.0,0.0,0.0,0.0,0.0,0.0,1.0,0.0,0.0,0.0
0,prior_0.36_seed_0_ep_000157,157,0.36,0.36,0.2655,0.334118,0.351881,0.334118,0.351881,0.0,0.0,0.0,0.0,0.0,0.0,1.0,0.0,0.0,0.0
0,prior_0.36_seed_0_ep_000158,158,0.36,0.36,0.2543,0.334118,0.351881,0.334118,0.351881,0.0,0.0,0.0,0.0,0.0,0.0,1.0,0.0,0.0,0.0
0,prior_0.36_seed_0_ep_000159,159,0.36,0.36,0.4111,0.334118,0.351881,0.333803,0.351881,1.0,1.0,1.0,1.0,1.0,0.0,0.0,0.0,0.0,0.0
0,prior_0.36_seed_0_ep_000160,160,0.36,0.36,0.3222,0.333803,0.351881,0.333803,0.351881,0.153693,0.0,0.0,0.0,0.0,0.0,1.0,0.0,0.0,0.023621
0,prior_0.36_seed_0_ep_000161,161,0.36,0.36,0.2844,0.333803,0.351881,0.334519,0.351881,4e-05,0.0,0.0,1.0,0.0,1.0,0.0,1.0,1.0,0.0
0,prior_0.36_seed_0_ep_000162,162,0.36,0.36,0.416,0.334519,0.351881,0.334254,0.351881,1.0,1.0,1.0,1.0,1.0,0.0,0.0,0.0,0.0,0.0
0,prior_0.36_seed_0_ep_000163,163,0.36,0.36,0.4669,0.334254,0.351881,0.334203,0.351881,1.0,1.0,1.0,1.0,1.0,0.0,0.0,0.0,0.0,0.0
0,prior_0.36_seed_0_ep_000164,164,0.36,0.36,0.257,0.334203,0.351881,0.334516,0.351881,0.0,0.0,0.0,1.0,0.0,1.0,0.0,1.0,1.0,0.0
0,prior_0.36_seed_0_ep_000165,165,0.36,0.36,0.316,0.334516,0.351881,0.334516,0.351881,0.047748,0.0,0.0,0.0,0.0,0.0,1.0,0.0,0.0,0.00228
0,prior_0.36_seed_0_ep_000166,166,0.36,0.36,0.2496,0.334516,0.351881,0.334516,0.351881,0.0,0.0,0.0,0.0,0.0,0.0,1.0,0.0,0.0,0.0
0,prior_0.36_seed_0_ep_000167,167,0.36,0.36,0.3883,0.334516,0.351881,0.333929,0.351881,1.0,1.0,1.0,1.0,1.0,0.0,0.0,0.0,0.0,0.0
0,prior_0.36_seed_0_ep_000168,168,0.36,0.36,0.3346,0.333929,0.351881,0.335909,0.354075,0.545529,1.0,0.0,1.0,0.0,0.0,0.0,1.0,1.0,0.297602
0,prior_0.36_seed_0_ep_000169,169,0.36,0.36,0.51,0.335909,0.354075,0.335897,0.354075,1.0,1.0,1.0,1.0,1.0,0.0,0.0,0.0,0.0,0.0
0,prior_0.36_seed_0_ep_000170,170,0.36,0.36,0.4547,0.335897,0.354075,0.335823,0.354075,1.0,1.0,1.0,1.0,1.0,0.0,0.0,0.0,0.0,0.0
0,prior_0.36_seed_0_ep_000171,171,0.36,0.36,0.4046,0.335823,0.354075,0.335466,0.351881,1.0,1.0,1.0,1.0,1.0,0.0,0.0,0.0,0.0,0.0
0,prior_0.36_seed_0_ep_000172,172,0.36,0.36,0.5693,0.335466,0.351881,0.335465,0.351881,1.0,1.0,1.0,1.0,1.0,0.0,0.0,0.0,0.0,0.0
0,prior_0.36_seed_0_ep_000173,173,0.36,0.36,0.2732,0.335465,0.351881,0.335465,0.351881,0.0,0.0,0.0,0.0,0.0,0.0,1.0,0.0,0.0,0.0
0,prior_0.36_seed_0_ep_000174,174,0.36,0.36,0.4345,0.335465,0.351881,0.335326,0.351881,1.0,1.0,1.0,1.0,1.0,0.0,0.0,0.0,0.0,0.0
0,prior_0.36_seed_0_ep_000175,175,0.36,0.36,0.3813,0.335326,0.351881,0.334653,0.351881,0.999999,1.0,1.0,1.0,1.0,0.0,0.0,0.0,0.0,0.0
0,prior_0.36_seed_0_ep_000176,176,0.36,0.36,0.2295,0.334653,0.351881,0.334653,0.351881,0.0,0.0,0.0,0.0,0.0,0.0,1.0,0.0,0.0,0.0
0,prior_0.36_seed_0_ep_000177,177,0.36,0.36,0.3828,0.334653,0.351881,0.334025,0.351881,1.0,1.0,1.0,1.0,1.0,0.0,0.0,0.0,0.0,0.0
0,prior_0.36_seed_0_ep_000178,178,0.36,0.36,0.4947,0.334025,0.351881,0.334007,0.351881,1.0,1.0,1.0,1.0,1.0,0.0,0.0,0.0,0.0,0.0
0,prior_0.36_seed_0_ep_000179,179,0.36,0.36,0.5903,0.334007,0.351881,0.334006,0.351881,1.0,1.0,1.0,1.0,1.0,0.0,0.0,0.0,0.0,0.0
0,prior_0.36_seed_0_ep_000180,180,0.36,0.36,0.2687,0.334006,0.351881,0.334006,0.351881,0.0,0.0,0.0,0.0,0.0,0.0,1.0,0.0,0.0,0.0
0,prior_0.36_seed_0_ep_000181,181,0.36,0.36,0.4527,0.334006,0.351881,0.333934,0.351881,1.0,1.0,1.0,1.0,1.0,0.0,0.0,0.0,0.0,0.0
0,prior_0.36_seed_0_ep_000182,182,0.36,0.36,0.4866,0.333934,0.351881,0.333911,0.351881,1.0,1.0,1.0,1.0,1.0,0.0,0.0,0.0,0.0,0.0
0,prior_0.36_seed_0_ep_000183,183,0.36,0.36,0.4552,0.333911,0.351881,0.333845,0.349687,1.0,1.0,1.0,1.0,1.0,0.0,0.0,0.0,0.0,0.0
0,prior_0.36_seed_0_ep_000184,184,0.36,0.36,0.3963,0.333845,0.349687,0.333429,0.349687,1.0,1.0,1.0,1.0,1.0,0.0,0.0,0.0,0.0,0.0
0,prior_0.36_seed_0_ep_000185,185,0.36,0.36,0.385,0.333429,0.349687,0.332868,0.349687,1.0,1.0,1.0,1.0,1.0,0.0,0.0,0.0,0.0,0.0
0,prior_0.36_seed_0_ep_000186,186,0.36,0.36,0.4574,0.332868,0.349687,0.33281,0.349687,1.0,1.0,1.0,1.0,1.0,0.0,0.0,0.0,0.0,0.0
0,prior_0.36_seed_0_ep_000187,187,0.36,0.36,0.3402,0.33281,0.349687,0.334782,0.351881,0.745402,1.0,0.0,1.0,0.0,0.0,0.0,1.0,1.0,0.555624
0,prior_0.36_seed_0_ep_000188,188,0.36,0.36,0.2802,0.334782,0.351881,0.334782,0.351881,1e-06,0.0,0.0,0.0,0.0,0.0,1.0,0.0,0.0,0.0
0,prior_0.36_seed_0_ep_000189,189,0.36,0.36,0.5086,0.334782,0.351881,0.334771,0.351881,1.0,1.0,1.0,1.0,1.0,0.0,0.0,0.0,0.0,0.0
0,prior_0.36_seed_0_ep_000190,190,0.36,0.36,0.3398,0.334771,0.351881,0.336583,0.351881,0.684804,1.0,0.0,1.0,0.0,0.0,0.0,1.0,1.0,0.468956
0,prior_0.36_seed_0_ep_000191,191,0.36,0.36,0.4397,0.336583,0.351881,0.336477,0.351881,1.0,1.0,1.0,1.0,1.0,0.0,0.0,0.0,0.0,0.0
0,prior_0.36_seed_0_ep_000192,192,0.36,0.36,0.5171,0.336477,0.351881,0.336469,0.351881,1.0,1.0,1.0,1.0,1.0,0.0,0.0,0.0,0.0,0.0
0,prior_0.36_seed_0_ep_000193,193,0.36,0.36,0.3738,0.336469,0.351881,0.335741,0.351881,0.999956,1.0,1.0,1.0,1.0,0.0,0.0,0.0,0.0,0.0
0,prior_0.36_seed_0_ep_000194,194,0.36,0.36,0.3292,0.335741,0.351881,0.337156,0.351881,0.238137,0.0,0.0,1.0,0.0,1.0,0.0,1.0,1.0,0.056709
0,prior_0.36_seed_0_ep_000195,195,0.36,0.36,0.2557,0.337156,0.351881,0.337156,0.351881,0.0,0.0,0.0,0.0,0.0,0.0,1.0,0.0,0.0,0.0
0,prior_0.36_seed_0_ep_000196,196,0.36,0.36,0.2602,0.337156,0.351881,0.337156,0.351881,0.0,0.0,0.0,0.0,0.0,0.0,1.0,0.0,0.0,0.0
0,prior_0.36_seed_0_ep_000197,197,0.36,0.36,0.4424,0.337156,0.351881,0.337063,0.351881,1.0,1.0,1.0,1.0,1.0,0.0,0.0,0.0,0.0,0.0
0,prior_0.36_seed_0_ep_000198,198,0.36,0.36,0.346,0.337063,0.351881,0.338791,0.354075,0.833914,1.0,0.0,1.0,0.0,0.0,0.0,1.0,1.0,0.695412
0,prior_0.36_seed_0_ep_000199,199,0.36,0.36,0.611,0.338791,0.354075,0.338791,0.354075,1.0,1.0,1.0,1.0,1.0,0.0,0.0,0.0,0.0,0.0
0,prior_0.36_seed_0_ep_000200,200,0.36,0.36,0.3731,0.338791,0.354075,0.33808,0.354075,0.999935,1.0,1.0,1.0,1.0,0.0,0.0,0.0,0.0,0.0
0,prior_0.36_seed_0_ep_000201,201,0.36,0.36,0.4762,0.33808,0.354075,0.33805,0.354075,1.0,1.0,1.0,1.0,1.0,0.0,0.0,0.0,0.0,0.0
0,prior_0.36_seed_0_ep_000202,202,0.36,0.36,0.235,0.33805,0.354075,0.33805,0.354075,0.0,0.0,0.0,0.0,0.0,0.0,1.0,0.0,0.0,0.0
0,prior_0.36_seed_0_ep_000203,203,0.36,0.36,0.485,0.33805,0.354075,0.338027,0.354075,1.0,1.0,1.0,1.0,1.0,0.0,0.0,0.0,0.0,0.0
0,prior_0.36_seed_0_ep_000204,204,0.36,0.36,0.5278,0.338027,0.354075,0.338022,0.354075,1.0,1.0,1.0,1.0,1.0,0.0,0.0,0.0,0.0,0.0
0,prior_0.36_seed_0_ep_000205,205,0.36,0.36,0.4164,0.338022,0.354075,0.337818,0.351881,1.0,1.0,1.0,1.0,1.0,0.0,0.0,0.0,0.0,0.0
0,prior_0.36_seed_0_ep_000206,206,0.36,0.36,0.2253,0.337818,0.351881,0.337818,0.351881,0.0,0.0,0.0,0.0,0.0,0.0,1.0,0.0,0.0,0.0
0,prior_0.36_seed_0_ep_000207,207,0.36,0.36,0.6786,0.337818,0.351881,0.337818,0.351881,1.0,1.0,1.0,1.0,1.0,0.0,0.0,0.0,0.0,0.0
0,prior_0.36_seed_0_ep_000208,208,0.36,0.36,0.2615,0.337818,0.351881,0.337818,0.351881,0.0,0.0,0.0,0.0,0.0,0.0,1.0,0.0,0.0,0.0
0,prior_0.36_seed_0_ep_000209,209,0.36,0.36,0.2973,0.337818,0.351881,0.337818,0.351881,4e-05,0.0,0.0,0.0,0.0,0.0,1.0,0.0,0.0,0.0
0,prior_0.36_seed_0_ep_000210,210,0.36,0.36,0.4661,0.337818,0.351881,0.337777,0.351881,1.0,1.0,1.0,1.0,1.0,0.0,0.0,0.0,0.0,0.0
0,prior_0.36_seed_0_ep_000211,211,0.36,0.36,0.321,0.337777,0.351881,0.337777,0.351881,0.032095,0.0,0.0,0.0,0.0,0.0,1.0,0.0,0.0,0.00103
0,prior_0.36_seed_0_ep_000212,212,0.36,0.36,0.4399,0.337777,0.351881,0.33768,0.351881,1.0,1.0,1.0,1.0,1.0,0.0,0.0,0.0,0.0,0.0
0,prior_0.36_seed_0_ep_000213,213,0.36,0.36,0.4417,0.33768,0.351881,0.33759,0.351881,1.0,1.0,1.0,1.0,1.0,0.0,0.0,0.0,0.0,0.0
0,prior_0.36_seed_0_ep_000214,214,0.36,0.36,0.3207,0.33759,0.351881,0.33759,0.351881,0.033241,0.0,0.0,0.0,0.0,0.0,1.0,0.0,0.0,0.001105
0,prior_0.36_seed_0_ep_000215,215,0.36,0.36,0.4277,0.33759,0.351881,0.337449,0.351881,1.0,1.0,1.0,1.0,1.0,0.0,0.0,0.0,0.0,0.0
0,prior_0.36_seed_0_ep_000216,216,0.36,0.36,0.5291,0.337449,0.351881,0.337444,0.351881,1.0,1.0,1.0,1.0,1.0,0.0,0.0,0.0,0.0,0.0
0,prior_0.36_seed_0_ep_000217,217,0.36,0.36,0.3623,0.337444,0.351881,0.336574,0.351881,0.996797,1.0,1.0,1.0,1.0,0.0,0.0,0.0,0.0,1e-05
0,prior_0.36_seed_0_ep_000218,218,0.36,0.36,0.4129,0.336574,0.351881,0.336362,0.351881,1.0,1.0,1.0,1.0,1.0,0.0,0.0,0.0,0.0,0.0
0,prior_0.36_seed_0_ep_000219,219,0.36,0.36,0.5232,0.336362,0.351881,0.336356,0.351881,1.0,1.0,1.0,1.0,1.0,0.0,0.0,0.0,0.0,0.0
0,prior_0.36_seed_0_ep_000220,220,0.36,0.36,0.489,0.336356,0.351881,0.336338,0.351881,1.0,1.0,1.0,1.0,1.0,0.0,0.0,0.0,0.0,0.0
0,prior_0.36_seed_0_ep_000221,221,0.36,0.36,0.5139,0.336338,0.351881,0.33633,0.351881,1.0,1.0,1.0,1.0,1.0,0.0,0.0,0.0,0.0,0.0
0,prior_0.36_seed_0_ep_000222,222,0.36,0.36,0.5215,0.33633,0.351881,0.336324,0.351881,1.0,1.0,1.0,1.0,1.0,0.0,0.0,0.0,0.0,0.0
0,prior_0.36_seed_0_ep_000223,223,0.36,0.36,0.2891,0.336324,0.351881,0.336827,0.351881,2e-06,0.0,0.0,1.0,0.0,1.0,0.0,1.0,1.0,0.0
0,prior_0.36_seed_0_ep_000224,224,0.36,0.36,0.6969,0.336827,0.351881,0.336827,0.351881,1.0,1.0,1.0,1.0,1.0,0.0,0.0,0.0,0.0,0.0
0,prior_0.36_seed_0_ep_000225,225,0.36,0.36,0.2439,0.336827,0.351881,0.336827,0.351881,0.0,0.0,0.0,0.0,0.0,0.0,1.0,0.0,0.0,0.0
0,prior_0.36_seed_0_ep_000226,226,0.36,0.36,0.3766,0.336827,0.351881,0.336241,0.351881,0.999999,1.0,1.0,1.0,1.0,0.0,0.0,0.0,0.0,0.0
0,prior_0.36_seed_0_ep_000227,227,0.36,0.36,0.2994,0.336241,0.351881,0.336241,0.351881,0.000113,0.0,0.0,0.0,0.0,0.0,1.0,0.0,0.0,0.0
0,prior_0.36_seed_0_ep_000228,228,0.36,0.36,0.2595,0.336241,0.351881,0.336241,0.351881,0.0,0.0,0.0,0.0,0.0,0.0,1.0,0.0,0.0,0.0
0,prior_0.36_seed_0_ep_000229,229,0.36,0.36,0.3127,0.336241,0.351881,0.336241,0.351881,0.00808,0.0,0.0,0.0,0.0,0.0,1.0,0.0,0.0,6.5e-05
0,prior_0.36_seed_0_ep_000230,230,0.36,0.36,0.3843,0.336241,0.351881,0.335773,0.349687,1.0,1.0,1.0,1.0,1.0,0.0,0.0,0.0,0.0,0.0
0,prior_0.36_seed_0_ep_000231,231,0.36,0.36,0.5544,0.335773,0.349687,0.335771,0.349687,1.0,1.0,1.0,1.0,1.0,0.0,0.0,0.0,0.0,0.0
0,prior_0.36_seed_0_ep_000232,232,0.36,0.36,0.6245,0.335771,0.349687,0.335771,0.349687,1.0,1.0,1.0,1.0,1.0,0.0,0.0,0.0,0.0,0.0
0,prior_0.36_seed_0_ep_000233,233,0.36,0.36,0.2595,0.335771,0.349687,0.335771,0.349687,0.0,0.0,0.0,0.0,0.0,0.0,1.0,0.0,0.0,0.0
0,prior_0.36_seed_0_ep_000234,234,0.36,0.36,0.2548,0.335771,0.349687,0.335771,0.349687,0.0,0.0,0.0,0.0,0.0,0.0,1.0,0.0,0.0,0.0
0,prior_0.36_seed_0_ep_000235,235,0.36,0.36,0.539,0.335771,0.349687,0.335768,0.349687,1.0,1.0,1.0,1.0,1.0,0.0,0.0,0.0,0.0,0.0
0,prior_0.36_seed_0_ep_000236,236,0.36,0.36,0.5282,0.335768,0.349687,0.335763,0.349687,1.0,1.0,1.0,1.0,1.0,0.0,0.0,0.0,0.0,0.0
0,prior_0.36_seed_0_ep_000237,237,0.36,0.36,0.4339,0.335763,0.349687,0.33566,0.349687,1.0,1.0,1.0,1.0,1.0,0.0,0.0,0.0,0.0,0.0
0,prior_0.36_seed_0_ep_000238,238,0.36,0.36,0.4449,0.33566,0.349687,0.335588,0.349687,1.0,1.0,1.0,1.0,1.0,0.0,0.0,0.0,0.0,0.0
0,prior_0.36_seed_0_ep_000239,239,0.36,0.36,0.4127,0.335588,0.349687,0.335389,0.349687,1.0,1.0,1.0,1.0,1.0,0.0,0.0,0.0,0.0,0.0
0,prior_0.36_seed_0_ep_000240,240,0.36,0.36,0.2908,0.335389,0.349687,0.335905,0.349687,4e-06,0.0,0.0,1.0,0.0,1.0,0.0,1.0,1.0,0.0
0,prior_0.36_seed_0_ep_000241,241,0.36,0.36,0.3212,0.335905,0.349687,0.335905,0.349687,0.066577,0.0,0.0,0.0,0.0,0.0,1.0,0.0,0.0,0.004432
0,prior_0.36_seed_0_ep_000242,242,0.36,0.36,0.296,0.335905,0.349687,0.336475,0.351881,1.7e-05,0.0,0.0,1.0,0.0,1.0,0.0,1.0,1.0,0.0
0,prior_0.36_seed_0_ep_000243,243,0.36,0.36,0.2728,0.336475,0.351881,0.336475,0.351881,0.0,0.0,0.0,0.0,0.0,0.0,1.0,0.0,0.0,0.0
0,prior_0.36_seed_0_ep_000244,244,0.36,0.36,0.4276,0.336475,0.351881,0.336352,0.349687,1.0,1.0,1.0,1.0,1.0,0.0,0.0,0.0,0.0,0.0
0,prior_0.36_seed_0_ep_000245,245,0.36,0.36,0.5281,0.336352,0.349687,0.336348,0.349687,1.0,1.0,1.0,1.0,1.0,0.0,0.0,0.0,0.0,0.0
0,prior_0.36_seed_0_ep_000246,246,0.36,0.36,0.253,0.336348,0.349687,0.336348,0.349687,0.0,0.0,0.0,0.0,0.0,0.0,1.0,0.0,0.0,0.0
0,prior_0.36_seed_0_ep_000247,247,0.36,0.36,0.3411,0.336348,0.349687,0.33773,0.351881,0.735617,1.0,0.0,1.0,0.0,0.0,0.0,1.0,1.0,0.541132
0,prior_0.36_seed_0_ep_000248,248,0.36,0.36,0.3507,0.33773,0.351881,0.339225,0.354075,0.936401,1.0,0.0,1.0,0.0,0.0,0.0,1.0,1.0,0.876847
0,prior_0.36_seed_0_ep_000249,249,0.36,0.36,0.6038,0.339225,0.354075,0.339225,0.354075,1.0,1.0,1.0,1.0,1.0,0.0,0.0,0.0,0.0,0.0
0,prior_0.36_seed_0_ep_000250,250,0.36,0.36,0.4542,0.339225,0.354075,0.339172,0.351881,1.0,1.0,1.0,1.0,1.0,0.0,0.0,0.0,0.0,0.0
0,prior_0.36_seed_0_ep_000251,251,0.36,0.36,0.2408,0.339172,0.351881,0.339172,0.351881,0.0,0.0,0.0,0.0,0.0,0.0,1.0,0.0,0.0,0.0
0,prior_0.36_seed_0_ep_000252,252,0.36,0.36,0.4202,0.339172,0.351881,0.339016,0.351881,1.0,1.0,1.0,1.0,1.0,0.0,0.0,0.0,0.0,0.0
0,prior_0.36_seed_0_ep_000253,253,0.36,0.36,0.4314,0.339016,0.351881,0.338907,0.351881,1.0,1.0,1.0,1.0,1.0,0.0,0.0,0.0,0.0,0.0
0,prior_0.36_seed_0_ep_000254,254,0.36,0.36,0.3002,0.338907,0.351881,0.338907,0.351881,1.1e-05,0.0,0.0,0.0,0.0,0.0,1.0,0.0,0.0,0.0
0,prior_0.36_seed_0_ep_000255,255,0.36,0.36,0.3699,0.338907,0.351881,0.338277,0.351881,0.999958,1.0,1.0,1.0,1.0,0.0,0.0,0.0,0.0,0.0
0,prior_0.36_seed_0_ep_000256,256,0.36,0.36,0.3526,0.338277,0.351881,0.339724,0.354075,0.961727,1.0,0.0,1.0,0.0,0.0,0.0,1.0,1.0,0.924918
0,prior_0.36_seed_0_ep_000257,257,0.36,0.36,0.4715,0.339724,0.354075,0.339695,0.354075,1.0,1.0,1.0,1.0,1.0,0.0,0.0,0.0,0.0,0.0
0,prior_0.36_seed_0_ep_000258,258,0.36,0.36,0.4366,0.339695,0.354075,0.339605,0.354075,1.0,1.0,1.0,1.0,1.0,0.0,0.0,0.0,0.0,0.0
0,prior_0.36_seed_0_ep_000259,259,0.36,0.36,0.4087,0.339605,0.354075,0.339392,0.351881,1.0,1.0,1.0,1.0,1.0,0.0,0.0,0.0,0.0,0.0
0,prior_0.36_seed_0_ep_000260,260,0.36,0.36,0.6596,0.339392,0.351881,0.339392,0.351881,1.0,1.0,1.0,1.0,1.0,0.0,0.0,0.0,0.0,0.0
0,prior_0.36_seed_0_ep_000261,261,0.36,0.36,0.67,0.339392,0.351881,0.339392,0.351881,1.0,1.0,1.0,1.0,1.0,0.0,0.0,0.0,0.0,0.0
0,prior_0.36_seed_0_ep_000262,262,0.36,0.36,0.5192,0.339392,0.351881,0.339386,0.351881,1.0,1.0,1.0,1.0,1.0,0.0,0.0,0.0,0.0,0.0
0,prior_0.36_seed_0_ep_000263,263,0.36,0.36,0.4945,0.339386,0.351881,0.339373,0.351881,1.0,1.0,1.0,1.0,1.0,0.0,0.0,0.0,0.0,0.0
0,prior_0.36_seed_0_ep_000264,264,0.36,0.36,0.356,0.339373,0.351881,0.340801,0.354075,0.974396,1.0,0.0,1.0,0.0,0.0,0.0,1.0,1.0,0.949448
0,prior_0.36_seed_0_ep_000265,265,0.36,0.36,0.5307,0.340801,0.354075,0.340797,0.354075,1.0,1.0,1.0,1.0,1.0,0.0,0.0,0.0,0.0,0.0
0,prior_0.36_seed_0_ep_000266,266,0.36,0.36,0.4535,0.340797,0.354075,0.340745,0.354075,1.0,1.0,1.0,1.0,1.0,0.0,0.0,0.0,0.0,0.0
0,prior_0.36_seed_0_ep_000267,267,0.36,0.36,0.4154,0.340745,0.354075,0.340572,0.354075,1.0,1.0,1.0,1.0,1.0,0.0,0.0,0.0,0.0,0.0
0,prior_0.36_seed_0_ep_000268,268,0.36,0.36,0.3071,0.340572,0.354075,0.340572,0.354075,4.9e-05,0.0,0.0,0.0,0.0,0.0,1.0,0.0,0.0,0.0
0,prior_0.36_seed_0_ep_000269,269,0.36,0.36,0.3586,0.340572,0.354075,0.341972,0.354075,0.991944,1.0,0.0,1.0,0.0,0.0,0.0,1.0,1.0,0.983953
0,prior_0.36_seed_0_ep_000270,270,0.36,0.36,0.6737,0.341972,0.354075,0.341972,0.354075,1.0,1.0,1.0,1.0,1.0,0.0,0.0,0.0,0.0,0.0
0,prior_0.36_seed_0_ep_000271,271,0.36,0.36,0.4597,0.341972,0.354075,0.34193,0.354075,1.0,1.0,1.0,1.0,1.0,0.0,0.0,0.0,0.0,0.0
0,prior_0.36_seed_0_ep_000272,272,0.36,0.36,0.2219,0.34193,0.354075,0.34193,0.354075,0.0,0.0,0.0,0.0,0.0,0.0,1.0,0.0,0.0,0.0
0,prior_0.36_seed_0_ep_000273,273,0.36,0.36,0.4973,0.34193,0.354075,0.341917,0.354075,1.0,1.0,1.0,1.0,1.0,0.0,0.0,0.0,0.0,0.0
0,prior_0.36_seed_0_ep_000274,274,0.36,0.36,0.3209,0.341917,0.354075,0.341917,0.354075,0.004187,0.0,0.0,0.0,0.0,0.0,1.0,0.0,0.0,1.8e-05
0,prior_0.36_seed_0_ep_000275,275,0.36,0.36,0.2596,0.341917,0.354075,0.342052,0.354075,0.0,0.0,0.0,1.0,0.0,1.0,0.0,1.0,1.0,0.0
0,prior_0.36_seed_0_ep_000276,276,0.36,0.36,0.4041,0.342052,0.354075,0.34181,0.354075,1.0,1.0,1.0,1.0,1.0,0.0,0.0,0.0,0.0,0.0
0,prior_0.36_seed_0_ep_000277,277,0.36,0.36,0.4145,0.34181,0.354075,0.341635,0.354075,1.0,1.0,1.0,1.0,1.0,0.0,0.0,0.0,0.0,0.0
0,prior_0.36_seed_0_ep_000278,278,0.36,0.36,0.4156,0.341635,0.354075,0.341468,0.354075,1.0,1.0,1.0,1.0,1.0,0.0,0.0,0.0,0.0,0.0
0,prior_0.36_seed_0_ep_000279,279,0.36,0.36,0.2171,0.341468,0.354075,0.341502,0.354075,0.0,0.0,0.0,1.0,0.0,1.0,0.0,1.0,1.0,0.0
0,prior_0.36_seed_0_ep_000280,280,0.36,0.36,0.52,0.341502,0.354075,0.341496,0.354075,1.0,1.0,1.0,1.0,1.0,0.0,0.0,0.0,0.0,0.0
0,prior_0.36_seed_0_ep_000281,281,0.36,0.36,0.6551,0.341496,0.354075,0.341496,0.354075,1.0,1.0,1.0,1.0,1.0,0.0,0.0,0.0,0.0,0.0
0,prior_0.36_seed_0_ep_000282,282,0.36,0.36,0.5585,0.341496,0.354075,0.341495,0.354075,1.0,1.0,1.0,1.0,1.0,0.0,0.0,0.0,0.0,0.0
0,prior_0.36_seed_0_ep_000283,283,0.36,0.36,0.2793,0.341495,0.354075,0.341495,0.354075,0.0,0.0,0.0,0.0,0.0,0.0,1.0,0.0,0.0,0.0
0,prior_0.36_seed_0_ep_000284,284,0.36,0.36,0.3254,0.341495,0.354075,0.341495,0.354075,0.017968,0.0,0.0,0.0,0.0,0.0,1.0,0.0,0.0,0.000323
0,prior_0.36_seed_0_ep_000285,285,0.36,0.36,0.434,0.341495,0.354075,0.341401,0.354075,1.0,1.0,1.0,1.0,1.0,0.0,0.0,0.0,0.0,0.0
0,prior_0.36_seed_0_ep_000286,286,0.36,0.36,0.2372,0.341401,0.354075,0.341467,0.354075,0.0,0.0,0.0,1.0,0.0,1.0,0.0,1.0,1.0,0.0
0,prior_0.36_seed_0_ep_000287,287,0.36,0.36,0.3763,0.341467,0.354075,0.340969,0.354075,0.999999,1.0,1.0,1.0,1.0,0.0,0.0,0.0,0.0,0.0
0,prior_0.36_seed_0_ep_000288,288,0.36,0.36,0.4496,0.340969,0.354075,0.340914,0.354075,1.0,1.0,1.0,1.0,1.0,0.0,0.0,0.0,0.0,0.0
0,prior_0.36_seed_0_ep_000289,289,0.36,0.36,0.54,0.340914,0.354075,0.340911,0.354075,1.0,1.0,1.0,1.0,1.0,0.0,0.0,0.0,0.0,0.0
0,prior_0.36_seed_0_ep_000290,290,0.36,0.36,0.4431,0.340911,0.354075,0.340843,0.354075,1.0,1.0,1.0,1.0,1.0,0.0,0.0,0.0,0.0,0.0
0,prior_0.36_seed_0_ep_000291,291,0.36,0.36,0.3971,0.340843,0.354075,0.340565,0.354075,1.0,1.0,1.0,1.0,1.0,0.0,0.0,0.0,0.0,0.0
0,prior_0.36_seed_0_ep_000292,292,0.36,0.36,0.3876,0.340565,0.354075,0.340208,0.351881,1.0,1.0,1.0,1.0,1.0,0.0,0.0,0.0,0.0,0.0
0,prior_0.36_seed_0_ep_000293,293,0.36,0.36,0.32,0.340208,0.351881,0.340208,0.351881,0.006404,0.0,0.0,0.0,0.0,0.0,1.0,0.0,0.0,4.1e-05
0,prior_0.36_seed_0_ep_000294,294,0.36,0.36,0.327,0.340208,0.351881,0.340208,0.351881,0.044269,0.0,0.0,0.0,0.0,0.0,1.0,0.0,0.0,0.00196
0,prior_0.36_seed_0_ep_000295,295,0.36,0.36,0.3628,0.340208,0.351881,0.339557,0.351881,0.997869,1.0,1.0,1.0,1.0,0.0,0.0,0.0,0.0,5e-06
0,prior_0.36_seed_0_ep_000296,296,0.36,0.36,0.3491,0.339557,0.351881,0.340716,0.354075,0.877887,1.0,0.0,1.0,0.0,0.0,0.0,1.0,1.0,0.770686
0,prior_0.36_seed_0_ep_000297,297,0.36,0.36,0.3553,0.340716,0.354075,0.341918,0.354075,0.972675,1.0,0.0,1.0,0.0,0.0,0.0,1.0,1.0,0.946097
0,prior_0.36_seed_0_ep_000298,298,0.36,0.36,0.3391,0.341918,0.354075,0.341918,0.354075,0.385125,0.0,0.0,0.0,0.0,0.0,1.0,0.0,0.0,0.148321
0,prior_0.36_seed_0_ep_000299,299,0.36,0.36,0.2721,0.341918,0.354075,0.341918,0.354075,0.0,0.0,0.0,0.0,0.0,0.0,1.0,0.0,0.0,0.0
1,prior_0.36_seed_1_ep_000000,0,0.36,0.36,0.3752,0.360986,0.49232,0.314556,0.40674,0.572204,1.0,1.0,1.0,1.0,0.0,0.0,0.0,0.0,0.183009
1,prior_0.36_seed_1_ep_000001,1,0.36,0.36,0.2891,0.314556,0.40674,0.314556,0.40674,0.322889,0.0,0.0,0.0,0.0,0.0,1.0,0.0,0.0,0.104257
1,prior_0.36_seed_1_ep_000002,2,0.36,0.36,0.4186,0.314556,0.40674,0.307347,0.391379,0.969354,1.0,1.0,1.0,1.0,0.0,0.0,0.0,0.0,0.000939
1,prior_0.36_seed_1_ep_000003,3,0.36,0.36,0.355,0.307347,0.391379,0.354133,0.415517,0.800979,1.0,0.0,1.0,0.0,0.0,0.0,1.0,1.0,0.641568
1,prior_0.36_seed_1_ep_000004,4,0.36,0.36,0.3361,0.354133,0.415517,0.354133,0.415517,0.297293,0.0,0.0,0.0,0.0,0.0,1.0,0.0,0.0,0.088383
1,prior_0.36_seed_1_ep_000005,5,0.36,0.36,0.3881,0.354133,0.415517,0.343104,0.397962,0.815638,1.0,1.0,1.0,1.0,0.0,0.0,0.0,0.0,0.033989
1,prior_0.36_seed_1_ep_000006,6,0.36,0.36,0.2798,0.343104,0.397962,0.349173,0.400157,0.0494,0.0,0.0,1.0,0.0,1.0,0.0,1.0,1.0,0.00244
1,prior_0.36_seed_1_ep_000007,7,0.36,0.36,0.379,0.349173,0.400157,0.340582,0.386991,0.828445,1.0,1.0,1.0,1.0,0.0,0.0,0.0,0.0,0.029431
1,prior_0.36_seed_1_ep_000008,8,0.36,0.36,0.3941,0.340582,0.386991,0.335989,0.380408,0.970452,1.0,1.0,1.0,1.0,0.0,0.0,0.0,0.0,0.000873
1,prior_0.36_seed_1_ep_000009,9,0.36,0.36,0.6464,0.335989,0.380408,0.335988,0.380408,1.0,1.0,1.0,1.0,1.0,0.0,0.0,0.0,0.0,0.0
1,prior_0.36_seed_1_ep_000010,10,0.36,0.36,0.3096,0.335988,0.380408,0.343827,0.384796,0.173142,0.0,0.0,1.0,0.0,1.0,0.0,1.0,1.0,0.029978
1,prior_0.36_seed_1_ep_000011,11,0.36,0.36,0.387,0.343827,0.384796,0.339516,0.378213,0.961168,1.0,1.0,1.0,1.0,0.0,0.0,0.0,0.0,0.001508
1,prior_0.36_seed_1_ep_000012,12,0.36,0.36,0.2259,0.339516,0.378213,0.340186,0.380408,4.6e-05,0.0,0.0,1.0,0.0,1.0,0.0,1.0,1.0,0.0
1,prior_0.36_seed_1_ep_000013,13,0.36,0.36,0.6995,0.340186,0.380408,0.340185,0.380408,1.0,1.0,1.0,1.0,1.0,0.0,0.0,0.0,0.0,0.0
1,prior_0.36_seed_1_ep_000014,14,0.36,0.36,0.3107,0.340185,0.380408,0.340185,0.380408,0.121319,0.0,0.0,0.0,0.0,0.0,1.0,0.0,0.0,0.014718
1,prior_0.36_seed_1_ep_000015,15,0.36,0.36,0.3486,0.340185,0.380408,0.349973,0.384796,0.624742,1.0,0.0,1.0,0.0,0.0,0.0,1.0,1.0,0.390303
1,prior_0.36_seed_1_ep_000016,16,0.36,0.36,0.3526,0.349973,0.384796,0.357588,0.391379,0.546264,1.0,0.0,1.0,0.0,0.0,0.0,1.0,1.0,0.298405
1,prior_0.36_seed_1_ep_000017,17,0.36,0.36,0.3611,0.357588,0.391379,0.351526,0.382602,0.57658,1.0,1.0,1.0,1.0,0.0,0.0,0.0,0.0,0.179285
1,prior_0.36_seed_1_ep_000018,18,0.36,0.36,0.5033,0.351526,0.382602,0.351427,0.382602,1.0,1.0,1.0,1.0,1.0,0.0,0.0,0.0,0.0,0.0
1,prior_0.36_seed_1_ep_000019,19,0.36,0.36,0.3397,0.351427,0.382602,0.351427,0.382602,0.272894,0.0,0.0,0.0,0.0,0.0,1.0,0.0,0.0,0.074471
1,prior_0.36_seed_1_ep_000020,20,0.36,0.36,0.4702,0.351427,0.382602,0.351139,0.382602,1.0,1.0,1.0,1.0,1.0,0.0,0.0,0.0,0.0,0.0
1,prior_0.36_seed_1_ep_000021,21,0.36,0.36,0.2577,0.351139,0.382602,0.351139,0.382602,1.3e-05,0.0,0.0,0.0,0.0,0.0,1.0,0.0,0.0,0.0
1,prior_0.36_seed_1_ep_000022,22,0.36,0.36,0.4427,0.351139,0.382602,0.350475,0.382602,0.999998,1.0,1.0,1.0,1.0,0.0,0.0,0.0,0.0,0.0
1,prior_0.36_seed_1_ep_000023,23,0.36,0.36,0.2426,0.350475,0.382602,0.350475,0.382602,1e-06,0.0,0.0,0.0,0.0,0.0,1.0,0.0,0.0,0.0
1,prior_0.36_seed_1_ep_000024,24,0.36,0.36,0.4852,0.350475,0.382602,0.350309,0.382602,1.0,1.0,1.0,1.0,1.0,0.0,0.0,0.0,0.0,0.0
1,prior_0.36_seed_1_ep_000025,25,0.36,0.36,0.4606,0.350309,0.382602,0.349948,0.380408,1.0,1.0,1.0,1.0,1.0,0.0,0.0,0.0,0.0,0.0
1,prior_0.36_seed_1_ep_000026,26,0.36,0.36,0.3587,0.349948,0.380408,0.356404,0.384796,0.685945,1.0,0.0,1.0,0.0,0.0,0.0,1.0,1.0,0.470521
1,prior_0.36_seed_1_ep_000027,27,0.36,0.36,0.5181,0.356404,0.384796,0.356345,0.384796,1.0,1.0,1.0,1.0,1.0,0.0,0.0,0.0,0.0,0.0
1,prior_0.36_seed_1_ep_000028,28,0.36,0.36,0.4694,0.356345,0.384796,0.356061,0.384796,1.0,1.0,1.0,1.0,1.0,0.0,0.0,0.0,0.0,0.0
1,prior_0.36_seed_1_ep_000029,29,0.36,0.36,0.2327,0.356061,0.384796,0.356275,0.384796,0.0,0.0,0.0,1.0,0.0,1.0,0.0,1.0,1.0,0.0
1,prior_0.36_seed_1_ep_000030,30,0.36,0.36,0.3069,0.356275,0.384796,0.356275,0.384796,0.004368,0.0,0.0,0.0,0.0,0.0,1.0,0.0,0.0,1.9e-05
1,prior_0.36_seed_1_ep_000031,31,0.36,0.36,0.3413,0.356275,0.384796,0.356275,0.384796,0.210915,0.0,0.0,0.0,0.0,0.0,1.0,0.0,0.0,0.044485
1,prior_0.36_seed_1_ep_000032,32,0.36,0.36,0.3602,0.356275,0.384796,0.351584,0.380408,0.56736,1.0,1.0,1.0,1.0,0.0,0.0,0.0,0.0,0.187177
1,prior_0.36_seed_1_ep_000033,33,0.36,0.36,0.2341,0.351584,0.380408,0.351584,0.380408,0.0,0.0,0.0,0.0,0.0,0.0,1.0,0.0,0.0,0.0
1,prior_0.36_seed_1_ep_000034,34,0.36,0.36,0.2558,0.351584,0.380408,0.352059,0.380408,1e-06,0.0,0.0,1.0,0.0,1.0,0.0,1.0,1.0,0.0
1,prior_0.36_seed_1_ep_000035,35,0.36,0.36,0.4663,0.352059,0.380408,0.351813,0.380408,1.0,1.0,1.0,1.0,1.0,0.0,0.0,0.0,0.0,0.0
1,prior_0.36_seed_1_ep_000036,36,0.36,0.36,0.3019,0.351813,0.380408,0.351813,0.380408,0.003261,0.0,0.0,0.0,0.0,0.0,1.0,0.0,0.0,1.1e-05
1,prior_0.36_seed_1_ep_000037,37,0.36,0.36,0.2673,0.351813,0.380408,0.351813,0.380408,5e-06,0.0,0.0,0.0,0.0,0.0,1.0,0.0,0.0,0.0
1,prior_0.36_seed_1_ep_000038,38,0.36,0.36,0.3919,0.351813,0.380408,0.349734,0.376019,0.99199,1.0,1.0,1.0,1.0,0.0,0.0,0.0,0.0,6.4e-05
1,prior_0.36_seed_1_ep_000039,39,0.36,0.36,0.4014,0.349734,0.376019,0.348243,0.376019,0.999173,1.0,1.0,1.0,1.0,0.0,0.0,0.0,0.0,1e-06
1,prior_0.36_seed_1_ep_000040,40,0.36,0.36,0.5366,0.348243,0.376019,0.348223,0.376019,1.0,1.0,1.0,1.0,1.0,0.0,0.0,0.0,0.0,0.0
1,prior_0.36_seed_1_ep_000041,41,0.36,0.36,0.3312,0.348223,0.376019,0.348223,0.376019,0.150589,0.0,0.0,0.0,0.0,0.0,1.0,0.0,0.0,0.022677
1,prior_0.36_seed_1_ep_000042,42,0.36,0.36,0.4487,0.348223,0.376019,0.347878,0.373824,1.0,1.0,1.0,1.0,1.0,0.0,0.0,0.0,0.0,0.0
1,prior_0.36_seed_1_ep_000043,43,0.36,0.36,0.2864,0.347878,0.373824,0.347878,0.373824,0.000372,0.0,0.0,0.0,0.0,0.0,1.0,0.0,0.0,0.0
1,prior_0.36_seed_1_ep_000044,44,0.36,0.36,0.353,0.347878,0.373824,0.352505,0.378213,0.613851,1.0,0.0,1.0,0.0,0.0,0.0,1.0,1.0,0.376813
1,prior_0.36_seed_1_ep_000045,45,0.36,0.36,0.3097,0.352505,0.378213,0.352505,0.378213,0.004331,0.0,0.0,0.0,0.0,0.0,1.0,0.0,0.0,1.9e-05
1,prior_0.36_seed_1_ep_000046,46,0.36,0.36,0.2419,0.352505,0.378213,0.352505,0.378213,0.0,0.0,0.0,0.0,0.0,0.0,1.0,0.0,0.0,0.0
1,prior_0.36_seed_1_ep_000047,47,0.36,0.36,0.3755,0.352505,0.378213,0.349955,0.373824,0.925448,1.0,1.0,1.0,1.0,0.0,0.0,0.0,0.0,0.005558
1,prior_0.36_seed_1_ep_000048,48,0.36,0.36,0.4651,0.349955,0.373824,0.349771,0.373824,1.0,1.0,1.0,1.0,1.0,0.0,0.0,0.0,0.0,0.0
1,prior_0.36_seed_1_ep_000049,49,0.36,0.36,0.4634,0.349771,0.373824,0.349579,0.373824,1.0,1.0,1.0,1.0,1.0,0.0,0.0,0.0,0.0,0.0
1,prior_0.36_seed_1_ep_000050,50,0.36,0.36,0.3553,0.349579,0.373824,0.35363,0.378213,0.636142,1.0,0.0,1.0,0.0,0.0,0.0,1.0,1.0,0.404677
1,prior_0.36_seed_1_ep_000051,51,0.36,0.36,0.32,0.35363,0.378213,0.35363,0.378213,0.013647,0.0,0.0,0.0,0.0,0.0,1.0,0.0,0.0,0.000186
1,prior_0.36_seed_1_ep_000052,52,0.36,0.36,0.4074,0.35363,0.378213,0.352572,0.376019,0.999929,1.0,1.0,1.0,1.0,0.0,0.0,0.0,0.0,0.0
1,prior_0.36_seed_1_ep_000053,53,0.36,0.36,0.6113,0.352572,0.376019,0.35257,0.376019,1.0,1.0,1.0,1.0,1.0,0.0,0.0,0.0,0.0,0.0
1,prior_0.36_seed_1_ep_000054,54,0.36,0.36,0.6857,0.35257,0.376019,0.35257,0.376019,1.0,1.0,1.0,1.0,1.0,0.0,0.0,0.0,0.0,0.0
1,prior_0.36_seed_1_ep_000055,55,0.36,0.36,0.2544,0.35257,0.376019,0.35257,0.376019,0.0,0.0,0.0,0.0,0.0,0.0,1.0,0.0,0.0,0.0
1,prior_0.36_seed_1_ep_000056,56,0.36,0.36,0.4477,0.35257,0.376019,0.352265,0.376019,1.0,1.0,1.0,1.0,1.0,0.0,0.0,0.0,0.0,0.0
1,prior_0.36_seed_1_ep_000057,57,0.36,0.36,0.373,0.352265,0.376019,0.349996,0.373824,0.924086,1.0,1.0,1.0,1.0,0.0,0.0,0.0,0.0,0.005763
1,prior_0.36_seed_1_ep_000058,58,0.36,0.36,0.4359,0.349996,0.373824,0.349607,0.37163,1.0,1.0,1.0,1.0,1.0,0.0,0.0,0.0,0.0,0.0
1,prior_0.36_seed_1_ep_000059,59,0.36,0.36,0.2288,0.349607,0.37163,0.349607,0.37163,0.0,0.0,0.0,0.0,0.0,0.0,1.0,0.0,0.0,0.0
1,prior_0.36_seed_1_ep_000060,60,0.36,0.36,0.3934,0.349607,0.37163,0.348332,0.37163,0.999186,1.0,1.0,1.0,1.0,0.0,0.0,0.0,0.0,1e-06
1,prior_0.36_seed_1_ep_000061,61,0.36,0.36,0.3028,0.348332,0.37163,0.349565,0.37163,0.001188,0.0,0.0,1.0,0.0,1.0,0.0,1.0,1.0,1e-06
1,prior_0.36_seed_1_ep_000062,62,0.36,0.36,0.2275,0.349565,0.37163,0.349565,0.37163,0.0,0.0,0.0,0.0,0.0,0.0,1.0,0.0,0.0,0.0
1,prior_0.36_seed_1_ep_000063,63,0.36,0.36,0.3926,0.349565,0.37163,0.348346,0.369436,0.999428,1.0,1.0,1.0,1.0,0.0,0.0,0.0,0.0,0.0
1,prior_0.36_seed_1_ep_000064,64,0.36,0.36,0.3505,0.348346,0.369436,0.35139,0.37163,0.563926,1.0,0.0,1.0,0.0,0.0,0.0,1.0,1.0,0.318013
1,prior_0.36_seed_1_ep_000065,65,0.36,0.36,0.2693,0.35139,0.37163,0.351771,0.373824,0.0,0.0,0.0,1.0,0.0,1.0,0.0,1.0,1.0,0.0
1,prior_0.36_seed_1_ep_000066,66,0.36,0.36,0.464,0.351771,0.373824,0.351631,0.37163,1.0,1.0,1.0,1.0,1.0,0.0,0.0,0.0,0.0,0.0
1,prior_0.36_seed_1_ep_000067,67,0.36,0.36,0.3289,0.351631,0.37163,0.351631,0.37163,0.042426,0.0,0.0,0.0,0.0,0.0,1.0,0.0,0.0,0.0018
1,prior_0.36_seed_1_ep_000068,68,0.36,0.36,0.4841,0.351631,0.37163,0.351559,0.37163,1.0,1.0,1.0,1.0,1.0,0.0,0.0,0.0,0.0,0.0
1,prior_0.36_seed_1_ep_000069,69,0.36,0.36,0.3642,0.351559,0.37163,0.349406,0.369436,0.830651,1.0,1.0,1.0,1.0,0.0,0.0,0.0,0.0,0.028679
1,prior_0.36_seed_1_ep_000070,70,0.36,0.36,0.4726,0.349406,0.369436,0.349311,0.369436,1.0,1.0,1.0,1.0,1.0,0.0,0.0,0.0,0.0,0.0
1,prior_0.36_seed_1_ep_000071,71,0.36,0.36,0.464,0.349311,0.369436,0.349187,0.369436,1.0,1.0,1.0,1.0,1.0,0.0,0.0,0.0,0.0,0.0
1,prior_0.36_seed_1_ep_000072,72,0.36,0.36,0.5304,0.349187,0.369436,0.349173,0.369436,1.0,1.0,1.0,1.0,1.0,0.0,0.0,0.0,0.0,0.0
1,prior_0.36_seed_1_ep_000073,73,0.36,0.36,0.504,0.349173,0.369436,0.34914,0.369436,1.0,1.0,1.0,1.0,1.0,0.0,0.0,0.0,0.0,0.0
1,prior_0.36_seed_1_ep_000074,74,0.36,0.36,0.315,0.34914,0.369436,0.34914,0.369436,0.005935,0.0,0.0,0.0,0.0,0.0,1.0,0.0,0.0,3.5e-05
1,prior_0.36_seed_1_ep_000075,75,0.36,0.36,0.2545,0.34914,0.369436,0.34914,0.369436,0.0,0.0,0.0,0.0,0.0,0.0,1.0,0.0,0.0,0.0
1,prior_0.36_seed_1_ep_000076,76,0.36,0.36,0.3365,0.34914,0.369436,0.34914,0.369436,0.181698,0.0,0.0,0.0,0.0,0.0,1.0,0.0,0.0,0.033014
1,prior_0.36_seed_1_ep_000077,77,0.36,0.36,0.3555,0.34914,0.369436,0.352009,0.37163,0.677631,1.0,0.0,1.0,0.0,0.0,0.0,1.0,1.0,0.459184
1,prior_0.36_seed_1_ep_000078,78,0.36,0.36,0.2926,0.352009,0.37163,0.352009,0.37163,4e-06,0.0,0.0,0.0,0.0,0.0,1.0,0.0,0.0,0.0
1,prior_0.36_seed_1_ep_000079,79,0.36,0.36,0.2835,0.352009,0.37163,0.35251,0.37163,0.0,0.0,0.0,1.0,0.0,1.0,0.0,1.0,1.0,0.0
1,prior_0.36_seed_1_ep_000080,80,0.36,0.36,0.4619,0.35251,0.37163,0.352375,0.37163,1.0,1.0,1.0,1.0,1.0,0.0,0.0,0.0,0.0,0.0
1,prior_0.36_seed_1_ep_000081,81,0.36,0.36,0.2951,0.352375,0.37163,0.352375,0.37163,9e-06,0.0,0.0,0.0,0.0,0.0,1.0,0.0,0.0,0.0
1,prior_0.36_seed_1_ep_000082,82,0.36,0.36,0.3916,0.352375,0.37163,0.351312,0.37163,0.999648,1.0,1.0,1.0,1.0,0.0,0.0,0.0,0.0,0.0
1,prior_0.36_seed_1_ep_000083,83,0.36,0.36,0.358,0.351312,0.37163,0.353913,0.373824,0.688287,1.0,0.0,1.0,0.0,0.0,0.0,1.0,1.0,0.473738
1,prior_0.36_seed_1_ep_000084,84,0.36,0.36,0.4791,0.353913,0.373824,0.353839,0.373824,1.0,1.0,1.0,1.0,1.0,0.0,0.0,0.0,0.0,0.0
1,prior_0.36_seed_1_ep_000085,85,0.36,0.36,0.2598,0.353839,0.373824,0.353839,0.373824,0.0,0.0,0.0,0.0,0.0,0.0,1.0,0.0,0.0,0.0
1,prior_0.36_seed_1_ep_000086,86,0.36,0.36,0.2687,0.353839,0.373824,0.353839,0.373824,0.0,0.0,0.0,0.0,0.0,0.0,1.0,0.0,0.0,0.0
1,prior_0.36_seed_1_ep_000087,87,0.36,0.36,0.2583,0.353839,0.373824,0.353839,0.373824,0.0,0.0,0.0,0.0,0.0,0.0,1.0,0.0,0.0,0.0
1,prior_0.36_seed_1_ep_000088,88,0.36,0.36,0.3233,0.353839,0.373824,0.353839,0.373824,0.004691,0.0,0.0,0.0,0.0,0.0,1.0,0.0,0.0,2.2e-05
1,prior_0.36_seed_1_ep_000089,89,0.36,0.36,0.4616,0.353839,0.373824,0.353709,0.37163,1.0,1.0,1.0,1.0,1.0,0.0,0.0,0.0,0.0,0.0
1,prior_0.36_seed_1_ep_000090,90,0.36,0.36,0.3812,0.353709,0.37163,0.352413,0.37163,0.992372,1.0,1.0,1.0,1.0,0.0,0.0,0.0,0.0,5.8e-05
1,prior_0.36_seed_1_ep_000091,91,0.36,0.36,0.2516,0.352413,0.37163,0.352413,0.37163,0.0,0.0,0.0,0.0,0.0,0.0,1.0,0.0,0.0,0.0
1,prior_0.36_seed_1_ep_000092,92,0.36,0.36,0.4435,0.352413,0.37163,0.352198,0.37163,1.0,1.0,1.0,1.0,1.0,0.0,0.0,0.0,0.0,0.0
1,prior_0.36_seed_1_ep_000093,93,0.36,0.36,0.3651,0.352198,0.37163,0.350482,0.369436,0.887677,1.0,1.0,1.0,1.0,0.0,0.0,0.0,0.0,0.012616
1,prior_0.36_seed_1_ep_000094,94,0.36,0.36,0.4097,0.350482,0.369436,0.349938,0.369436,1.0,1.0,1.0,1.0,1.0,0.0,0.0,0.0,0.0,0.0
1,prior_0.36_seed_1_ep_000095,95,0.36,0.36,0.613,0.349938,0.369436,0.349937,0.369436,1.0,1.0,1.0,1.0,1.0,0.0,0.0,0.0,0.0,0.0
1,prior_0.36_seed_1_ep_000096,96,0.36,0.36,0.3705,0.349937,0.369436,0.348514,0.367241,0.967508,1.0,1.0,1.0,1.0,0.0,0.0,0.0,0.0,0.001056
1,prior_0.36_seed_1_ep_000097,97,0.36,0.36,0.3003,0.348514,0.367241,0.349245,0.367241,3.7e-05,0.0,0.0,1.0,0.0,1.0,0.0,1.0,1.0,0.0
1,prior_0.36_seed_1_ep_000098,98,0.36,0.36,0.3366,0.349245,0.367241,0.349245,0.367241,0.147907,0.0,0.0,0.0,0.0,0.0,1.0,0.0,0.0,0.021876
1,prior_0.36_seed_1_ep_000099,99,0.36,0.36,0.2818,0.349245,0.367241,0.349245,0.367241,0.0,0.0,0.0,0.0,0.0,0.0,1.0,0.0,0.0,0.0
1,prior_0.36_seed_1_ep_000100,100,0.36,0.36,0.3167,0.349245,0.367241,0.349245,0.367241,0.001941,0.0,0.0,0.0,0.0,0.0,1.0,0.0,0.0,4e-06
1,prior_0.36_seed_1_ep_000101,101,0.36,0.36,0.455,0.349245,0.367241,0.349121,0.367241,1.0,1.0,1.0,1.0,1.0,0.0,0.0,0.0,0.0,0.0
1,prior_0.36_seed_1_ep_000102,102,0.36,0.36,0.2393,0.349121,0.367241,0.349121,0.367241,0.0,0.0,0.0,0.0,0.0,0.0,1.0,0.0,0.0,0.0
1,prior_0.36_seed_1_ep_000103,103,0.36,0.36,0.3216,0.349121,0.367241,0.349121,0.367241,0.009592,0.0,0.0,0.0,0.0,0.0,1.0,0.0,0.0,9.2e-05
1,prior_0.36_seed_1_ep_000104,104,0.36,0.36,0.4523,0.349121,0.367241,0.348987,0.367241,1.0,1.0,1.0,1.0,1.0,0.0,0.0,0.0,0.0,0.0
1,prior_0.36_seed_1_ep_000105,105,0.36,0.36,0.5238,0.348987,0.367241,0.348975,0.367241,1.0,1.0,1.0,1.0,1.0,0.0,0.0,0.0,0.0,0.0
1,prior_0.36_seed_1_ep_000106,106,0.36,0.36,0.4261,0.348975,0.367241,0.348673,0.367241,1.0,1.0,1.0,1.0,1.0,0.0,0.0,0.0,0.0,0.0
1,prior_0.36_seed_1_ep_000107,107,0.36,0.36,0.4277,0.348673,0.367241,0.34839,0.367241,1.0,1.0,1.0,1.0,1.0,0.0,0.0,0.0,0.0,0.0
1,prior_0.36_seed_1_ep_000108,108,0.36,0.36,0.5522,0.34839,0.367241,0.348385,0.367241,1.0,1.0,1.0,1.0,1.0,0.0,0.0,0.0,0.0,0.0
1,prior_0.36_seed_1_ep_000109,109,0.36,0.36,0.5353,0.348385,0.367241,0.348377,0.367241,1.0,1.0,1.0,1.0,1.0,0.0,0.0,0.0,0.0,0.0
1,prior_0.36_seed_1_ep_000110,110,0.36,0.36,0.319,0.348377,0.367241,0.348377,0.367241,0.006622,0.0,0.0,0.0,0.0,0.0,1.0,0.0,0.0,4.4e-05
1,prior_0.36_seed_1_ep_000111,111,0.36,0.36,0.2498,0.348377,0.367241,0.348377,0.367241,0.0,0.0,0.0,0.0,0.0,0.0,1.0,0.0,0.0,0.0
1,prior_0.36_seed_1_ep_000112,112,0.36,0.36,0.3825,0.348377,0.367241,0.347398,0.365047,0.999099,1.0,1.0,1.0,1.0,0.0,0.0,0.0,0.0,1e-06
1,prior_0.36_seed_1_ep_000113,113,0.36,0.36,0.3903,0.347398,0.365047,0.346626,0.365047,0.999981,1.0,1.0,1.0,1.0,0.0,0.0,0.0,0.0,0.0
1,prior_0.36_seed_1_ep_000114,114,0.36,0.36,0.3765,0.346626,0.365047,0.345574,0.362853,0.998228,1.0,1.0,1.0,1.0,0.0,0.0,0.0,0.0,3e-06
1,prior_0.36_seed_1_ep_000115,115,0.36,0.36,0.6456,0.345574,0.362853,0.345574,0.362853,1.0,1.0,1.0,1.0,1.0,0.0,0.0,0.0,0.0,0.0
1,prior_0.36_seed_1_ep_000116,116,0.36,0.36,0.3488,0.345574,0.362853,0.347555,0.365047,0.604176,1.0,0.0,1.0,0.0,0.0,0.0,1.0,1.0,0.365029
1,prior_0.36_seed_1_ep_000117,117,0.36,0.36,0.4017,0.347555,0.365047,0.347026,0.362853,1.0,1.0,1.0,1.0,1.0,0.0,0.0,0.0,0.0,0.0
1,prior_0.36_seed_1_ep_000118,118,0.36,0.36,0.2876,0.347026,0.362853,0.347026,0.362853,0.0,0.0,0.0,0.0,0.0,0.0,1.0,0.0,0.0,0.0
1,prior_0.36_seed_1_ep_000119,119,0.36,0.36,0.2987,0.347026,0.362853,0.347026,0.362853,8e-06,0.0,0.0,0.0,0.0,0.0,1.0,0.0,0.0,0.0
1,prior_0.36_seed_1_ep_000120,120,0.36,0.36,0.5281,0.347026,0.362853,0.347017,0.362853,1.0,1.0,1.0,1.0,1.0,0.0,0.0,0.0,0.0,0.0
1,prior_0.36_seed_1_ep_000121,121,0.36,0.36,0.4803,0.347017,0.362853,0.346973,0.362853,1.0,1.0,1.0,1.0,1.0,0.0,0.0,0.0,0.0,0.0
1,prior_0.36_seed_1_ep_000122,122,0.36,0.36,0.3916,0.346973,0.362853,0.346298,0.362853,0.999998,1.0,1.0,1.0,1.0,0.0,0.0,0.0,0.0,0.0
1,prior_0.36_seed_1_ep_000123,123,0.36,0.36,0.3144,0.346298,0.362853,0.346298,0.362853,0.001354,0.0,0.0,0.0,0.0,0.0,1.0,0.0,0.0,2e-06
1,prior_0.36_seed_1_ep_000124,124,0.36,0.36,0.5199,0.346298,0.362853,0.346286,0.362853,1.0,1.0,1.0,1.0,1.0,0.0,0.0,0.0,0.0,0.0
1,prior_0.36_seed_1_ep_000125,125,0.36,0.36,0.2503,0.346286,0.362853,0.346286,0.362853,0.0,0.0,0.0,0.0,0.0,0.0,1.0,0.0,0.0,0.0
1,prior_0.36_seed_1_ep_000126,126,0.36,0.36,0.3781,0.346286,0.362853,0.345365,0.362853,0.998997,1.0,1.0,1.0,1.0,0.0,0.0,0.0,0.0,1e-06
1,prior_0.36_seed_1_ep_000127,127,0.36,0.36,0.3214,0.345365,0.362853,0.345365,0.362853,0.015066,0.0,0.0,0.0,0.0,0.0,1.0,0.0,0.0,0.000227
1,prior_0.36_seed_1_ep_000128,128,0.36,0.36,0.3433,0.345365,0.362853,0.345365,0.362853,0.448066,0.0,0.0,0.0,0.0,0.0,1.0,0.0,0.0,0.200763
1,prior_0.36_seed_1_ep_000129,129,0.36,0.36,0.2545,0.345365,0.362853,0.345365,0.362853,0.0,0.0,0.0,0.0,0.0,0.0,1.0,0.0,0.0,0.0
1,prior_0.36_seed_1_ep_000130,130,0.36,0.36,0.2006,0.345365,0.362853,0.345365,0.362853,0.0,0.0,0.0,0.0,0.0,0.0,1.0,0.0,0.0,0.0
1,prior_0.36_seed_1_ep_000131,131,0.36,0.36,0.2947,0.345365,0.362853,0.345938,0.362853,3e-06,0.0,0.0,1.0,0.0,1.0,0.0,1.0,1.0,0.0
1,prior_0.36_seed_1_ep_000132,132,0.36,0.36,0.5149,0.345938,0.362853,0.345925,0.362853,1.0,1.0,1.0,1.0,1.0,0.0,0.0,0.0,0.0,0.0
1,prior_0.36_seed_1_ep_000133,133,0.36,0.36,0.292,0.345925,0.362853,0.345925,0.362853,1e-06,0.0,0.0,0.0,0.0,0.0,1.0,0.0,0.0,0.0
1,prior_0.36_seed_1_ep_000134,134,0.36,0.36,0.3499,0.345925,0.362853,0.347729,0.362853,0.678762,1.0,0.0,1.0,0.0,0.0,0.0,1.0,1.0,0.460718
1,prior_0.36_seed_1_ep_000135,135,0.36,0.36,0.3139,0.347729,0.362853,0.347729,0.362853,0.000559,0.0,0.0,0.0,0.0,0.0,1.0,0.0,0.0,0.0
1,prior_0.36_seed_1_ep_000136,136,0.36,0.36,0.3532,0.347729,0.362853,0.349494,0.365047,0.697091,1.0,0.0,1.0,0.0,0.0,0.0,1.0,1.0,0.485936
1,prior_0.36_seed_1_ep_000137,137,0.36,0.36,0.3303,0.349494,0.365047,0.350588,0.367241,0.031924,0.0,0.0,1.0,0.0,1.0,0.0,1.0,1.0,0.001019
1,prior_0.36_seed_1_ep_000138,138,0.36,0.36,0.3213,0.350588,0.367241,0.350588,0.367241,0.002246,0.0,0.0,0.0,0.0,0.0,1.0,0.0,0.0,5e-06
1,prior_0.36_seed_1_ep_000139,139,0.36,0.36,0.2242,0.350588,0.367241,0.350636,0.367241,0.0,0.0,0.0,1.0,0.0,1.0,0.0,1.0,1.0,0.0
1,prior_0.36_seed_1_ep_000140,140,0.36,0.36,0.3891,0.350636,0.367241,0.349965,0.365047,0.999973,1.0,1.0,1.0,1.0,0.0,0.0,0.0,0.0,0.0
1,prior_0.36_seed_1_ep_000141,141,0.36,0.36,0.491,0.349965,0.365047,0.349937,0.365047,1.0,1.0,1.0,1.0,1.0,0.0,0.0,0.0,0.0,0.0
1,prior_0.36_seed_1_ep_000142,142,0.36,0.36,0.3692,0.349937,0.365047,0.3489,0.365047,0.975171,1.0,1.0,1.0,1.0,0.0,0.0,0.0,0.0,0.000616
1,prior_0.36_seed_1_ep_000143,143,0.36,0.36,0.4871,0.3489,0.365047,0.34887,0.365047,1.0,1.0,1.0,1.0,1.0,0.0,0.0,0.0,0.0,0.0
1,prior_0.36_seed_1_ep_000144,144,0.36,0.36,0.228,0.34887,0.365047,0.34887,0.365047,0.0,0.0,0.0,0.0,0.0,0.0,1.0,0.0,0.0,0.0
1,prior_0.36_seed_1_ep_000145,145,0.36,0.36,0.5169,0.34887,0.365047,0.348858,0.365047,1.0,1.0,1.0,1.0,1.0,0.0,0.0,0.0,0.0,0.0
1,prior_0.36_seed_1_ep_000146,146,0.36,0.36,0.3089,0.348858,0.365047,0.348858,0.365047,3.9e-05,0.0,0.0,0.0,0.0,0.0,1.0,0.0,0.0,0.0
1,prior_0.36_seed_1_ep_000147,147,0.36,0.36,0.5265,0.348858,0.365047,0.34885,0.365047,1.0,1.0,1.0,1.0,1.0,0.0,0.0,0.0,0.0,0.0
1,prior_0.36_seed_1_ep_000148,148,0.36,0.36,0.4912,0.34885,0.365047,0.348823,0.365047,1.0,1.0,1.0,1.0,1.0,0.0,0.0,0.0,0.0,0.0
1,prior_0.36_seed_1_ep_000149,149,0.36,0.36,0.2734,0.348823,0.365047,0.348823,0.365047,0.0,0.0,0.0,0.0,0.0,0.0,1.0,0.0,0.0,0.0
1,prior_0.36_seed_1_ep_000150,150,0.36,0.36,0.3418,0.348823,0.365047,0.348823,0.365047,0.233398,0.0,0.0,0.0,0.0,0.0,1.0,0.0,0.0,0.054475
1,prior_0.36_seed_1_ep_000151,151,0.36,0.36,0.2557,0.348823,0.365047,0.348823,0.365047,0.0,0.0,0.0,0.0,0.0,0.0,1.0,0.0,0.0,0.0
1,prior_0.36_seed_1_ep_000152,152,0.36,0.36,0.3358,0.348823,0.365047,0.348823,0.365047,0.080326,0.0,0.0,0.0,0.0,0.0,1.0,0.0,0.0,0.006452
1,prior_0.36_seed_1_ep_000153,153,0.36,0.36,0.4157,0.348823,0.365047,0.348526,0.362853,1.0,1.0,1.0,1.0,1.0,0.0,0.0,0.0,0.0,0.0
1,prior_0.36_seed_1_ep_000154,154,0.36,0.36,0.2516,0.348526,0.362853,0.348526,0.362853,0.0,0.0,0.0,0.0,0.0,0.0,1.0,0.0,0.0,0.0
1,prior_0.36_seed_1_ep_000155,155,0.36,0.36,0.4043,0.348526,0.362853,0.34812,0.362853,1.0,1.0,1.0,1.0,1.0,0.0,0.0,0.0,0.0,0.0
1,prior_0.36_seed_1_ep_000156,156,0.36,0.36,0.4933,0.34812,0.362853,0.348096,0.362853,1.0,1.0,1.0,1.0,1.0,0.0,0.0,0.0,0.0,0.0
1,prior_0.36_seed_1_ep_000157,157,0.36,0.36,0.2956,0.348096,0.362853,0.348096,0.362853,0.0,0.0,0.0,0.0,0.0,0.0,1.0,0.0,0.0,0.0
1,prior_0.36_seed_1_ep_000158,158,0.36,0.36,0.4591,0.348096,0.362853,0.348022,0.362853,1.0,1.0,1.0,1.0,1.0,0.0,0.0,0.0,0.0,0.0
1,prior_0.36_seed_1_ep_000159,159,0.36,0.36,0.4925,0.348022,0.362853,0.347997,0.362853,1.0,1.0,1.0,1.0,1.0,0.0,0.0,0.0,0.0,0.0
1,prior_0.36_seed_1_ep_000160,160,0.36,0.36,0.535,0.347997,0.362853,0.347991,0.362853,1.0,1.0,1.0,1.0,1.0,0.0,0.0,0.0,0.0,0.0
1,prior_0.36_seed_1_ep_000161,161,0.36,0.36,0.4848,0.347991,0.362853,0.34796,0.362853,1.0,1.0,1.0,1.0,1.0,0.0,0.0,0.0,0.0,0.0
1,prior_0.36_seed_1_ep_000162,162,0.36,0.36,0.3507,0.34796,0.362853,0.349465,0.365047,0.613501,1.0,0.0,1.0,0.0,0.0,0.0,1.0,1.0,0.376383
1,prior_0.36_seed_1_ep_000163,163,0.36,0.36,0.3813,0.349465,0.365047,0.34874,0.362853,0.999844,1.0,1.0,1.0,1.0,0.0,0.0,0.0,0.0,0.0
1,prior_0.36_seed_1_ep_000164,164,0.36,0.36,0.3579,0.34874,0.362853,0.350315,0.365047,0.826919,1.0,0.0,1.0,0.0,0.0,0.0,1.0,1.0,0.683795
1,prior_0.36_seed_1_ep_000165,165,0.36,0.36,0.653,0.350315,0.365047,0.350315,0.365047,1.0,1.0,1.0,1.0,1.0,0.0,0.0,0.0,0.0,0.0
1,prior_0.36_seed_1_ep_000166,166,0.36,0.36,0.403,0.350315,0.365047,0.349913,0.365047,1.0,1.0,1.0,1.0,1.0,0.0,0.0,0.0,0.0,0.0
1,prior_0.36_seed_1_ep_000167,167,0.36,0.36,0.4922,0.349913,0.365047,0.349889,0.365047,1.0,1.0,1.0,1.0,1.0,0.0,0.0,0.0,0.0,0.0
1,prior_0.36_seed_1_ep_000168,168,0.36,0.36,0.369,0.349889,0.365047,0.348973,0.362853,0.982218,1.0,1.0,1.0,1.0,0.0,0.0,0.0,0.0,0.000316
1,prior_0.36_seed_1_ep_000169,169,0.36,0.36,0.2576,0.348973,0.362853,0.348973,0.362853,0.0,0.0,0.0,0.0,0.0,0.0,1.0,0.0,0.0,0.0
1,prior_0.36_seed_1_ep_000170,170,0.36,0.36,0.4439,0.348973,0.362853,0.348863,0.362853,1.0,1.0,1.0,1.0,1.0,0.0,0.0,0.0,0.0,0.0
1,prior_0.36_seed_1_ep_000171,171,0.36,0.36,0.4613,0.348863,0.362853,0.3488,0.362853,1.0,1.0,1.0,1.0,1.0,0.0,0.0,0.0,0.0,0.0
1,prior_0.36_seed_1_ep_000172,172,0.36,0.36,0.4616,0.3488,0.362853,0.348738,0.362853,1.0,1.0,1.0,1.0,1.0,0.0,0.0,0.0,0.0,0.0
1,prior_0.36_seed_1_ep_000173,173,0.36,0.36,0.2511,0.348738,0.362853,0.348738,0.362853,0.0,0.0,0.0,0.0,0.0,0.0,1.0,0.0,0.0,0.0
1,prior_0.36_seed_1_ep_000174,174,0.36,0.36,0.3299,0.348738,0.362853,0.349651,0.362853,0.01445,0.0,0.0,1.0,0.0,1.0,0.0,1.0,1.0,0.000209
1,prior_0.36_seed_1_ep_000175,175,0.36,0.36,0.2104,0.349651,0.362853,0.349651,0.362853,0.0,0.0,0.0,0.0,0.0,0.0,1.0,0.0,0.0,0.0
1,prior_0.36_seed_1_ep_000176,176,0.36,0.36,0.4123,0.349651,0.362853,0.349364,0.362853,1.0,1.0,1.0,1.0,1.0,0.0,0.0,0.0,0.0,0.0
1,prior_0.36_seed_1_ep_000177,177,0.36,0.36,0.2569,0.349364,0.362853,0.349364,0.362853,0.0,0.0,0.0,0.0,0.0,0.0,1.0,0.0,0.0,0.0
1,prior_0.36_seed_1_ep_000178,178,0.36,0.36,0.532,0.349364,0.362853,0.349358,0.362853,1.0,1.0,1.0,1.0,1.0,0.0,0.0,0.0,0.0,0.0
1,prior_0.36_seed_1_ep_000179,179,0.36,0.36,0.3922,0.349358,0.362853,0.348863,0.362853,1.0,1.0,1.0,1.0,1.0,0.0,0.0,0.0,0.0,0.0
1,prior_0.36_seed_1_ep_000180,180,0.36,0.36,0.5057,0.348863,0.362853,0.348849,0.362853,1.0,1.0,1.0,1.0,1.0,0.0,0.0,0.0,0.0,0.0
1,prior_0.36_seed_1_ep_000181,181,0.36,0.36,0.3628,0.348849,0.362853,0.347888,0.362853,0.933531,1.0,1.0,1.0,1.0,0.0,0.0,0.0,0.0,0.004418
1,prior_0.36_seed_1_ep_000182,182,0.36,0.36,0.3942,0.347888,0.362853,0.347446,0.360658,1.0,1.0,1.0,1.0,1.0,0.0,0.0,0.0,0.0,0.0
1,prior_0.36_seed_1_ep_000183,183,0.36,0.36,0.4072,0.347446,0.360658,0.347145,0.360658,1.0,1.0,1.0,1.0,1.0,0.0,0.0,0.0,0.0,0.0
1,prior_0.36_seed_1_ep_000184,184,0.36,0.36,0.4515,0.347145,0.360658,0.347069,0.360658,1.0,1.0,1.0,1.0,1.0,0.0,0.0,0.0,0.0,0.0
1,prior_0.36_seed_1_ep_000185,185,0.36,0.36,0.3454,0.347069,0.360658,0.347069,0.360658,0.463019,0.0,0.0,0.0,0.0,0.0,1.0,0.0,0.0,0.214386
1,prior_0.36_seed_1_ep_000186,186,0.36,0.36,0.4973,0.347069,0.360658,0.347052,0.360658,1.0,1.0,1.0,1.0,1.0,0.0,0.0,0.0,0.0,0.0
1,prior_0.36_seed_1_ep_000187,187,0.36,0.36,0.2899,0.347052,0.360658,0.34738,0.360658,0.0,0.0,0.0,1.0,0.0,1.0,0.0,1.0,1.0,0.0
1,prior_0.36_seed_1_ep_000188,188,0.36,0.36,0.4592,0.34738,0.360658,0.347321,0.360658,1.0,1.0,1.0,1.0,1.0,0.0,0.0,0.0,0.0,0.0
1,prior_0.36_seed_1_ep_000189,189,0.36,0.36,0.3235,0.347321,0.360658,0.347321,0.360658,0.004672,0.0,0.0,0.0,0.0,0.0,1.0,0.0,0.0,2.2e-05
1,prior_0.36_seed_1_ep_000190,190,0.36,0.36,0.2844,0.347321,0.360658,0.347321,0.360658,0.0,0.0,0.0,0.0,0.0,0.0,1.0,0.0,0.0,0.0
1,prior_0.36_seed_1_ep_000191,191,0.36,0.36,0.2519,0.347321,0.360658,0.347321,0.360658,0.0,0.0,0.0,0.0,0.0,0.0,1.0,0.0,0.0,0.0
1,prior_0.36_seed_1_ep_000192,192,0.36,0.36,0.4883,0.347321,0.360658,0.347299,0.360658,1.0,1.0,1.0,1.0,1.0,0.0,0.0,0.0,0.0,0.0
1,prior_0.36_seed_1_ep_000193,193,0.36,0.36,0.4722,0.347299,0.360658,0.34726,0.360658,1.0,1.0,1.0,1.0,1.0,0.0,0.0,0.0,0.0,0.0
1,prior_0.36_seed_1_ep_000194,194,0.36,0.36,0.2517,0.34726,0.360658,0.34726,0.360658,0.0,0.0,0.0,0.0,0.0,0.0,1.0,0.0,0.0,0.0
1,prior_0.36_seed_1_ep_000195,195,0.36,0.36,0.3946,0.34726,0.360658,0.346844,0.360658,1.0,1.0,1.0,1.0,1.0,0.0,0.0,0.0,0.0,0.0
1,prior_0.36_seed_1_ep_000196,196,0.36,0.36,0.329,0.346844,0.360658,0.346844,0.360658,0.018988,0.0,0.0,0.0,0.0,0.0,1.0,0.0,0.0,0.000361
1,prior_0.36_seed_1_ep_000197,197,0.36,0.36,0.3078,0.346844,0.360658,0.346844,0.360658,5e-06,0.0,0.0,0.0,0.0,0.0,1.0,0.0,0.0,0.0
1,prior_0.36_seed_1_ep_000198,198,0.36,0.36,0.6238,0.346844,0.360658,0.346844,0.360658,1.0,1.0,1.0,1.0,1.0,0.0,0.0,0.0,0.0,0.0
1,prior_0.36_seed_1_ep_000199,199,0.36,0.36,0.6527,0.346844,0.360658,0.346844,0.360658,1.0,1.0,1.0,1.0,1.0,0.0,0.0,0.0,0.0,0.0
1,prior_0.36_seed_1_ep_000200,200,0.36,0.36,0.4041,0.346844,0.360658,0.34653,0.360658,1.0,1.0,1.0,1.0,1.0,0.0,0.0,0.0,0.0,0.0
1,prior_0.36_seed_1_ep_000201,201,0.36,0.36,0.4253,0.34653,0.360658,0.346366,0.360658,1.0,1.0,1.0,1.0,1.0,0.0,0.0,0.0,0.0,0.0
1,prior_0.36_seed_1_ep_000202,202,0.36,0.36,0.4462,0.346366,0.360658,0.346281,0.360658,1.0,1.0,1.0,1.0,1.0,0.0,0.0,0.0,0.0,0.0
1,prior_0.36_seed_1_ep_000203,203,0.36,0.36,0.4902,0.346281,0.360658,0.346261,0.360658,1.0,1.0,1.0,1.0,1.0,0.0,0.0,0.0,0.0,0.0
1,prior_0.36_seed_1_ep_000204,204,0.36,0.36,0.2812,0.346261,0.360658,0.346261,0.360658,0.0,0.0,0.0,0.0,0.0,0.0,1.0,0.0,0.0,0.0
1,prior_0.36_seed_1_ep_000205,205,0.36,0.36,0.4032,0.346261,0.360658,0.345948,0.358464,1.0,1.0,1.0,1.0,1.0,0.0,0.0,0.0,0.0,0.0
1,prior_0.36_seed_1_ep_000206,206,0.36,0.36,0.2647,0.345948,0.358464,0.345948,0.358464,0.0,0.0,0.0,0.0,0.0,0.0,1.0,0.0,0.0,0.0
1,prior_0.36_seed_1_ep_000207,207,0.36,0.36,0.3896,0.345948,0.358464,0.3455,0.358464,1.0,1.0,1.0,1.0,1.0,0.0,0.0,0.0,0.0,0.0
1,prior_0.36_seed_1_ep_000208,208,0.36,0.36,0.365,0.3455,0.358464,0.344705,0.358464,0.988115,1.0,1.0,1.0,1.0,0.0,0.0,0.0,0.0,0.000141
1,prior_0.36_seed_1_ep_000209,209,0.36,0.36,0.2265,0.344705,0.358464,0.344751,0.358464,0.0,0.0,0.0,1.0,0.0,1.0,0.0,1.0,1.0,0.0
1,prior_0.36_seed_1_ep_000210,210,0.36,0.36,0.2521,0.344751,0.358464,0.344751,0.358464,0.0,0.0,0.0,0.0,0.0,0.0,1.0,0.0,0.0,0.0
1,prior_0.36_seed_1_ep_000211,211,0.36,0.36,0.2701,0.344751,0.358464,0.344751,0.358464,0.0,0.0,0.0,0.0,0.0,0.0,1.0,0.0,0.0,0.0
1,prior_0.36_seed_1_ep_000212,212,0.36,0.36,0.3738,0.344751,0.358464,0.344116,0.358464,0.99977,1.0,1.0,1.0,1.0,0.0,0.0,0.0,0.0,0.0
1,prior_0.36_seed_1_ep_000213,213,0.36,0.36,0.4981,0.344116,0.358464,0.344102,0.358464,1.0,1.0,1.0,1.0,1.0,0.0,0.0,0.0,0.0,0.0
1,prior_0.36_seed_1_ep_000214,214,0.36,0.36,0.6816,0.344102,0.358464,0.344102,0.358464,1.0,1.0,1.0,1.0,1.0,0.0,0.0,0.0,0.0,0.0
1,prior_0.36_seed_1_ep_000215,215,0.36,0.36,0.3408,0.344102,0.358464,0.344102,0.358464,0.298274,0.0,0.0,0.0,0.0,0.0,1.0,0.0,0.0,0.088967
1,prior_0.36_seed_1_ep_000216,216,0.36,0.36,0.3771,0.344102,0.358464,0.343529,0.35627,0.999986,1.0,1.0,1.0,1.0,0.0,0.0,0.0,0.0,0.0
1,prior_0.36_seed_1_ep_000217,217,0.36,0.36,0.3057,0.343529,0.35627,0.343529,0.35627,6e-06,0.0,0.0,0.0,0.0,0.0,1.0,0.0,0.0,0.0
1,prior_0.36_seed_1_ep_000218,218,0.36,0.36,0.2344,0.343529,0.35627,0.343529,0.35627,0.0,0.0,0.0,0.0,0.0,0.0,1.0,0.0,0.0,0.0
1,prior_0.36_seed_1_ep_000219,219,0.36,0.36,0.6811,0.343529,0.35627,0.343529,0.35627,1.0,1.0,1.0,1.0,1.0,0.0,0.0,0.0,0.0,0.0
1,prior_0.36_seed_1_ep_000220,220,0.36,0.36,0.4886,0.343529,0.35627,0.343511,0.35627,1.0,1.0,1.0,1.0,1.0,0.0,0.0,0.0,0.0,0.0
1,prior_0.36_seed_1_ep_000221,221,0.36,0.36,0.5143,0.343511,0.35627,0.343503,0.35627,1.0,1.0,1.0,1.0,1.0,0.0,0.0,0.0,0.0,0.0
1,prior_0.36_seed_1_ep_000222,222,0.36,0.36,0.5181,0.343503,0.35627,0.343496,0.35627,1.0,1.0,1.0,1.0,1.0,0.0,0.0,0.0,0.0,0.0
1,prior_0.36_seed_1_ep_000223,223,0.36,0.36,0.524,0.343496,0.35627,0.34349,0.35627,1.0,1.0,1.0,1.0,1.0,0.0,0.0,0.0,0.0,0.0
1,prior_0.36_seed_1_ep_000224,224,0.36,0.36,0.695,0.34349,0.35627,0.34349,0.35627,1.0,1.0,1.0,1.0,1.0,0.0,0.0,0.0,0.0,0.0
1,prior_0.36_seed_1_ep_000225,225,0.36,0.36,0.4722,0.34349,0.35627,0.343459,0.35627,1.0,1.0,1.0,1.0,1.0,0.0,0.0,0.0,0.0,0.0
1,prior_0.36_seed_1_ep_000226,226,0.36,0.36,0.2558,0.343459,0.35627,0.343459,0.35627,0.0,0.0,0.0,0.0,0.0,0.0,1.0,0.0,0.0,0.0
1,prior_0.36_seed_1_ep_000227,227,0.36,0.36,0.5004,0.343459,0.35627,0.343446,0.35627,1.0,1.0,1.0,1.0,1.0,0.0,0.0,0.0,0.0,0.0
1,prior_0.36_seed_1_ep_000228,228,0.36,0.36,0.3695,0.343446,0.35627,0.342777,0.35627,0.999694,1.0,1.0,1.0,1.0,0.0,0.0,0.0,0.0,0.0
1,prior_0.36_seed_1_ep_000229,229,0.36,0.36,0.3015,0.342777,0.35627,0.342777,0.35627,3e-06,0.0,0.0,0.0,0.0,0.0,1.0,0.0,0.0,0.0
1,prior_0.36_seed_1_ep_000230,230,0.36,0.36,0.3503,0.342777,0.35627,0.344023,0.35627,0.835218,1.0,0.0,1.0,0.0,0.0,0.0,1.0,1.0,0.697589
1,prior_0.36_seed_1_ep_000231,231,0.36,0.36,0.3055,0.344023,0.35627,0.344023,0.35627,3e-06,0.0,0.0,0.0,0.0,0.0,1.0,0.0,0.0,0.0
1,prior_0.36_seed_1_ep_000232,232,0.36,0.36,0.4024,0.344023,0.35627,0.343747,0.35627,1.0,1.0,1.0,1.0,1.0,0.0,0.0,0.0,0.0,0.0
1,prior_0.36_seed_1_ep_000233,233,0.36,0.36,0.5089,0.343747,0.35627,0.343738,0.35627,1.0,1.0,1.0,1.0,1.0,0.0,0.0,0.0,0.0,0.0
1,prior_0.36_seed_1_ep_000234,234,0.36,0.36,0.3147,0.343738,0.35627,0.343738,0.35627,0.000467,0.0,0.0,0.0,0.0,0.0,1.0,0.0,0.0,0.0
1,prior_0.36_seed_1_ep_000235,235,0.36,0.36,0.4635,0.343738,0.35627,0.343698,0.35627,1.0,1.0,1.0,1.0,1.0,0.0,0.0,0.0,0.0,0.0
1,prior_0.36_seed_1_ep_000236,236,0.36,0.36,0.4146,0.343698,0.35627,0.343508,0.35627,1.0,1.0,1.0,1.0,1.0,0.0,0.0,0.0,0.0,0.0
1,prior_0.36_seed_1_ep_000237,237,0.36,0.36,0.5059,0.343508,0.35627,0.343498,0.35627,1.0,1.0,1.0,1.0,1.0,0.0,0.0,0.0,0.0,0.0
1,prior_0.36_seed_1_ep_000238,238,0.36,0.36,0.248,0.343498,0.35627,0.343498,0.35627,0.0,0.0,0.0,0.0,0.0,0.0,1.0,0.0,0.0,0.0
1,prior_0.36_seed_1_ep_000239,239,0.36,0.36,0.5092,0.343498,0.35627,0.343489,0.35627,1.0,1.0,1.0,1.0,1.0,0.0,0.0,0.0,0.0,0.0
1,prior_0.36_seed_1_ep_000240,240,0.36,0.36,0.3899,0.343489,0.35627,0.343108,0.35627,1.0,1.0,1.0,1.0,1.0,0.0,0.0,0.0,0.0,0.0
1,prior_0.36_seed_1_ep_000241,241,0.36,0.36,0.3275,0.343108,0.35627,0.343906,0.35627,0.022532,0.0,0.0,1.0,0.0,1.0,0.0,1.0,1.0,0.000508
1,prior_0.36_seed_1_ep_000242,242,0.36,0.36,0.4517,0.343906,0.35627,0.343849,0.35627,1.0,1.0,1.0,1.0,1.0,0.0,0.0,0.0,0.0,0.0
1,prior_0.36_seed_1_ep_000243,243,0.36,0.36,0.4689,0.343849,0.35627,0.343816,0.35627,1.0,1.0,1.0,1.0,1.0,0.0,0.0,0.0,0.0,0.0
1,prior_0.36_seed_1_ep_000244,244,0.36,0.36,0.4915,0.343816,0.35627,0.3438,0.35627,1.0,1.0,1.0,1.0,1.0,0.0,0.0,0.0,0.0,0.0
1,prior_0.36_seed_1_ep_000245,245,0.36,0.36,0.3045,0.3438,0.35627,0.3438,0.35627,2e-06,0.0,0.0,0.0,0.0,0.0,1.0,0.0,0.0,0.0
1,prior_0.36_seed_1_ep_000246,246,0.36,0.36,0.315,0.3438,0.35627,0.344383,0.35627,0.00036,0.0,0.0,1.0,0.0,1.0,0.0,1.0,1.0,0.0
1,prior_0.36_seed_1_ep_000247,247,0.36,0.36,0.4944,0.344383,0.35627,0.344369,0.35627,1.0,1.0,1.0,1.0,1.0,0.0,0.0,0.0,0.0,0.0
1,prior_0.36_seed_1_ep_000248,248,0.36,0.36,0.25,0.344369,0.35627,0.344369,0.35627,0.0,0.0,0.0,0.0,0.0,0.0,1.0,0.0,0.0,0.0
1,prior_0.36_seed_1_ep_000249,249,0.36,0.36,0.3092,0.344369,0.35627,0.344369,0.35627,1.2e-05,0.0,0.0,0.0,0.0,0.0,1.0,0.0,0.0,0.0
1,prior_0.36_seed_1_ep_000250,250,0.36,0.36,0.4842,0.344369,0.35627,0.34435,0.35627,1.0,1.0,1.0,1.0,1.0,0.0,0.0,0.0,0.0,0.0
1,prior_0.36_seed_1_ep_000251,251,0.36,0.36,0.2738,0.34435,0.35627,0.34435,0.35627,0.0,0.0,0.0,0.0,0.0,0.0,1.0,0.0,0.0,0.0
1,prior_0.36_seed_1_ep_000252,252,0.36,0.36,0.4642,0.34435,0.35627,0.344312,0.35627,1.0,1.0,1.0,1.0,1.0,0.0,0.0,0.0,0.0,0.0
1,prior_0.36_seed_1_ep_000253,253,0.36,0.36,0.5196,0.344312,0.35627,0.344306,0.35627,1.0,1.0,1.0,1.0,1.0,0.0,0.0,0.0,0.0,0.0
1,prior_0.36_seed_1_ep_000254,254,0.36,0.36,0.375,0.344306,0.35627,0.343766,0.35627,0.999979,1.0,1.0,1.0,1.0,0.0,0.0,0.0,0.0,0.0
1,prior_0.36_seed_1_ep_000255,255,0.36,0.36,0.5982,0.343766,0.35627,0.343766,0.35627,1.0,1.0,1.0,1.0,1.0,0.0,0.0,0.0,0.0,0.0
1,prior_0.36_seed_1_ep_000256,256,0.36,0.36,0.6791,0.343766,0.35627,0.343766,0.35627,1.0,1.0,1.0,1.0,1.0,0.0,0.0,0.0,0.0,0.0
1,prior_0.36_seed_1_ep_000257,257,0.36,0.36,0.5176,0.343766,0.35627,0.343759,0.35627,1.0,1.0,1.0,1.0,1.0,0.0,0.0,0.0,0.0,0.0
1,prior_0.36_seed_1_ep_000258,258,0.36,0.36,0.4067,0.343759,0.35627,0.343534,0.35627,1.0,1.0,1.0,1.0,1.0,0.0,0.0,0.0,0.0,0.0
1,prior_0.36_seed_1_ep_000259,259,0.36,0.36,0.3667,0.343534,0.35627,0.342899,0.35627,0.998699,1.0,1.0,1.0,1.0,0.0,0.0,0.0,0.0,2e-06
1,prior_0.36_seed_1_ep_000260,260,0.36,0.36,0.4375,0.342899,0.35627,0.342815,0.35627,1.0,1.0,1.0,1.0,1.0,0.0,0.0,0.0,0.0,0.0
1,prior_0.36_seed_1_ep_000261,261,0.36,0.36,0.521,0.342815,0.35627,0.34281,0.35627,1.0,1.0,1.0,1.0,1.0,0.0,0.0,0.0,0.0,0.0
1,prior_0.36_seed_1_ep_000262,262,0.36,0.36,0.427,0.34281,0.35627,0.342693,0.35627,1.0,1.0,1.0,1.0,1.0,0.0,0.0,0.0,0.0,0.0
1,prior_0.36_seed_1_ep_000263,263,0.36,0.36,0.5125,0.342693,0.35627,0.342686,0.35627,1.0,1.0,1.0,1.0,1.0,0.0,0.0,0.0,0.0,0.0
1,prior_0.36_seed_1_ep_000264,264,0.36,0.36,0.2221,0.342686,0.35627,0.342686,0.35627,0.0,0.0,0.0,0.0,0.0,0.0,1.0,0.0,0.0,0.0
1,prior_0.36_seed_1_ep_000265,265,0.36,0.36,0.6407,0.342686,0.35627,0.342686,0.35627,1.0,1.0,1.0,1.0,1.0,0.0,0.0,0.0,0.0,0.0
1,prior_0.36_seed_1_ep_000266,266,0.36,0.36,0.3257,0.342686,0.35627,0.342686,0.35627,0.021313,0.0,0.0,0.0,0.0,0.0,1.0,0.0,0.0,0.000454
1,prior_0.36_seed_1_ep_000267,267,0.36,0.36,0.3163,0.342686,0.35627,0.342686,0.35627,0.000438,0.0,0.0,0.0,0.0,0.0,1.0,0.0,0.0,0.0
1,prior_0.36_seed_1_ep_000268,268,0.36,0.36,0.4566,0.342686,0.35627,0.342641,0.354075,1.0,1.0,1.0,1.0,1.0,0.0,0.0,0.0,0.0,0.0
1,prior_0.36_seed_1_ep_000269,269,0.36,0.36,0.2635,0.342641,0.354075,0.342641,0.354075,0.0,0.0,0.0,0.0,0.0,0.0,1.0,0.0,0.0,0.0
1,prior_0.36_seed_1_ep_000270,270,0.36,0.36,0.3248,0.342641,0.354075,0.342641,0.354075,0.011072,0.0,0.0,0.0,0.0,0.0,1.0,0.0,0.0,0.000123
1,prior_0.36_seed_1_ep_000271,271,0.36,0.36,0.3862,0.342641,0.354075,0.342261,0.354075,1.0,1.0,1.0,1.0,1.0,0.0,0.0,0.0,0.0,0.0
1,prior_0.36_seed_1_ep_000272,272,0.36,0.36,0.2823,0.342261,0.354075,0.342261,0.354075,0.0,0.0,0.0,0.0,0.0,0.0,1.0,0.0,0.0,0.0
1,prior_0.36_seed_1_ep_000273,273,0.36,0.36,0.3895,0.342261,0.354075,0.341919,0.354075,1.0,1.0,1.0,1.0,1.0,0.0,0.0,0.0,0.0,0.0
1,prior_0.36_seed_1_ep_000274,274,0.36,0.36,0.2281,0.341919,0.354075,0.341919,0.354075,0.0,0.0,0.0,0.0,0.0,0.0,1.0,0.0,0.0,0.0
1,prior_0.36_seed_1_ep_000275,275,0.36,0.36,0.4863,0.341919,0.354075,0.341903,0.354075,1.0,1.0,1.0,1.0,1.0,0.0,0.0,0.0,0.0,0.0
1,prior_0.36_seed_1_ep_000276,276,0.36,0.36,0.284,0.341903,0.354075,0.341903,0.354075,0.0,0.0,0.0,0.0,0.0,0.0,1.0,0.0,0.0,0.0
1,prior_0.36_seed_1_ep_000277,277,0.36,0.36,0.5283,0.341903,0.354075,0.341899,0.354075,1.0,1.0,1.0,1.0,1.0,0.0,0.0,0.0,0.0,0.0
1,prior_0.36_seed_1_ep_000278,278,0.36,0.36,0.2889,0.341899,0.354075,0.341899,0.354075,0.0,0.0,0.0,0.0,0.0,0.0,1.0,0.0,0.0,0.0
1,prior_0.36_seed_1_ep_000279,279,0.36,0.36,0.477,0.341899,0.354075,0.341877,0.354075,1.0,1.0,1.0,1.0,1.0,0.0,0.0,0.0,0.0,0.0
1,prior_0.36_seed_1_ep_000280,280,0.36,0.36,0.2609,0.341877,0.354075,0.342006,0.354075,0.0,0.0,0.0,1.0,0.0,1.0,0.0,1.0,1.0,0.0
1,prior_0.36_seed_1_ep_000281,281,0.36,0.36,0.6837,0.342006,0.354075,0.342006,0.354075,1.0,1.0,1.0,1.0,1.0,0.0,0.0,0.0,0.0,0.0
1,prior_0.36_seed_1_ep_000282,282,0.36,0.36,0.4162,0.342006,0.354075,0.341851,0.354075,1.0,1.0,1.0,1.0,1.0,0.0,0.0,0.0,0.0,0.0
1,prior_0.36_seed_1_ep_000283,283,0.36,0.36,0.3645,0.341851,0.354075,0.341229,0.354075,0.99864,1.0,1.0,1.0,1.0,0.0,0.0,0.0,0.0,2e-06
1,prior_0.36_seed_1_ep_000284,284,0.36,0.36,0.2919,0.341229,0.354075,0.341229,0.354075,0.0,0.0,0.0,0.0,0.0,0.0,1.0,0.0,0.0,0.0
1,prior_0.36_seed_1_ep_000285,285,0.36,0.36,0.2425,0.341229,0.354075,0.341229,0.354075,0.0,0.0,0.0,0.0,0.0,0.0,1.0,0.0,0.0,0.0
1,prior_0.36_seed_1_ep_000286,286,0.36,0.36,0.496,0.341229,0.354075,0.341218,0.354075,1.0,1.0,1.0,1.0,1.0,0.0,0.0,0.0,0.0,0.0
1,prior_0.36_seed_1_ep_000287,287,0.36,0.36,0.2211,0.341218,0.354075,0.341218,0.354075,0.0,0.0,0.0,0.0,0.0,0.0,1.0,0.0,0.0,0.0
1,prior_0.36_seed_1_ep_000288,288,0.36,0.36,0.5845,0.341218,0.354075,0.341217,0.354075,1.0,1.0,1.0,1.0,1.0,0.0,0.0,0.0,0.0,0.0
1,prior_0.36_seed_1_ep_000289,289,0.36,0.36,0.5241,0.341217,0.354075,0.341213,0.354075,1.0,1.0,1.0,1.0,1.0,0.0,0.0,0.0,0.0,0.0
1,prior_0.36_seed_1_ep_000290,290,0.36,0.36,0.3377,0.341213,0.354075,0.341213,0.354075,0.31413,0.0,0.0,0.0,0.0,0.0,1.0,0.0,0.0,0.098678
1,prior_0.36_seed_1_ep_000291,291,0.36,0.36,0.2598,0.341213,0.354075,0.341213,0.354075,0.0,0.0,0.0,0.0,0.0,0.0,1.0,0.0,0.0,0.0
1,prior_0.36_seed_1_ep_000292,292,0.36,0.36,0.4677,0.341213,0.354075,0.341184,0.354075,1.0,1.0,1.0,1.0,1.0,0.0,0.0,0.0,0.0,0.0
1,prior_0.36_seed_1_ep_000293,293,0.36,0.36,0.6668,0.341184,0.354075,0.341184,0.354075,1.0,1.0,1.0,1.0,1.0,0.0,0.0,0.0,0.0,0.0
1,prior_0.36_seed_1_ep_000294,294,0.36,0.36,0.3914,0.341184,0.354075,0.340875,0.354075,1.0,1.0,1.0,1.0,1.0,0.0,0.0,0.0,0.0,0.0
1,prior_0.36_seed_1_ep_000295,295,0.36,0.36,0.5881,0.340875,0.354075,0.340875,0.354075,1.0,1.0,1.0,1.0,1.0,0.0,0.0,0.0,0.0,0.0
1,prior_0.36_seed_1_ep_000296,296,0.36,0.36,0.6042,0.340875,0.354075,0.340874,0.354075,1.0,1.0,1.0,1.0,1.0,0.0,0.0,0.0,0.0,0.0
1,prior_0.36_seed_1_ep_000297,297,0.36,0.36,0.5963,0.340874,0.354075,0.340874,0.354075,1.0,1.0,1.0,1.0,1.0,0.0,0.0,0.0,0.0,0.0
1,prior_0.36_seed_1_ep_000298,298,0.36,0.36,0.6521,0.340874,0.354075,0.340874,0.354075,1.0,1.0,1.0,1.0,1.0,0.0,0.0,0.0,0.0,0.0
1,prior_0.36_seed_1_ep_000299,299,0.36,0.36,0.5045,0.340874,0.354075,0.340865,0.354075,1.0,1.0,1.0,1.0,1.0,0.0,0.0,0.0,0.0,0.0
2,prior_0.36_seed_2_ep_000000,0,0.36,0.36,0.41,0.360986,0.49232,0.32798,0.424295,0.733039,1.0,1.0,1.0,1.0,0.0,0.0,0.0,0.0,0.071268
2,prior_0.36_seed_2_ep_000001,1,0.36,0.36,0.2482,0.32798,0.424295,0.32798,0.424295,0.109007,0.0,0.0,0.0,0.0,0.0,1.0,0.0,0.0,0.011883
2,prior_0.36_seed_2_ep_000002,2,0.36,0.36,0.495,0.32798,0.424295,0.326097,0.419906,0.998343,1.0,1.0,1.0,1.0,0.0,0.0,0.0,0.0,3e-06
2,prior_0.36_seed_2_ep_000003,3,0.36,0.36,0.3846,0.326097,0.419906,0.308261,0.391379,0.822819,1.0,1.0,1.0,1.0,0.0,0.0,0.0,0.0,0.031393
2,prior_0.36_seed_2_ep_000004,4,0.36,0.36,0.3078,0.308261,0.391379,0.308261,0.391379,0.461698,0.0,0.0,0.0,0.0,0.0,1.0,0.0,0.0,0.213165
2,prior_0.36_seed_2_ep_000005,5,0.36,0.36,0.2513,0.308261,0.391379,0.308261,0.391379,0.161144,0.0,0.0,0.0,0.0,0.0,1.0,0.0,0.0,0.025968
2,prior_0.36_seed_2_ep_000006,6,0.36,0.36,0.304,0.308261,0.391379,0.308261,0.391379,0.446589,0.0,0.0,0.0,0.0,0.0,1.0,0.0,0.0,0.199442
2,prior_0.36_seed_2_ep_000007,7,0.36,0.36,0.227,0.308261,0.391379,0.319684,0.395768,0.086581,0.0,0.0,1.0,0.0,1.0,0.0,1.0,1.0,0.007496
2,prior_0.36_seed_2_ep_000008,8,0.36,0.36,0.3392,0.319684,0.395768,0.351363,0.411129,0.647732,1.0,0.0,1.0,0.0,0.0,0.0,1.0,1.0,0.419557
2,prior_0.36_seed_2_ep_000009,9,0.36,0.36,0.4822,0.351363,0.411129,0.350357,0.408934,0.999841,1.0,1.0,1.0,1.0,0.0,0.0,0.0,0.0,0.0
2,prior_0.36_seed_2_ep_000010,10,0.36,0.36,0.434,0.350357,0.408934,0.346866,0.402351,0.991743,1.0,1.0,1.0,1.0,0.0,0.0,0.0,0.0,6.8e-05
2,prior_0.36_seed_2_ep_000011,11,0.36,0.36,0.2345,0.346866,0.402351,0.346866,0.402351,0.002142,0.0,0.0,0.0,0.0,0.0,1.0,0.0,0.0,5e-06
2,prior_0.36_seed_2_ep_000012,12,0.36,0.36,0.2706,0.346866,0.402351,0.346866,0.402351,0.020691,0.0,0.0,0.0,0.0,0.0,1.0,0.0,0.0,0.000428
2,prior_0.36_seed_2_ep_000013,13,0.36,0.36,0.3999,0.346866,0.402351,0.340419,0.393574,0.937934,1.0,1.0,1.0,1.0,0.0,0.0,0.0,0.0,0.003852
2,prior_0.36_seed_2_ep_000014,14,0.36,0.36,0.5272,0.340419,0.393574,0.340305,0.393574,1.0,1.0,1.0,1.0,1.0,0.0,0.0,0.0,0.0,0.0
2,prior_0.36_seed_2_ep_000015,15,0.36,0.36,0.4153,0.340305,0.393574,0.336914,0.386991,0.992298,1.0,1.0,1.0,1.0,0.0,0.0,0.0,0.0,5.9e-05
2,prior_0.36_seed_2_ep_000016,16,0.36,0.36,0.298,0.336914,0.386991,0.336914,0.386991,0.121251,0.0,0.0,0.0,0.0,0.0,1.0,0.0,0.0,0.014702
2,prior_0.36_seed_2_ep_000017,17,0.36,0.36,0.2595,0.336914,0.386991,0.336914,0.386991,0.014996,0.0,0.0,0.0,0.0,0.0,1.0,0.0,0.0,0.000225
2,prior_0.36_seed_2_ep_000018,18,0.36,0.36,0.3095,0.336914,0.386991,0.336914,0.386991,0.191949,0.0,0.0,0.0,0.0,0.0,1.0,0.0,0.0,0.036844
2,prior_0.36_seed_2_ep_000019,19,0.36,0.36,0.3975,0.336914,0.386991,0.332402,0.380408,0.977239,1.0,1.0,1.0,1.0,0.0,0.0,0.0,0.0,0.000518
2,prior_0.36_seed_2_ep_000020,20,0.36,0.36,0.4519,0.332402,0.380408,0.331598,0.380408,0.999998,1.0,1.0,1.0,1.0,0.0,0.0,0.0,0.0,0.0
2,prior_0.36_seed_2_ep_000021,21,0.36,0.36,0.4179,0.331598,0.380408,0.3295,0.376019,0.999464,1.0,1.0,1.0,1.0,0.0,0.0,0.0,0.0,0.0
2,prior_0.36_seed_2_ep_000022,22,0.36,0.36,0.3884,0.3295,0.376019,0.325359,0.37163,0.982646,1.0,1.0,1.0,1.0,0.0,0.0,0.0,0.0,0.000301
2,prior_0.36_seed_2_ep_000023,23,0.36,0.36,0.4055,0.325359,0.37163,0.323107,0.369436,0.999248,1.0,1.0,1.0,1.0,0.0,0.0,0.0,0.0,1e-06
2,prior_0.36_seed_2_ep_000024,24,0.36,0.36,0.519,0.323107,0.369436,0.323051,0.367241,1.0,1.0,1.0,1.0,1.0,0.0,0.0,0.0,0.0,0.0
2,prior_0.36_seed_2_ep_000025,25,0.36,0.36,0.6655,0.323051,0.367241,0.323051,0.367241,1.0,1.0,1.0,1.0,1.0,0.0,0.0,0.0,0.0,0.0
2,prior_0.36_seed_2_ep_000026,26,0.36,0.36,0.5385,0.323051,0.367241,0.323022,0.367241,1.0,1.0,1.0,1.0,1.0,0.0,0.0,0.0,0.0,0.0
2,prior_0.36_seed_2_ep_000027,27,0.36,0.36,0.679,0.323022,0.367241,0.323022,0.367241,1.0,1.0,1.0,1.0,1.0,0.0,0.0,0.0,0.0,0.0
2,prior_0.36_seed_2_ep_000028,28,0.36,0.36,0.4079,0.323022,0.367241,0.32113,0.365047,0.99976,1.0,1.0,1.0,1.0,0.0,0.0,0.0,0.0,0.0
2,prior_0.36_seed_2_ep_000029,29,0.36,0.36,0.509,0.32113,0.365047,0.321059,0.365047,1.0,1.0,1.0,1.0,1.0,0.0,0.0,0.0,0.0,0.0
2,prior_0.36_seed_2_ep_000030,30,0.36,0.36,0.3284,0.321059,0.365047,0.334052,0.37163,0.576588,1.0,0.0,1.0,0.0,0.0,0.0,1.0,1.0,0.332454
2,prior_0.36_seed_2_ep_000031,31,0.36,0.36,0.5296,0.334052,0.37163,0.334016,0.37163,1.0,1.0,1.0,1.0,1.0,0.0,0.0,0.0,0.0,0.0
2,prior_0.36_seed_2_ep_000032,32,0.36,0.36,0.3567,0.334016,0.37163,0.345336,0.378213,0.830088,1.0,0.0,1.0,0.0,0.0,0.0,1.0,1.0,0.689046
2,prior_0.36_seed_2_ep_000033,33,0.36,0.36,0.5121,0.345336,0.378213,0.345267,0.378213,1.0,1.0,1.0,1.0,1.0,0.0,0.0,0.0,0.0,0.0
2,prior_0.36_seed_2_ep_000034,34,0.36,0.36,0.342,0.345267,0.378213,0.345267,0.378213,0.421855,0.0,0.0,0.0,0.0,0.0,1.0,0.0,0.0,0.177962
2,prior_0.36_seed_2_ep_000035,35,0.36,0.36,0.4398,0.345267,0.378213,0.344568,0.378213,1.0,1.0,1.0,1.0,1.0,0.0,0.0,0.0,0.0,0.0
2,prior_0.36_seed_2_ep_000036,36,0.36,0.36,0.2209,0.344568,0.378213,0.344568,0.378213,2e-06,0.0,0.0,0.0,0.0,0.0,1.0,0.0,0.0,0.0
2,prior_0.36_seed_2_ep_000037,37,0.36,0.36,0.467,0.344568,0.378213,0.344281,0.378213,1.0,1.0,1.0,1.0,1.0,0.0,0.0,0.0,0.0,0.0
2,prior_0.36_seed_2_ep_000038,38,0.36,0.36,0.6046,0.344281,0.378213,0.344278,0.378213,1.0,1.0,1.0,1.0,1.0,0.0,0.0,0.0,0.0,0.0
2,prior_0.36_seed_2_ep_000039,39,0.36,0.36,0.228,0.344278,0.378213,0.344278,0.378213,6e-06,0.0,0.0,0.0,0.0,0.0,1.0,0.0,0.0,0.0
2,prior_0.36_seed_2_ep_000040,40,0.36,0.36,0.3702,0.344278,0.378213,0.340087,0.37163,0.898368,1.0,1.0,1.0,1.0,0.0,0.0,0.0,0.0,0.010329
2,prior_0.36_seed_2_ep_000041,41,0.36,0.36,0.2933,0.340087,0.37163,0.340087,0.37163,0.019711,0.0,0.0,0.0,0.0,0.0,1.0,0.0,0.0,0.000389
2,prior_0.36_seed_2_ep_000042,42,0.36,0.36,0.4059,0.340087,0.37163,0.338566,0.37163,0.999817,1.0,1.0,1.0,1.0,0.0,0.0,0.0,0.0,0.0
2,prior_0.36_seed_2_ep_000043,43,0.36,0.36,0.3887,0.338566,0.37163,0.336318,0.367241,0.996026,1.0,1.0,1.0,1.0,0.0,0.0,0.0,0.0,1.6e-05
2,prior_0.36_seed_2_ep_000044,44,0.36,0.36,0.4401,0.336318,0.367241,0.335855,0.367241,1.0,1.0,1.0,1.0,1.0,0.0,0.0,0.0,0.0,0.0
2,prior_0.36_seed_2_ep_000045,45,0.36,0.36,0.3685,0.335855,0.367241,0.332552,0.362853,0.955475,1.0,1.0,1.0,1.0,0.0,0.0,0.0,0.0,0.001983
2,prior_0.36_seed_2_ep_000046,46,0.36,0.36,0.2896,0.332552,0.362853,0.332552,0.362853,0.022999,0.0,0.0,0.0,0.0,0.0,1.0,0.0,0.0,0.000529
2,prior_0.36_seed_2_ep_000047,47,0.36,0.36,0.3044,0.332552,0.362853,0.332552,0.362853,0.087474,0.0,0.0,0.0,0.0,0.0,1.0,0.0,0.0,0.007652
2,prior_0.36_seed_2_ep_000048,48,0.36,0.36,0.382,0.332552,0.362853,0.330406,0.360658,0.996859,1.0,1.0,1.0,1.0,0.0,0.0,0.0,0.0,1e-05
2,prior_0.36_seed_2_ep_000049,49,0.36,0.36,0.4085,0.330406,0.360658,0.329459,0.360658,0.999999,1.0,1.0,1.0,1.0,0.0,0.0,0.0,0.0,0.0
2,prior_0.36_seed_2_ep_000050,50,0.36,0.36,0.3037,0.329459,0.360658,0.333281,0.362853,0.107626,0.0,0.0,1.0,0.0,1.0,0.0,1.0,1.0,0.011583
2,prior_0.36_seed_2_ep_000051,51,0.36,0.36,0.5177,0.333281,0.362853,0.333254,0.362853,1.0,1.0,1.0,1.0,1.0,0.0,0.0,0.0,0.0,0.0
2,prior_0.36_seed_2_ep_000052,52,0.36,0.36,0.637,0.333254,0.362853,0.333254,0.362853,1.0,1.0,1.0,1.0,1.0,0.0,0.0,0.0,0.0,0.0
2,prior_0.36_seed_2_ep_000053,53,0.36,0.36,0.3726,0.333254,0.362853,0.330935,0.358464,0.990219,1.0,1.0,1.0,1.0,0.0,0.0,0.0,0.0,9.6e-05
2,prior_0.36_seed_2_ep_000054,54,0.36,0.36,0.5984,0.330935,0.358464,0.330934,0.358464,1.0,1.0,1.0,1.0,1.0,0.0,0.0,0.0,0.0,0.0
2,prior_0.36_seed_2_ep_000055,55,0.36,0.36,0.3669,0.330934,0.358464,0.328483,0.35627,0.981678,1.0,1.0,1.0,1.0,0.0,0.0,0.0,0.0,0.000336
2,prior_0.36_seed_2_ep_000056,56,0.36,0.36,0.3774,0.328483,0.35627,0.326746,0.354075,0.998788,1.0,1.0,1.0,1.0,0.0,0.0,0.0,0.0,1e-06
2,prior_0.36_seed_2_ep_000057,57,0.36,0.36,0.5327,0.326746,0.354075,0.326734,0.354075,1.0,1.0,1.0,1.0,1.0,0.0,0.0,0.0,0.0,0.0
2,prior_0.36_seed_2_ep_000058,58,0.36,0.36,0.3975,0.326734,0.354075,0.325802,0.354075,0.999998,1.0,1.0,1.0,1.0,0.0,0.0,0.0,0.0,0.0
2,prior_0.36_seed_2_ep_000059,59,0.36,0.36,0.4395,0.325802,0.354075,0.325558,0.351881,1.0,1.0,1.0,1.0,1.0,0.0,0.0,0.0,0.0,0.0
2,prior_0.36_seed_2_ep_000060,60,0.36,0.36,0.2867,0.325558,0.351881,0.325558,0.351881,0.02093,0.0,0.0,0.0,0.0,0.0,1.0,0.0,0.0,0.000438
2,prior_0.36_seed_2_ep_000061,61,0.36,0.36,0.5008,0.325558,0.351881,0.325526,0.351881,1.0,1.0,1.0,1.0,1.0,0.0,0.0,0.0,0.0,0.0
2,prior_0.36_seed_2_ep_000062,62,0.36,0.36,0.4678,0.325526,0.351881,0.325429,0.351881,1.0,1.0,1.0,1.0,1.0,0.0,0.0,0.0,0.0,0.0
2,prior_0.36_seed_2_ep_000063,63,0.36,0.36,0.5382,0.325429,0.351881,0.32542,0.351881,1.0,1.0,1.0,1.0,1.0,0.0,0.0,0.0,0.0,0.0
2,prior_0.36_seed_2_ep_000064,64,0.36,0.36,0.3194,0.32542,0.351881,0.32542,0.351881,0.362748,0.0,0.0,0.0,0.0,0.0,1.0,0.0,0.0,0.131586
2,prior_0.36_seed_2_ep_000065,65,0.36,0.36,0.2527,0.32542,0.351881,0.32542,0.351881,0.000208,0.0,0.0,0.0,0.0,0.0,1.0,0.0,0.0,0.0
2,prior_0.36_seed_2_ep_000066,66,0.36,0.36,0.2463,0.32542,0.351881,0.32542,0.351881,7.7e-05,0.0,0.0,0.0,0.0,0.0,1.0,0.0,0.0,0.0
2,prior_0.36_seed_2_ep_000067,67,0.36,0.36,0.4388,0.32542,0.351881,0.325174,0.351881,1.0,1.0,1.0,1.0,1.0,0.0,0.0,0.0,0.0,0.0
2,prior_0.36_seed_2_ep_000068,68,0.36,0.36,0.5307,0.325174,0.351881,0.325162,0.351881,1.0,1.0,1.0,1.0,1.0,0.0,0.0,0.0,0.0,0.0
2,prior_0.36_seed_2_ep_000069,69,0.36,0.36,0.4954,0.325162,0.351881,0.325124,0.351881,1.0,1.0,1.0,1.0,1.0,0.0,0.0,0.0,0.0,0.0
2,prior_0.36_seed_2_ep_000070,70,0.36,0.36,0.3451,0.325124,0.351881,0.331176,0.35627,0.866496,1.0,0.0,1.0,0.0,0.0,0.0,1.0,1.0,0.750816
2,prior_0.36_seed_2_ep_000071,71,0.36,0.36,0.5394,0.331176,0.35627,0.331167,0.35627,1.0,1.0,1.0,1.0,1.0,0.0,0.0,0.0,0.0,0.0
2,prior_0.36_seed_2_ep_000072,72,0.36,0.36,0.289,0.331167,0.35627,0.331167,0.35627,0.008481,0.0,0.0,0.0,0.0,0.0,1.0,0.0,0.0,7.2e-05
2,prior_0.36_seed_2_ep_000073,73,0.36,0.36,0.2633,0.331167,0.35627,0.331167,0.35627,0.000147,0.0,0.0,0.0,0.0,0.0,1.0,0.0,0.0,0.0
2,prior_0.36_seed_2_ep_000074,74,0.36,0.36,0.487,0.331167,0.35627,0.331116,0.35627,1.0,1.0,1.0,1.0,1.0,0.0,0.0,0.0,0.0,0.0
2,prior_0.36_seed_2_ep_000075,75,0.36,0.36,0.2521,0.331116,0.35627,0.331116,0.35627,2.2e-05,0.0,0.0,0.0,0.0,0.0,1.0,0.0,0.0,0.0
2,prior_0.36_seed_2_ep_000076,76,0.36,0.36,0.4725,0.331116,0.35627,0.331033,0.35627,1.0,1.0,1.0,1.0,1.0,0.0,0.0,0.0,0.0,0.0
2,prior_0.36_seed_2_ep_000077,77,0.36,0.36,0.2409,0.331033,0.35627,0.331516,0.35627,3e-06,0.0,0.0,1.0,0.0,1.0,0.0,1.0,1.0,0.0
2,prior_0.36_seed_2_ep_000078,78,0.36,0.36,0.2619,0.331516,0.35627,0.331516,0.35627,0.0001,0.0,0.0,0.0,0.0,0.0,1.0,0.0,0.0,0.0
2,prior_0.36_seed_2_ep_000079,79,0.36,0.36,0.2295,0.331516,0.35627,0.331516,0.35627,0.0,0.0,0.0,0.0,0.0,0.0,1.0,0.0,0.0,0.0
2,prior_0.36_seed_2_ep_000080,80,0.36,0.36,0.416,0.331516,0.35627,0.331018,0.35627,1.0,1.0,1.0,1.0,1.0,0.0,0.0,0.0,0.0,0.0
2,prior_0.36_seed_2_ep_000081,81,0.36,0.36,0.4635,0.331018,0.35627,0.330911,0.35627,1.0,1.0,1.0,1.0,1.0,0.0,0.0,0.0,0.0,0.0
2,prior_0.36_seed_2_ep_000082,82,0.36,0.36,0.2812,0.330911,0.35627,0.330911,0.35627,0.002086,0.0,0.0,0.0,0.0,0.0,1.0,0.0,0.0,4e-06
2,prior_0.36_seed_2_ep_000083,83,0.36,0.36,0.2901,0.330911,0.35627,0.330911,0.35627,0.007723,0.0,0.0,0.0,0.0,0.0,1.0,0.0,0.0,6e-05
2,prior_0.36_seed_2_ep_000084,84,0.36,0.36,0.2956,0.330911,0.35627,0.330911,0.35627,0.018895,0.0,0.0,0.0,0.0,0.0,1.0,0.0,0.0,0.000357
2,prior_0.36_seed_2_ep_000085,85,0.36,0.36,0.2678,0.330911,0.35627,0.330911,0.35627,0.000235,0.0,0.0,0.0,0.0,0.0,1.0,0.0,0.0,0.0
2,prior_0.36_seed_2_ep_000086,86,0.36,0.36,0.4863,0.330911,0.35627,0.330861,0.35627,1.0,1.0,1.0,1.0,1.0,0.0,0.0,0.0,0.0,0.0
2,prior_0.36_seed_2_ep_000087,87,0.36,0.36,0.4674,0.330861,0.35627,0.330768,0.35627,1.0,1.0,1.0,1.0,1.0,0.0,0.0,0.0,0.0,0.0
2,prior_0.36_seed_2_ep_000088,88,0.36,0.36,0.5326,0.330768,0.35627,0.330757,0.35627,1.0,1.0,1.0,1.0,1.0,0.0,0.0,0.0,0.0,0.0
2,prior_0.36_seed_2_ep_000089,89,0.36,0.36,0.6702,0.330757,0.35627,0.330757,0.35627,1.0,1.0,1.0,1.0,1.0,0.0,0.0,0.0,0.0,0.0
2,prior_0.36_seed_2_ep_000090,90,0.36,0.36,0.3835,0.330757,0.35627,0.329531,0.354075,0.999922,1.0,1.0,1.0,1.0,0.0,0.0,0.0,0.0,0.0
2,prior_0.36_seed_2_ep_000091,91,0.36,0.36,0.3433,0.329531,0.354075,0.334152,0.358464,0.825711,1.0,0.0,1.0,0.0,0.0,0.0,1.0,1.0,0.681799
2,prior_0.36_seed_2_ep_000092,92,0.36,0.36,0.3897,0.334152,0.358464,0.333167,0.35627,0.999991,1.0,1.0,1.0,1.0,0.0,0.0,0.0,0.0,0.0
2,prior_0.36_seed_2_ep_000093,93,0.36,0.36,0.394,0.333167,0.35627,0.332329,0.35627,0.999999,1.0,1.0,1.0,1.0,0.0,0.0,0.0,0.0,0.0
2,prior_0.36_seed_2_ep_000094,94,0.36,0.36,0.2722,0.332329,0.35627,0.332329,0.35627,0.00014,0.0,0.0,0.0,0.0,0.0,1.0,0.0,0.0,0.0
2,prior_0.36_seed_2_ep_000095,95,0.36,0.36,0.242,0.332329,0.35627,0.332329,0.35627,0.0,0.0,0.0,0.0,0.0,0.0,1.0,0.0,0.0,0.0
2,prior_0.36_seed_2_ep_000096,96,0.36,0.36,0.3467,0.332329,0.35627,0.336367,0.358464,0.834752,1.0,0.0,1.0,0.0,0.0,0.0,1.0,1.0,0.696812
2,prior_0.36_seed_2_ep_000097,97,0.36,0.36,0.2901,0.336367,0.358464,0.336367,0.358464,0.000971,0.0,0.0,0.0,0.0,0.0,1.0,0.0,0.0,1e-06
2,prior_0.36_seed_2_ep_000098,98,0.36,0.36,0.4859,0.336367,0.358464,0.336322,0.358464,1.0,1.0,1.0,1.0,1.0,0.0,0.0,0.0,0.0,0.0
2,prior_0.36_seed_2_ep_000099,99,0.36,0.36,0.4835,0.336322,0.358464,0.336273,0.358464,1.0,1.0,1.0,1.0,1.0,0.0,0.0,0.0,0.0,0.0
2,prior_0.36_seed_2_ep_000100,100,0.36,0.36,0.2424,0.336273,0.358464,0.336273,0.358464,0.0,0.0,0.0,0.0,0.0,0.0,1.0,0.0,0.0,0.0
2,prior_0.36_seed_2_ep_000101,101,0.36,0.36,0.4169,0.336273,0.358464,0.33586,0.358464,1.0,1.0,1.0,1.0,1.0,0.0,0.0,0.0,0.0,0.0
2,prior_0.36_seed_2_ep_000102,102,0.36,0.36,0.2885,0.33586,0.358464,0.33586,0.358464,0.001045,0.0,0.0,0.0,0.0,0.0,1.0,0.0,0.0,1e-06
2,prior_0.36_seed_2_ep_000103,103,0.36,0.36,0.6088,0.33586,0.358464,0.33586,0.358464,1.0,1.0,1.0,1.0,1.0,0.0,0.0,0.0,0.0,0.0
2,prior_0.36_seed_2_ep_000104,104,0.36,0.36,0.5936,0.33586,0.358464,0.335858,0.358464,1.0,1.0,1.0,1.0,1.0,0.0,0.0,0.0,0.0,0.0
2,prior_0.36_seed_2_ep_000105,105,0.36,0.36,0.4516,0.335858,0.358464,0.335723,0.358464,1.0,1.0,1.0,1.0,1.0,0.0,0.0,0.0,0.0,0.0
2,prior_0.36_seed_2_ep_000106,106,0.36,0.36,0.3224,0.335723,0.358464,0.335723,0.358464,0.160472,0.0,0.0,0.0,0.0,0.0,1.0,0.0,0.0,0.025751
2,prior_0.36_seed_2_ep_000107,107,0.36,0.36,0.6801,0.335723,0.358464,0.335723,0.358464,1.0,1.0,1.0,1.0,1.0,0.0,0.0,0.0,0.0,0.0
2,prior_0.36_seed_2_ep_000108,108,0.36,0.36,0.468,0.335723,0.358464,0.335644,0.35627,1.0,1.0,1.0,1.0,1.0,0.0,0.0,0.0,0.0,0.0
2,prior_0.36_seed_2_ep_000109,109,0.36,0.36,0.5857,0.335644,0.35627,0.335642,0.35627,1.0,1.0,1.0,1.0,1.0,0.0,0.0,0.0,0.0,0.0
2,prior_0.36_seed_2_ep_000110,110,0.36,0.36,0.4577,0.335642,0.35627,0.335533,0.35627,1.0,1.0,1.0,1.0,1.0,0.0,0.0,0.0,0.0,0.0
2,prior_0.36_seed_2_ep_000111,111,0.36,0.36,0.3762,0.335533,0.35627,0.334276,0.35627,0.99958,1.0,1.0,1.0,1.0,0.0,0.0,0.0,0.0,0.0
2,prior_0.36_seed_2_ep_000112,112,0.36,0.36,0.5025,0.334276,0.35627,0.334252,0.35627,1.0,1.0,1.0,1.0,1.0,0.0,0.0,0.0,0.0,0.0
2,prior_0.36_seed_2_ep_000113,113,0.36,0.36,0.3351,0.334252,0.35627,0.337202,0.358464,0.521109,1.0,0.0,1.0,0.0,0.0,0.0,1.0,1.0,0.271554
2,prior_0.36_seed_2_ep_000114,114,0.36,0.36,0.5222,0.337202,0.358464,0.33719,0.358464,1.0,1.0,1.0,1.0,1.0,0.0,0.0,0.0,0.0,0.0
2,prior_0.36_seed_2_ep_000115,115,0.36,0.36,0.4389,0.33719,0.358464,0.337,0.358464,1.0,1.0,1.0,1.0,1.0,0.0,0.0,0.0,0.0,0.0
2,prior_0.36_seed_2_ep_000116,116,0.36,0.36,0.5216,0.337,0.358464,0.336988,0.358464,1.0,1.0,1.0,1.0,1.0,0.0,0.0,0.0,0.0,0.0
2,prior_0.36_seed_2_ep_000117,117,0.36,0.36,0.3949,0.336988,0.358464,0.336276,0.35627,1.0,1.0,1.0,1.0,1.0,0.0,0.0,0.0,0.0,0.0
2,prior_0.36_seed_2_ep_000118,118,0.36,0.36,0.4658,0.336276,0.35627,0.3362,0.35627,1.0,1.0,1.0,1.0,1.0,0.0,0.0,0.0,0.0,0.0
2,prior_0.36_seed_2_ep_000119,119,0.36,0.36,0.5214,0.3362,0.35627,0.336188,0.35627,1.0,1.0,1.0,1.0,1.0,0.0,0.0,0.0,0.0,0.0
2,prior_0.36_seed_2_ep_000120,120,0.36,0.36,0.2256,0.336188,0.35627,0.336188,0.35627,0.0,0.0,0.0,0.0,0.0,0.0,1.0,0.0,0.0,0.0
2,prior_0.36_seed_2_ep_000121,121,0.36,0.36,0.3648,0.336188,0.35627,0.334694,0.354075,0.988927,1.0,1.0,1.0,1.0,0.0,0.0,0.0,0.0,0.000123
2,prior_0.36_seed_2_ep_000122,122,0.36,0.36,0.4041,0.334694,0.354075,0.334196,0.354075,1.0,1.0,1.0,1.0,1.0,0.0,0.0,0.0,0.0,0.0
2,prior_0.36_seed_2_ep_000123,123,0.36,0.36,0.3298,0.334196,0.354075,0.334196,0.354075,0.326257,0.0,0.0,0.0,0.0,0.0,1.0,0.0,0.0,0.106443
2,prior_0.36_seed_2_ep_000124,124,0.36,0.36,0.2539,0.334196,0.354075,0.334196,0.354075,0.0,0.0,0.0,0.0,0.0,0.0,1.0,0.0,0.0,0.0
2,prior_0.36_seed_2_ep_000125,125,0.36,0.36,0.4629,0.334196,0.354075,0.33412,0.354075,1.0,1.0,1.0,1.0,1.0,0.0,0.0,0.0,0.0,0.0
2,prior_0.36_seed_2_ep_000126,126,0.36,0.36,0.4933,0.33412,0.354075,0.334092,0.354075,1.0,1.0,1.0,1.0,1.0,0.0,0.0,0.0,0.0,0.0
2,prior_0.36_seed_2_ep_000127,127,0.36,0.36,0.4284,0.334092,0.354075,0.333862,0.354075,1.0,1.0,1.0,1.0,1.0,0.0,0.0,0.0,0.0,0.0
2,prior_0.36_seed_2_ep_000128,128,0.36,0.36,0.3032,0.333862,0.354075,0.333862,0.354075,0.010068,0.0,0.0,0.0,0.0,0.0,1.0,0.0,0.0,0.000101
2,prior_0.36_seed_2_ep_000129,129,0.36,0.36,0.6263,0.333862,0.354075,0.333862,0.354075,1.0,1.0,1.0,1.0,1.0,0.0,0.0,0.0,0.0,0.0
2,prior_0.36_seed_2_ep_000130,130,0.36,0.36,0.4864,0.333862,0.354075,0.333827,0.354075,1.0,1.0,1.0,1.0,1.0,0.0,0.0,0.0,0.0,0.0
2,prior_0.36_seed_2_ep_000131,131,0.36,0.36,0.3517,0.333827,0.354075,0.337084,0.35627,0.915012,1.0,0.0,1.0,0.0,0.0,0.0,1.0,1.0,0.837247
2,prior_0.36_seed_2_ep_000132,132,0.36,0.36,0.6709,0.337084,0.35627,0.337084,0.35627,1.0,1.0,1.0,1.0,1.0,0.0,0.0,0.0,0.0,0.0
2,prior_0.36_seed_2_ep_000133,133,0.36,0.36,0.3009,0.337084,0.35627,0.337084,0.35627,0.002501,0.0,0.0,0.0,0.0,0.0,1.0,0.0,0.0,6e-06
2,prior_0.36_seed_2_ep_000134,134,0.36,0.36,0.5149,0.337084,0.35627,0.33707,0.35627,1.0,1.0,1.0,1.0,1.0,0.0,0.0,0.0,0.0,0.0
2,prior_0.36_seed_2_ep_000135,135,0.36,0.36,0.2826,0.33707,0.35627,0.33707,0.35627,3.9e-05,0.0,0.0,0.0,0.0,0.0,1.0,0.0,0.0,0.0
2,prior_0.36_seed_2_ep_000136,136,0.36,0.36,0.2128,0.33707,0.35627,0.33707,0.35627,0.0,0.0,0.0,0.0,0.0,0.0,1.0,0.0,0.0,0.0
2,prior_0.36_seed_2_ep_000137,137,0.36,0.36,0.4381,0.33707,0.35627,0.336901,0.35627,1.0,1.0,1.0,1.0,1.0,0.0,0.0,0.0,0.0,0.0
2,prior_0.36_seed_2_ep_000138,138,0.36,0.36,0.4316,0.336901,0.35627,0.336695,0.35627,1.0,1.0,1.0,1.0,1.0,0.0,0.0,0.0,0.0,0.0
2,prior_0.36_seed_2_ep_000139,139,0.36,0.36,0.4696,0.336695,0.35627,0.336636,0.35627,1.0,1.0,1.0,1.0,1.0,0.0,0.0,0.0,0.0,0.0
2,prior_0.36_seed_2_ep_000140,140,0.36,0.36,0.3356,0.336636,0.35627,0.336636,0.35627,0.448009,0.0,0.0,0.0,0.0,0.0,1.0,0.0,0.0,0.200712
2,prior_0.36_seed_2_ep_000141,141,0.36,0.36,0.2639,0.336636,0.35627,0.337063,0.35627,0.0,0.0,0.0,1.0,0.0,1.0,0.0,1.0,1.0,0.0
2,prior_0.36_seed_2_ep_000142,142,0.36,0.36,0.2322,0.337063,0.35627,0.337063,0.35627,0.0,0.0,0.0,0.0,0.0,0.0,1.0,0.0,0.0,0.0
2,prior_0.36_seed_2_ep_000143,143,0.36,0.36,0.2044,0.337063,0.35627,0.337063,0.35627,0.0,0.0,0.0,0.0,0.0,0.0,1.0,0.0,0.0,0.0
2,prior_0.36_seed_2_ep_000144,144,0.36,0.36,0.3299,0.337063,0.35627,0.337063,0.35627,0.24008,0.0,0.0,0.0,0.0,0.0,1.0,0.0,0.0,0.057639
2,prior_0.36_seed_2_ep_000145,145,0.36,0.36,0.246,0.337063,0.35627,0.337303,0.35627,0.0,0.0,0.0,1.0,0.0,1.0,0.0,1.0,1.0,0.0
2,prior_0.36_seed_2_ep_000146,146,0.36,0.36,0.2319,0.337303,0.35627,0.337303,0.35627,0.0,0.0,0.0,0.0,0.0,0.0,1.0,0.0,0.0,0.0
2,prior_0.36_seed_2_ep_000147,147,0.36,0.36,0.419,0.337303,0.35627,0.337005,0.35627,1.0,1.0,1.0,1.0,1.0,0.0,0.0,0.0,0.0,0.0
2,prior_0.36_seed_2_ep_000148,148,0.36,0.36,0.2093,0.337005,0.35627,0.337005,0.35627,0.0,0.0,0.0,0.0,0.0,0.0,1.0,0.0,0.0,0.0
2,prior_0.36_seed_2_ep_000149,149,0.36,0.36,0.6155,0.337005,0.35627,0.337004,0.35627,1.0,1.0,1.0,1.0,1.0,0.0,0.0,0.0,0.0,0.0
2,prior_0.36_seed_2_ep_000150,150,0.36,0.36,0.526,0.337004,0.35627,0.336995,0.35627,1.0,1.0,1.0,1.0,1.0,0.0,0.0,0.0,0.0,0.0
2,prior_0.36_seed_2_ep_000151,151,0.36,0.36,0.3711,0.336995,0.35627,0.335871,0.354075,0.99879,1.0,1.0,1.0,1.0,0.0,0.0,0.0,0.0,1e-06
2,prior_0.36_seed_2_ep_000152,152,0.36,0.36,0.2091,0.335871,0.354075,0.335871,0.354075,0.0,0.0,0.0,0.0,0.0,0.0,1.0,0.0,0.0,0.0
2,prior_0.36_seed_2_ep_000153,153,0.36,0.36,0.5664,0.335871,0.354075,0.335869,0.354075,1.0,1.0,1.0,1.0,1.0,0.0,0.0,0.0,0.0,0.0
2,prior_0.36_seed_2_ep_000154,154,0.36,0.36,0.3212,0.335869,0.354075,0.335869,0.354075,0.124997,0.0,0.0,0.0,0.0,0.0,1.0,0.0,0.0,0.015624
2,prior_0.36_seed_2_ep_000155,155,0.36,0.36,0.3146,0.335869,0.354075,0.335869,0.354075,0.033292,0.0,0.0,0.0,0.0,0.0,1.0,0.0,0.0,0.001108
2,prior_0.36_seed_2_ep_000156,156,0.36,0.36,0.5319,0.335869,0.354075,0.335861,0.354075,1.0,1.0,1.0,1.0,1.0,0.0,0.0,0.0,0.0,0.0
2,prior_0.36_seed_2_ep_000157,157,0.36,0.36,0.4403,0.335861,0.354075,0.335718,0.354075,1.0,1.0,1.0,1.0,1.0,0.0,0.0,0.0,0.0,0.0
2,prior_0.36_seed_2_ep_000158,158,0.36,0.36,0.3919,0.335718,0.354075,0.335098,0.354075,1.0,1.0,1.0,1.0,1.0,0.0,0.0,0.0,0.0,0.0
2,prior_0.36_seed_2_ep_000159,159,0.36,0.36,0.3533,0.335098,0.354075,0.337921,0.35627,0.941897,1.0,0.0,1.0,0.0,0.0,0.0,1.0,1.0,0.887169
2,prior_0.36_seed_2_ep_000160,160,0.36,0.36,0.49,0.337921,0.35627,0.337894,0.35627,1.0,1.0,1.0,1.0,1.0,0.0,0.0,0.0,0.0,0.0
2,prior_0.36_seed_2_ep_000161,161,0.36,0.36,0.4594,0.337894,0.35627,0.337818,0.35627,1.0,1.0,1.0,1.0,1.0,0.0,0.0,0.0,0.0,0.0
2,prior_0.36_seed_2_ep_000162,162,0.36,0.36,0.298,0.337818,0.35627,0.337818,0.35627,0.000611,0.0,0.0,0.0,0.0,0.0,1.0,0.0,0.0,0.0
2,prior_0.36_seed_2_ep_000163,163,0.36,0.36,0.3055,0.337818,0.35627,0.337818,0.35627,0.003024,0.0,0.0,0.0,0.0,0.0,1.0,0.0,0.0,9e-06
2,prior_0.36_seed_2_ep_000164,164,0.36,0.36,0.2904,0.337818,0.35627,0.337818,0.35627,5.7e-05,0.0,0.0,0.0,0.0,0.0,1.0,0.0,0.0,0.0
2,prior_0.36_seed_2_ep_000165,165,0.36,0.36,0.2742,0.337818,0.35627,0.338301,0.35627,0.0,0.0,0.0,1.0,0.0,1.0,0.0,1.0,1.0,0.0
2,prior_0.36_seed_2_ep_000166,166,0.36,0.36,0.5315,0.338301,0.35627,0.338294,0.35627,1.0,1.0,1.0,1.0,1.0,0.0,0.0,0.0,0.0,0.0
2,prior_0.36_seed_2_ep_000167,167,0.36,0.36,0.2829,0.338294,0.35627,0.338294,0.35627,5e-06,0.0,0.0,0.0,0.0,0.0,1.0,0.0,0.0,0.0
2,prior_0.36_seed_2_ep_000168,168,0.36,0.36,0.4549,0.338294,0.35627,0.338207,0.35627,1.0,1.0,1.0,1.0,1.0,0.0,0.0,0.0,0.0,0.0
2,prior_0.36_seed_2_ep_000169,169,0.36,0.36,0.2873,0.338207,0.35627,0.338207,0.35627,2e-05,0.0,0.0,0.0,0.0,0.0,1.0,0.0,0.0,0.0
2,prior_0.36_seed_2_ep_000170,170,0.36,0.36,0.2878,0.338207,0.35627,0.338884,0.35627,2e-05,0.0,0.0,1.0,0.0,1.0,0.0,1.0,1.0,0.0
2,prior_0.36_seed_2_ep_000171,171,0.36,0.36,0.3469,0.338884,0.35627,0.341086,0.358464,0.749471,1.0,0.0,1.0,0.0,0.0,0.0,1.0,1.0,0.561707
2,prior_0.36_seed_2_ep_000172,172,0.36,0.36,0.3907,0.341086,0.358464,0.340473,0.358464,1.0,1.0,1.0,1.0,1.0,0.0,0.0,0.0,0.0,0.0
2,prior_0.36_seed_2_ep_000173,173,0.36,0.36,0.4923,0.340473,0.358464,0.340449,0.358464,1.0,1.0,1.0,1.0,1.0,0.0,0.0,0.0,0.0,0.0
2,prior_0.36_seed_2_ep_000174,174,0.36,0.36,0.336,0.340449,0.358464,0.340449,0.358464,0.311313,0.0,0.0,0.0,0.0,0.0,1.0,0.0,0.0,0.096916
2,prior_0.36_seed_2_ep_000175,175,0.36,0.36,0.2427,0.340449,0.358464,0.340449,0.358464,0.0,0.0,0.0,0.0,0.0,0.0,1.0,0.0,0.0,0.0
2,prior_0.36_seed_2_ep_000176,176,0.36,0.36,0.6466,0.340449,0.358464,0.340448,0.358464,1.0,1.0,1.0,1.0,1.0,0.0,0.0,0.0,0.0,0.0
2,prior_0.36_seed_2_ep_000177,177,0.36,0.36,0.5148,0.340448,0.358464,0.340437,0.358464,1.0,1.0,1.0,1.0,1.0,0.0,0.0,0.0,0.0,0.0
2,prior_0.36_seed_2_ep_000178,178,0.36,0.36,0.4935,0.340437,0.358464,0.340413,0.358464,1.0,1.0,1.0,1.0,1.0,0.0,0.0,0.0,0.0,0.0
2,prior_0.36_seed_2_ep_000179,179,0.36,0.36,0.2338,0.340413,0.358464,0.340413,0.358464,0.0,0.0,0.0,0.0,0.0,0.0,1.0,0.0,0.0,0.0
2,prior_0.36_seed_2_ep_000180,180,0.36,0.36,0.4388,0.340413,0.358464,0.340272,0.35627,1.0,1.0,1.0,1.0,1.0,0.0,0.0,0.0,0.0,0.0
2,prior_0.36_seed_2_ep_000181,181,0.36,0.36,0.4284,0.340272,0.35627,0.340078,0.35627,1.0,1.0,1.0,1.0,1.0,0.0,0.0,0.0,0.0,0.0
2,prior_0.36_seed_2_ep_000182,182,0.36,0.36,0.3838,0.340078,0.35627,0.339374,0.35627,0.999996,1.0,1.0,1.0,1.0,0.0,0.0,0.0,0.0,0.0
2,prior_0.36_seed_2_ep_000183,183,0.36,0.36,0.3598,0.339374,0.35627,0.341737,0.358464,0.976388,1.0,0.0,1.0,0.0,0.0,0.0,1.0,1.0,0.953333
2,prior_0.36_seed_2_ep_000184,184,0.36,0.36,0.3159,0.341737,0.358464,0.341737,0.358464,0.007467,0.0,0.0,0.0,0.0,0.0,1.0,0.0,0.0,5.6e-05
2,prior_0.36_seed_2_ep_000185,185,0.36,0.36,0.2414,0.341737,0.358464,0.341737,0.358464,0.0,0.0,0.0,0.0,0.0,0.0,1.0,0.0,0.0,0.0
2,prior_0.36_seed_2_ep_000186,186,0.36,0.36,0.3163,0.341737,0.358464,0.341737,0.358464,0.007467,0.0,0.0,0.0,0.0,0.0,1.0,0.0,0.0,5.6e-05
2,prior_0.36_seed_2_ep_000187,187,0.36,0.36,0.5757,0.341737,0.358464,0.341736,0.358464,1.0,1.0,1.0,1.0,1.0,0.0,0.0,0.0,0.0,0.0
2,prior_0.36_seed_2_ep_000188,188,0.36,0.36,0.5303,0.341736,0.358464,0.341729,0.358464,1.0,1.0,1.0,1.0,1.0,0.0,0.0,0.0,0.0,0.0
2,prior_0.36_seed_2_ep_000189,189,0.36,0.36,0.3902,0.341729,0.358464,0.341148,0.358464,1.0,1.0,1.0,1.0,1.0,0.0,0.0,0.0,0.0,0.0
2,prior_0.36_seed_2_ep_000190,190,0.36,0.36,0.3121,0.341148,0.358464,0.341148,0.358464,0.002791,0.0,0.0,0.0,0.0,0.0,1.0,0.0,0.0,8e-06
2,prior_0.36_seed_2_ep_000191,191,0.36,0.36,0.272,0.341148,0.358464,0.341148,0.358464,0.0,0.0,0.0,0.0,0.0,0.0,1.0,0.0,0.0,0.0
2,prior_0.36_seed_2_ep_000192,192,0.36,0.36,0.694,0.341148,0.358464,0.341148,0.358464,1.0,1.0,1.0,1.0,1.0,0.0,0.0,0.0,0.0,0.0
2,prior_0.36_seed_2_ep_000193,193,0.36,0.36,0.4516,0.341148,0.358464,0.341061,0.358464,1.0,1.0,1.0,1.0,1.0,0.0,0.0,0.0,0.0,0.0
2,prior_0.36_seed_2_ep_000194,194,0.36,0.36,0.2909,0.341061,0.358464,0.341061,0.358464,6e-06,0.0,0.0,0.0,0.0,0.0,1.0,0.0,0.0,0.0
2,prior_0.36_seed_2_ep_000195,195,0.36,0.36,0.5606,0.341061,0.358464,0.341058,0.358464,1.0,1.0,1.0,1.0,1.0,0.0,0.0,0.0,0.0,0.0
2,prior_0.36_seed_2_ep_000196,196,0.36,0.36,0.5325,0.341058,0.358464,0.341052,0.358464,1.0,1.0,1.0,1.0,1.0,0.0,0.0,0.0,0.0,0.0
2,prior_0.36_seed_2_ep_000197,197,0.36,0.36,0.4832,0.341052,0.358464,0.341021,0.35627,1.0,1.0,1.0,1.0,1.0,0.0,0.0,0.0,0.0,0.0
2,prior_0.36_seed_2_ep_000198,198,0.36,0.36,0.3698,0.341021,0.35627,0.340075,0.35627,0.998925,1.0,1.0,1.0,1.0,0.0,0.0,0.0,0.0,1e-06
2,prior_0.36_seed_2_ep_000199,199,0.36,0.36,0.3686,0.340075,0.35627,0.339132,0.35627,0.998401,1.0,1.0,1.0,1.0,0.0,0.0,0.0,0.0,3e-06
2,prior_0.36_seed_2_ep_000200,200,0.36,0.36,0.3843,0.339132,0.35627,0.338516,0.354075,0.999999,1.0,1.0,1.0,1.0,0.0,0.0,0.0,0.0,0.0
2,prior_0.36_seed_2_ep_000201,201,0.36,0.36,0.4904,0.338516,0.354075,0.338494,0.354075,1.0,1.0,1.0,1.0,1.0,0.0,0.0,0.0,0.0,0.0
2,prior_0.36_seed_2_ep_000202,202,0.36,0.36,0.2436,0.338494,0.354075,0.33864,0.354075,0.0,0.0,0.0,1.0,0.0,1.0,0.0,1.0,1.0,0.0
2,prior_0.36_seed_2_ep_000203,203,0.36,0.36,0.2981,0.33864,0.354075,0.33934,0.35627,9.7e-05,0.0,0.0,1.0,0.0,1.0,0.0,1.0,1.0,0.0
2,prior_0.36_seed_2_ep_000204,204,0.36,0.36,0.3477,0.33934,0.35627,0.341133,0.35627,0.825936,1.0,0.0,1.0,0.0,0.0,0.0,1.0,1.0,0.68217
2,prior_0.36_seed_2_ep_000205,205,0.36,0.36,0.2329,0.341133,0.35627,0.341133,0.35627,0.0,0.0,0.0,0.0,0.0,0.0,1.0,0.0,0.0,0.0
2,prior_0.36_seed_2_ep_000206,206,0.36,0.36,0.2753,0.341133,0.35627,0.341133,0.35627,0.0,0.0,0.0,0.0,0.0,0.0,1.0,0.0,0.0,0.0
2,prior_0.36_seed_2_ep_000207,207,0.36,0.36,0.4284,0.341133,0.35627,0.34097,0.35627,1.0,1.0,1.0,1.0,1.0,0.0,0.0,0.0,0.0,0.0
2,prior_0.36_seed_2_ep_000208,208,0.36,0.36,0.5199,0.34097,0.35627,0.340962,0.35627,1.0,1.0,1.0,1.0,1.0,0.0,0.0,0.0,0.0,0.0
2,prior_0.36_seed_2_ep_000209,209,0.36,0.36,0.2249,0.340962,0.35627,0.340962,0.35627,0.0,0.0,0.0,0.0,0.0,0.0,1.0,0.0,0.0,0.0
2,prior_0.36_seed_2_ep_000210,210,0.36,0.36,0.2224,0.340962,0.35627,0.340962,0.35627,0.0,0.0,0.0,0.0,0.0,0.0,1.0,0.0,0.0,0.0
2,prior_0.36_seed_2_ep_000211,211,0.36,0.36,0.2119,0.340962,0.35627,0.340962,0.35627,0.0,0.0,0.0,0.0,0.0,0.0,1.0,0.0,0.0,0.0
2,prior_0.36_seed_2_ep_000212,212,0.36,0.36,0.4694,0.340962,0.35627,0.340918,0.35627,1.0,1.0,1.0,1.0,1.0,0.0,0.0,0.0,0.0,0.0
2,prior_0.36_seed_2_ep_000213,213,0.36,0.36,0.3761,0.340918,0.35627,0.340194,0.35627,0.999972,1.0,1.0,1.0,1.0,0.0,0.0,0.0,0.0,0.0
2,prior_0.36_seed_2_ep_000214,214,0.36,0.36,0.2586,0.340194,0.35627,0.340194,0.35627,0.0,0.0,0.0,0.0,0.0,0.0,1.0,0.0,0.0,0.0
2,prior_0.36_seed_2_ep_000215,215,0.36,0.36,0.4431,0.340194,0.35627,0.340096,0.35627,1.0,1.0,1.0,1.0,1.0,0.0,0.0,0.0,0.0,0.0
2,prior_0.36_seed_2_ep_000216,216,0.36,0.36,0.6308,0.340096,0.35627,0.340096,0.35627,1.0,1.0,1.0,1.0,1.0,0.0,0.0,0.0,0.0,0.0
2,prior_0.36_seed_2_ep_000217,217,0.36,0.36,0.3874,0.340096,0.35627,0.339572,0.354075,1.0,1.0,1.0,1.0,1.0,0.0,0.0,0.0,0.0,0.0
2,prior_0.36_seed_2_ep_000218,218,0.36,0.36,0.6847,0.339572,0.354075,0.339572,0.354075,1.0,1.0,1.0,1.0,1.0,0.0,0.0,0.0,0.0,0.0
2,prior_0.36_seed_2_ep_000219,219,0.36,0.36,0.3414,0.339572,0.354075,0.341093,0.35627,0.593769,1.0,0.0,1.0,0.0,0.0,0.0,1.0,1.0,0.352562
2,prior_0.36_seed_2_ep_000220,220,0.36,0.36,0.4593,0.341093,0.35627,0.341036,0.35627,1.0,1.0,1.0,1.0,1.0,0.0,0.0,0.0,0.0,0.0
2,prior_0.36_seed_2_ep_000221,221,0.36,0.36,0.389,0.341036,0.35627,0.340549,0.35627,1.0,1.0,1.0,1.0,1.0,0.0,0.0,0.0,0.0,0.0
2,prior_0.36_seed_2_ep_000222,222,0.36,0.36,0.4813,0.340549,0.35627,0.340522,0.35627,1.0,1.0,1.0,1.0,1.0,0.0,0.0,0.0,0.0,0.0
2,prior_0.36_seed_2_ep_000223,223,0.36,0.36,0.221,0.340522,0.35627,0.340522,0.35627,0.0,0.0,0.0,0.0,0.0,0.0,1.0,0.0,0.0,0.0
2,prior_0.36_seed_2_ep_000224,224,0.36,0.36,0.5257,0.340522,0.35627,0.340516,0.35627,1.0,1.0,1.0,1.0,1.0,0.0,0.0,0.0,0.0,0.0
2,prior_0.36_seed_2_ep_000225,225,0.36,0.36,0.4824,0.340516,0.35627,0.34049,0.35627,1.0,1.0,1.0,1.0,1.0,0.0,0.0,0.0,0.0,0.0
2,prior_0.36_seed_2_ep_000226,226,0.36,0.36,0.2769,0.34049,0.35627,0.34049,0.35627,0.0,0.0,0.0,0.0,0.0,0.0,1.0,0.0,0.0,0.0
2,prior_0.36_seed_2_ep_000227,227,0.36,0.36,0.4532,0.34049,0.35627,0.340423,0.35627,1.0,1.0,1.0,1.0,1.0,0.0,0.0,0.0,0.0,0.0
2,prior_0.36_seed_2_ep_000228,228,0.36,0.36,0.4781,0.340423,0.35627,0.340393,0.35627,1.0,1.0,1.0,1.0,1.0,0.0,0.0,0.0,0.0,0.0
2,prior_0.36_seed_2_ep_000229,229,0.36,0.36,0.3427,0.340393,0.35627,0.341846,0.35627,0.561794,1.0,0.0,1.0,0.0,0.0,0.0,1.0,1.0,0.315613
2,prior_0.36_seed_2_ep_000230,230,0.36,0.36,0.3929,0.341846,0.35627,0.34142,0.35627,1.0,1.0,1.0,1.0,1.0,0.0,0.0,0.0,0.0,0.0
2,prior_0.36_seed_2_ep_000231,231,0.36,0.36,0.3669,0.34142,0.35627,0.340612,0.354075,0.997891,1.0,1.0,1.0,1.0,0.0,0.0,0.0,0.0,4e-06
2,prior_0.36_seed_2_ep_000232,232,0.36,0.36,0.2308,0.340612,0.354075,0.340684,0.354075,0.0,0.0,0.0,1.0,0.0,1.0,0.0,1.0,1.0,0.0
2,prior_0.36_seed_2_ep_000233,233,0.36,0.36,0.4822,0.340684,0.354075,0.34066,0.354075,1.0,1.0,1.0,1.0,1.0,0.0,0.0,0.0,0.0,0.0
2,prior_0.36_seed_2_ep_000234,234,0.36,0.36,0.2778,0.34066,0.354075,0.34066,0.354075,0.0,0.0,0.0,0.0,0.0,0.0,1.0,0.0,0.0,0.0
2,prior_0.36_seed_2_ep_000235,235,0.36,0.36,0.2549,0.34066,0.354075,0.34066,0.354075,0.0,0.0,0.0,0.0,0.0,0.0,1.0,0.0,0.0,0.0
2,prior_0.36_seed_2_ep_000236,236,0.36,0.36,0.2697,0.34066,0.354075,0.34066,0.354075,0.0,0.0,0.0,0.0,0.0,0.0,1.0,0.0,0.0,0.0
2,prior_0.36_seed_2_ep_000237,237,0.36,0.36,0.2262,0.34066,0.354075,0.340721,0.354075,0.0,0.0,0.0,1.0,0.0,1.0,0.0,1.0,1.0,0.0
2,prior_0.36_seed_2_ep_000238,238,0.36,0.36,0.3799,0.340721,0.354075,0.340149,0.354075,0.999998,1.0,1.0,1.0,1.0,0.0,0.0,0.0,0.0,0.0
2,prior_0.36_seed_2_ep_000239,239,0.36,0.36,0.4728,0.340149,0.354075,0.340117,0.354075,1.0,1.0,1.0,1.0,1.0,0.0,0.0,0.0,0.0,0.0
2,prior_0.36_seed_2_ep_000240,240,0.36,0.36,0.5332,0.340117,0.354075,0.340112,0.354075,1.0,1.0,1.0,1.0,1.0,0.0,0.0,0.0,0.0,0.0
2,prior_0.36_seed_2_ep_000241,241,0.36,0.36,0.3976,0.340112,0.354075,0.339768,0.354075,1.0,1.0,1.0,1.0,1.0,0.0,0.0,0.0,0.0,0.0
2,prior_0.36_seed_2_ep_000242,242,0.36,0.36,0.2448,0.339768,0.354075,0.339768,0.354075,0.0,0.0,0.0,0.0,0.0,0.0,1.0,0.0,0.0,0.0
2,prior_0.36_seed_2_ep_000243,243,0.36,0.36,0.2779,0.339768,0.354075,0.339768,0.354075,0.0,0.0,0.0,0.0,0.0,0.0,1.0,0.0,0.0,0.0
2,prior_0.36_seed_2_ep_000244,244,0.36,0.36,0.4166,0.339768,0.354075,0.339575,0.354075,1.0,1.0,1.0,1.0,1.0,0.0,0.0,0.0,0.0,0.0
2,prior_0.36_seed_2_ep_000245,245,0.36,0.36,0.5192,0.339575,0.354075,0.339568,0.354075,1.0,1.0,1.0,1.0,1.0,0.0,0.0,0.0,0.0,0.0
2,prior_0.36_seed_2_ep_000246,246,0.36,0.36,0.5011,0.339568,0.354075,0.339556,0.354075,1.0,1.0,1.0,1.0,1.0,0.0,0.0,0.0,0.0,0.0
2,prior_0.36_seed_2_ep_000247,247,0.36,0.36,0.3751,0.339556,0.354075,0.338941,0.354075,0.99999,1.0,1.0,1.0,1.0,0.0,0.0,0.0,0.0,0.0
2,prior_0.36_seed_2_ep_000248,248,0.36,0.36,0.4196,0.338941,0.354075,0.338771,0.354075,1.0,1.0,1.0,1.0,1.0,0.0,0.0,0.0,0.0,0.0
2,prior_0.36_seed_2_ep_000249,249,0.36,0.36,0.5447,0.338771,0.354075,0.338768,0.354075,1.0,1.0,1.0,1.0,1.0,0.0,0.0,0.0,0.0,0.0
2,prior_0.36_seed_2_ep_000250,250,0.36,0.36,0.3715,0.338768,0.354075,0.338116,0.351881,0.999935,1.0,1.0,1.0,1.0,0.0,0.0,0.0,0.0,0.0
2,prior_0.36_seed_2_ep_000251,251,0.36,0.36,0.4268,0.338116,0.351881,0.337986,0.351881,1.0,1.0,1.0,1.0,1.0,0.0,0.0,0.0,0.0,0.0
2,prior_0.36_seed_2_ep_000252,252,0.36,0.36,0.4474,0.337986,0.351881,0.337918,0.351881,1.0,1.0,1.0,1.0,1.0,0.0,0.0,0.0,0.0,0.0
2,prior_0.36_seed_2_ep_000253,253,0.36,0.36,0.3169,0.337918,0.351881,0.337918,0.351881,0.013826,0.0,0.0,0.0,0.0,0.0,1.0,0.0,0.0,0.000191
2,prior_0.36_seed_2_ep_000254,254,0.36,0.36,0.3188,0.337918,0.351881,0.337918,0.351881,0.013826,0.0,0.0,0.0,0.0,0.0,1.0,0.0,0.0,0.000191
2,prior_0.36_seed_2_ep_000255,255,0.36,0.36,0.3037,0.337918,0.351881,0.337918,0.351881,0.000211,0.0,0.0,0.0,0.0,0.0,1.0,0.0,0.0,0.0
2,prior_0.36_seed_2_ep_000256,256,0.36,0.36,0.3892,0.337918,0.351881,0.337521,0.351881,1.0,1.0,1.0,1.0,1.0,0.0,0.0,0.0,0.0,0.0
2,prior_0.36_seed_2_ep_000257,257,0.36,0.36,0.3382,0.337521,0.351881,0.337521,0.351881,0.496386,0.0,0.0,0.0,0.0,0.0,1.0,0.0,0.0,0.246399
2,prior_0.36_seed_2_ep_000258,258,0.36,0.36,0.6733,0.337521,0.351881,0.337521,0.351881,1.0,1.0,1.0,1.0,1.0,0.0,0.0,0.0,0.0,0.0
2,prior_0.36_seed_2_ep_000259,259,0.36,0.36,0.3995,0.337521,0.351881,0.33723,0.351881,1.0,1.0,1.0,1.0,1.0,0.0,0.0,0.0,0.0,0.0
2,prior_0.36_seed_2_ep_000260,260,0.36,0.36,0.6894,0.33723,0.351881,0.33723,0.351881,1.0,1.0,1.0,1.0,1.0,0.0,0.0,0.0,0.0,0.0
2,prior_0.36_seed_2_ep_000261,261,0.36,0.36,0.3967,0.33723,0.351881,0.336918,0.351881,1.0,1.0,1.0,1.0,1.0,0.0,0.0,0.0,0.0,0.0
2,prior_0.36_seed_2_ep_000262,262,0.36,0.36,0.3115,0.336918,0.351881,0.336918,0.351881,0.002635,0.0,0.0,0.0,0.0,0.0,1.0,0.0,0.0,7e-06
2,prior_0.36_seed_2_ep_000263,263,0.36,0.36,0.5002,0.336918,0.351881,0.336907,0.351881,1.0,1.0,1.0,1.0,1.0,0.0,0.0,0.0,0.0,0.0
2,prior_0.36_seed_2_ep_000264,264,0.36,0.36,0.4557,0.336907,0.351881,0.336858,0.351881,1.0,1.0,1.0,1.0,1.0,0.0,0.0,0.0,0.0,0.0
2,prior_0.36_seed_2_ep_000265,265,0.36,0.36,0.4206,0.336858,0.351881,0.336709,0.349687,1.0,1.0,1.0,1.0,1.0,0.0,0.0,0.0,0.0,0.0
2,prior_0.36_seed_2_ep_000266,266,0.36,0.36,0.2607,0.336709,0.349687,0.336709,0.349687,0.0,0.0,0.0,0.0,0.0,0.0,1.0,0.0,0.0,0.0
2,prior_0.36_seed_2_ep_000267,267,0.36,0.36,0.4214,0.336709,0.349687,0.336564,0.349687,1.0,1.0,1.0,1.0,1.0,0.0,0.0,0.0,0.0,0.0
2,prior_0.36_seed_2_ep_000268,268,0.36,0.36,0.4121,0.336564,0.349687,0.336373,0.349687,1.0,1.0,1.0,1.0,1.0,0.0,0.0,0.0,0.0,0.0
2,prior_0.36_seed_2_ep_000269,269,0.36,0.36,0.3687,0.336373,0.349687,0.335737,0.349687,0.99996,1.0,1.0,1.0,1.0,0.0,0.0,0.0,0.0,0.0
2,prior_0.36_seed_2_ep_000270,270,0.36,0.36,0.2862,0.335737,0.349687,0.335737,0.349687,0.0,0.0,0.0,0.0,0.0,0.0,1.0,0.0,0.0,0.0
2,prior_0.36_seed_2_ep_000271,271,0.36,0.36,0.3574,0.335737,0.349687,0.337378,0.351881,0.995526,1.0,0.0,1.0,0.0,0.0,0.0,1.0,1.0,0.991073
2,prior_0.36_seed_2_ep_000272,272,0.36,0.36,0.4868,0.337378,0.351881,0.337361,0.351881,1.0,1.0,1.0,1.0,1.0,0.0,0.0,0.0,0.0,0.0
2,prior_0.36_seed_2_ep_000273,273,0.36,0.36,0.2123,0.337361,0.351881,0.3374,0.351881,0.0,0.0,0.0,1.0,0.0,1.0,0.0,1.0,1.0,0.0
2,prior_0.36_seed_2_ep_000274,274,0.36,0.36,0.2642,0.3374,0.351881,0.3374,0.351881,0.0,0.0,0.0,0.0,0.0,0.0,1.0,0.0,0.0,0.0
2,prior_0.36_seed_2_ep_000275,275,0.36,0.36,0.2438,0.3374,0.351881,0.3374,0.351881,0.0,0.0,0.0,0.0,0.0,0.0,1.0,0.0,0.0,0.0
2,prior_0.36_seed_2_ep_000276,276,0.36,0.36,0.2618,0.3374,0.351881,0.3374,0.351881,0.0,0.0,0.0,0.0,0.0,0.0,1.0,0.0,0.0,0.0
2,prior_0.36_seed_2_ep_000277,277,0.36,0.36,0.4372,0.3374,0.351881,0.337315,0.351881,1.0,1.0,1.0,1.0,1.0,0.0,0.0,0.0,0.0,0.0
2,prior_0.36_seed_2_ep_000278,278,0.36,0.36,0.3334,0.337315,0.351881,0.337315,0.351881,0.308745,0.0,0.0,0.0,0.0,0.0,1.0,0.0,0.0,0.095324
2,prior_0.36_seed_2_ep_000279,279,0.36,0.36,0.6999,0.337315,0.351881,0.337315,0.351881,1.0,1.0,1.0,1.0,1.0,0.0,0.0,0.0,0.0,0.0
2,prior_0.36_seed_2_ep_000280,280,0.36,0.36,0.3334,0.337315,0.351881,0.337315,0.351881,0.308746,0.0,0.0,0.0,0.0,0.0,1.0,0.0,0.0,0.095324
2,prior_0.36_seed_2_ep_000281,281,0.36,0.36,0.3834,0.337315,0.351881,0.336891,0.349687,1.0,1.0,1.0,1.0,1.0,0.0,0.0,0.0,0.0,0.0
2,prior_0.36_seed_2_ep_000282,282,0.36,0.36,0.2219,0.336891,0.349687,0.336944,0.349687,0.0,0.0,0.0,1.0,0.0,1.0,0.0,1.0,1.0,0.0
2,prior_0.36_seed_2_ep_000283,283,0.36,0.36,0.3814,0.336944,0.349687,0.336504,0.349687,1.0,1.0,1.0,1.0,1.0,0.0,0.0,0.0,0.0,0.0
2,prior_0.36_seed_2_ep_000284,284,0.36,0.36,0.2511,0.336504,0.349687,0.336504,0.349687,0.0,0.0,0.0,0.0,0.0,0.0,1.0,0.0,0.0,0.0
2,prior_0.36_seed_2_ep_000285,285,0.36,0.36,0.4778,0.336504,0.349687,0.336483,0.349687,1.0,1.0,1.0,1.0,1.0,0.0,0.0,0.0,0.0,0.0
2,prior_0.36_seed_2_ep_000286,286,0.36,0.36,0.3422,0.336483,0.349687,0.337749,0.351881,0.741309,1.0,0.0,1.0,0.0,0.0,0.0,1.0,1.0,0.549539
2,prior_0.36_seed_2_ep_000287,287,0.36,0.36,0.4085,0.337749,0.351881,0.33755,0.351881,1.0,1.0,1.0,1.0,1.0,0.0,0.0,0.0,0.0,0.0
2,prior_0.36_seed_2_ep_000288,288,0.36,0.36,0.4963,0.33755,0.351881,0.337538,0.351881,1.0,1.0,1.0,1.0,1.0,0.0,0.0,0.0,0.0,0.0
2,prior_0.36_seed_2_ep_000289,289,0.36,0.36,0.2331,0.337538,0.351881,0.337538,0.351881,0.0,0.0,0.0,0.0,0.0,0.0,1.0,0.0,0.0,0.0
2,prior_0.36_seed_2_ep_000290,290,0.36,0.36,0.3091,0.337538,0.351881,0.337538,0.351881,0.000574,0.0,0.0,0.0,0.0,0.0,1.0,0.0,0.0,0.0
2,prior_0.36_seed_2_ep_000291,291,0.36,0.36,0.3931,0.337538,0.351881,0.33723,0.349687,1.0,1.0,1.0,1.0,1.0,0.0,0.0,0.0,0.0,0.0
2,prior_0.36_seed_2_ep_000292,292,0.36,0.36,0.2875,0.33723,0.349687,0.33723,0.349687,0.0,0.0,0.0,0.0,0.0,0.0,1.0,0.0,0.0,0.0
2,prior_0.36_seed_2_ep_000293,293,0.36,0.36,0.2231,0.33723,0.349687,0.33723,0.349687,0.0,0.0,0.0,0.0,0.0,0.0,1.0,0.0,0.0,0.0
2,prior_0.36_seed_2_ep_000294,294,0.36,0.36,0.3243,0.33723,0.349687,0.33723,0.349687,0.062906,0.0,0.0,0.0,0.0,0.0,1.0,0.0,0.0,0.003957
2,prior_0.36_seed_2_ep_000295,295,0.36,0.36,0.4782,0.33723,0.349687,0.337209,0.349687,1.0,1.0,1.0,1.0,1.0,0.0,0.0,0.0,0.0,0.0
2,prior_0.36_seed_2_ep_000296,296,0.36,0.36,0.2254,0.337209,0.349687,0.337209,0.349687,0.0,0.0,0.0,0.0,0.0,0.0,1.0,0.0,0.0,0.0
2,prior_0.36_seed_2_ep_000297,297,0.36,0.36,0.5422,0.337209,0.349687,0.337206,0.349687,1.0,1.0,1.0,1.0,1.0,0.0,0.0,0.0,0.0,0.0
2,prior_0.36_seed_2_ep_000298,298,0.36,0.36,0.4661,0.337206,0.349687,0.337175,0.349687,1.0,1.0,1.0,1.0,1.0,0.0,0.0,0.0,0.0,0.0
2,prior_0.36_seed_2_ep_000299,299,0.36,0.36,0.4259,0.337175,0.349687,0.337062,0.349687,1.0,1.0,1.0,1.0,1.0,0.0,0.0,0.0,0.0,0.0
0,prior_0.46_seed_0_ep_000000,0,0.46,0.36,0.4855,0.460016,0.591066,0.417445,0.512069,0.620941,1.0,1.0,1.0,1.0,0.0,0.0,0.0,0.0,0.143685
0,prior_0.46_seed_0_ep_000001,1,0.46,0.36,0.3827,0.417445,0.512069,0.417445,0.512069,0.277447,0.0,1.0,0.0,0.0,0.0,1.0,0.0,0.0,0.522083
0,prior_0.46_seed_0_ep_000002,2,0.46,0.36,0.2635,0.417445,0.512069,0.417445,0.512069,0.011315,0.0,0.0,0.0,0.0,0.0,1.0,0.0,0.0,0.000128
0,prior_0.46_seed_0_ep_000003,3,0.46,0.36,0.4877,0.417445,0.512069,0.402834,0.485737,0.878509,1.0,1.0,1.0,1.0,0.0,0.0,0.0,0.0,0.01476
0,prior_0.46_seed_0_ep_000004,4,0.46,0.36,0.4449,0.402834,0.485737,0.38395,0.459404,0.76529,1.0,1.0,1.0,1.0,0.0,0.0,0.0,0.0,0.055089
0,prior_0.46_seed_0_ep_000005,5,0.46,0.36,0.4083,0.38395,0.459404,0.362547,0.433072,0.651826,1.0,1.0,1.0,1.0,0.0,0.0,0.0,0.0,0.121225
0,prior_0.46_seed_0_ep_000006,6,0.46,0.36,0.234,0.362547,0.433072,0.362547,0.433072,0.011021,0.0,0.0,0.0,0.0,0.0,1.0,0.0,0.0,0.000121
0,prior_0.46_seed_0_ep_000007,7,0.46,0.36,0.4353,0.362547,0.433072,0.354949,0.4221,0.95689,1.0,1.0,1.0,1.0,0.0,0.0,0.0,0.0,0.001858
0,prior_0.46_seed_0_ep_000008,8,0.46,0.36,0.4862,0.354949,0.4221,0.353512,0.419906,0.9999,1.0,1.0,1.0,1.0,0.0,0.0,0.0,0.0,0.0
0,prior_0.46_seed_0_ep_000009,9,0.46,0.36,0.4539,0.353512,0.419906,0.350201,0.415517,0.99702,1.0,1.0,1.0,1.0,0.0,0.0,0.0,0.0,9e-06
0,prior_0.46_seed_0_ep_000010,10,0.46,0.36,0.2806,0.350201,0.415517,0.350201,0.415517,0.074491,0.0,0.0,0.0,0.0,0.0,1.0,0.0,0.0,0.005549
0,prior_0.46_seed_0_ep_000011,11,0.46,0.36,0.5414,0.350201,0.415517,0.350011,0.415517,1.0,1.0,1.0,1.0,1.0,0.0,0.0,0.0,0.0,0.0
0,prior_0.46_seed_0_ep_000012,12,0.46,0.36,0.379,0.350011,0.415517,0.334672,0.397962,0.725781,1.0,1.0,1.0,1.0,0.0,0.0,0.0,0.0,0.075196
0,prior_0.46_seed_0_ep_000013,13,0.46,0.36,0.4907,0.334672,0.397962,0.334135,0.397962,1.0,1.0,1.0,1.0,1.0,0.0,0.0,0.0,0.0,0.0
0,prior_0.46_seed_0_ep_000014,14,0.46,0.36,0.3679,0.334135,0.397962,0.321103,0.382602,0.781072,1.0,1.0,1.0,1.0,0.0,0.0,0.0,0.0,0.047929
0,prior_0.46_seed_0_ep_000015,15,0.46,0.36,0.3783,0.321103,0.382602,0.313558,0.37163,0.941251,1.0,1.0,1.0,1.0,0.0,0.0,0.0,0.0,0.003451
0,prior_0.46_seed_0_ep_000016,16,0.46,0.36,0.4848,0.313558,0.37163,0.313296,0.37163,1.0,1.0,1.0,1.0,1.0,0.0,0.0,0.0,0.0,0.0
0,prior_0.46_seed_0_ep_000017,17,0.46,0.36,0.2212,0.313296,0.37163,0.31797,0.373824,0.023121,0.0,0.0,1.0,0.0,1.0,0.0,1.0,1.0,0.000535
0,prior_0.46_seed_0_ep_000018,18,0.46,0.36,0.4373,0.31797,0.373824,0.316854,0.37163,0.999985,1.0,1.0,1.0,1.0,0.0,0.0,0.0,0.0,0.0
0,prior_0.46_seed_0_ep_000019,19,0.46,0.36,0.4391,0.316854,0.37163,0.315863,0.369436,0.999996,1.0,1.0,1.0,1.0,0.0,0.0,0.0,0.0,0.0
0,prior_0.46_seed_0_ep_000020,20,0.46,0.36,0.5008,0.315863,0.369436,0.315734,0.369436,1.0,1.0,1.0,1.0,1.0,0.0,0.0,0.0,0.0,0.0
0,prior_0.46_seed_0_ep_000021,21,0.46,0.36,0.2682,0.315734,0.369436,0.315734,0.369436,0.097327,0.0,0.0,0.0,0.0,0.0,1.0,0.0,0.0,0.009473
0,prior_0.46_seed_0_ep_000022,22,0.46,0.36,0.5218,0.315734,0.369436,0.31567,0.369436,1.0,1.0,1.0,1.0,1.0,0.0,0.0,0.0,0.0,0.0
0,prior_0.46_seed_0_ep_000023,23,0.46,0.36,0.5593,0.31567,0.369436,0.315652,0.369436,1.0,1.0,1.0,1.0,1.0,0.0,0.0,0.0,0.0,0.0
0,prior_0.46_seed_0_ep_000024,24,0.46,0.36,0.5275,0.315652,0.369436,0.315599,0.369436,1.0,1.0,1.0,1.0,1.0,0.0,0.0,0.0,0.0,0.0
0,prior_0.46_seed_0_ep_000025,25,0.46,0.36,0.4327,0.315599,0.369436,0.314476,0.367241,0.999993,1.0,1.0,1.0,1.0,0.0,0.0,0.0,0.0,0.0
0,prior_0.46_seed_0_ep_000026,26,0.46,0.36,0.2865,0.314476,0.367241,0.314476,0.367241,0.212379,0.0,0.0,0.0,0.0,0.0,1.0,0.0,0.0,0.045105
0,prior_0.46_seed_0_ep_000027,27,0.46,0.36,0.2015,0.314476,0.367241,0.314476,0.367241,0.002761,0.0,0.0,0.0,0.0,0.0,1.0,0.0,0.0,8e-06
0,prior_0.46_seed_0_ep_000028,28,0.46,0.36,0.2235,0.314476,0.367241,0.314476,0.367241,0.011177,0.0,0.0,0.0,0.0,0.0,1.0,0.0,0.0,0.000125
0,prior_0.46_seed_0_ep_000029,29,0.46,0.36,0.6703,0.314476,0.367241,0.314476,0.367241,1.0,1.0,1.0,1.0,1.0,0.0,0.0,0.0,0.0,0.0
0,prior_0.46_seed_0_ep_000030,30,0.46,0.36,0.4373,0.314476,0.367241,0.313559,0.367241,0.999999,1.0,1.0,1.0,1.0,0.0,0.0,0.0,0.0,0.0
0,prior_0.46_seed_0_ep_000031,31,0.46,0.36,0.5101,0.313559,0.367241,0.313476,0.365047,1.0,1.0,1.0,1.0,1.0,0.0,0.0,0.0,0.0,0.0
0,prior_0.46_seed_0_ep_000032,32,0.46,0.36,0.4131,0.313476,0.365047,0.311674,0.362853,0.999866,1.0,1.0,1.0,1.0,0.0,0.0,0.0,0.0,0.0
0,prior_0.46_seed_0_ep_000033,33,0.46,0.36,0.6802,0.311674,0.362853,0.311674,0.362853,1.0,1.0,1.0,1.0,1.0,0.0,0.0,0.0,0.0,0.0
0,prior_0.46_seed_0_ep_000034,34,0.46,0.36,0.4674,0.311674,0.362853,0.31137,0.362853,1.0,1.0,1.0,1.0,1.0,0.0,0.0,0.0,0.0,0.0
0,prior_0.46_seed_0_ep_000035,35,0.46,0.36,0.3805,0.31137,0.362853,0.307381,0.358464,0.991847,1.0,1.0,1.0,1.0,0.0,0.0,0.0,0.0,6.6e-05
0,prior_0.46_seed_0_ep_000036,36,0.46,0.36,0.2853,0.307381,0.358464,0.307381,0.358464,0.241844,0.0,0.0,0.0,0.0,0.0,1.0,0.0,0.0,0.058488
0,prior_0.46_seed_0_ep_000037,37,0.46,0.36,0.2299,0.307381,0.358464,0.307381,0.358464,0.020643,0.0,0.0,0.0,0.0,0.0,1.0,0.0,0.0,0.000426
0,prior_0.46_seed_0_ep_000038,38,0.46,0.36,0.4956,0.307381,0.358464,0.307282,0.358464,1.0,1.0,1.0,1.0,1.0,0.0,0.0,0.0,0.0,0.0
0,prior_0.46_seed_0_ep_000039,39,0.46,0.36,0.3061,0.307282,0.358464,0.307282,0.358464,0.462328,0.0,0.0,0.0,0.0,0.0,1.0,0.0,0.0,0.213747
0,prior_0.46_seed_0_ep_000040,40,0.46,0.36,0.4054,0.307282,0.358464,0.305565,0.35627,0.999939,1.0,1.0,1.0,1.0,0.0,0.0,0.0,0.0,0.0
0,prior_0.46_seed_0_ep_000041,41,0.46,0.36,0.3577,0.305565,0.35627,0.328619,0.367241,0.956552,1.0,0.0,1.0,0.0,0.0,0.0,1.0,1.0,0.914991
0,prior_0.46_seed_0_ep_000042,42,0.46,0.36,0.3909,0.328619,0.367241,0.326027,0.365047,0.9974,1.0,1.0,1.0,1.0,0.0,0.0,0.0,0.0,7e-06
0,prior_0.46_seed_0_ep_000043,43,0.46,0.36,0.5108,0.326027,0.365047,0.325972,0.365047,1.0,1.0,1.0,1.0,1.0,0.0,0.0,0.0,0.0,0.0
0,prior_0.46_seed_0_ep_000044,44,0.46,0.36,0.5008,0.325972,0.365047,0.325896,0.365047,1.0,1.0,1.0,1.0,1.0,0.0,0.0,0.0,0.0,0.0
0,prior_0.46_seed_0_ep_000045,45,0.46,0.36,0.2921,0.325896,0.365047,0.325896,0.365047,0.098143,0.0,0.0,0.0,0.0,0.0,1.0,0.0,0.0,0.009632
0,prior_0.46_seed_0_ep_000046,46,0.46,0.36,0.2947,0.325896,0.365047,0.325896,0.365047,0.110927,0.0,0.0,0.0,0.0,0.0,1.0,0.0,0.0,0.012305
0,prior_0.46_seed_0_ep_000047,47,0.46,0.36,0.4728,0.325896,0.365047,0.325705,0.365047,1.0,1.0,1.0,1.0,1.0,0.0,0.0,0.0,0.0,0.0
0,prior_0.46_seed_0_ep_000048,48,0.46,0.36,0.2293,0.325705,0.365047,0.325705,0.365047,0.001192,0.0,0.0,0.0,0.0,0.0,1.0,0.0,0.0,1e-06
0,prior_0.46_seed_0_ep_000049,49,0.46,0.36,0.4261,0.325705,0.365047,0.324868,0.362853,1.0,1.0,1.0,1.0,1.0,0.0,0.0,0.0,0.0,0.0
0,prior_0.46_seed_0_ep_000050,50,0.46,0.36,0.2428,0.324868,0.362853,0.324868,0.362853,0.003744,0.0,0.0,0.0,0.0,0.0,1.0,0.0,0.0,1.4e-05
0,prior_0.46_seed_0_ep_000051,51,0.46,0.36,0.3278,0.324868,0.362853,0.33455,0.367241,0.531288,1.0,0.0,1.0,0.0,0.0,0.0,1.0,1.0,0.282267
0,prior_0.46_seed_0_ep_000052,52,0.46,0.36,0.3698,0.33455,0.367241,0.330952,0.365047,0.961502,1.0,1.0,1.0,1.0,0.0,0.0,0.0,0.0,0.001482
0,prior_0.46_seed_0_ep_000053,53,0.46,0.36,0.3799,0.330952,0.365047,0.32843,0.360658,0.994047,1.0,1.0,1.0,1.0,0.0,0.0,0.0,0.0,3.5e-05
0,prior_0.46_seed_0_ep_000054,54,0.46,0.36,0.3791,0.32843,0.360658,0.326077,0.358464,0.996635,1.0,1.0,1.0,1.0,0.0,0.0,0.0,0.0,1.1e-05
0,prior_0.46_seed_0_ep_000055,55,0.46,0.36,0.5999,0.326077,0.358464,0.326076,0.358464,1.0,1.0,1.0,1.0,1.0,0.0,0.0,0.0,0.0,0.0
0,prior_0.46_seed_0_ep_000056,56,0.46,0.36,0.2452,0.326076,0.358464,0.326076,0.358464,0.000788,0.0,0.0,0.0,0.0,0.0,1.0,0.0,0.0,1e-06
0,prior_0.46_seed_0_ep_000057,57,0.46,0.36,0.3284,0.326076,0.358464,0.332949,0.362853,0.528104,1.0,0.0,1.0,0.0,0.0,0.0,1.0,1.0,0.278894
0,prior_0.46_seed_0_ep_000058,58,0.46,0.36,0.3128,0.332949,0.362853,0.332949,0.362853,0.150197,0.0,0.0,0.0,0.0,0.0,1.0,0.0,0.0,0.022559
0,prior_0.46_seed_0_ep_000059,59,0.46,0.36,0.6426,0.332949,0.362853,0.332948,0.362853,1.0,1.0,1.0,1.0,1.0,0.0,0.0,0.0,0.0,0.0
0,prior_0.46_seed_0_ep_000060,60,0.46,0.36,0.5226,0.332948,0.362853,0.332924,0.362853,1.0,1.0,1.0,1.0,1.0,0.0,0.0,0.0,0.0,0.0
0,prior_0.46_seed_0_ep_000061,61,0.46,0.36,0.3293,0.332924,0.362853,0.332924,0.362853,0.395672,0.0,0.0,0.0,0.0,0.0,1.0,0.0,0.0,0.156557
0,prior_0.46_seed_0_ep_000062,62,0.46,0.36,0.6371,0.332924,0.362853,0.332924,0.362853,1.0,1.0,1.0,1.0,1.0,0.0,0.0,0.0,0.0,0.0
0,prior_0.46_seed_0_ep_000063,63,0.46,0.36,0.3247,0.332924,0.362853,0.332924,0.362853,0.311666,0.0,0.0,0.0,0.0,0.0,1.0,0.0,0.0,0.097136
0,prior_0.46_seed_0_ep_000064,64,0.46,0.36,0.3786,0.332924,0.362853,0.330809,0.360658,0.996695,1.0,1.0,1.0,1.0,0.0,0.0,0.0,0.0,1.1e-05
0,prior_0.46_seed_0_ep_000065,65,0.46,0.36,0.3045,0.330809,0.360658,0.330809,0.360658,0.086705,0.0,0.0,0.0,0.0,0.0,1.0,0.0,0.0,0.007518
0,prior_0.46_seed_0_ep_000066,66,0.46,0.36,0.3002,0.330809,0.360658,0.333954,0.360658,0.058978,0.0,0.0,1.0,0.0,1.0,0.0,1.0,1.0,0.003478
0,prior_0.46_seed_0_ep_000067,67,0.46,0.36,0.219,0.333954,0.360658,0.333954,0.360658,0.0,0.0,0.0,0.0,0.0,0.0,1.0,0.0,0.0,0.0
0,prior_0.46_seed_0_ep_000068,68,0.46,0.36,0.527,0.333954,0.360658,0.333936,0.360658,1.0,1.0,1.0,1.0,1.0,0.0,0.0,0.0,0.0,0.0
0,prior_0.46_seed_0_ep_000069,69,0.46,0.36,0.5785,0.333936,0.360658,0.333933,0.360658,1.0,1.0,1.0,1.0,1.0,0.0,0.0,0.0,0.0,0.0
0,prior_0.46_seed_0_ep_000070,70,0.46,0.36,0.4864,0.333933,0.360658,0.333863,0.360658,1.0,1.0,1.0,1.0,1.0,0.0,0.0,0.0,0.0,0.0
0,prior_0.46_seed_0_ep_000071,71,0.46,0.36,0.3342,0.333863,0.360658,0.338658,0.365047,0.469505,0.0,0.0,1.0,0.0,1.0,0.0,1.0,1.0,0.220435
0,prior_0.46_seed_0_ep_000072,72,0.46,0.36,0.5615,0.338658,0.365047,0.338652,0.365047,1.0,1.0,1.0,1.0,1.0,0.0,0.0,0.0,0.0,0.0
0,prior_0.46_seed_0_ep_000073,73,0.46,0.36,0.2474,0.338652,0.365047,0.338652,0.365047,2e-06,0.0,0.0,0.0,0.0,0.0,1.0,0.0,0.0,0.0
0,prior_0.46_seed_0_ep_000074,74,0.46,0.36,0.6134,0.338652,0.365047,0.338651,0.365047,1.0,1.0,1.0,1.0,1.0,0.0,0.0,0.0,0.0,0.0
0,prior_0.46_seed_0_ep_000075,75,0.46,0.36,0.2309,0.338651,0.365047,0.338651,0.365047,0.0,0.0,0.0,0.0,0.0,0.0,1.0,0.0,0.0,0.0
0,prior_0.46_seed_0_ep_000076,76,0.46,0.36,0.4221,0.338651,0.365047,0.338097,0.365047,1.0,1.0,1.0,1.0,1.0,0.0,0.0,0.0,0.0,0.0
0,prior_0.46_seed_0_ep_000077,77,0.46,0.36,0.427,0.338097,0.365047,0.337635,0.362853,1.0,1.0,1.0,1.0,1.0,0.0,0.0,0.0,0.0,0.0
0,prior_0.46_seed_0_ep_000078,78,0.46,0.36,0.2464,0.337635,0.362853,0.337635,0.362853,1e-06,0.0,0.0,0.0,0.0,0.0,1.0,0.0,0.0,0.0
0,prior_0.46_seed_0_ep_000079,79,0.46,0.36,0.3566,0.337635,0.362853,0.342896,0.367241,0.892136,1.0,0.0,1.0,0.0,0.0,0.0,1.0,1.0,0.795906
0,prior_0.46_seed_0_ep_000080,80,0.46,0.36,0.3209,0.342896,0.367241,0.342896,0.367241,0.071202,0.0,0.0,0.0,0.0,0.0,1.0,0.0,0.0,0.00507
0,prior_0.46_seed_0_ep_000081,81,0.46,0.36,0.4366,0.342896,0.367241,0.342549,0.367241,1.0,1.0,1.0,1.0,1.0,0.0,0.0,0.0,0.0,0.0
0,prior_0.46_seed_0_ep_000082,82,0.46,0.36,0.269,0.342549,0.367241,0.342549,0.367241,1.7e-05,0.0,0.0,0.0,0.0,0.0,1.0,0.0,0.0,0.0
0,prior_0.46_seed_0_ep_000083,83,0.46,0.36,0.4595,0.342549,0.367241,0.342385,0.367241,1.0,1.0,1.0,1.0,1.0,0.0,0.0,0.0,0.0,0.0
0,prior_0.46_seed_0_ep_000084,84,0.46,0.36,0.2551,0.342385,0.367241,0.342385,0.367241,1e-06,0.0,0.0,0.0,0.0,0.0,1.0,0.0,0.0,0.0
0,prior_0.46_seed_0_ep_000085,85,0.46,0.36,0.5336,0.342385,0.367241,0.34237,0.367241,1.0,1.0,1.0,1.0,1.0,0.0,0.0,0.0,0.0,0.0
0,prior_0.46_seed_0_ep_000086,86,0.46,0.36,0.4497,0.34237,0.367241,0.342148,0.367241,1.0,1.0,1.0,1.0,1.0,0.0,0.0,0.0,0.0,0.0
0,prior_0.46_seed_0_ep_000087,87,0.46,0.36,0.2641,0.342148,0.367241,0.342148,0.367241,4e-06,0.0,0.0,0.0,0.0,0.0,1.0,0.0,0.0,0.0
0,prior_0.46_seed_0_ep_000088,88,0.46,0.36,0.5166,0.342148,0.367241,0.342123,0.367241,1.0,1.0,1.0,1.0,1.0,0.0,0.0,0.0,0.0,0.0
0,prior_0.46_seed_0_ep_000089,89,0.46,0.36,0.2913,0.342123,0.367241,0.342123,0.367241,0.001193,0.0,0.0,0.0,0.0,0.0,1.0,0.0,0.0,1e-06
0,prior_0.46_seed_0_ep_000090,90,0.46,0.36,0.4832,0.342123,0.367241,0.342049,0.365047,1.0,1.0,1.0,1.0,1.0,0.0,0.0,0.0,0.0,0.0
0,prior_0.46_seed_0_ep_000091,91,0.46,0.36,0.2386,0.342049,0.365047,0.342049,0.365047,0.0,0.0,0.0,0.0,0.0,0.0,1.0,0.0,0.0,0.0
0,prior_0.46_seed_0_ep_000092,92,0.46,0.36,0.2266,0.342049,0.365047,0.342049,0.365047,0.0,0.0,0.0,0.0,0.0,0.0,1.0,0.0,0.0,0.0
0,prior_0.46_seed_0_ep_000093,93,0.46,0.36,0.435,0.342049,0.365047,0.3417,0.365047,1.0,1.0,1.0,1.0,1.0,0.0,0.0,0.0,0.0,0.0
0,prior_0.46_seed_0_ep_000094,94,0.46,0.36,0.3504,0.3417,0.365047,0.345745,0.369436,0.720945,1.0,0.0,1.0,0.0,0.0,0.0,1.0,1.0,0.519762
0,prior_0.46_seed_0_ep_000095,95,0.46,0.36,0.457,0.345745,0.369436,0.345571,0.367241,1.0,1.0,1.0,1.0,1.0,0.0,0.0,0.0,0.0,0.0
0,prior_0.46_seed_0_ep_000096,96,0.46,0.36,0.3061,0.345571,0.367241,0.345571,0.367241,0.00554,0.0,0.0,0.0,0.0,0.0,1.0,0.0,0.0,3.1e-05
0,prior_0.46_seed_0_ep_000097,97,0.46,0.36,0.2898,0.345571,0.367241,0.345571,0.367241,0.0002,0.0,0.0,0.0,0.0,0.0,1.0,0.0,0.0,0.0
0,prior_0.46_seed_0_ep_000098,98,0.46,0.36,0.4853,0.345571,0.367241,0.345503,0.367241,1.0,1.0,1.0,1.0,1.0,0.0,0.0,0.0,0.0,0.0
0,prior_0.46_seed_0_ep_000099,99,0.46,0.36,0.4417,0.345503,0.367241,0.345224,0.367241,1.0,1.0,1.0,1.0,1.0,0.0,0.0,0.0,0.0,0.0
0,prior_0.46_seed_0_ep_000100,100,0.46,0.36,0.3831,0.345224,0.367241,0.343754,0.367241,0.998062,1.0,1.0,1.0,1.0,0.0,0.0,0.0,0.0,4e-06
0,prior_0.46_seed_0_ep_000101,101,0.46,0.36,0.3987,0.343754,0.367241,0.342829,0.365047,0.999992,1.0,1.0,1.0,1.0,0.0,0.0,0.0,0.0,0.0
0,prior_0.46_seed_0_ep_000102,102,0.46,0.36,0.5217,0.342829,0.365047,0.342811,0.365047,1.0,1.0,1.0,1.0,1.0,0.0,0.0,0.0,0.0,0.0
0,prior_0.46_seed_0_ep_000103,103,0.46,0.36,0.5217,0.342811,0.365047,0.342793,0.365047,1.0,1.0,1.0,1.0,1.0,0.0,0.0,0.0,0.0,0.0
0,prior_0.46_seed_0_ep_000104,104,0.46,0.36,0.4528,0.342793,0.365047,0.342622,0.365047,1.0,1.0,1.0,1.0,1.0,0.0,0.0,0.0,0.0,0.0
0,prior_0.46_seed_0_ep_000105,105,0.46,0.36,0.4629,0.342622,0.365047,0.342499,0.365047,1.0,1.0,1.0,1.0,1.0,0.0,0.0,0.0,0.0,0.0
0,prior_0.46_seed_0_ep_000106,106,0.46,0.36,0.4942,0.342499,0.365047,0.342455,0.365047,1.0,1.0,1.0,1.0,1.0,0.0,0.0,0.0,0.0,0.0
0,prior_0.46_seed_0_ep_000107,107,0.46,0.36,0.2834,0.342455,0.365047,0.342455,0.365047,8e-05,0.0,0.0,0.0,0.0,0.0,1.0,0.0,0.0,0.0
0,prior_0.46_seed_0_ep_000108,108,0.46,0.36,0.4456,0.342455,0.365047,0.342243,0.365047,1.0,1.0,1.0,1.0,1.0,0.0,0.0,0.0,0.0,0.0
0,prior_0.46_seed_0_ep_000109,109,0.46,0.36,0.3896,0.342243,0.365047,0.341141,0.362853,0.999925,1.0,1.0,1.0,1.0,0.0,0.0,0.0,0.0,0.0
0,prior_0.46_seed_0_ep_000110,110,0.46,0.36,0.3946,0.341141,0.362853,0.340218,0.362853,0.999992,1.0,1.0,1.0,1.0,0.0,0.0,0.0,0.0,0.0
0,prior_0.46_seed_0_ep_000111,111,0.46,0.36,0.4685,0.340218,0.362853,0.340127,0.362853,1.0,1.0,1.0,1.0,1.0,0.0,0.0,0.0,0.0,0.0
0,prior_0.46_seed_0_ep_000112,112,0.46,0.36,0.3073,0.340127,0.362853,0.340127,0.362853,0.011332,0.0,0.0,0.0,0.0,0.0,1.0,0.0,0.0,0.000128
0,prior_0.46_seed_0_ep_000113,113,0.46,0.36,0.2686,0.340127,0.362853,0.340127,0.362853,6e-06,0.0,0.0,0.0,0.0,0.0,1.0,0.0,0.0,0.0
0,prior_0.46_seed_0_ep_000114,114,0.46,0.36,0.6666,0.340127,0.362853,0.340127,0.362853,1.0,1.0,1.0,1.0,1.0,0.0,0.0,0.0,0.0,0.0
0,prior_0.46_seed_0_ep_000115,115,0.46,0.36,0.4587,0.340127,0.362853,0.340003,0.360658,1.0,1.0,1.0,1.0,1.0,0.0,0.0,0.0,0.0,0.0
0,prior_0.46_seed_0_ep_000116,116,0.46,0.36,0.3848,0.340003,0.360658,0.338862,0.360658,0.999888,1.0,1.0,1.0,1.0,0.0,0.0,0.0,0.0,0.0
0,prior_0.46_seed_0_ep_000117,117,0.46,0.36,0.3145,0.338862,0.360658,0.338862,0.360658,0.036397,0.0,0.0,0.0,0.0,0.0,1.0,0.0,0.0,0.001325
0,prior_0.46_seed_0_ep_000118,118,0.46,0.36,0.4399,0.338862,0.360658,0.338647,0.360658,1.0,1.0,1.0,1.0,1.0,0.0,0.0,0.0,0.0,0.0
0,prior_0.46_seed_0_ep_000119,119,0.46,0.36,0.3083,0.338647,0.360658,0.340305,0.360658,0.01948,0.0,0.0,1.0,0.0,1.0,0.0,1.0,1.0,0.000379
0,prior_0.46_seed_0_ep_000120,120,0.46,0.36,0.4028,0.340305,0.360658,0.339655,0.360658,1.0,1.0,1.0,1.0,1.0,0.0,0.0,0.0,0.0,0.0
0,prior_0.46_seed_0_ep_000121,121,0.46,0.36,0.2667,0.339655,0.360658,0.340159,0.360658,1e-06,0.0,0.0,1.0,0.0,1.0,0.0,1.0,1.0,0.0
0,prior_0.46_seed_0_ep_000122,122,0.46,0.36,0.4338,0.340159,0.360658,0.339914,0.360658,1.0,1.0,1.0,1.0,1.0,0.0,0.0,0.0,0.0,0.0
0,prior_0.46_seed_0_ep_000123,123,0.46,0.36,0.2883,0.339914,0.360658,0.340802,0.360658,0.000201,0.0,0.0,1.0,0.0,1.0,0.0,1.0,1.0,0.0
0,prior_0.46_seed_0_ep_000124,124,0.46,0.36,0.4859,0.340802,0.360658,0.340757,0.360658,1.0,1.0,1.0,1.0,1.0,0.0,0.0,0.0,0.0,0.0
0,prior_0.46_seed_0_ep_000125,125,0.46,0.36,0.2528,0.340757,0.360658,0.340757,0.360658,0.0,0.0,0.0,0.0,0.0,0.0,1.0,0.0,0.0,0.0
0,prior_0.46_seed_0_ep_000126,126,0.46,0.36,0.3099,0.340757,0.360658,0.342181,0.362853,0.008813,0.0,0.0,1.0,0.0,1.0,0.0,1.0,1.0,7.8e-05
0,prior_0.46_seed_0_ep_000127,127,0.46,0.36,0.6189,0.342181,0.362853,0.342181,0.362853,1.0,1.0,1.0,1.0,1.0,0.0,0.0,0.0,0.0,0.0
0,prior_0.46_seed_0_ep_000128,128,0.46,0.36,0.3877,0.342181,0.362853,0.341265,0.360658,0.999971,1.0,1.0,1.0,1.0,0.0,0.0,0.0,0.0,0.0
0,prior_0.46_seed_0_ep_000129,129,0.46,0.36,0.2724,0.341265,0.360658,0.341265,0.360658,0.0,0.0,0.0,0.0,0.0,0.0,1.0,0.0,0.0,0.0
0,prior_0.46_seed_0_ep_000130,130,0.46,0.36,0.3033,0.341265,0.360658,0.341265,0.360658,0.001537,0.0,0.0,0.0,0.0,0.0,1.0,0.0,0.0,2e-06
0,prior_0.46_seed_0_ep_000131,131,0.46,0.36,0.4931,0.341265,0.360658,0.341232,0.360658,1.0,1.0,1.0,1.0,1.0,0.0,0.0,0.0,0.0,0.0
0,prior_0.46_seed_0_ep_000132,132,0.46,0.36,0.4279,0.341232,0.360658,0.340957,0.360658,1.0,1.0,1.0,1.0,1.0,0.0,0.0,0.0,0.0,0.0
0,prior_0.46_seed_0_ep_000133,133,0.46,0.36,0.3341,0.340957,0.360658,0.340957,0.360658,0.258407,0.0,0.0,0.0,0.0,0.0,1.0,0.0,0.0,0.066774
0,prior_0.46_seed_0_ep_000134,134,0.46,0.36,0.498,0.340957,0.360658,0.340929,0.360658,1.0,1.0,1.0,1.0,1.0,0.0,0.0,0.0,0.0,0.0
0,prior_0.46_seed_0_ep_000135,135,0.46,0.36,0.3726,0.340929,0.360658,0.339661,0.358464,0.997012,1.0,1.0,1.0,1.0,0.0,0.0,0.0,0.0,9e-06
0,prior_0.46_seed_0_ep_000136,136,0.46,0.36,0.3784,0.339661,0.358464,0.33861,0.358464,0.999779,1.0,1.0,1.0,1.0,0.0,0.0,0.0,0.0,0.0
0,prior_0.46_seed_0_ep_000137,137,0.46,0.36,0.4118,0.33861,0.358464,0.338212,0.358464,1.0,1.0,1.0,1.0,1.0,0.0,0.0,0.0,0.0,0.0
0,prior_0.46_seed_0_ep_000138,138,0.46,0.36,0.373,0.338212,0.358464,0.337079,0.35627,0.998921,1.0,1.0,1.0,1.0,0.0,0.0,0.0,0.0,1e-06
0,prior_0.46_seed_0_ep_000139,139,0.46,0.36,0.3987,0.337079,0.35627,0.336532,0.35627,1.0,1.0,1.0,1.0,1.0,0.0,0.0,0.0,0.0,0.0
0,prior_0.46_seed_0_ep_000140,140,0.46,0.36,0.4128,0.336532,0.35627,0.33618,0.354075,1.0,1.0,1.0,1.0,1.0,0.0,0.0,0.0,0.0,0.0
0,prior_0.46_seed_0_ep_000141,141,0.46,0.36,0.2357,0.33618,0.354075,0.33618,0.354075,0.0,0.0,0.0,0.0,0.0,0.0,1.0,0.0,0.0,0.0
0,prior_0.46_seed_0_ep_000142,142,0.46,0.36,0.4711,0.33618,0.354075,0.336127,0.354075,1.0,1.0,1.0,1.0,1.0,0.0,0.0,0.0,0.0,0.0
0,prior_0.46_seed_0_ep_000143,143,0.46,0.36,0.3938,0.336127,0.354075,0.335524,0.354075,1.0,1.0,1.0,1.0,1.0,0.0,0.0,0.0,0.0,0.0
0,prior_0.46_seed_0_ep_000144,144,0.46,0.36,0.4651,0.335524,0.354075,0.335461,0.354075,1.0,1.0,1.0,1.0,1.0,0.0,0.0,0.0,0.0,0.0
0,prior_0.46_seed_0_ep_000145,145,0.46,0.36,0.3478,0.335461,0.354075,0.338113,0.35627,0.869962,1.0,0.0,1.0,0.0,0.0,0.0,1.0,1.0,0.756833
0,prior_0.46_seed_0_ep_000146,146,0.46,0.36,0.3873,0.338113,0.35627,0.337411,0.35627,0.999999,1.0,1.0,1.0,1.0,0.0,0.0,0.0,0.0,0.0
0,prior_0.46_seed_0_ep_000147,147,0.46,0.36,0.4834,0.337411,0.35627,0.337377,0.35627,1.0,1.0,1.0,1.0,1.0,0.0,0.0,0.0,0.0,0.0
0,prior_0.46_seed_0_ep_000148,148,0.46,0.36,0.2291,0.337377,0.35627,0.337377,0.35627,0.0,0.0,0.0,0.0,0.0,0.0,1.0,0.0,0.0,0.0
0,prior_0.46_seed_0_ep_000149,149,0.46,0.36,0.235,0.337377,0.35627,0.337377,0.35627,0.0,0.0,0.0,0.0,0.0,0.0,1.0,0.0,0.0,0.0
0,prior_0.46_seed_0_ep_000150,150,0.46,0.36,0.239,0.337377,0.35627,0.337377,0.35627,0.0,0.0,0.0,0.0,0.0,0.0,1.0,0.0,0.0,0.0
0,prior_0.46_seed_0_ep_000151,151,0.46,0.36,0.4606,0.337377,0.35627,0.337306,0.35627,1.0,1.0,1.0,1.0,1.0,0.0,0.0,0.0,0.0,0.0
0,prior_0.46_seed_0_ep_000152,152,0.46,0.36,0.4495,0.337306,0.35627,0.337203,0.35627,1.0,1.0,1.0,1.0,1.0,0.0,0.0,0.0,0.0,0.0
0,prior_0.46_seed_0_ep_000153,153,0.46,0.36,0.2418,0.337203,0.35627,0.337203,0.35627,0.0,0.0,0.0,0.0,0.0,0.0,1.0,0.0,0.0,0.0
0,prior_0.46_seed_0_ep_000154,154,0.46,0.36,0.3768,0.337203,0.35627,0.336314,0.354075,0.999938,1.0,1.0,1.0,1.0,0.0,0.0,0.0,0.0,0.0
0,prior_0.46_seed_0_ep_000155,155,0.46,0.36,0.4277,0.336314,0.354075,0.336118,0.354075,1.0,1.0,1.0,1.0,1.0,0.0,0.0,0.0,0.0,0.0
0,prior_0.46_seed_0_ep_000156,156,0.46,0.36,0.529,0.336118,0.354075,0.336111,0.354075,1.0,1.0,1.0,1.0,1.0,0.0,0.0,0.0,0.0,0.0
0,prior_0.46_seed_0_ep_000157,157,0.46,0.36,0.479,0.336111,0.354075,0.336074,0.354075,1.0,1.0,1.0,1.0,1.0,0.0,0.0,0.0,0.0,0.0
0,prior_0.46_seed_0_ep_000158,158,0.46,0.36,0.2466,0.336074,0.354075,0.336074,0.354075,0.0,0.0,0.0,0.0,0.0,0.0,1.0,0.0,0.0,0.0
0,prior_0.46_seed_0_ep_000159,159,0.46,0.36,0.3245,0.336074,0.354075,0.336074,0.354075,0.149283,0.0,0.0,0.0,0.0,0.0,1.0,0.0,0.0,0.022285
0,prior_0.46_seed_0_ep_000160,160,0.46,0.36,0.3626,0.336074,0.354075,0.334874,0.351881,0.992084,1.0,1.0,1.0,1.0,0.0,0.0,0.0,0.0,6.3e-05
0,prior_0.46_seed_0_ep_000161,161,0.46,0.36,0.5177,0.334874,0.351881,0.334864,0.351881,1.0,1.0,1.0,1.0,1.0,0.0,0.0,0.0,0.0,0.0
0,prior_0.46_seed_0_ep_000162,162,0.46,0.36,0.2187,0.334864,0.351881,0.334864,0.351881,0.0,0.0,0.0,0.0,0.0,0.0,1.0,0.0,0.0,0.0
0,prior_0.46_seed_0_ep_000163,163,0.46,0.36,0.4,0.334864,0.351881,0.334435,0.351881,1.0,1.0,1.0,1.0,1.0,0.0,0.0,0.0,0.0,0.0
0,prior_0.46_seed_0_ep_000164,164,0.46,0.36,0.3144,0.334435,0.351881,0.335817,0.354075,0.033711,0.0,0.0,1.0,0.0,1.0,0.0,1.0,1.0,0.001136
0,prior_0.46_seed_0_ep_000165,165,0.46,0.36,0.3607,0.335817,0.354075,0.33465,0.351881,0.994097,1.0,1.0,1.0,1.0,0.0,0.0,0.0,0.0,3.5e-05
0,prior_0.46_seed_0_ep_000166,166,0.46,0.36,0.4564,0.33465,0.351881,0.334582,0.351881,1.0,1.0,1.0,1.0,1.0,0.0,0.0,0.0,0.0,0.0
0,prior_0.46_seed_0_ep_000167,167,0.46,0.36,0.2586,0.334582,0.351881,0.334582,0.351881,0.0,0.0,0.0,0.0,0.0,0.0,1.0,0.0,0.0,0.0
0,prior_0.46_seed_0_ep_000168,168,0.46,0.36,0.6605,0.334582,0.351881,0.334582,0.351881,1.0,1.0,1.0,1.0,1.0,0.0,0.0,0.0,0.0,0.0
0,prior_0.46_seed_0_ep_000169,169,0.46,0.36,0.6202,0.334582,0.351881,0.334582,0.351881,1.0,1.0,1.0,1.0,1.0,0.0,0.0,0.0,0.0,0.0
0,prior_0.46_seed_0_ep_000170,170,0.46,0.36,0.3153,0.334582,0.351881,0.334582,0.351881,0.043373,0.0,0.0,0.0,0.0,0.0,1.0,0.0,0.0,0.001881
0,prior_0.46_seed_0_ep_000171,171,0.46,0.36,0.5891,0.334582,0.351881,0.334581,0.351881,1.0,1.0,1.0,1.0,1.0,0.0,0.0,0.0,0.0,0.0
0,prior_0.46_seed_0_ep_000172,172,0.46,0.36,0.374,0.334581,0.351881,0.333768,0.351881,0.999977,1.0,1.0,1.0,1.0,0.0,0.0,0.0,0.0,0.0
0,prior_0.46_seed_0_ep_000173,173,0.46,0.36,0.4921,0.333768,0.351881,0.333748,0.351881,1.0,1.0,1.0,1.0,1.0,0.0,0.0,0.0,0.0,0.0
0,prior_0.46_seed_0_ep_000174,174,0.46,0.36,0.4619,0.333748,0.351881,0.333694,0.351881,1.0,1.0,1.0,1.0,1.0,0.0,0.0,0.0,0.0,0.0
0,prior_0.46_seed_0_ep_000175,175,0.46,0.36,0.3078,0.333694,0.351881,0.333694,0.351881,0.008524,0.0,0.0,0.0,0.0,0.0,1.0,0.0,0.0,7.3e-05
0,prior_0.46_seed_0_ep_000176,176,0.46,0.36,0.6735,0.333694,0.351881,0.333693,0.351881,1.0,1.0,1.0,1.0,1.0,0.0,0.0,0.0,0.0,0.0
0,prior_0.46_seed_0_ep_000177,177,0.46,0.36,0.2726,0.333693,0.351881,0.333693,0.351881,0.0,0.0,0.0,0.0,0.0,0.0,1.0,0.0,0.0,0.0
0,prior_0.46_seed_0_ep_000178,178,0.46,0.36,0.4474,0.333693,0.351881,0.333606,0.349687,1.0,1.0,1.0,1.0,1.0,0.0,0.0,0.0,0.0,0.0
0,prior_0.46_seed_0_ep_000179,179,0.46,0.36,0.2579,0.333606,0.349687,0.333908,0.351881,0.0,0.0,0.0,1.0,0.0,1.0,0.0,1.0,1.0,0.0
0,prior_0.46_seed_0_ep_000180,180,0.46,0.36,0.434,0.333908,0.351881,0.333775,0.349687,1.0,1.0,1.0,1.0,1.0,0.0,0.0,0.0,0.0,0.0
0,prior_0.46_seed_0_ep_000181,181,0.46,0.36,0.5152,0.333775,0.349687,0.333766,0.349687,1.0,1.0,1.0,1.0,1.0,0.0,0.0,0.0,0.0,0.0
0,prior_0.46_seed_0_ep_000182,182,0.46,0.36,0.4069,0.333766,0.349687,0.33346,0.349687,1.0,1.0,1.0,1.0,1.0,0.0,0.0,0.0,0.0,0.0
0,prior_0.46_seed_0_ep_000183,183,0.46,0.36,0.4146,0.33346,0.349687,0.33322,0.349687,1.0,1.0,1.0,1.0,1.0,0.0,0.0,0.0,0.0,0.0
0,prior_0.46_seed_0_ep_000184,184,0.46,0.36,0.2483,0.33322,0.349687,0.333442,0.349687,0.0,0.0,0.0,1.0,0.0,1.0,0.0,1.0,1.0,0.0
0,prior_0.46_seed_0_ep_000185,185,0.46,0.36,0.2829,0.333442,0.349687,0.334039,0.349687,7e-06,0.0,0.0,1.0,0.0,1.0,0.0,1.0,1.0,0.0
0,prior_0.46_seed_0_ep_000186,186,0.46,0.36,0.3096,0.334039,0.349687,0.334039,0.349687,0.010498,0.0,0.0,0.0,0.0,0.0,1.0,0.0,0.0,0.00011
0,prior_0.46_seed_0_ep_000187,187,0.46,0.36,0.5065,0.334039,0.349687,0.334027,0.349687,1.0,1.0,1.0,1.0,1.0,0.0,0.0,0.0,0.0,0.0
0,prior_0.46_seed_0_ep_000188,188,0.46,0.36,0.2868,0.334027,0.349687,0.334027,0.349687,1.8e-05,0.0,0.0,0.0,0.0,0.0,1.0,0.0,0.0,0.0
0,prior_0.46_seed_0_ep_000189,189,0.46,0.36,0.3993,0.334027,0.349687,0.333655,0.349687,1.0,1.0,1.0,1.0,1.0,0.0,0.0,0.0,0.0,0.0
0,prior_0.46_seed_0_ep_000190,190,0.46,0.36,0.4564,0.333655,0.349687,0.333595,0.349687,1.0,1.0,1.0,1.0,1.0,0.0,0.0,0.0,0.0,0.0
0,prior_0.46_seed_0_ep_000191,191,0.46,0.36,0.2213,0.333595,0.349687,0.333595,0.349687,0.0,0.0,0.0,0.0,0.0,0.0,1.0,0.0,0.0,0.0
0,prior_0.46_seed_0_ep_000192,192,0.46,0.36,0.3814,0.333595,0.349687,0.332991,0.349687,1.0,1.0,1.0,1.0,1.0,0.0,0.0,0.0,0.0,0.0
0,prior_0.46_seed_0_ep_000193,193,0.46,0.36,0.508,0.332991,0.349687,0.332981,0.349687,1.0,1.0,1.0,1.0,1.0,0.0,0.0,0.0,0.0,0.0
0,prior_0.46_seed_0_ep_000194,194,0.46,0.36,0.3534,0.332981,0.349687,0.33524,0.351881,0.97797,1.0,0.0,1.0,0.0,0.0,0.0,1.0,1.0,0.956426
0,prior_0.46_seed_0_ep_000195,195,0.46,0.36,0.2076,0.33524,0.351881,0.33524,0.351881,0.0,0.0,0.0,0.0,0.0,0.0,1.0,0.0,0.0,0.0
0,prior_0.46_seed_0_ep_000196,196,0.46,0.36,0.2493,0.33524,0.351881,0.335432,0.351881,0.0,0.0,0.0,1.0,0.0,1.0,0.0,1.0,1.0,0.0
0,prior_0.46_seed_0_ep_000197,197,0.46,0.36,0.3309,0.335432,0.351881,0.335432,0.351881,0.322996,0.0,0.0,0.0,0.0,0.0,1.0,0.0,0.0,0.104326
0,prior_0.46_seed_0_ep_000198,198,0.46,0.36,0.6218,0.335432,0.351881,0.335432,0.351881,1.0,1.0,1.0,1.0,1.0,0.0,0.0,0.0,0.0,0.0
0,prior_0.46_seed_0_ep_000199,199,0.46,0.36,0.5287,0.335432,0.351881,0.335426,0.351881,1.0,1.0,1.0,1.0,1.0,0.0,0.0,0.0,0.0,0.0
0,prior_0.46_seed_0_ep_000200,200,0.46,0.36,0.693,0.335426,0.351881,0.335426,0.351881,1.0,1.0,1.0,1.0,1.0,0.0,0.0,0.0,0.0,0.0
0,prior_0.46_seed_0_ep_000201,201,0.46,0.36,0.3114,0.335426,0.351881,0.335426,0.351881,0.009964,0.0,0.0,0.0,0.0,0.0,1.0,0.0,0.0,9.9e-05
0,prior_0.46_seed_0_ep_000202,202,0.46,0.36,0.3138,0.335426,0.351881,0.335426,0.351881,0.016678,0.0,0.0,0.0,0.0,0.0,1.0,0.0,0.0,0.000278
0,prior_0.46_seed_0_ep_000203,203,0.46,0.36,0.4381,0.335426,0.351881,0.335318,0.351881,1.0,1.0,1.0,1.0,1.0,0.0,0.0,0.0,0.0,0.0
0,prior_0.46_seed_0_ep_000204,204,0.46,0.36,0.3898,0.335318,0.351881,0.334852,0.349687,1.0,1.0,1.0,1.0,1.0,0.0,0.0,0.0,0.0,0.0
0,prior_0.46_seed_0_ep_000205,205,0.46,0.36,0.2926,0.334852,0.349687,0.334852,0.349687,3e-05,0.0,0.0,0.0,0.0,0.0,1.0,0.0,0.0,0.0
0,prior_0.46_seed_0_ep_000206,206,0.46,0.36,0.4407,0.334852,0.349687,0.334756,0.349687,1.0,1.0,1.0,1.0,1.0,0.0,0.0,0.0,0.0,0.0
0,prior_0.46_seed_0_ep_000207,207,0.46,0.36,0.6926,0.334756,0.349687,0.334756,0.349687,1.0,1.0,1.0,1.0,1.0,0.0,0.0,0.0,0.0,0.0
0,prior_0.46_seed_0_ep_000208,208,0.46,0.36,0.4299,0.334756,0.349687,0.334621,0.349687,1.0,1.0,1.0,1.0,1.0,0.0,0.0,0.0,0.0,0.0
0,prior_0.46_seed_0_ep_000209,209,0.46,0.36,0.4368,0.334621,0.349687,0.334513,0.349687,1.0,1.0,1.0,1.0,1.0,0.0,0.0,0.0,0.0,0.0
0,prior_0.46_seed_0_ep_000210,210,0.46,0.36,0.2459,0.334513,0.349687,0.334513,0.349687,0.0,0.0,0.0,0.0,0.0,0.0,1.0,0.0,0.0,0.0
0,prior_0.46_seed_0_ep_000211,211,0.46,0.36,0.3487,0.334513,0.349687,0.336457,0.351881,0.926497,1.0,0.0,1.0,0.0,0.0,0.0,1.0,1.0,0.858398
0,prior_0.46_seed_0_ep_000212,212,0.46,0.36,0.5979,0.336457,0.351881,0.336457,0.351881,1.0,1.0,1.0,1.0,1.0,0.0,0.0,0.0,0.0,0.0
0,prior_0.46_seed_0_ep_000213,213,0.46,0.36,0.4585,0.336457,0.351881,0.336403,0.351881,1.0,1.0,1.0,1.0,1.0,0.0,0.0,0.0,0.0,0.0
0,prior_0.46_seed_0_ep_000214,214,0.46,0.36,0.6422,0.336403,0.351881,0.336403,0.351881,1.0,1.0,1.0,1.0,1.0,0.0,0.0,0.0,0.0,0.0
0,prior_0.46_seed_0_ep_000215,215,0.46,0.36,0.3355,0.336403,0.351881,0.336403,0.351881,0.45121,0.0,0.0,0.0,0.0,0.0,1.0,0.0,0.0,0.203591
0,prior_0.46_seed_0_ep_000216,216,0.46,0.36,0.4117,0.336403,0.351881,0.336166,0.351881,1.0,1.0,1.0,1.0,1.0,0.0,0.0,0.0,0.0,0.0
0,prior_0.46_seed_0_ep_000217,217,0.46,0.36,0.4194,0.336166,0.351881,0.33598,0.351881,1.0,1.0,1.0,1.0,1.0,0.0,0.0,0.0,0.0,0.0
0,prior_0.46_seed_0_ep_000218,218,0.46,0.36,0.4926,0.33598,0.351881,0.335963,0.351881,1.0,1.0,1.0,1.0,1.0,0.0,0.0,0.0,0.0,0.0
0,prior_0.46_seed_0_ep_000219,219,0.46,0.36,0.3604,0.335963,0.351881,0.335033,0.349687,0.994963,1.0,1.0,1.0,1.0,0.0,0.0,0.0,0.0,2.5e-05
0,prior_0.46_seed_0_ep_000220,220,0.46,0.36,0.4208,0.335033,0.349687,0.334864,0.349687,1.0,1.0,1.0,1.0,1.0,0.0,0.0,0.0,0.0,0.0
0,prior_0.46_seed_0_ep_000221,221,0.46,0.36,0.5047,0.334864,0.349687,0.334853,0.349687,1.0,1.0,1.0,1.0,1.0,0.0,0.0,0.0,0.0,0.0
0,prior_0.46_seed_0_ep_000222,222,0.46,0.36,0.4124,0.334853,0.349687,0.334636,0.349687,1.0,1.0,1.0,1.0,1.0,0.0,0.0,0.0,0.0,0.0
0,prior_0.46_seed_0_ep_000223,223,0.46,0.36,0.5164,0.334636,0.349687,0.334629,0.349687,1.0,1.0,1.0,1.0,1.0,0.0,0.0,0.0,0.0,0.0
0,prior_0.46_seed_0_ep_000224,224,0.46,0.36,0.323,0.334629,0.349687,0.334629,0.349687,0.098903,0.0,0.0,0.0,0.0,0.0,1.0,0.0,0.0,0.009782
0,prior_0.46_seed_0_ep_000225,225,0.46,0.36,0.4706,0.334629,0.349687,0.334596,0.349687,1.0,1.0,1.0,1.0,1.0,0.0,0.0,0.0,0.0,0.0
0,prior_0.46_seed_0_ep_000226,226,0.46,0.36,0.4049,0.334596,0.349687,0.334327,0.349687,1.0,1.0,1.0,1.0,1.0,0.0,0.0,0.0,0.0,0.0
0,prior_0.46_seed_0_ep_000227,227,0.46,0.36,0.5894,0.334327,0.349687,0.334327,0.349687,1.0,1.0,1.0,1.0,1.0,0.0,0.0,0.0,0.0,0.0
0,prior_0.46_seed_0_ep_000228,228,0.46,0.36,0.5044,0.334327,0.349687,0.334316,0.349687,1.0,1.0,1.0,1.0,1.0,0.0,0.0,0.0,0.0,0.0
0,prior_0.46_seed_0_ep_000229,229,0.46,0.36,0.2584,0.334316,0.349687,0.334316,0.349687,0.0,0.0,0.0,0.0,0.0,0.0,1.0,0.0,0.0,0.0
0,prior_0.46_seed_0_ep_000230,230,0.46,0.36,0.2179,0.334316,0.349687,0.334316,0.349687,0.0,0.0,0.0,0.0,0.0,0.0,1.0,0.0,0.0,0.0
0,prior_0.46_seed_0_ep_000231,231,0.46,0.36,0.4415,0.334316,0.349687,0.334232,0.349687,1.0,1.0,1.0,1.0,1.0,0.0,0.0,0.0,0.0,0.0
0,prior_0.46_seed_0_ep_000232,232,0.46,0.36,0.4422,0.334232,0.349687,0.33415,0.349687,1.0,1.0,1.0,1.0,1.0,0.0,0.0,0.0,0.0,0.0
0,prior_0.46_seed_0_ep_000233,233,0.46,0.36,0.2997,0.33415,0.349687,0.33415,0.349687,0.000429,0.0,0.0,0.0,0.0,0.0,1.0,0.0,0.0,0.0
0,prior_0.46_seed_0_ep_000234,234,0.46,0.36,0.4211,0.33415,0.349687,0.333989,0.349687,1.0,1.0,1.0,1.0,1.0,0.0,0.0,0.0,0.0,0.0
0,prior_0.46_seed_0_ep_000235,235,0.46,0.36,0.2669,0.333989,0.349687,0.333989,0.349687,0.0,0.0,0.0,0.0,0.0,0.0,1.0,0.0,0.0,0.0
0,prior_0.46_seed_0_ep_000236,236,0.46,0.36,0.4286,0.333989,0.349687,0.333864,0.349687,1.0,1.0,1.0,1.0,1.0,0.0,0.0,0.0,0.0,0.0
0,prior_0.46_seed_0_ep_000237,237,0.46,0.36,0.6505,0.333864,0.349687,0.333864,0.349687,1.0,1.0,1.0,1.0,1.0,0.0,0.0,0.0,0.0,0.0
0,prior_0.46_seed_0_ep_000238,238,0.46,0.36,0.5382,0.333864,0.349687,0.333861,0.349687,1.0,1.0,1.0,1.0,1.0,0.0,0.0,0.0,0.0,0.0
0,prior_0.46_seed_0_ep_000239,239,0.46,0.36,0.246,0.333861,0.349687,0.333861,0.349687,0.0,0.0,0.0,0.0,0.0,0.0,1.0,0.0,0.0,0.0
0,prior_0.46_seed_0_ep_000240,240,0.46,0.36,0.2456,0.333861,0.349687,0.334019,0.349687,0.0,0.0,0.0,1.0,0.0,1.0,0.0,1.0,1.0,0.0
0,prior_0.46_seed_0_ep_000241,241,0.46,0.36,0.3291,0.334019,0.349687,0.334019,0.349687,0.285734,0.0,0.0,0.0,0.0,0.0,1.0,0.0,0.0,0.081644
0,prior_0.46_seed_0_ep_000242,242,0.46,0.36,0.5108,0.334019,0.349687,0.334011,0.349687,1.0,1.0,1.0,1.0,1.0,0.0,0.0,0.0,0.0,0.0
0,prior_0.46_seed_0_ep_000243,243,0.46,0.36,0.4208,0.334011,0.349687,0.333852,0.349687,1.0,1.0,1.0,1.0,1.0,0.0,0.0,0.0,0.0,0.0
0,prior_0.46_seed_0_ep_000244,244,0.46,0.36,0.3859,0.333852,0.349687,0.333407,0.347492,1.0,1.0,1.0,1.0,1.0,0.0,0.0,0.0,0.0,0.0
0,prior_0.46_seed_0_ep_000245,245,0.46,0.36,0.5607,0.333407,0.347492,0.333406,0.347492,1.0,1.0,1.0,1.0,1.0,0.0,0.0,0.0,0.0,0.0
0,prior_0.46_seed_0_ep_000246,246,0.46,0.36,0.2424,0.333406,0.347492,0.333406,0.347492,0.0,0.0,0.0,0.0,0.0,0.0,1.0,0.0,0.0,0.0
0,prior_0.46_seed_0_ep_000247,247,0.46,0.36,0.3513,0.333406,0.347492,0.335244,0.349687,0.972054,1.0,0.0,1.0,0.0,0.0,0.0,1.0,1.0,0.944888
0,prior_0.46_seed_0_ep_000248,248,0.46,0.36,0.2622,0.335244,0.349687,0.335244,0.349687,0.0,0.0,0.0,0.0,0.0,0.0,1.0,0.0,0.0,0.0
0,prior_0.46_seed_0_ep_000249,249,0.46,0.36,0.3864,0.335244,0.349687,0.334811,0.349687,1.0,1.0,1.0,1.0,1.0,0.0,0.0,0.0,0.0,0.0
0,prior_0.46_seed_0_ep_000250,250,0.46,0.36,0.6294,0.334811,0.349687,0.334811,0.349687,1.0,1.0,1.0,1.0,1.0,0.0,0.0,0.0,0.0,0.0
0,prior_0.46_seed_0_ep_000251,251,0.46,0.36,0.2315,0.334811,0.349687,0.334811,0.349687,0.0,0.0,0.0,0.0,0.0,0.0,1.0,0.0,0.0,0.0
0,prior_0.46_seed_0_ep_000252,252,0.46,0.36,0.2453,0.334811,0.349687,0.334811,0.349687,0.0,0.0,0.0,0.0,0.0,0.0,1.0,0.0,0.0,0.0
0,prior_0.46_seed_0_ep_000253,253,0.46,0.36,0.3335,0.334811,0.349687,0.334811,0.349687,0.423008,0.0,0.0,0.0,0.0,0.0,1.0,0.0,0.0,0.178936
0,prior_0.46_seed_0_ep_000254,254,0.46,0.36,0.6629,0.334811,0.349687,0.334811,0.349687,1.0,1.0,1.0,1.0,1.0,0.0,0.0,0.0,0.0,0.0
0,prior_0.46_seed_0_ep_000255,255,0.46,0.36,0.5088,0.334811,0.349687,0.334802,0.349687,1.0,1.0,1.0,1.0,1.0,0.0,0.0,0.0,0.0,0.0
0,prior_0.46_seed_0_ep_000256,256,0.46,0.36,0.2574,0.334802,0.349687,0.334802,0.349687,0.0,0.0,0.0,0.0,0.0,0.0,1.0,0.0,0.0,0.0
0,prior_0.46_seed_0_ep_000257,257,0.46,0.36,0.4935,0.334802,0.349687,0.334788,0.349687,1.0,1.0,1.0,1.0,1.0,0.0,0.0,0.0,0.0,0.0
0,prior_0.46_seed_0_ep_000258,258,0.46,0.36,0.2207,0.334788,0.349687,0.334788,0.349687,0.0,0.0,0.0,0.0,0.0,0.0,1.0,0.0,0.0,0.0
0,prior_0.46_seed_0_ep_000259,259,0.46,0.36,0.2661,0.334788,0.349687,0.334788,0.349687,0.0,0.0,0.0,0.0,0.0,0.0,1.0,0.0,0.0,0.0
0,prior_0.46_seed_0_ep_000260,260,0.46,0.36,0.3703,0.334788,0.349687,0.334139,0.349687,0.999989,1.0,1.0,1.0,1.0,0.0,0.0,0.0,0.0,0.0
0,prior_0.46_seed_0_ep_000261,261,0.46,0.36,0.2548,0.334139,0.349687,0.334139,0.349687,0.0,0.0,0.0,0.0,0.0,0.0,1.0,0.0,0.0,0.0
0,prior_0.46_seed_0_ep_000262,262,0.46,0.36,0.5076,0.334139,0.349687,0.334131,0.349687,1.0,1.0,1.0,1.0,1.0,0.0,0.0,0.0,0.0,0.0
0,prior_0.46_seed_0_ep_000263,263,0.46,0.36,0.3822,0.334131,0.349687,0.333667,0.347492,1.0,1.0,1.0,1.0,1.0,0.0,0.0,0.0,0.0,0.0
0,prior_0.46_seed_0_ep_000264,264,0.46,0.36,0.3497,0.333667,0.347492,0.33535,0.349687,0.954201,1.0,0.0,1.0,0.0,0.0,0.0,1.0,1.0,0.910499
0,prior_0.46_seed_0_ep_000265,265,0.46,0.36,0.2535,0.33535,0.349687,0.33535,0.349687,0.0,0.0,0.0,0.0,0.0,0.0,1.0,0.0,0.0,0.0
0,prior_0.46_seed_0_ep_000266,266,0.46,0.36,0.2203,0.33535,0.349687,0.335409,0.349687,0.0,0.0,0.0,1.0,0.0,1.0,0.0,1.0,1.0,0.0
0,prior_0.46_seed_0_ep_000267,267,0.46,0.36,0.4387,0.335409,0.349687,0.335326,0.349687,1.0,1.0,1.0,1.0,1.0,0.0,0.0,0.0,0.0,0.0
0,prior_0.46_seed_0_ep_000268,268,0.46,0.36,0.3779,0.335326,0.349687,0.334817,0.349687,1.0,1.0,1.0,1.0,1.0,0.0,0.0,0.0,0.0,0.0
0,prior_0.46_seed_0_ep_000269,269,0.46,0.36,0.3389,0.334817,0.349687,0.336174,0.349687,0.710067,1.0,0.0,1.0,0.0,0.0,0.0,1.0,1.0,0.504195
0,prior_0.46_seed_0_ep_000270,270,0.46,0.36,0.2706,0.336174,0.349687,0.336174,0.349687,0.0,0.0,0.0,0.0,0.0,0.0,1.0,0.0,0.0,0.0
0,prior_0.46_seed_0_ep_000271,271,0.46,0.36,0.6454,0.336174,0.349687,0.336174,0.349687,1.0,1.0,1.0,1.0,1.0,0.0,0.0,0.0,0.0,0.0
0,prior_0.46_seed_0_ep_000272,272,0.46,0.36,0.3903,0.336174,0.349687,0.335819,0.349687,1.0,1.0,1.0,1.0,1.0,0.0,0.0,0.0,0.0,0.0
0,prior_0.46_seed_0_ep_000273,273,0.46,0.36,0.233,0.335819,0.349687,0.335819,0.349687,0.0,0.0,0.0,0.0,0.0,0.0,1.0,0.0,0.0,0.0
0,prior_0.46_seed_0_ep_000274,274,0.46,0.36,0.4534,0.335819,0.349687,0.33577,0.349687,1.0,1.0,1.0,1.0,1.0,0.0,0.0,0.0,0.0,0.0
0,prior_0.46_seed_0_ep_000275,275,0.46,0.36,0.6693,0.33577,0.349687,0.335769,0.349687,1.0,1.0,1.0,1.0,1.0,0.0,0.0,0.0,0.0,0.0
0,prior_0.46_seed_0_ep_000276,276,0.46,0.36,0.4028,0.335769,0.349687,0.335527,0.349687,1.0,1.0,1.0,1.0,1.0,0.0,0.0,0.0,0.0,0.0
0,prior_0.46_seed_0_ep_000277,277,0.46,0.36,0.3102,0.335527,0.349687,0.335527,0.349687,0.003594,0.0,0.0,0.0,0.0,0.0,1.0,0.0,0.0,1.3e-05
0,prior_0.46_seed_0_ep_000278,278,0.46,0.36,0.2976,0.335527,0.349687,0.335527,0.349687,3e-05,0.0,0.0,0.0,0.0,0.0,1.0,0.0,0.0,0.0
0,prior_0.46_seed_0_ep_000279,279,0.46,0.36,0.2398,0.335527,0.349687,0.335527,0.349687,0.0,0.0,0.0,0.0,0.0,0.0,1.0,0.0,0.0,0.0
0,prior_0.46_seed_0_ep_000280,280,0.46,0.36,0.4836,0.335527,0.349687,0.335509,0.349687,1.0,1.0,1.0,1.0,1.0,0.0,0.0,0.0,0.0,0.0
0,prior_0.46_seed_0_ep_000281,281,0.46,0.36,0.2535,0.335509,0.349687,0.335509,0.349687,0.0,0.0,0.0,0.0,0.0,0.0,1.0,0.0,0.0,0.0
0,prior_0.46_seed_0_ep_000282,282,0.46,0.36,0.4825,0.335509,0.349687,0.33549,0.349687,1.0,1.0,1.0,1.0,1.0,0.0,0.0,0.0,0.0,0.0
0,prior_0.46_seed_0_ep_000283,283,0.46,0.36,0.2441,0.33549,0.349687,0.33549,0.349687,0.0,0.0,0.0,0.0,0.0,0.0,1.0,0.0,0.0,0.0
0,prior_0.46_seed_0_ep_000284,284,0.46,0.36,0.2273,0.33549,0.349687,0.33549,0.349687,0.0,0.0,0.0,0.0,0.0,0.0,1.0,0.0,0.0,0.0
0,prior_0.46_seed_0_ep_000285,285,0.46,0.36,0.3792,0.33549,0.349687,0.335023,0.349687,1.0,1.0,1.0,1.0,1.0,0.0,0.0,0.0,0.0,0.0
0,prior_0.46_seed_0_ep_000286,286,0.46,0.36,0.3903,0.335023,0.349687,0.334685,0.347492,1.0,1.0,1.0,1.0,1.0,0.0,0.0,0.0,0.0,0.0
0,prior_0.46_seed_0_ep_000287,287,0.46,0.36,0.2631,0.334685,0.347492,0.334685,0.347492,0.0,0.0,0.0,0.0,0.0,0.0,1.0,0.0,0.0,0.0
0,prior_0.46_seed_0_ep_000288,288,0.46,0.36,0.6028,0.334685,0.347492,0.334685,0.347492,1.0,1.0,1.0,1.0,1.0,0.0,0.0,0.0,0.0,0.0
0,prior_0.46_seed_0_ep_000289,289,0.46,0.36,0.4781,0.334685,0.347492,0.334664,0.347492,1.0,1.0,1.0,1.0,1.0,0.0,0.0,0.0,0.0,0.0
0,prior_0.46_seed_0_ep_000290,290,0.46,0.36,0.3784,0.334664,0.347492,0.334202,0.347492,1.0,1.0,1.0,1.0,1.0,0.0,0.0,0.0,0.0,0.0
0,prior_0.46_seed_0_ep_000291,291,0.46,0.36,0.404,0.334202,0.347492,0.333984,0.347492,1.0,1.0,1.0,1.0,1.0,0.0,0.0,0.0,0.0,0.0
0,prior_0.46_seed_0_ep_000292,292,0.46,0.36,0.3283,0.333984,0.347492,0.333984,0.347492,0.268073,0.0,0.0,0.0,0.0,0.0,1.0,0.0,0.0,0.071863
0,prior_0.46_seed_0_ep_000293,293,0.46,0.36,0.4934,0.333984,0.347492,0.333972,0.347492,1.0,1.0,1.0,1.0,1.0,0.0,0.0,0.0,0.0,0.0
0,prior_0.46_seed_0_ep_000294,294,0.46,0.36,0.4565,0.333972,0.347492,0.333931,0.347492,1.0,1.0,1.0,1.0,1.0,0.0,0.0,0.0,0.0,0.0
0,prior_0.46_seed_0_ep_000295,295,0.46,0.36,0.3546,0.333931,0.347492,0.335501,0.349687,0.995498,1.0,0.0,1.0,0.0,0.0,0.0,1.0,1.0,0.991016
0,prior_0.46_seed_0_ep_000296,296,0.46,0.36,0.5084,0.335501,0.349687,0.335494,0.349687,1.0,1.0,1.0,1.0,1.0,0.0,0.0,0.0,0.0,0.0
0,prior_0.46_seed_0_ep_000297,297,0.46,0.36,0.3014,0.335494,0.349687,0.335494,0.349687,0.000115,0.0,0.0,0.0,0.0,0.0,1.0,0.0,0.0,0.0
0,prior_0.46_seed_0_ep_000298,298,0.46,0.36,0.23,0.335494,0.349687,0.335494,0.349687,0.0,0.0,0.0,0.0,0.0,0.0,1.0,0.0,0.0,0.0
0,prior_0.46_seed_0_ep_000299,299,0.46,0.36,0.4743,0.335494,0.349687,0.335471,0.349687,1.0,1.0,1.0,1.0,1.0,0.0,0.0,0.0,0.0,0.0
1,prior_0.46_seed_1_ep_000000,0,0.46,0.36,0.4301,0.460016,0.591066,0.392644,0.483542,0.352774,0.0,1.0,1.0,1.0,1.0,0.0,0.0,0.0,0.418902
1,prior_0.46_seed_1_ep_000001,1,0.46,0.36,0.4828,0.392644,0.483542,0.383794,0.463793,0.9499,1.0,1.0,1.0,1.0,0.0,0.0,0.0,0.0,0.00251
1,prior_0.46_seed_1_ep_000002,2,0.46,0.36,0.4956,0.383794,0.463793,0.379684,0.45721,0.991295,1.0,1.0,1.0,1.0,0.0,0.0,0.0,0.0,7.6e-05
1,prior_0.46_seed_1_ep_000003,3,0.46,0.36,0.3572,0.379684,0.45721,0.379684,0.45721,0.306396,0.0,0.0,0.0,0.0,0.0,1.0,0.0,0.0,0.093879
1,prior_0.46_seed_1_ep_000004,4,0.46,0.36,0.2789,0.379684,0.45721,0.379684,0.45721,0.03699,0.0,0.0,0.0,0.0,0.0,1.0,0.0,0.0,0.001368
1,prior_0.46_seed_1_ep_000005,5,0.46,0.36,0.3425,0.379684,0.45721,0.379684,0.45721,0.218972,0.0,0.0,0.0,0.0,0.0,1.0,0.0,0.0,0.047949
1,prior_0.46_seed_1_ep_000006,6,0.46,0.36,0.3386,0.379684,0.45721,0.397483,0.461599,0.197555,0.0,0.0,1.0,0.0,1.0,0.0,1.0,1.0,0.039028
1,prior_0.46_seed_1_ep_000007,7,0.46,0.36,0.2914,0.397483,0.461599,0.397483,0.461599,0.007099,0.0,0.0,0.0,0.0,0.0,1.0,0.0,0.0,5e-05
1,prior_0.46_seed_1_ep_000008,8,0.46,0.36,0.4122,0.397483,0.461599,0.380777,0.439655,0.63113,1.0,1.0,1.0,1.0,0.0,0.0,0.0,0.0,0.136065
1,prior_0.46_seed_1_ep_000009,9,0.46,0.36,0.5002,0.380777,0.439655,0.379478,0.435266,0.99978,1.0,1.0,1.0,1.0,0.0,0.0,0.0,0.0,0.0
1,prior_0.46_seed_1_ep_000010,10,0.46,0.36,0.3561,0.379478,0.435266,0.379478,0.435266,0.242317,0.0,0.0,0.0,0.0,0.0,1.0,0.0,0.0,0.058717
1,prior_0.46_seed_1_ep_000011,11,0.46,0.36,0.3658,0.379478,0.435266,0.379478,0.435266,0.342082,0.0,1.0,0.0,0.0,0.0,1.0,0.0,0.0,0.432856
1,prior_0.46_seed_1_ep_000012,12,0.46,0.36,0.3673,0.379478,0.435266,0.379478,0.435266,0.364113,0.0,1.0,0.0,0.0,0.0,1.0,0.0,0.0,0.404352
1,prior_0.46_seed_1_ep_000013,13,0.46,0.36,0.3806,0.379478,0.435266,0.362732,0.415517,0.505864,1.0,1.0,1.0,1.0,0.0,0.0,0.0,0.0,0.244171
1,prior_0.46_seed_1_ep_000014,14,0.46,0.36,0.2892,0.362732,0.415517,0.362732,0.415517,0.020984,0.0,0.0,0.0,0.0,0.0,1.0,0.0,0.0,0.00044
1,prior_0.46_seed_1_ep_000015,15,0.46,0.36,0.6582,0.362732,0.415517,0.362729,0.415517,1.0,1.0,1.0,1.0,1.0,0.0,0.0,0.0,0.0,0.0
1,prior_0.46_seed_1_ep_000016,16,0.46,0.36,0.236,0.362729,0.415517,0.362729,0.415517,0.000727,0.0,0.0,0.0,0.0,0.0,1.0,0.0,0.0,1e-06
1,prior_0.46_seed_1_ep_000017,17,0.46,0.36,0.5328,0.362729,0.415517,0.362527,0.415517,1.0,1.0,1.0,1.0,1.0,0.0,0.0,0.0,0.0,0.0
1,prior_0.46_seed_1_ep_000018,18,0.46,0.36,0.2472,0.362527,0.415517,0.362527,0.415517,0.001549,0.0,0.0,0.0,0.0,0.0,1.0,0.0,0.0,2e-06
1,prior_0.46_seed_1_ep_000019,19,0.46,0.36,0.4427,0.362527,0.415517,0.359527,0.411129,0.995215,1.0,1.0,1.0,1.0,0.0,0.0,0.0,0.0,2.3e-05
1,prior_0.46_seed_1_ep_000020,20,0.46,0.36,0.3536,0.359527,0.411129,0.359527,0.411129,0.400324,0.0,0.0,0.0,0.0,0.0,1.0,0.0,0.0,0.16026
1,prior_0.46_seed_1_ep_000021,21,0.46,0.36,0.6132,0.359527,0.411129,0.359516,0.411129,1.0,1.0,1.0,1.0,1.0,0.0,0.0,0.0,0.0,0.0
1,prior_0.46_seed_1_ep_000022,22,0.46,0.36,0.2504,0.359516,0.411129,0.359516,0.411129,0.001986,0.0,0.0,0.0,0.0,0.0,1.0,0.0,0.0,4e-06
1,prior_0.46_seed_1_ep_000023,23,0.46,0.36,0.4829,0.359516,0.411129,0.358721,0.408934,0.999993,1.0,1.0,1.0,1.0,0.0,0.0,0.0,0.0,0.0
1,prior_0.46_seed_1_ep_000024,24,0.46,0.36,0.4446,0.358721,0.408934,0.356406,0.404545,0.998708,1.0,1.0,1.0,1.0,0.0,0.0,0.0,0.0,2e-06
1,prior_0.46_seed_1_ep_000025,25,0.46,0.36,0.3244,0.356406,0.404545,0.356406,0.404545,0.153923,0.0,0.0,0.0,0.0,0.0,1.0,0.0,0.0,0.023692
1,prior_0.46_seed_1_ep_000026,26,0.46,0.36,0.4874,0.356406,0.404545,0.355838,0.404545,1.0,1.0,1.0,1.0,1.0,0.0,0.0,0.0,0.0,0.0
1,prior_0.46_seed_1_ep_000027,27,0.46,0.36,0.3665,0.355838,0.404545,0.344386,0.391379,0.609185,1.0,1.0,1.0,1.0,0.0,0.0,0.0,0.0,0.152736
1,prior_0.46_seed_1_ep_000028,28,0.46,0.36,0.5349,0.344386,0.391379,0.344313,0.391379,1.0,1.0,1.0,1.0,1.0,0.0,0.0,0.0,0.0,0.0
1,prior_0.46_seed_1_ep_000029,29,0.46,0.36,0.5239,0.344313,0.391379,0.344209,0.391379,1.0,1.0,1.0,1.0,1.0,0.0,0.0,0.0,0.0,0.0
1,prior_0.46_seed_1_ep_000030,30,0.46,0.36,0.5055,0.344209,0.391379,0.344019,0.391379,1.0,1.0,1.0,1.0,1.0,0.0,0.0,0.0,0.0,0.0
1,prior_0.46_seed_1_ep_000031,31,0.46,0.36,0.4106,0.344019,0.391379,0.340758,0.386991,0.992541,1.0,1.0,1.0,1.0,0.0,0.0,0.0,0.0,5.6e-05
1,prior_0.46_seed_1_ep_000032,32,0.46,0.36,0.569,0.340758,0.386991,0.340739,0.386991,1.0,1.0,1.0,1.0,1.0,0.0,0.0,0.0,0.0,0.0
1,prior_0.46_seed_1_ep_000033,33,0.46,0.36,0.2651,0.340739,0.386991,0.340739,0.386991,0.012286,0.0,0.0,0.0,0.0,0.0,1.0,0.0,0.0,0.000151
1,prior_0.46_seed_1_ep_000034,34,0.46,0.36,0.4086,0.340739,0.386991,0.337759,0.382602,0.994994,1.0,1.0,1.0,1.0,0.0,0.0,0.0,0.0,2.5e-05
1,prior_0.46_seed_1_ep_000035,35,0.46,0.36,0.4885,0.337759,0.382602,0.337527,0.382602,1.0,1.0,1.0,1.0,1.0,0.0,0.0,0.0,0.0,0.0
1,prior_0.46_seed_1_ep_000036,36,0.46,0.36,0.2498,0.337527,0.382602,0.337527,0.382602,0.005252,0.0,0.0,0.0,0.0,0.0,1.0,0.0,0.0,2.8e-05
1,prior_0.46_seed_1_ep_000037,37,0.46,0.36,0.2886,0.337527,0.382602,0.337527,0.382602,0.058265,0.0,0.0,0.0,0.0,0.0,1.0,0.0,0.0,0.003395
1,prior_0.46_seed_1_ep_000038,38,0.46,0.36,0.4691,0.337527,0.382602,0.3371,0.380408,1.0,1.0,1.0,1.0,1.0,0.0,0.0,0.0,0.0,0.0
1,prior_0.46_seed_1_ep_000039,39,0.46,0.36,0.3097,0.3371,0.380408,0.34482,0.384796,0.161086,0.0,0.0,1.0,0.0,1.0,0.0,1.0,1.0,0.025949
1,prior_0.46_seed_1_ep_000040,40,0.46,0.36,0.3843,0.34482,0.384796,0.340438,0.378213,0.946761,1.0,1.0,1.0,1.0,0.0,0.0,0.0,0.0,0.002834
1,prior_0.46_seed_1_ep_000041,41,0.46,0.36,0.2234,0.340438,0.378213,0.340438,0.378213,6.2e-05,0.0,0.0,0.0,0.0,0.0,1.0,0.0,0.0,0.0
1,prior_0.46_seed_1_ep_000042,42,0.46,0.36,0.2798,0.340438,0.378213,0.340438,0.378213,0.013033,0.0,0.0,0.0,0.0,0.0,1.0,0.0,0.0,0.00017
1,prior_0.46_seed_1_ep_000043,43,0.46,0.36,0.3804,0.340438,0.378213,0.33634,0.373824,0.952427,1.0,1.0,1.0,1.0,0.0,0.0,0.0,0.0,0.002263
1,prior_0.46_seed_1_ep_000044,44,0.46,0.36,0.5622,0.33634,0.373824,0.336328,0.373824,1.0,1.0,1.0,1.0,1.0,0.0,0.0,0.0,0.0,0.0
1,prior_0.46_seed_1_ep_000045,45,0.46,0.36,0.4045,0.336328,0.373824,0.334413,0.37163,0.999208,1.0,1.0,1.0,1.0,0.0,0.0,0.0,0.0,1e-06
1,prior_0.46_seed_1_ep_000046,46,0.46,0.36,0.2516,0.334413,0.37163,0.334413,0.37163,0.001516,0.0,0.0,0.0,0.0,0.0,1.0,0.0,0.0,2e-06
1,prior_0.46_seed_1_ep_000047,47,0.46,0.36,0.473,0.334413,0.37163,0.334199,0.37163,1.0,1.0,1.0,1.0,1.0,0.0,0.0,0.0,0.0,0.0
1,prior_0.46_seed_1_ep_000048,48,0.46,0.36,0.6683,0.334199,0.37163,0.334199,0.37163,1.0,1.0,1.0,1.0,1.0,0.0,0.0,0.0,0.0,0.0
1,prior_0.46_seed_1_ep_000049,49,0.46,0.36,0.3792,0.334199,0.37163,0.330856,0.367241,0.981069,1.0,1.0,1.0,1.0,0.0,0.0,0.0,0.0,0.000358
1,prior_0.46_seed_1_ep_000050,50,0.46,0.36,0.3802,0.330856,0.367241,0.327963,0.362853,0.989427,1.0,1.0,1.0,1.0,0.0,0.0,0.0,0.0,0.000112
1,prior_0.46_seed_1_ep_000051,51,0.46,0.36,0.4038,0.327963,0.362853,0.32659,0.360658,0.999953,1.0,1.0,1.0,1.0,0.0,0.0,0.0,0.0,0.0
1,prior_0.46_seed_1_ep_000052,52,0.46,0.36,0.2807,0.32659,0.360658,0.32659,0.360658,0.030147,0.0,0.0,0.0,0.0,0.0,1.0,0.0,0.0,0.000909
1,prior_0.46_seed_1_ep_000053,53,0.46,0.36,0.2509,0.32659,0.360658,0.32659,0.360658,0.00208,0.0,0.0,0.0,0.0,0.0,1.0,0.0,0.0,4e-06
1,prior_0.46_seed_1_ep_000054,54,0.46,0.36,0.4952,0.32659,0.360658,0.326519,0.360658,1.0,1.0,1.0,1.0,1.0,0.0,0.0,0.0,0.0,0.0
1,prior_0.46_seed_1_ep_000055,55,0.46,0.36,0.3665,0.326519,0.360658,0.323087,0.35627,0.971546,1.0,1.0,1.0,1.0,0.0,0.0,0.0,0.0,0.00081
1,prior_0.46_seed_1_ep_000056,56,0.46,0.36,0.2401,0.323087,0.35627,0.323087,0.35627,0.001165,0.0,0.0,0.0,0.0,0.0,1.0,0.0,0.0,1e-06
1,prior_0.46_seed_1_ep_000057,57,0.46,0.36,0.488,0.323087,0.35627,0.323009,0.35627,1.0,1.0,1.0,1.0,1.0,0.0,0.0,0.0,0.0,0.0
1,prior_0.46_seed_1_ep_000058,58,0.46,0.36,0.5121,0.323009,0.35627,0.322975,0.35627,1.0,1.0,1.0,1.0,1.0,0.0,0.0,0.0,0.0,0.0
1,prior_0.46_seed_1_ep_000059,59,0.46,0.36,0.2201,0.322975,0.35627,0.322975,0.35627,0.000131,0.0,0.0,0.0,0.0,0.0,1.0,0.0,0.0,0.0
1,prior_0.46_seed_1_ep_000060,60,0.46,0.36,0.43,0.322975,0.35627,0.322471,0.35627,1.0,1.0,1.0,1.0,1.0,0.0,0.0,0.0,0.0,0.0
1,prior_0.46_seed_1_ep_000061,61,0.46,0.36,0.6903,0.322471,0.35627,0.322471,0.35627,1.0,1.0,1.0,1.0,1.0,0.0,0.0,0.0,0.0,0.0
1,prior_0.46_seed_1_ep_000062,62,0.46,0.36,0.3004,0.322471,0.35627,0.322471,0.35627,0.156188,0.0,0.0,0.0,0.0,0.0,1.0,0.0,0.0,0.024395
1,prior_0.46_seed_1_ep_000063,63,0.46,0.36,0.339,0.322471,0.35627,0.331359,0.362853,0.778423,1.0,0.0,1.0,0.0,0.0,0.0,1.0,1.0,0.605942
1,prior_0.46_seed_1_ep_000064,64,0.46,0.36,0.6405,0.331359,0.362853,0.331358,0.362853,1.0,1.0,1.0,1.0,1.0,0.0,0.0,0.0,0.0,0.0
1,prior_0.46_seed_1_ep_000065,65,0.46,0.36,0.2596,0.331358,0.362853,0.331358,0.362853,0.000783,0.0,0.0,0.0,0.0,0.0,1.0,0.0,0.0,1e-06
1,prior_0.46_seed_1_ep_000066,66,0.46,0.36,0.4593,0.331358,0.362853,0.331162,0.360658,1.0,1.0,1.0,1.0,1.0,0.0,0.0,0.0,0.0,0.0
1,prior_0.46_seed_1_ep_000067,67,0.46,0.36,0.3186,0.331162,0.360658,0.331162,0.360658,0.237757,0.0,0.0,0.0,0.0,0.0,1.0,0.0,0.0,0.056529
1,prior_0.46_seed_1_ep_000068,68,0.46,0.36,0.4294,0.331162,0.360658,0.330658,0.360658,1.0,1.0,1.0,1.0,1.0,0.0,0.0,0.0,0.0,0.0
1,prior_0.46_seed_1_ep_000069,69,0.46,0.36,0.37,0.330658,0.360658,0.328051,0.358464,0.987078,1.0,1.0,1.0,1.0,0.0,0.0,0.0,0.0,0.000167
1,prior_0.46_seed_1_ep_000070,70,0.46,0.36,0.4082,0.328051,0.358464,0.327211,0.35627,1.0,1.0,1.0,1.0,1.0,0.0,0.0,0.0,0.0,0.0
1,prior_0.46_seed_1_ep_000071,71,0.46,0.36,0.205,0.327211,0.35627,0.327211,0.35627,1e-06,0.0,0.0,0.0,0.0,0.0,1.0,0.0,0.0,0.0
1,prior_0.46_seed_1_ep_000072,72,0.46,0.36,0.2766,0.327211,0.35627,0.327211,0.35627,0.008374,0.0,0.0,0.0,0.0,0.0,1.0,0.0,0.0,7e-05
1,prior_0.46_seed_1_ep_000073,73,0.46,0.36,0.2646,0.327211,0.35627,0.327211,0.35627,0.002462,0.0,0.0,0.0,0.0,0.0,1.0,0.0,0.0,6e-06
1,prior_0.46_seed_1_ep_000074,74,0.46,0.36,0.4966,0.327211,0.35627,0.327164,0.35627,1.0,1.0,1.0,1.0,1.0,0.0,0.0,0.0,0.0,0.0
1,prior_0.46_seed_1_ep_000075,75,0.46,0.36,0.2781,0.327164,0.35627,0.327164,0.35627,0.01062,0.0,0.0,0.0,0.0,0.0,1.0,0.0,0.0,0.000113
1,prior_0.46_seed_1_ep_000076,76,0.46,0.36,0.4665,0.327164,0.35627,0.327037,0.35627,1.0,1.0,1.0,1.0,1.0,0.0,0.0,0.0,0.0,0.0
1,prior_0.46_seed_1_ep_000077,77,0.46,0.36,0.6729,0.327037,0.35627,0.327037,0.35627,1.0,1.0,1.0,1.0,1.0,0.0,0.0,0.0,0.0,0.0
1,prior_0.46_seed_1_ep_000078,78,0.46,0.36,0.5319,0.327037,0.35627,0.327022,0.35627,1.0,1.0,1.0,1.0,1.0,0.0,0.0,0.0,0.0,0.0
1,prior_0.46_seed_1_ep_000079,79,0.46,0.36,0.6966,0.327022,0.35627,0.327022,0.35627,1.0,1.0,1.0,1.0,1.0,0.0,0.0,0.0,0.0,0.0
1,prior_0.46_seed_1_ep_000080,80,0.46,0.36,0.3885,0.327022,0.35627,0.32561,0.354075,0.999895,1.0,1.0,1.0,1.0,0.0,0.0,0.0,0.0,0.0
1,prior_0.46_seed_1_ep_000081,81,0.46,0.36,0.2902,0.32561,0.354075,0.32561,0.354075,0.036205,0.0,0.0,0.0,0.0,0.0,1.0,0.0,0.0,0.001311
1,prior_0.46_seed_1_ep_000082,82,0.46,0.36,0.514,0.32561,0.354075,0.325585,0.354075,1.0,1.0,1.0,1.0,1.0,0.0,0.0,0.0,0.0,0.0
1,prior_0.46_seed_1_ep_000083,83,0.46,0.36,0.3131,0.325585,0.354075,0.325585,0.354075,0.249018,0.0,0.0,0.0,0.0,0.0,1.0,0.0,0.0,0.06201
1,prior_0.46_seed_1_ep_000084,84,0.46,0.36,0.2848,0.325585,0.354075,0.325585,0.354075,0.023723,0.0,0.0,0.0,0.0,0.0,1.0,0.0,0.0,0.000563
1,prior_0.46_seed_1_ep_000085,85,0.46,0.36,0.2577,0.325585,0.354075,0.325585,0.354075,0.001316,0.0,0.0,0.0,0.0,0.0,1.0,0.0,0.0,2e-06
1,prior_0.46_seed_1_ep_000086,86,0.46,0.36,0.6604,0.325585,0.354075,0.325585,0.354075,1.0,1.0,1.0,1.0,1.0,0.0,0.0,0.0,0.0,0.0
1,prior_0.46_seed_1_ep_000087,87,0.46,0.36,0.4918,0.325585,0.354075,0.325534,0.354075,1.0,1.0,1.0,1.0,1.0,0.0,0.0,0.0,0.0,0.0
1,prior_0.46_seed_1_ep_000088,88,0.46,0.36,0.2557,0.325534,0.354075,0.325534,0.354075,0.001017,0.0,0.0,0.0,0.0,0.0,1.0,0.0,0.0,1e-06
1,prior_0.46_seed_1_ep_000089,89,0.46,0.36,0.2918,0.325534,0.354075,0.325534,0.354075,0.044682,0.0,0.0,0.0,0.0,0.0,1.0,0.0,0.0,0.001996
1,prior_0.46_seed_1_ep_000090,90,0.46,0.36,0.5396,0.325534,0.354075,0.325523,0.354075,1.0,1.0,1.0,1.0,1.0,0.0,0.0,0.0,0.0,0.0
1,prior_0.46_seed_1_ep_000091,91,0.46,0.36,0.3288,0.325523,0.354075,0.331231,0.358464,0.549667,1.0,0.0,1.0,0.0,0.0,0.0,1.0,1.0,0.302134
1,prior_0.46_seed_1_ep_000092,92,0.46,0.36,0.3584,0.331231,0.358464,0.33761,0.362853,0.942954,1.0,0.0,1.0,0.0,0.0,0.0,1.0,1.0,0.889162
1,prior_0.46_seed_1_ep_000093,93,0.46,0.36,0.4641,0.33761,0.362853,0.337476,0.362853,1.0,1.0,1.0,1.0,1.0,0.0,0.0,0.0,0.0,0.0
1,prior_0.46_seed_1_ep_000094,94,0.46,0.36,0.2377,0.337476,0.362853,0.337476,0.362853,0.0,0.0,0.0,0.0,0.0,0.0,1.0,0.0,0.0,0.0
1,prior_0.46_seed_1_ep_000095,95,0.46,0.36,0.3182,0.337476,0.362853,0.337476,0.362853,0.111634,0.0,0.0,0.0,0.0,0.0,1.0,0.0,0.0,0.012462
1,prior_0.46_seed_1_ep_000096,96,0.46,0.36,0.2663,0.337476,0.362853,0.337476,0.362853,8.9e-05,0.0,0.0,0.0,0.0,0.0,1.0,0.0,0.0,0.0
1,prior_0.46_seed_1_ep_000097,97,0.46,0.36,0.3778,0.337476,0.362853,0.335744,0.360658,0.996318,1.0,1.0,1.0,1.0,0.0,0.0,0.0,0.0,1.4e-05
1,prior_0.46_seed_1_ep_000098,98,0.46,0.36,0.5191,0.335744,0.360658,0.335724,0.360658,1.0,1.0,1.0,1.0,1.0,0.0,0.0,0.0,0.0,0.0
1,prior_0.46_seed_1_ep_000099,99,0.46,0.36,0.495,0.335724,0.360658,0.33568,0.360658,1.0,1.0,1.0,1.0,1.0,0.0,0.0,0.0,0.0,0.0
1,prior_0.46_seed_1_ep_000100,100,0.46,0.36,0.312,0.33568,0.360658,0.33568,0.360658,0.066567,0.0,0.0,0.0,0.0,0.0,1.0,0.0,0.0,0.004431
1,prior_0.46_seed_1_ep_000101,101,0.46,0.36,0.3021,0.33568,0.360658,0.33568,0.360658,0.023656,0.0,0.0,0.0,0.0,0.0,1.0,0.0,0.0,0.00056
1,prior_0.46_seed_1_ep_000102,102,0.46,0.36,0.3772,0.33568,0.360658,0.334031,0.358464,0.997832,1.0,1.0,1.0,1.0,0.0,0.0,0.0,0.0,5e-06
1,prior_0.46_seed_1_ep_000103,103,0.46,0.36,0.382,0.334031,0.358464,0.332661,0.35627,0.9996,1.0,1.0,1.0,1.0,0.0,0.0,0.0,0.0,0.0
1,prior_0.46_seed_1_ep_000104,104,0.46,0.36,0.3934,0.332661,0.35627,0.331708,0.35627,0.999994,1.0,1.0,1.0,1.0,0.0,0.0,0.0,0.0,0.0
1,prior_0.46_seed_1_ep_000105,105,0.46,0.36,0.3696,0.331708,0.35627,0.32999,0.354075,0.996972,1.0,1.0,1.0,1.0,0.0,0.0,0.0,0.0,9e-06
1,prior_0.46_seed_1_ep_000106,106,0.46,0.36,0.5346,0.32999,0.354075,0.329981,0.354075,1.0,1.0,1.0,1.0,1.0,0.0,0.0,0.0,0.0,0.0
1,prior_0.46_seed_1_ep_000107,107,0.46,0.36,0.4869,0.329981,0.354075,0.329936,0.354075,1.0,1.0,1.0,1.0,1.0,0.0,0.0,0.0,0.0,0.0
1,prior_0.46_seed_1_ep_000108,108,0.46,0.36,0.4132,0.329936,0.354075,0.32946,0.354075,1.0,1.0,1.0,1.0,1.0,0.0,0.0,0.0,0.0,0.0
1,prior_0.46_seed_1_ep_000109,109,0.46,0.36,0.3498,0.32946,0.354075,0.334195,0.35627,0.926349,1.0,0.0,1.0,0.0,0.0,0.0,1.0,1.0,0.858122
1,prior_0.46_seed_1_ep_000110,110,0.46,0.36,0.3811,0.334195,0.35627,0.33302,0.35627,0.999877,1.0,1.0,1.0,1.0,0.0,0.0,0.0,0.0,0.0
1,prior_0.46_seed_1_ep_000111,111,0.46,0.36,0.2929,0.33302,0.35627,0.33302,0.35627,0.005593,0.0,0.0,0.0,0.0,0.0,1.0,0.0,0.0,3.1e-05
1,prior_0.46_seed_1_ep_000112,112,0.46,0.36,0.3057,0.33302,0.35627,0.33302,0.35627,0.028996,0.0,0.0,0.0,0.0,0.0,1.0,0.0,0.0,0.000841
1,prior_0.46_seed_1_ep_000113,113,0.46,0.36,0.5159,0.33302,0.35627,0.333004,0.35627,1.0,1.0,1.0,1.0,1.0,0.0,0.0,0.0,0.0,0.0
1,prior_0.46_seed_1_ep_000114,114,0.46,0.36,0.2908,0.333004,0.35627,0.333004,0.35627,0.003915,0.0,0.0,0.0,0.0,0.0,1.0,0.0,0.0,1.5e-05
1,prior_0.46_seed_1_ep_000115,115,0.46,0.36,0.2763,0.333004,0.35627,0.333004,0.35627,0.000253,0.0,0.0,0.0,0.0,0.0,1.0,0.0,0.0,0.0
1,prior_0.46_seed_1_ep_000116,116,0.46,0.36,0.3697,0.333004,0.35627,0.331502,0.354075,0.997979,1.0,1.0,1.0,1.0,0.0,0.0,0.0,0.0,4e-06
1,prior_0.46_seed_1_ep_000117,117,0.46,0.36,0.4828,0.331502,0.354075,0.331457,0.354075,1.0,1.0,1.0,1.0,1.0,0.0,0.0,0.0,0.0,0.0
1,prior_0.46_seed_1_ep_000118,118,0.46,0.36,0.3091,0.331457,0.354075,0.331457,0.354075,0.061843,0.0,0.0,0.0,0.0,0.0,1.0,0.0,0.0,0.003825
1,prior_0.46_seed_1_ep_000119,119,0.46,0.36,0.6528,0.331457,0.354075,0.331457,0.354075,1.0,1.0,1.0,1.0,1.0,0.0,0.0,0.0,0.0,0.0
1,prior_0.46_seed_1_ep_000120,120,0.46,0.36,0.301,0.331457,0.354075,0.331457,0.354075,0.018929,0.0,0.0,0.0,0.0,0.0,1.0,0.0,0.0,0.000358
1,prior_0.46_seed_1_ep_000121,121,0.46,0.36,0.2833,0.331457,0.354075,0.331457,0.354075,0.001079,0.0,0.0,0.0,0.0,0.0,1.0,0.0,0.0,1e-06
1,prior_0.46_seed_1_ep_000122,122,0.46,0.36,0.6914,0.331457,0.354075,0.331457,0.354075,1.0,1.0,1.0,1.0,1.0,0.0,0.0,0.0,0.0,0.0
1,prior_0.46_seed_1_ep_000123,123,0.46,0.36,0.4456,0.331457,0.354075,0.331305,0.354075,1.0,1.0,1.0,1.0,1.0,0.0,0.0,0.0,0.0,0.0
1,prior_0.46_seed_1_ep_000124,124,0.46,0.36,0.282,0.331305,0.354075,0.331305,0.354075,0.001101,0.0,0.0,0.0,0.0,0.0,1.0,0.0,0.0,1e-06
1,prior_0.46_seed_1_ep_000125,125,0.46,0.36,0.4132,0.331305,0.354075,0.330887,0.354075,1.0,1.0,1.0,1.0,1.0,0.0,0.0,0.0,0.0,0.0
1,prior_0.46_seed_1_ep_000126,126,0.46,0.36,0.4104,0.330887,0.354075,0.330441,0.351881,1.0,1.0,1.0,1.0,1.0,0.0,0.0,0.0,0.0,0.0
1,prior_0.46_seed_1_ep_000127,127,0.46,0.36,0.5112,0.330441,0.351881,0.330424,0.351881,1.0,1.0,1.0,1.0,1.0,0.0,0.0,0.0,0.0,0.0
1,prior_0.46_seed_1_ep_000128,128,0.46,0.36,0.2926,0.330424,0.351881,0.330424,0.351881,0.005569,0.0,0.0,0.0,0.0,0.0,1.0,0.0,0.0,3.1e-05
1,prior_0.46_seed_1_ep_000129,129,0.46,0.36,0.3032,0.330424,0.351881,0.332313,0.354075,0.029218,0.0,0.0,1.0,0.0,1.0,0.0,1.0,1.0,0.000854
1,prior_0.46_seed_1_ep_000130,130,0.46,0.36,0.6711,0.332313,0.354075,0.332313,0.354075,1.0,1.0,1.0,1.0,1.0,0.0,0.0,0.0,0.0,0.0
1,prior_0.46_seed_1_ep_000131,131,0.46,0.36,0.4042,0.332313,0.354075,0.331796,0.354075,1.0,1.0,1.0,1.0,1.0,0.0,0.0,0.0,0.0,0.0
1,prior_0.46_seed_1_ep_000132,132,0.46,0.36,0.3622,0.331796,0.354075,0.330232,0.351881,0.991358,1.0,1.0,1.0,1.0,0.0,0.0,0.0,0.0,7.5e-05
1,prior_0.46_seed_1_ep_000133,133,0.46,0.36,0.3465,0.330232,0.351881,0.333759,0.354075,0.891702,1.0,0.0,1.0,0.0,0.0,0.0,1.0,1.0,0.795132
1,prior_0.46_seed_1_ep_000134,134,0.46,0.36,0.2759,0.333759,0.354075,0.334487,0.354075,4e-05,0.0,0.0,1.0,0.0,1.0,0.0,1.0,1.0,0.0
1,prior_0.46_seed_1_ep_000135,135,0.46,0.36,0.3247,0.334487,0.354075,0.334487,0.354075,0.20696,0.0,0.0,0.0,0.0,0.0,1.0,0.0,0.0,0.042832
1,prior_0.46_seed_1_ep_000136,136,0.46,0.36,0.4639,0.334487,0.354075,0.334415,0.354075,1.0,1.0,1.0,1.0,1.0,0.0,0.0,0.0,0.0,0.0
1,prior_0.46_seed_1_ep_000137,137,0.46,0.36,0.4449,0.334415,0.354075,0.334281,0.354075,1.0,1.0,1.0,1.0,1.0,0.0,0.0,0.0,0.0,0.0
1,prior_0.46_seed_1_ep_000138,138,0.46,0.36,0.2263,0.334281,0.354075,0.334281,0.354075,0.0,0.0,0.0,0.0,0.0,0.0,1.0,0.0,0.0,0.0
1,prior_0.46_seed_1_ep_000139,139,0.46,0.36,0.3149,0.334281,0.354075,0.334281,0.354075,0.071843,0.0,0.0,0.0,0.0,0.0,1.0,0.0,0.0,0.005161
1,prior_0.46_seed_1_ep_000140,140,0.46,0.36,0.5233,0.334281,0.354075,0.334271,0.354075,1.0,1.0,1.0,1.0,1.0,0.0,0.0,0.0,0.0,0.0
1,prior_0.46_seed_1_ep_000141,141,0.46,0.36,0.6219,0.334271,0.354075,0.334271,0.354075,1.0,1.0,1.0,1.0,1.0,0.0,0.0,0.0,0.0,0.0
1,prior_0.46_seed_1_ep_000142,142,0.46,0.36,0.5336,0.334271,0.354075,0.334264,0.354075,1.0,1.0,1.0,1.0,1.0,0.0,0.0,0.0,0.0,0.0
1,prior_0.46_seed_1_ep_000143,143,0.46,0.36,0.3259,0.334264,0.354075,0.334264,0.354075,0.263676,0.0,0.0,0.0,0.0,0.0,1.0,0.0,0.0,0.069525
1,prior_0.46_seed_1_ep_000144,144,0.46,0.36,0.2931,0.334264,0.354075,0.334264,0.354075,0.00142,0.0,0.0,0.0,0.0,0.0,1.0,0.0,0.0,2e-06
1,prior_0.46_seed_1_ep_000145,145,0.46,0.36,0.3523,0.334264,0.354075,0.337438,0.35627,0.938678,1.0,0.0,1.0,0.0,0.0,0.0,1.0,1.0,0.881116
1,prior_0.46_seed_1_ep_000146,146,0.46,0.36,0.4467,0.337438,0.35627,0.337311,0.35627,1.0,1.0,1.0,1.0,1.0,0.0,0.0,0.0,0.0,0.0
1,prior_0.46_seed_1_ep_000147,147,0.46,0.36,0.5207,0.337311,0.35627,0.3373,0.35627,1.0,1.0,1.0,1.0,1.0,0.0,0.0,0.0,0.0,0.0
1,prior_0.46_seed_1_ep_000148,148,0.46,0.36,0.2579,0.3373,0.35627,0.3373,0.35627,0.0,0.0,0.0,0.0,0.0,0.0,1.0,0.0,0.0,0.0
1,prior_0.46_seed_1_ep_000149,149,0.46,0.36,0.6834,0.3373,0.35627,0.3373,0.35627,1.0,1.0,1.0,1.0,1.0,0.0,0.0,0.0,0.0,0.0
1,prior_0.46_seed_1_ep_000150,150,0.46,0.36,0.6984,0.3373,0.35627,0.3373,0.35627,1.0,1.0,1.0,1.0,1.0,0.0,0.0,0.0,0.0,0.0
1,prior_0.46_seed_1_ep_000151,151,0.46,0.36,0.4469,0.3373,0.35627,0.337174,0.35627,1.0,1.0,1.0,1.0,1.0,0.0,0.0,0.0,0.0,0.0
1,prior_0.46_seed_1_ep_000152,152,0.46,0.36,0.2946,0.337174,0.35627,0.337174,0.35627,0.000453,0.0,0.0,0.0,0.0,0.0,1.0,0.0,0.0,0.0
1,prior_0.46_seed_1_ep_000153,153,0.46,0.36,0.3396,0.337174,0.35627,0.339553,0.358464,0.577775,1.0,0.0,1.0,0.0,0.0,0.0,1.0,1.0,0.333824
1,prior_0.46_seed_1_ep_000154,154,0.46,0.36,0.4307,0.339553,0.358464,0.339343,0.358464,1.0,1.0,1.0,1.0,1.0,0.0,0.0,0.0,0.0,0.0
1,prior_0.46_seed_1_ep_000155,155,0.46,0.36,0.3269,0.339343,0.358464,0.339343,0.358464,0.135303,0.0,0.0,0.0,0.0,0.0,1.0,0.0,0.0,0.018307
1,prior_0.46_seed_1_ep_000156,156,0.46,0.36,0.2348,0.339343,0.358464,0.339343,0.358464,0.0,0.0,0.0,0.0,0.0,0.0,1.0,0.0,0.0,0.0
1,prior_0.46_seed_1_ep_000157,157,0.46,0.36,0.3389,0.339343,0.358464,0.341465,0.358464,0.50649,1.0,0.0,1.0,0.0,0.0,0.0,1.0,1.0,0.256532
1,prior_0.46_seed_1_ep_000158,158,0.46,0.36,0.3553,0.341465,0.358464,0.343913,0.360658,0.893145,1.0,0.0,1.0,0.0,0.0,0.0,1.0,1.0,0.797707
1,prior_0.46_seed_1_ep_000159,159,0.46,0.36,0.4529,0.343913,0.360658,0.343809,0.360658,1.0,1.0,1.0,1.0,1.0,0.0,0.0,0.0,0.0,0.0
1,prior_0.46_seed_1_ep_000160,160,0.46,0.36,0.3765,0.343809,0.360658,0.342835,0.360658,0.999411,1.0,1.0,1.0,1.0,0.0,0.0,0.0,0.0,0.0
1,prior_0.46_seed_1_ep_000161,161,0.46,0.36,0.6767,0.342835,0.360658,0.342834,0.360658,1.0,1.0,1.0,1.0,1.0,0.0,0.0,0.0,0.0,0.0
1,prior_0.46_seed_1_ep_000162,162,0.46,0.36,0.2957,0.342834,0.360658,0.342834,0.360658,3.6e-05,0.0,0.0,0.0,0.0,0.0,1.0,0.0,0.0,0.0
1,prior_0.46_seed_1_ep_000163,163,0.46,0.36,0.5178,0.342834,0.360658,0.342823,0.360658,1.0,1.0,1.0,1.0,1.0,0.0,0.0,0.0,0.0,0.0
1,prior_0.46_seed_1_ep_000164,164,0.46,0.36,0.4481,0.342823,0.360658,0.342707,0.360658,1.0,1.0,1.0,1.0,1.0,0.0,0.0,0.0,0.0,0.0
1,prior_0.46_seed_1_ep_000165,165,0.46,0.36,0.5249,0.342707,0.360658,0.342697,0.360658,1.0,1.0,1.0,1.0,1.0,0.0,0.0,0.0,0.0,0.0
1,prior_0.46_seed_1_ep_000166,166,0.46,0.36,0.3731,0.342697,0.360658,0.341684,0.358464,0.998351,1.0,1.0,1.0,1.0,0.0,0.0,0.0,0.0,3e-06
1,prior_0.46_seed_1_ep_000167,167,0.46,0.36,0.3822,0.341684,0.358464,0.340905,0.358464,0.999967,1.0,1.0,1.0,1.0,0.0,0.0,0.0,0.0,0.0
1,prior_0.46_seed_1_ep_000168,168,0.46,0.36,0.3709,0.340905,0.358464,0.339907,0.35627,0.998354,1.0,1.0,1.0,1.0,0.0,0.0,0.0,0.0,3e-06
1,prior_0.46_seed_1_ep_000169,169,0.46,0.36,0.4161,0.339907,0.35627,0.33963,0.35627,1.0,1.0,1.0,1.0,1.0,0.0,0.0,0.0,0.0,0.0
1,prior_0.46_seed_1_ep_000170,170,0.46,0.36,0.5014,0.33963,0.35627,0.339612,0.35627,1.0,1.0,1.0,1.0,1.0,0.0,0.0,0.0,0.0,0.0
1,prior_0.46_seed_1_ep_000171,171,0.46,0.36,0.4583,0.339612,0.35627,0.33954,0.35627,1.0,1.0,1.0,1.0,1.0,0.0,0.0,0.0,0.0,0.0
1,prior_0.46_seed_1_ep_000172,172,0.46,0.36,0.5796,0.33954,0.35627,0.339539,0.35627,1.0,1.0,1.0,1.0,1.0,0.0,0.0,0.0,0.0,0.0
1,prior_0.46_seed_1_ep_000173,173,0.46,0.36,0.6067,0.339539,0.35627,0.339539,0.35627,1.0,1.0,1.0,1.0,1.0,0.0,0.0,0.0,0.0,0.0
1,prior_0.46_seed_1_ep_000174,174,0.46,0.36,0.2276,0.339539,0.35627,0.339539,0.35627,0.0,0.0,0.0,0.0,0.0,0.0,1.0,0.0,0.0,0.0
1,prior_0.46_seed_1_ep_000175,175,0.46,0.36,0.2444,0.339539,0.35627,0.339539,0.35627,0.0,0.0,0.0,0.0,0.0,0.0,1.0,0.0,0.0,0.0
1,prior_0.46_seed_1_ep_000176,176,0.46,0.36,0.3648,0.339539,0.35627,0.338445,0.35627,0.99233,1.0,1.0,1.0,1.0,0.0,0.0,0.0,0.0,5.9e-05
1,prior_0.46_seed_1_ep_000177,177,0.46,0.36,0.4571,0.338445,0.35627,0.338374,0.354075,1.0,1.0,1.0,1.0,1.0,0.0,0.0,0.0,0.0,0.0
1,prior_0.46_seed_1_ep_000178,178,0.46,0.36,0.2753,0.338374,0.354075,0.338791,0.35627,0.0,0.0,0.0,1.0,0.0,1.0,0.0,1.0,1.0,0.0
1,prior_0.46_seed_1_ep_000179,179,0.46,0.36,0.4115,0.338791,0.35627,0.338494,0.354075,1.0,1.0,1.0,1.0,1.0,0.0,0.0,0.0,0.0,0.0
1,prior_0.46_seed_1_ep_000180,180,0.46,0.36,0.2633,0.338494,0.354075,0.338494,0.354075,0.0,0.0,0.0,0.0,0.0,0.0,1.0,0.0,0.0,0.0
1,prior_0.46_seed_1_ep_000181,181,0.46,0.36,0.3614,0.338494,0.354075,0.33738,0.354075,0.990508,1.0,1.0,1.0,1.0,0.0,0.0,0.0,0.0,9e-05
1,prior_0.46_seed_1_ep_000182,182,0.46,0.36,0.4252,0.33738,0.354075,0.337196,0.354075,1.0,1.0,1.0,1.0,1.0,0.0,0.0,0.0,0.0,0.0
1,prior_0.46_seed_1_ep_000183,183,0.46,0.36,0.4635,0.337196,0.354075,0.337143,0.354075,1.0,1.0,1.0,1.0,1.0,0.0,0.0,0.0,0.0,0.0
1,prior_0.46_seed_1_ep_000184,184,0.46,0.36,0.2597,0.337143,0.354075,0.337143,0.354075,0.0,0.0,0.0,0.0,0.0,0.0,1.0,0.0,0.0,0.0
1,prior_0.46_seed_1_ep_000185,185,0.46,0.36,0.5938,0.337143,0.354075,0.337142,0.354075,1.0,1.0,1.0,1.0,1.0,0.0,0.0,0.0,0.0,0.0
1,prior_0.46_seed_1_ep_000186,186,0.46,0.36,0.3332,0.337142,0.354075,0.337142,0.354075,0.343631,0.0,0.0,0.0,0.0,0.0,1.0,0.0,0.0,0.118082
1,prior_0.46_seed_1_ep_000187,187,0.46,0.36,0.4627,0.337142,0.354075,0.337088,0.354075,1.0,1.0,1.0,1.0,1.0,0.0,0.0,0.0,0.0,0.0
1,prior_0.46_seed_1_ep_000188,188,0.46,0.36,0.3043,0.337088,0.354075,0.337088,0.354075,0.001538,0.0,0.0,0.0,0.0,0.0,1.0,0.0,0.0,2e-06
1,prior_0.46_seed_1_ep_000189,189,0.46,0.36,0.4016,0.337088,0.354075,0.336718,0.354075,1.0,1.0,1.0,1.0,1.0,0.0,0.0,0.0,0.0,0.0
1,prior_0.46_seed_1_ep_000190,190,0.46,0.36,0.237,0.336718,0.354075,0.336718,0.354075,0.0,0.0,0.0,0.0,0.0,0.0,1.0,0.0,0.0,0.0
1,prior_0.46_seed_1_ep_000191,191,0.46,0.36,0.392,0.336718,0.354075,0.336238,0.351881,1.0,1.0,1.0,1.0,1.0,0.0,0.0,0.0,0.0,0.0
1,prior_0.46_seed_1_ep_000192,192,0.46,0.36,0.4332,0.336238,0.351881,0.336103,0.351881,1.0,1.0,1.0,1.0,1.0,0.0,0.0,0.0,0.0,0.0
1,prior_0.46_seed_1_ep_000193,193,0.46,0.36,0.4834,0.336103,0.351881,0.336077,0.351881,1.0,1.0,1.0,1.0,1.0,0.0,0.0,0.0,0.0,0.0
1,prior_0.46_seed_1_ep_000194,194,0.46,0.36,0.2653,0.336077,0.351881,0.336392,0.351881,0.0,0.0,0.0,1.0,0.0,1.0,0.0,1.0,1.0,0.0
1,prior_0.46_seed_1_ep_000195,195,0.46,0.36,0.2769,0.336392,0.351881,0.336392,0.351881,0.0,0.0,0.0,0.0,0.0,0.0,1.0,0.0,0.0,0.0
1,prior_0.46_seed_1_ep_000196,196,0.46,0.36,0.3094,0.336392,0.351881,0.336392,0.351881,0.005125,0.0,0.0,0.0,0.0,0.0,1.0,0.0,0.0,2.6e-05
1,prior_0.46_seed_1_ep_000197,197,0.46,0.36,0.3867,0.336392,0.351881,0.335854,0.351881,1.0,1.0,1.0,1.0,1.0,0.0,0.0,0.0,0.0,0.0
1,prior_0.46_seed_1_ep_000198,198,0.46,0.36,0.4906,0.335854,0.351881,0.335834,0.351881,1.0,1.0,1.0,1.0,1.0,0.0,0.0,0.0,0.0,0.0
1,prior_0.46_seed_1_ep_000199,199,0.46,0.36,0.4054,0.335834,0.351881,0.335526,0.351881,1.0,1.0,1.0,1.0,1.0,0.0,0.0,0.0,0.0,0.0
1,prior_0.46_seed_1_ep_000200,200,0.46,0.36,0.4492,0.335526,0.351881,0.33545,0.351881,1.0,1.0,1.0,1.0,1.0,0.0,0.0,0.0,0.0,0.0
1,prior_0.46_seed_1_ep_000201,201,0.46,0.36,0.4101,0.33545,0.351881,0.335188,0.351881,1.0,1.0,1.0,1.0,1.0,0.0,0.0,0.0,0.0,0.0
1,prior_0.46_seed_1_ep_000202,202,0.46,0.36,0.5035,0.335188,0.351881,0.335176,0.351881,1.0,1.0,1.0,1.0,1.0,0.0,0.0,0.0,0.0,0.0
1,prior_0.46_seed_1_ep_000203,203,0.46,0.36,0.2011,0.335176,0.351881,0.335176,0.351881,0.0,0.0,0.0,0.0,0.0,0.0,1.0,0.0,0.0,0.0
1,prior_0.46_seed_1_ep_000204,204,0.46,0.36,0.3638,0.335176,0.351881,0.334259,0.349687,0.998867,1.0,1.0,1.0,1.0,0.0,0.0,0.0,0.0,1e-06
1,prior_0.46_seed_1_ep_000205,205,0.46,0.36,0.2358,0.334259,0.349687,0.334259,0.349687,0.0,0.0,0.0,0.0,0.0,0.0,1.0,0.0,0.0,0.0
1,prior_0.46_seed_1_ep_000206,206,0.46,0.36,0.4459,0.334259,0.349687,0.334179,0.349687,1.0,1.0,1.0,1.0,1.0,0.0,0.0,0.0,0.0,0.0
1,prior_0.46_seed_1_ep_000207,207,0.46,0.36,0.6867,0.334179,0.349687,0.334179,0.349687,1.0,1.0,1.0,1.0,1.0,0.0,0.0,0.0,0.0,0.0
1,prior_0.46_seed_1_ep_000208,208,0.46,0.36,0.4182,0.334179,0.349687,0.333985,0.349687,1.0,1.0,1.0,1.0,1.0,0.0,0.0,0.0,0.0,0.0
1,prior_0.46_seed_1_ep_000209,209,0.46,0.36,0.2351,0.333985,0.349687,0.333985,0.349687,0.0,0.0,0.0,0.0,0.0,0.0,1.0,0.0,0.0,0.0
1,prior_0.46_seed_1_ep_000210,210,0.46,0.36,0.2703,0.333985,0.349687,0.333985,0.349687,0.0,0.0,0.0,0.0,0.0,0.0,1.0,0.0,0.0,0.0
1,prior_0.46_seed_1_ep_000211,211,0.46,0.36,0.3153,0.333985,0.349687,0.333985,0.349687,0.036611,0.0,0.0,0.0,0.0,0.0,1.0,0.0,0.0,0.00134
1,prior_0.46_seed_1_ep_000212,212,0.46,0.36,0.3945,0.333985,0.349687,0.333595,0.349687,1.0,1.0,1.0,1.0,1.0,0.0,0.0,0.0,0.0,0.0
1,prior_0.46_seed_1_ep_000213,213,0.46,0.36,0.4972,0.333595,0.349687,0.33358,0.349687,1.0,1.0,1.0,1.0,1.0,0.0,0.0,0.0,0.0,0.0
1,prior_0.46_seed_1_ep_000214,214,0.46,0.36,0.3394,0.33358,0.349687,0.335326,0.351881,0.731288,1.0,0.0,1.0,0.0,0.0,0.0,1.0,1.0,0.534782
1,prior_0.46_seed_1_ep_000215,215,0.46,0.36,0.2616,0.335326,0.351881,0.335585,0.351881,0.0,0.0,0.0,1.0,0.0,1.0,0.0,1.0,1.0,0.0
1,prior_0.46_seed_1_ep_000216,216,0.46,0.36,0.2881,0.335585,0.351881,0.335585,0.351881,3e-06,0.0,0.0,0.0,0.0,0.0,1.0,0.0,0.0,0.0
1,prior_0.46_seed_1_ep_000217,217,0.46,0.36,0.4141,0.335585,0.351881,0.335371,0.349687,1.0,1.0,1.0,1.0,1.0,0.0,0.0,0.0,0.0,0.0
1,prior_0.46_seed_1_ep_000218,218,0.46,0.36,0.2288,0.335371,0.349687,0.335371,0.349687,0.0,0.0,0.0,0.0,0.0,0.0,1.0,0.0,0.0,0.0
1,prior_0.46_seed_1_ep_000219,219,0.46,0.36,0.4122,0.335371,0.349687,0.335148,0.349687,1.0,1.0,1.0,1.0,1.0,0.0,0.0,0.0,0.0,0.0
1,prior_0.46_seed_1_ep_000220,220,0.46,0.36,0.3901,0.335148,0.349687,0.334724,0.349687,1.0,1.0,1.0,1.0,1.0,0.0,0.0,0.0,0.0,0.0
1,prior_0.46_seed_1_ep_000221,221,0.46,0.36,0.4531,0.334724,0.349687,0.334665,0.349687,1.0,1.0,1.0,1.0,1.0,0.0,0.0,0.0,0.0,0.0
1,prior_0.46_seed_1_ep_000222,222,0.46,0.36,0.484,0.334665,0.349687,0.334644,0.349687,1.0,1.0,1.0,1.0,1.0,0.0,0.0,0.0,0.0,0.0
1,prior_0.46_seed_1_ep_000223,223,0.46,0.36,0.5352,0.334644,0.349687,0.33464,0.349687,1.0,1.0,1.0,1.0,1.0,0.0,0.0,0.0,0.0,0.0
1,prior_0.46_seed_1_ep_000224,224,0.46,0.36,0.4265,0.33464,0.349687,0.334501,0.349687,1.0,1.0,1.0,1.0,1.0,0.0,0.0,0.0,0.0,0.0
1,prior_0.46_seed_1_ep_000225,225,0.46,0.36,0.5016,0.334501,0.349687,0.33449,0.349687,1.0,1.0,1.0,1.0,1.0,0.0,0.0,0.0,0.0,0.0
1,prior_0.46_seed_1_ep_000226,226,0.46,0.36,0.23,0.33449,0.349687,0.334586,0.349687,0.0,0.0,0.0,1.0,0.0,1.0,0.0,1.0,1.0,0.0
1,prior_0.46_seed_1_ep_000227,227,0.46,0.36,0.228,0.334586,0.349687,0.334586,0.349687,0.0,0.0,0.0,0.0,0.0,0.0,1.0,0.0,0.0,0.0
1,prior_0.46_seed_1_ep_000228,228,0.46,0.36,0.3721,0.334586,0.349687,0.33392,0.349687,0.999993,1.0,1.0,1.0,1.0,0.0,0.0,0.0,0.0,0.0
1,prior_0.46_seed_1_ep_000229,229,0.46,0.36,0.5162,0.33392,0.349687,0.333913,0.349687,1.0,1.0,1.0,1.0,1.0,0.0,0.0,0.0,0.0,0.0
1,prior_0.46_seed_1_ep_000230,230,0.46,0.36,0.3189,0.333913,0.349687,0.333913,0.349687,0.048527,0.0,0.0,0.0,0.0,0.0,1.0,0.0,0.0,0.002355
1,prior_0.46_seed_1_ep_000231,231,0.46,0.36,0.4758,0.333913,0.349687,0.333886,0.349687,1.0,1.0,1.0,1.0,1.0,0.0,0.0,0.0,0.0,0.0
1,prior_0.46_seed_1_ep_000232,232,0.46,0.36,0.5153,0.333886,0.349687,0.333879,0.349687,1.0,1.0,1.0,1.0,1.0,0.0,0.0,0.0,0.0,0.0
1,prior_0.46_seed_1_ep_000233,233,0.46,0.36,0.4841,0.333879,0.349687,0.333858,0.349687,1.0,1.0,1.0,1.0,1.0,0.0,0.0,0.0,0.0,0.0
1,prior_0.46_seed_1_ep_000234,234,0.46,0.36,0.5287,0.333858,0.349687,0.333854,0.349687,1.0,1.0,1.0,1.0,1.0,0.0,0.0,0.0,0.0,0.0
1,prior_0.46_seed_1_ep_000235,235,0.46,0.36,0.3048,0.333854,0.349687,0.333854,0.349687,0.001852,0.0,0.0,0.0,0.0,0.0,1.0,0.0,0.0,3e-06
1,prior_0.46_seed_1_ep_000236,236,0.46,0.36,0.6509,0.333854,0.349687,0.333853,0.349687,1.0,1.0,1.0,1.0,1.0,0.0,0.0,0.0,0.0,0.0
1,prior_0.46_seed_1_ep_000237,237,0.46,0.36,0.2995,0.333853,0.349687,0.334583,0.349687,0.000483,0.0,0.0,1.0,0.0,1.0,0.0,1.0,1.0,0.0
1,prior_0.46_seed_1_ep_000238,238,0.46,0.36,0.3889,0.334583,0.349687,0.334173,0.349687,1.0,1.0,1.0,1.0,1.0,0.0,0.0,0.0,0.0,0.0
1,prior_0.46_seed_1_ep_000239,239,0.46,0.36,0.2648,0.334173,0.349687,0.334173,0.349687,0.0,0.0,0.0,0.0,0.0,0.0,1.0,0.0,0.0,0.0
1,prior_0.46_seed_1_ep_000240,240,0.46,0.36,0.3226,0.334173,0.349687,0.334173,0.349687,0.101579,0.0,0.0,0.0,0.0,0.0,1.0,0.0,0.0,0.010318
1,prior_0.46_seed_1_ep_000241,241,0.46,0.36,0.25,0.334173,0.349687,0.334173,0.349687,0.0,0.0,0.0,0.0,0.0,0.0,1.0,0.0,0.0,0.0
1,prior_0.46_seed_1_ep_000242,242,0.46,0.36,0.3267,0.334173,0.349687,0.334173,0.349687,0.206057,0.0,0.0,0.0,0.0,0.0,1.0,0.0,0.0,0.04246
1,prior_0.46_seed_1_ep_000243,243,0.46,0.36,0.4777,0.334173,0.349687,0.334149,0.349687,1.0,1.0,1.0,1.0,1.0,0.0,0.0,0.0,0.0,0.0
1,prior_0.46_seed_1_ep_000244,244,0.46,0.36,0.22,0.334149,0.349687,0.334216,0.349687,0.0,0.0,0.0,1.0,0.0,1.0,0.0,1.0,1.0,0.0
1,prior_0.46_seed_1_ep_000245,245,0.46,0.36,0.3169,0.334216,0.349687,0.334216,0.349687,0.042446,0.0,0.0,0.0,0.0,0.0,1.0,0.0,0.0,0.001802
1,prior_0.46_seed_1_ep_000246,246,0.46,0.36,0.4766,0.334216,0.349687,0.33419,0.349687,1.0,1.0,1.0,1.0,1.0,0.0,0.0,0.0,0.0,0.0
1,prior_0.46_seed_1_ep_000247,247,0.46,0.36,0.2963,0.33419,0.349687,0.33419,0.349687,7.1e-05,0.0,0.0,0.0,0.0,0.0,1.0,0.0,0.0,0.0
1,prior_0.46_seed_1_ep_000248,248,0.46,0.36,0.3322,0.33419,0.349687,0.33419,0.349687,0.450159,0.0,0.0,0.0,0.0,0.0,1.0,0.0,0.0,0.202643
1,prior_0.46_seed_1_ep_000249,249,0.46,0.36,0.2252,0.33419,0.349687,0.334269,0.349687,0.0,0.0,0.0,1.0,0.0,1.0,0.0,1.0,1.0,0.0
1,prior_0.46_seed_1_ep_000250,250,0.46,0.36,0.4902,0.334269,0.349687,0.334253,0.349687,1.0,1.0,1.0,1.0,1.0,0.0,0.0,0.0,0.0,0.0
1,prior_0.46_seed_1_ep_000251,251,0.46,0.36,0.2301,0.334253,0.349687,0.334253,0.349687,0.0,0.0,0.0,0.0,0.0,0.0,1.0,0.0,0.0,0.0
1,prior_0.46_seed_1_ep_000252,252,0.46,0.36,0.6977,0.334253,0.349687,0.334253,0.349687,1.0,1.0,1.0,1.0,1.0,0.0,0.0,0.0,0.0,0.0
1,prior_0.46_seed_1_ep_000253,253,0.46,0.36,0.353,0.334253,0.349687,0.33606,0.349687,0.98195,1.0,0.0,1.0,0.0,0.0,0.0,1.0,1.0,0.964226
1,prior_0.46_seed_1_ep_000254,254,0.46,0.36,0.465,0.33606,0.349687,0.336022,0.349687,1.0,1.0,1.0,1.0,1.0,0.0,0.0,0.0,0.0,0.0
1,prior_0.46_seed_1_ep_000255,255,0.46,0.36,0.202,0.336022,0.349687,0.336022,0.349687,0.0,0.0,0.0,0.0,0.0,0.0,1.0,0.0,0.0,0.0
1,prior_0.46_seed_1_ep_000256,256,0.46,0.36,0.3399,0.336022,0.349687,0.33744,0.351881,0.656821,1.0,0.0,1.0,0.0,0.0,0.0,1.0,1.0,0.431414
1,prior_0.46_seed_1_ep_000257,257,0.46,0.36,0.5678,0.33744,0.351881,0.337439,0.351881,1.0,1.0,1.0,1.0,1.0,0.0,0.0,0.0,0.0,0.0
1,prior_0.46_seed_1_ep_000258,258,0.46,0.36,0.3669,0.337439,0.351881,0.336731,0.351881,0.999695,1.0,1.0,1.0,1.0,0.0,0.0,0.0,0.0,0.0
1,prior_0.46_seed_1_ep_000259,259,0.46,0.36,0.4692,0.336731,0.351881,0.336699,0.351881,1.0,1.0,1.0,1.0,1.0,0.0,0.0,0.0,0.0,0.0
1,prior_0.46_seed_1_ep_000260,260,0.46,0.36,0.4808,0.336699,0.351881,0.336678,0.351881,1.0,1.0,1.0,1.0,1.0,0.0,0.0,0.0,0.0,0.0
1,prior_0.46_seed_1_ep_000261,261,0.46,0.36,0.526,0.336678,0.351881,0.336673,0.351881,1.0,1.0,1.0,1.0,1.0,0.0,0.0,0.0,0.0,0.0
1,prior_0.46_seed_1_ep_000262,262,0.46,0.36,0.3236,0.336673,0.351881,0.336673,0.351881,0.085036,0.0,0.0,0.0,0.0,0.0,1.0,0.0,0.0,0.007231
1,prior_0.46_seed_1_ep_000263,263,0.46,0.36,0.3649,0.336673,0.351881,0.335951,0.349687,0.999451,1.0,1.0,1.0,1.0,0.0,0.0,0.0,0.0,0.0
1,prior_0.46_seed_1_ep_000264,264,0.46,0.36,0.3461,0.335951,0.349687,0.33742,0.351881,0.885071,1.0,0.0,1.0,0.0,0.0,0.0,1.0,1.0,0.78335
1,prior_0.46_seed_1_ep_000265,265,0.46,0.36,0.4656,0.33742,0.351881,0.337385,0.351881,1.0,1.0,1.0,1.0,1.0,0.0,0.0,0.0,0.0,0.0
1,prior_0.46_seed_1_ep_000266,266,0.46,0.36,0.3123,0.337385,0.351881,0.337385,0.351881,0.001953,0.0,0.0,0.0,0.0,0.0,1.0,0.0,0.0,4e-06
1,prior_0.46_seed_1_ep_000267,267,0.46,0.36,0.3935,0.337385,0.351881,0.337052,0.351881,1.0,1.0,1.0,1.0,1.0,0.0,0.0,0.0,0.0,0.0
1,prior_0.46_seed_1_ep_000268,268,0.46,0.36,0.4687,0.337052,0.351881,0.337021,0.351881,1.0,1.0,1.0,1.0,1.0,0.0,0.0,0.0,0.0,0.0
1,prior_0.46_seed_1_ep_000269,269,0.46,0.36,0.2238,0.337021,0.351881,0.337021,0.351881,0.0,0.0,0.0,0.0,0.0,0.0,1.0,0.0,0.0,0.0
1,prior_0.46_seed_1_ep_000270,270,0.46,0.36,0.4273,0.337021,0.351881,0.336903,0.349687,1.0,1.0,1.0,1.0,1.0,0.0,0.0,0.0,0.0,0.0
1,prior_0.46_seed_1_ep_000271,271,0.46,0.36,0.4735,0.336903,0.349687,0.336877,0.349687,1.0,1.0,1.0,1.0,1.0,0.0,0.0,0.0,0.0,0.0
1,prior_0.46_seed_1_ep_000272,272,0.46,0.36,0.3685,0.336877,0.349687,0.336247,0.349687,0.999953,1.0,1.0,1.0,1.0,0.0,0.0,0.0,0.0,0.0
1,prior_0.46_seed_1_ep_000273,273,0.46,0.36,0.502,0.336247,0.349687,0.336237,0.349687,1.0,1.0,1.0,1.0,1.0,0.0,0.0,0.0,0.0,0.0
1,prior_0.46_seed_1_ep_000274,274,0.46,0.36,0.6602,0.336237,0.349687,0.336237,0.349687,1.0,1.0,1.0,1.0,1.0,0.0,0.0,0.0,0.0,0.0
1,prior_0.46_seed_1_ep_000275,275,0.46,0.36,0.3373,0.336237,0.349687,0.337454,0.351881,0.557028,1.0,0.0,1.0,0.0,0.0,0.0,1.0,1.0,0.31028
1,prior_0.46_seed_1_ep_000276,276,0.46,0.36,0.5355,0.337454,0.351881,0.337451,0.351881,1.0,1.0,1.0,1.0,1.0,0.0,0.0,0.0,0.0,0.0
1,prior_0.46_seed_1_ep_000277,277,0.46,0.36,0.2426,0.337451,0.351881,0.337451,0.351881,0.0,0.0,0.0,0.0,0.0,0.0,1.0,0.0,0.0,0.0
1,prior_0.46_seed_1_ep_000278,278,0.46,0.36,0.5083,0.337451,0.351881,0.337443,0.351881,1.0,1.0,1.0,1.0,1.0,0.0,0.0,0.0,0.0,0.0
1,prior_0.46_seed_1_ep_000279,279,0.46,0.36,0.2495,0.337443,0.351881,0.337567,0.351881,0.0,0.0,0.0,1.0,0.0,1.0,0.0,1.0,1.0,0.0
1,prior_0.46_seed_1_ep_000280,280,0.46,0.36,0.4966,0.337567,0.351881,0.337556,0.351881,1.0,1.0,1.0,1.0,1.0,0.0,0.0,0.0,0.0,0.0
1,prior_0.46_seed_1_ep_000281,281,0.46,0.36,0.4955,0.337556,0.351881,0.337543,0.351881,1.0,1.0,1.0,1.0,1.0,0.0,0.0,0.0,0.0,0.0
1,prior_0.46_seed_1_ep_000282,282,0.46,0.36,0.4456,0.337543,0.351881,0.33748,0.351881,1.0,1.0,1.0,1.0,1.0,0.0,0.0,0.0,0.0,0.0
1,prior_0.46_seed_1_ep_000283,283,0.46,0.36,0.2922,0.33748,0.351881,0.33748,0.351881,0.0,0.0,0.0,0.0,0.0,0.0,1.0,0.0,0.0,0.0
1,prior_0.46_seed_1_ep_000284,284,0.46,0.36,0.3323,0.33748,0.351881,0.33748,0.351881,0.300296,0.0,0.0,0.0,0.0,0.0,1.0,0.0,0.0,0.090178
1,prior_0.46_seed_1_ep_000285,285,0.46,0.36,0.346,0.33748,0.351881,0.338783,0.351881,0.858245,1.0,0.0,1.0,0.0,0.0,0.0,1.0,1.0,0.736585
1,prior_0.46_seed_1_ep_000286,286,0.46,0.36,0.2897,0.338783,0.351881,0.339158,0.351881,0.0,0.0,0.0,1.0,0.0,1.0,0.0,1.0,1.0,0.0
1,prior_0.46_seed_1_ep_000287,287,0.46,0.36,0.4116,0.339158,0.351881,0.338973,0.351881,1.0,1.0,1.0,1.0,1.0,0.0,0.0,0.0,0.0,0.0
1,prior_0.46_seed_1_ep_000288,288,0.46,0.36,0.2473,0.338973,0.351881,0.338973,0.351881,0.0,0.0,0.0,0.0,0.0,0.0,1.0,0.0,0.0,0.0
1,prior_0.46_seed_1_ep_000289,289,0.46,0.36,0.2752,0.338973,0.351881,0.338973,0.351881,0.0,0.0,0.0,0.0,0.0,0.0,1.0,0.0,0.0,0.0
1,prior_0.46_seed_1_ep_000290,290,0.46,0.36,0.483,0.338973,0.351881,0.338955,0.351881,1.0,1.0,1.0,1.0,1.0,0.0,0.0,0.0,0.0,0.0
1,prior_0.46_seed_1_ep_000291,291,0.46,0.36,0.2368,0.338955,0.351881,0.338955,0.351881,0.0,0.0,0.0,0.0,0.0,0.0,1.0,0.0,0.0,0.0
1,prior_0.46_seed_1_ep_000292,292,0.46,0.36,0.5021,0.338955,0.351881,0.338945,0.351881,1.0,1.0,1.0,1.0,1.0,0.0,0.0,0.0,0.0,0.0
1,prior_0.46_seed_1_ep_000293,293,0.46,0.36,0.5046,0.338945,0.351881,0.338936,0.351881,1.0,1.0,1.0,1.0,1.0,0.0,0.0,0.0,0.0,0.0
1,prior_0.46_seed_1_ep_000294,294,0.46,0.36,0.2697,0.338936,0.351881,0.338936,0.351881,0.0,0.0,0.0,0.0,0.0,0.0,1.0,0.0,0.0,0.0
1,prior_0.46_seed_1_ep_000295,295,0.46,0.36,0.4671,0.338936,0.351881,0.338905,0.351881,1.0,1.0,1.0,1.0,1.0,0.0,0.0,0.0,0.0,0.0
1,prior_0.46_seed_1_ep_000296,296,0.46,0.36,0.2386,0.338905,0.351881,0.338905,0.351881,0.0,0.0,0.0,0.0,0.0,0.0,1.0,0.0,0.0,0.0
1,prior_0.46_seed_1_ep_000297,297,0.46,0.36,0.3414,0.338905,0.351881,0.340034,0.351881,0.643692,1.0,0.0,1.0,0.0,0.0,0.0,1.0,1.0,0.414339
1,prior_0.46_seed_1_ep_000298,298,0.46,0.36,0.2574,0.340034,0.351881,0.340034,0.351881,0.0,0.0,0.0,0.0,0.0,0.0,1.0,0.0,0.0,0.0
1,prior_0.46_seed_1_ep_000299,299,0.46,0.36,0.27,0.340034,0.351881,0.340034,0.351881,0.0,0.0,0.0,0.0,0.0,0.0,1.0,0.0,0.0,0.0
2,prior_0.46_seed_2_ep_000000,0,0.46,0.36,0.4206,0.460016,0.591066,0.460016,0.591066,0.312926,0.0,1.0,0.0,0.0,0.0,1.0,0.0,0.0,0.472071
2,prior_0.46_seed_2_ep_000001,1,0.46,0.36,0.27,0.460016,0.591066,0.460016,0.591066,0.008602,0.0,0.0,0.0,0.0,0.0,1.0,0.0,0.0,7.4e-05
2,prior_0.46_seed_2_ep_000002,2,0.46,0.36,0.6306,0.460016,0.591066,0.454366,0.575705,0.984057,1.0,1.0,1.0,1.0,0.0,0.0,0.0,0.0,0.000254
2,prior_0.46_seed_2_ep_000003,3,0.46,0.36,0.5216,0.454366,0.575705,0.429967,0.529624,0.808646,1.0,1.0,1.0,1.0,0.0,0.0,0.0,0.0,0.036616
2,prior_0.46_seed_2_ep_000004,4,0.46,0.36,0.6855,0.429967,0.529624,0.429836,0.527429,0.999999,1.0,1.0,1.0,1.0,0.0,0.0,0.0,0.0,0.0
2,prior_0.46_seed_2_ep_000005,5,0.46,0.36,0.365,0.429836,0.527429,0.429836,0.527429,0.156369,0.0,1.0,0.0,0.0,0.0,1.0,0.0,0.0,0.711713
2,prior_0.46_seed_2_ep_000006,6,0.46,0.36,0.2897,0.429836,0.527429,0.429836,0.527429,0.022365,0.0,0.0,0.0,0.0,0.0,1.0,0.0,0.0,0.0005
2,prior_0.46_seed_2_ep_000007,7,0.46,0.36,0.4831,0.429836,0.527429,0.408693,0.494514,0.785326,1.0,1.0,1.0,1.0,0.0,0.0,0.0,0.0,0.046085
2,prior_0.46_seed_2_ep_000008,8,0.46,0.36,0.2517,0.408693,0.494514,0.408693,0.494514,0.008572,0.0,0.0,0.0,0.0,0.0,1.0,0.0,0.0,7.3e-05
2,prior_0.46_seed_2_ep_000009,9,0.46,0.36,0.3042,0.408693,0.494514,0.408693,0.494514,0.048334,0.0,0.0,0.0,0.0,0.0,1.0,0.0,0.0,0.002336
2,prior_0.46_seed_2_ep_000010,10,0.46,0.36,0.279,0.408693,0.494514,0.408693,0.494514,0.021422,0.0,0.0,0.0,0.0,0.0,1.0,0.0,0.0,0.000459
2,prior_0.46_seed_2_ep_000011,11,0.46,0.36,0.4129,0.408693,0.494514,0.408693,0.494514,0.490991,0.0,1.0,0.0,0.0,0.0,1.0,0.0,0.0,0.25909
2,prior_0.46_seed_2_ep_000012,12,0.46,0.36,0.3124,0.408693,0.494514,0.408693,0.494514,0.058332,0.0,0.0,0.0,0.0,0.0,1.0,0.0,0.0,0.003403
2,prior_0.46_seed_2_ep_000013,13,0.46,0.36,0.3906,0.408693,0.494514,0.408693,0.494514,0.34851,0.0,1.0,0.0,0.0,0.0,1.0,0.0,0.0,0.42444
2,prior_0.46_seed_2_ep_000014,14,0.46,0.36,0.5169,0.408693,0.494514,0.403186,0.485737,0.985099,1.0,1.0,1.0,1.0,0.0,0.0,0.0,0.0,0.000222
2,prior_0.46_seed_2_ep_000015,15,0.46,0.36,0.4985,0.403186,0.485737,0.396666,0.474765,0.975528,1.0,1.0,1.0,1.0,0.0,0.0,0.0,0.0,0.000599
2,prior_0.46_seed_2_ep_000016,16,0.46,0.36,0.4329,0.396666,0.474765,0.377633,0.450627,0.724815,1.0,1.0,1.0,1.0,0.0,0.0,0.0,0.0,0.075727
2,prior_0.46_seed_2_ep_000017,17,0.46,0.36,0.2569,0.377633,0.450627,0.377633,0.450627,0.017888,0.0,0.0,0.0,0.0,0.0,1.0,0.0,0.0,0.00032
2,prior_0.46_seed_2_ep_000018,18,0.46,0.36,0.4757,0.377633,0.450627,0.373005,0.444044,0.990502,1.0,1.0,1.0,1.0,0.0,0.0,0.0,0.0,9e-05
2,prior_0.46_seed_2_ep_000019,19,0.46,0.36,0.5351,0.373005,0.444044,0.372349,0.444044,0.999999,1.0,1.0,1.0,1.0,0.0,0.0,0.0,0.0,0.0
2,prior_0.46_seed_2_ep_000020,20,0.46,0.36,0.4745,0.372349,0.444044,0.368603,0.437461,0.995475,1.0,1.0,1.0,1.0,0.0,0.0,0.0,0.0,2e-05
2,prior_0.46_seed_2_ep_000021,21,0.46,0.36,0.3671,0.368603,0.437461,0.368603,0.437461,0.436575,0.0,1.0,0.0,0.0,0.0,1.0,0.0,0.0,0.317448
2,prior_0.46_seed_2_ep_000022,22,0.46,0.36,0.6388,0.368603,0.437461,0.368586,0.437461,1.0,1.0,1.0,1.0,1.0,0.0,0.0,0.0,0.0,0.0
2,prior_0.46_seed_2_ep_000023,23,0.46,0.36,0.4496,0.368586,0.437461,0.36259,0.428683,0.978184,1.0,1.0,1.0,1.0,0.0,0.0,0.0,0.0,0.000476
2,prior_0.46_seed_2_ep_000024,24,0.46,0.36,0.2901,0.36259,0.428683,0.36259,0.428683,0.072847,0.0,0.0,0.0,0.0,0.0,1.0,0.0,0.0,0.005307
2,prior_0.46_seed_2_ep_000025,25,0.46,0.36,0.2053,0.36259,0.428683,0.364331,0.430878,0.003127,0.0,0.0,1.0,0.0,1.0,0.0,1.0,1.0,1e-05
2,prior_0.46_seed_2_ep_000026,26,0.46,0.36,0.2564,0.364331,0.430878,0.364331,0.430878,0.017124,0.0,0.0,0.0,0.0,0.0,1.0,0.0,0.0,0.000293
2,prior_0.46_seed_2_ep_000027,27,0.46,0.36,0.2629,0.364331,0.430878,0.364331,0.430878,0.022716,0.0,0.0,0.0,0.0,0.0,1.0,0.0,0.0,0.000516
2,prior_0.46_seed_2_ep_000028,28,0.46,0.36,0.4686,0.364331,0.430878,0.361481,0.426489,0.998856,1.0,1.0,1.0,1.0,0.0,0.0,0.0,0.0,1e-06
2,prior_0.46_seed_2_ep_000029,29,0.46,0.36,0.4289,0.361481,0.426489,0.354533,0.417712,0.961836,1.0,1.0,1.0,1.0,0.0,0.0,0.0,0.0,0.001456
2,prior_0.46_seed_2_ep_000030,30,0.46,0.36,0.2923,0.354533,0.417712,0.354533,0.417712,0.084438,0.0,0.0,0.0,0.0,0.0,1.0,0.0,0.0,0.00713
2,prior_0.46_seed_2_ep_000031,31,0.46,0.36,0.4034,0.354533,0.417712,0.344775,0.404545,0.884766,1.0,1.0,1.0,1.0,0.0,0.0,0.0,0.0,0.013279
2,prior_0.46_seed_2_ep_000032,32,0.46,0.36,0.3055,0.344775,0.404545,0.344775,0.404545,0.165994,0.0,0.0,0.0,0.0,0.0,1.0,0.0,0.0,0.027554
2,prior_0.46_seed_2_ep_000033,33,0.46,0.36,0.2434,0.344775,0.404545,0.344775,0.404545,0.015363,0.0,0.0,0.0,0.0,0.0,1.0,0.0,0.0,0.000236
2,prior_0.46_seed_2_ep_000034,34,0.46,0.36,0.2349,0.344775,0.404545,0.348125,0.40674,0.009919,0.0,0.0,1.0,0.0,1.0,0.0,1.0,1.0,9.8e-05
2,prior_0.46_seed_2_ep_000035,35,0.46,0.36,0.6623,0.348125,0.40674,0.348123,0.40674,1.0,1.0,1.0,1.0,1.0,0.0,0.0,0.0,0.0,0.0
2,prior_0.46_seed_2_ep_000036,36,0.46,0.36,0.2905,0.348123,0.40674,0.348123,0.40674,0.083645,0.0,0.0,0.0,0.0,0.0,1.0,0.0,0.0,0.006996
2,prior_0.46_seed_2_ep_000037,37,0.46,0.36,0.4784,0.348123,0.40674,0.347184,0.404545,0.999998,1.0,1.0,1.0,1.0,0.0,0.0,0.0,0.0,0.0
2,prior_0.46_seed_2_ep_000038,38,0.46,0.36,0.3348,0.347184,0.404545,0.347184,0.404545,0.356317,0.0,0.0,0.0,0.0,0.0,1.0,0.0,0.0,0.126962
2,prior_0.46_seed_2_ep_000039,39,0.46,0.36,0.3129,0.347184,0.404545,0.358938,0.408934,0.189653,0.0,0.0,1.0,0.0,1.0,0.0,1.0,1.0,0.035968
2,prior_0.46_seed_2_ep_000040,40,0.46,0.36,0.3467,0.358938,0.408934,0.358938,0.408934,0.334736,0.0,0.0,0.0,0.0,0.0,1.0,0.0,0.0,0.112048
2,prior_0.46_seed_2_ep_000041,41,0.46,0.36,0.4462,0.358938,0.408934,0.356714,0.40674,0.999147,1.0,1.0,1.0,1.0,0.0,0.0,0.0,0.0,1e-06
2,prior_0.46_seed_2_ep_000042,42,0.46,0.36,0.4656,0.356714,0.40674,0.355584,0.404545,0.999991,1.0,1.0,1.0,1.0,0.0,0.0,0.0,0.0,0.0
2,prior_0.46_seed_2_ep_000043,43,0.46,0.36,0.3155,0.355584,0.404545,0.362849,0.40674,0.109134,0.0,0.0,1.0,0.0,1.0,0.0,1.0,1.0,0.01191
2,prior_0.46_seed_2_ep_000044,44,0.46,0.36,0.4156,0.362849,0.40674,0.358799,0.402351,0.979792,1.0,1.0,1.0,1.0,0.0,0.0,0.0,0.0,0.000408
2,prior_0.46_seed_2_ep_000045,45,0.46,0.36,0.501,0.358799,0.402351,0.358521,0.402351,1.0,1.0,1.0,1.0,1.0,0.0,0.0,0.0,0.0,0.0
2,prior_0.46_seed_2_ep_000046,46,0.46,0.36,0.6678,0.358521,0.402351,0.35852,0.402351,1.0,1.0,1.0,1.0,1.0,0.0,0.0,0.0,0.0,0.0
2,prior_0.46_seed_2_ep_000047,47,0.46,0.36,0.4038,0.35852,0.402351,0.354029,0.395768,0.958846,1.0,1.0,1.0,1.0,0.0,0.0,0.0,0.0,0.001694
2,prior_0.46_seed_2_ep_000048,48,0.46,0.36,0.6257,0.354029,0.395768,0.354025,0.395768,1.0,1.0,1.0,1.0,1.0,0.0,0.0,0.0,0.0,0.0
2,prior_0.46_seed_2_ep_000049,49,0.46,0.36,0.2249,0.354025,0.395768,0.354025,0.395768,1e-05,0.0,0.0,0.0,0.0,0.0,1.0,0.0,0.0,0.0
2,prior_0.46_seed_2_ep_000050,50,0.46,0.36,0.6414,0.354025,0.395768,0.354023,0.395768,1.0,1.0,1.0,1.0,1.0,0.0,0.0,0.0,0.0,0.0
2,prior_0.46_seed_2_ep_000051,51,0.46,0.36,0.305,0.354023,0.395768,0.358247,0.397962,0.037526,0.0,0.0,1.0,0.0,1.0,0.0,1.0,1.0,0.001408
2,prior_0.46_seed_2_ep_000052,52,0.46,0.36,0.2225,0.358247,0.397962,0.358566,0.397962,0.0,0.0,0.0,1.0,0.0,1.0,0.0,1.0,1.0,0.0
2,prior_0.46_seed_2_ep_000053,53,0.46,0.36,0.3758,0.358566,0.397962,0.351997,0.389185,0.740607,1.0,1.0,1.0,1.0,0.0,0.0,0.0,0.0,0.067285
2,prior_0.46_seed_2_ep_000054,54,0.46,0.36,0.5287,0.351997,0.389185,0.351933,0.389185,1.0,1.0,1.0,1.0,1.0,0.0,0.0,0.0,0.0,0.0
2,prior_0.46_seed_2_ep_000055,55,0.46,0.36,0.4944,0.351933,0.389185,0.351736,0.389185,1.0,1.0,1.0,1.0,1.0,0.0,0.0,0.0,0.0,0.0
2,prior_0.46_seed_2_ep_000056,56,0.46,0.36,0.5122,0.351736,0.389185,0.351628,0.389185,1.0,1.0,1.0,1.0,1.0,0.0,0.0,0.0,0.0,0.0
2,prior_0.46_seed_2_ep_000057,57,0.46,0.36,0.3861,0.351628,0.389185,0.347337,0.382602,0.932498,1.0,1.0,1.0,1.0,0.0,0.0,0.0,0.0,0.004557
2,prior_0.46_seed_2_ep_000058,58,0.46,0.36,0.2208,0.347337,0.382602,0.347337,0.382602,0.0,0.0,0.0,0.0,0.0,0.0,1.0,0.0,0.0,0.0
2,prior_0.46_seed_2_ep_000059,59,0.46,0.36,0.3694,0.347337,0.382602,0.342143,0.378213,0.821205,1.0,1.0,1.0,1.0,0.0,0.0,0.0,0.0,0.031968
2,prior_0.46_seed_2_ep_000060,60,0.46,0.36,0.2858,0.342143,0.378213,0.342143,0.378213,0.006718,0.0,0.0,0.0,0.0,0.0,1.0,0.0,0.0,4.5e-05
2,prior_0.46_seed_2_ep_000061,61,0.46,0.36,0.4458,0.342143,0.378213,0.341569,0.376019,1.0,1.0,1.0,1.0,1.0,0.0,0.0,0.0,0.0,0.0
2,prior_0.46_seed_2_ep_000062,62,0.46,0.36,0.4976,0.341569,0.376019,0.341465,0.376019,1.0,1.0,1.0,1.0,1.0,0.0,0.0,0.0,0.0,0.0
2,prior_0.46_seed_2_ep_000063,63,0.46,0.36,0.4587,0.341465,0.376019,0.341098,0.376019,1.0,1.0,1.0,1.0,1.0,0.0,0.0,0.0,0.0,0.0
2,prior_0.46_seed_2_ep_000064,64,0.46,0.36,0.4724,0.341098,0.376019,0.340867,0.376019,1.0,1.0,1.0,1.0,1.0,0.0,0.0,0.0,0.0,0.0
2,prior_0.46_seed_2_ep_000065,65,0.46,0.36,0.4966,0.340867,0.376019,0.340764,0.376019,1.0,1.0,1.0,1.0,1.0,0.0,0.0,0.0,0.0,0.0
2,prior_0.46_seed_2_ep_000066,66,0.46,0.36,0.2284,0.340764,0.376019,0.340764,0.376019,2e-06,0.0,0.0,0.0,0.0,0.0,1.0,0.0,0.0,0.0
2,prior_0.46_seed_2_ep_000067,67,0.46,0.36,0.4194,0.340764,0.376019,0.339597,0.373824,0.999977,1.0,1.0,1.0,1.0,0.0,0.0,0.0,0.0,0.0
2,prior_0.46_seed_2_ep_000068,68,0.46,0.36,0.471,0.339597,0.373824,0.339377,0.373824,1.0,1.0,1.0,1.0,1.0,0.0,0.0,0.0,0.0,0.0
2,prior_0.46_seed_2_ep_000069,69,0.46,0.36,0.4938,0.339377,0.373824,0.339274,0.373824,1.0,1.0,1.0,1.0,1.0,0.0,0.0,0.0,0.0,0.0
2,prior_0.46_seed_2_ep_000070,70,0.46,0.36,0.4318,0.339274,0.373824,0.33853,0.37163,1.0,1.0,1.0,1.0,1.0,0.0,0.0,0.0,0.0,0.0
2,prior_0.46_seed_2_ep_000071,71,0.46,0.36,0.5293,0.33853,0.37163,0.338499,0.37163,1.0,1.0,1.0,1.0,1.0,0.0,0.0,0.0,0.0,0.0
2,prior_0.46_seed_2_ep_000072,72,0.46,0.36,0.2377,0.338499,0.37163,0.338499,0.37163,9e-06,0.0,0.0,0.0,0.0,0.0,1.0,0.0,0.0,0.0
2,prior_0.46_seed_2_ep_000073,73,0.46,0.36,0.4055,0.338499,0.37163,0.336965,0.369436,0.99982,1.0,1.0,1.0,1.0,0.0,0.0,0.0,0.0,0.0
2,prior_0.46_seed_2_ep_000074,74,0.46,0.36,0.2208,0.336965,0.369436,0.336965,0.369436,1e-06,0.0,0.0,0.0,0.0,0.0,1.0,0.0,0.0,0.0
2,prior_0.46_seed_2_ep_000075,75,0.46,0.36,0.4662,0.336965,0.369436,0.336743,0.369436,1.0,1.0,1.0,1.0,1.0,0.0,0.0,0.0,0.0,0.0
2,prior_0.46_seed_2_ep_000076,76,0.46,0.36,0.3645,0.336743,0.369436,0.332851,0.365047,0.909733,1.0,1.0,1.0,1.0,0.0,0.0,0.0,0.0,0.008148
2,prior_0.46_seed_2_ep_000077,77,0.46,0.36,0.3737,0.332851,0.365047,0.330079,0.360658,0.981207,1.0,1.0,1.0,1.0,0.0,0.0,0.0,0.0,0.000353
2,prior_0.46_seed_2_ep_000078,78,0.46,0.36,0.2632,0.330079,0.360658,0.330079,0.360658,0.001084,0.0,0.0,0.0,0.0,0.0,1.0,0.0,0.0,1e-06
2,prior_0.46_seed_2_ep_000079,79,0.46,0.36,0.3857,0.330079,0.360658,0.328241,0.358464,0.998985,1.0,1.0,1.0,1.0,0.0,0.0,0.0,0.0,1e-06
2,prior_0.46_seed_2_ep_000080,80,0.46,0.36,0.4065,0.328241,0.358464,0.327294,0.358464,0.999998,1.0,1.0,1.0,1.0,0.0,0.0,0.0,0.0,0.0
2,prior_0.46_seed_2_ep_000081,81,0.46,0.36,0.5317,0.327294,0.358464,0.327278,0.358464,1.0,1.0,1.0,1.0,1.0,0.0,0.0,0.0,0.0,0.0
2,prior_0.46_seed_2_ep_000082,82,0.46,0.36,0.5038,0.327278,0.358464,0.327238,0.358464,1.0,1.0,1.0,1.0,1.0,0.0,0.0,0.0,0.0,0.0
2,prior_0.46_seed_2_ep_000083,83,0.46,0.36,0.2458,0.327238,0.358464,0.327238,0.358464,0.000103,0.0,0.0,0.0,0.0,0.0,1.0,0.0,0.0,0.0
2,prior_0.46_seed_2_ep_000084,84,0.46,0.36,0.5758,0.327238,0.358464,0.327234,0.358464,1.0,1.0,1.0,1.0,1.0,0.0,0.0,0.0,0.0,0.0
2,prior_0.46_seed_2_ep_000085,85,0.46,0.36,0.2107,0.327234,0.358464,0.327234,0.358464,0.0,0.0,0.0,0.0,0.0,0.0,1.0,0.0,0.0,0.0
2,prior_0.46_seed_2_ep_000086,86,0.46,0.36,0.5929,0.327234,0.358464,0.327232,0.358464,1.0,1.0,1.0,1.0,1.0,0.0,0.0,0.0,0.0,0.0
2,prior_0.46_seed_2_ep_000087,87,0.46,0.36,0.5046,0.327232,0.358464,0.327194,0.358464,1.0,1.0,1.0,1.0,1.0,0.0,0.0,0.0,0.0,0.0
2,prior_0.46_seed_2_ep_000088,88,0.46,0.36,0.2224,0.327194,0.358464,0.327194,0.358464,2e-06,0.0,0.0,0.0,0.0,0.0,1.0,0.0,0.0,0.0
2,prior_0.46_seed_2_ep_000089,89,0.46,0.36,0.4317,0.327194,0.358464,0.326778,0.35627,1.0,1.0,1.0,1.0,1.0,0.0,0.0,0.0,0.0,0.0
2,prior_0.46_seed_2_ep_000090,90,0.46,0.36,0.2864,0.326778,0.35627,0.326778,0.35627,0.026056,0.0,0.0,0.0,0.0,0.0,1.0,0.0,0.0,0.000679
2,prior_0.46_seed_2_ep_000091,91,0.46,0.36,0.511,0.326778,0.35627,0.326748,0.35627,1.0,1.0,1.0,1.0,1.0,0.0,0.0,0.0,0.0,0.0
2,prior_0.46_seed_2_ep_000092,92,0.46,0.36,0.397,0.326748,0.35627,0.325591,0.35627,0.999985,1.0,1.0,1.0,1.0,0.0,0.0,0.0,0.0,0.0
2,prior_0.46_seed_2_ep_000093,93,0.46,0.36,0.5525,0.325591,0.35627,0.325584,0.35627,1.0,1.0,1.0,1.0,1.0,0.0,0.0,0.0,0.0,0.0
2,prior_0.46_seed_2_ep_000094,94,0.46,0.36,0.3972,0.325584,0.35627,0.324497,0.354075,0.999992,1.0,1.0,1.0,1.0,0.0,0.0,0.0,0.0,0.0
2,prior_0.46_seed_2_ep_000095,95,0.46,0.36,0.239,0.324497,0.354075,0.325302,0.354075,4.5e-05,0.0,0.0,1.0,0.0,1.0,0.0,1.0,1.0,0.0
2,prior_0.46_seed_2_ep_000096,96,0.46,0.36,0.3939,0.325302,0.354075,0.324177,0.354075,0.999991,1.0,1.0,1.0,1.0,0.0,0.0,0.0,0.0,0.0
2,prior_0.46_seed_2_ep_000097,97,0.46,0.36,0.2751,0.324177,0.354075,0.324177,0.354075,0.007832,0.0,0.0,0.0,0.0,0.0,1.0,0.0,0.0,6.1e-05
2,prior_0.46_seed_2_ep_000098,98,0.46,0.36,0.4939,0.324177,0.354075,0.324133,0.354075,1.0,1.0,1.0,1.0,1.0,0.0,0.0,0.0,0.0,0.0
2,prior_0.46_seed_2_ep_000099,99,0.46,0.36,0.4089,0.324133,0.354075,0.323448,0.351881,1.0,1.0,1.0,1.0,1.0,0.0,0.0,0.0,0.0,0.0
2,prior_0.46_seed_2_ep_000100,100,0.46,0.36,0.3509,0.323448,0.351881,0.330622,0.358464,0.938481,1.0,0.0,1.0,0.0,0.0,0.0,1.0,1.0,0.880746
2,prior_0.46_seed_2_ep_000101,101,0.46,0.36,0.4607,0.330622,0.358464,0.330486,0.35627,1.0,1.0,1.0,1.0,1.0,0.0,0.0,0.0,0.0,0.0
2,prior_0.46_seed_2_ep_000102,102,0.46,0.36,0.2764,0.330486,0.35627,0.331964,0.358464,0.001739,0.0,0.0,1.0,0.0,1.0,0.0,1.0,1.0,3e-06
2,prior_0.46_seed_2_ep_000103,103,0.46,0.36,0.442,0.331964,0.358464,0.33172,0.358464,1.0,1.0,1.0,1.0,1.0,0.0,0.0,0.0,0.0,0.0
2,prior_0.46_seed_2_ep_000104,104,0.46,0.36,0.3876,0.33172,0.358464,0.330489,0.35627,0.999937,1.0,1.0,1.0,1.0,0.0,0.0,0.0,0.0,0.0
2,prior_0.46_seed_2_ep_000105,105,0.46,0.36,0.4837,0.330489,0.35627,0.330431,0.35627,1.0,1.0,1.0,1.0,1.0,0.0,0.0,0.0,0.0,0.0
2,prior_0.46_seed_2_ep_000106,106,0.46,0.36,0.6449,0.330431,0.35627,0.330431,0.35627,1.0,1.0,1.0,1.0,1.0,0.0,0.0,0.0,0.0,0.0
2,prior_0.46_seed_2_ep_000107,107,0.46,0.36,0.5477,0.330431,0.35627,0.330424,0.35627,1.0,1.0,1.0,1.0,1.0,0.0,0.0,0.0,0.0,0.0
2,prior_0.46_seed_2_ep_000108,108,0.46,0.36,0.615,0.330424,0.35627,0.330423,0.35627,1.0,1.0,1.0,1.0,1.0,0.0,0.0,0.0,0.0,0.0
2,prior_0.46_seed_2_ep_000109,109,0.46,0.36,0.2648,0.330423,0.35627,0.330423,0.35627,0.000148,0.0,0.0,0.0,0.0,0.0,1.0,0.0,0.0,0.0
2,prior_0.46_seed_2_ep_000110,110,0.46,0.36,0.6943,0.330423,0.35627,0.330423,0.35627,1.0,1.0,1.0,1.0,1.0,0.0,0.0,0.0,0.0,0.0
2,prior_0.46_seed_2_ep_000111,111,0.46,0.36,0.2802,0.330423,0.35627,0.330423,0.35627,0.002276,0.0,0.0,0.0,0.0,0.0,1.0,0.0,0.0,5e-06
2,prior_0.46_seed_2_ep_000112,112,0.46,0.36,0.538,0.330423,0.35627,0.330413,0.35627,1.0,1.0,1.0,1.0,1.0,0.0,0.0,0.0,0.0,0.0
2,prior_0.46_seed_2_ep_000113,113,0.46,0.36,0.6309,0.330413,0.35627,0.330413,0.35627,1.0,1.0,1.0,1.0,1.0,0.0,0.0,0.0,0.0,0.0
2,prior_0.46_seed_2_ep_000114,114,0.46,0.36,0.5225,0.330413,0.35627,0.330397,0.35627,1.0,1.0,1.0,1.0,1.0,0.0,0.0,0.0,0.0,0.0
2,prior_0.46_seed_2_ep_000115,115,0.46,0.36,0.3191,0.330397,0.35627,0.330397,0.35627,0.255933,0.0,0.0,0.0,0.0,0.0,1.0,0.0,0.0,0.065502
2,prior_0.46_seed_2_ep_000116,116,0.46,0.36,0.326,0.330397,0.35627,0.330397,0.35627,0.396675,0.0,0.0,0.0,0.0,0.0,1.0,0.0,0.0,0.157351
2,prior_0.46_seed_2_ep_000117,117,0.46,0.36,0.6993,0.330397,0.35627,0.330397,0.35627,1.0,1.0,1.0,1.0,1.0,0.0,0.0,0.0,0.0,0.0
2,prior_0.46_seed_2_ep_000118,118,0.46,0.36,0.4027,0.330397,0.35627,0.32964,0.35627,1.0,1.0,1.0,1.0,1.0,0.0,0.0,0.0,0.0,0.0
2,prior_0.46_seed_2_ep_000119,119,0.46,0.36,0.3042,0.32964,0.35627,0.32964,0.35627,0.066267,0.0,0.0,0.0,0.0,0.0,1.0,0.0,0.0,0.004391
2,prior_0.46_seed_2_ep_000120,120,0.46,0.36,0.4749,0.32964,0.35627,0.329566,0.354075,1.0,1.0,1.0,1.0,1.0,0.0,0.0,0.0,0.0,0.0
2,prior_0.46_seed_2_ep_000121,121,0.46,0.36,0.4104,0.329566,0.354075,0.328988,0.354075,1.0,1.0,1.0,1.0,1.0,0.0,0.0,0.0,0.0,0.0
2,prior_0.46_seed_2_ep_000122,122,0.46,0.36,0.4996,0.328988,0.354075,0.328956,0.354075,1.0,1.0,1.0,1.0,1.0,0.0,0.0,0.0,0.0,0.0
2,prior_0.46_seed_2_ep_000123,123,0.46,0.36,0.2847,0.328956,0.354075,0.328956,0.354075,0.005309,0.0,0.0,0.0,0.0,0.0,1.0,0.0,0.0,2.8e-05
2,prior_0.46_seed_2_ep_000124,124,0.46,0.36,0.3467,0.328956,0.354075,0.33403,0.358464,0.8634,1.0,0.0,1.0,0.0,0.0,0.0,1.0,1.0,0.745459
2,prior_0.46_seed_2_ep_000125,125,0.46,0.36,0.2289,0.33403,0.358464,0.33403,0.358464,0.0,0.0,0.0,0.0,0.0,0.0,1.0,0.0,0.0,0.0
2,prior_0.46_seed_2_ep_000126,126,0.46,0.36,0.2459,0.33403,0.358464,0.33403,0.358464,0.0,0.0,0.0,0.0,0.0,0.0,1.0,0.0,0.0,0.0
2,prior_0.46_seed_2_ep_000127,127,0.46,0.36,0.3084,0.33403,0.358464,0.33403,0.358464,0.054285,0.0,0.0,0.0,0.0,0.0,1.0,0.0,0.0,0.002947
2,prior_0.46_seed_2_ep_000128,128,0.46,0.36,0.4035,0.33403,0.358464,0.333324,0.35627,1.0,1.0,1.0,1.0,1.0,0.0,0.0,0.0,0.0,0.0
2,prior_0.46_seed_2_ep_000129,129,0.46,0.36,0.5153,0.333324,0.35627,0.333306,0.35627,1.0,1.0,1.0,1.0,1.0,0.0,0.0,0.0,0.0,0.0
2,prior_0.46_seed_2_ep_000130,130,0.46,0.36,0.3537,0.333306,0.35627,0.337916,0.360658,0.909871,1.0,0.0,1.0,0.0,0.0,0.0,1.0,1.0,0.827864
2,prior_0.46_seed_2_ep_000131,131,0.46,0.36,0.3239,0.337916,0.360658,0.337916,0.360658,0.16997,0.0,0.0,0.0,0.0,0.0,1.0,0.0,0.0,0.02889
2,prior_0.46_seed_2_ep_000132,132,0.46,0.36,0.4237,0.337916,0.360658,0.337536,0.360658,1.0,1.0,1.0,1.0,1.0,0.0,0.0,0.0,0.0,0.0
2,prior_0.46_seed_2_ep_000133,133,0.46,0.36,0.4763,0.337536,0.360658,0.337467,0.360658,1.0,1.0,1.0,1.0,1.0,0.0,0.0,0.0,0.0,0.0
2,prior_0.46_seed_2_ep_000134,134,0.46,0.36,0.2239,0.337467,0.360658,0.337467,0.360658,0.0,0.0,0.0,0.0,0.0,0.0,1.0,0.0,0.0,0.0
2,prior_0.46_seed_2_ep_000135,135,0.46,0.36,0.4059,0.337467,0.360658,0.336831,0.358464,1.0,1.0,1.0,1.0,1.0,0.0,0.0,0.0,0.0,0.0
2,prior_0.46_seed_2_ep_000136,136,0.46,0.36,0.233,0.336831,0.358464,0.336831,0.358464,0.0,0.0,0.0,0.0,0.0,0.0,1.0,0.0,0.0,0.0
2,prior_0.46_seed_2_ep_000137,137,0.46,0.36,0.3633,0.336831,0.358464,0.334956,0.35627,0.978482,1.0,1.0,1.0,1.0,0.0,0.0,0.0,0.0,0.000463
2,prior_0.46_seed_2_ep_000138,138,0.46,0.36,0.5989,0.334956,0.35627,0.334954,0.35627,1.0,1.0,1.0,1.0,1.0,0.0,0.0,0.0,0.0,0.0
2,prior_0.46_seed_2_ep_000139,139,0.46,0.36,0.4896,0.334954,0.35627,0.334915,0.35627,1.0,1.0,1.0,1.0,1.0,0.0,0.0,0.0,0.0,0.0
2,prior_0.46_seed_2_ep_000140,140,0.46,0.36,0.3957,0.334915,0.35627,0.334148,0.35627,0.999999,1.0,1.0,1.0,1.0,0.0,0.0,0.0,0.0,0.0
2,prior_0.46_seed_2_ep_000141,141,0.46,0.36,0.2321,0.334148,0.35627,0.334148,0.35627,0.0,0.0,0.0,0.0,0.0,0.0,1.0,0.0,0.0,0.0
2,prior_0.46_seed_2_ep_000142,142,0.46,0.36,0.5442,0.334148,0.35627,0.334142,0.35627,1.0,1.0,1.0,1.0,1.0,0.0,0.0,0.0,0.0,0.0
2,prior_0.46_seed_2_ep_000143,143,0.46,0.36,0.4642,0.334142,0.35627,0.334054,0.35627,1.0,1.0,1.0,1.0,1.0,0.0,0.0,0.0,0.0,0.0
2,prior_0.46_seed_2_ep_000144,144,0.46,0.36,0.339,0.334054,0.35627,0.337326,0.358464,0.652094,1.0,0.0,1.0,0.0,0.0,0.0,1.0,1.0,0.425227
2,prior_0.46_seed_2_ep_000145,145,0.46,0.36,0.506,0.337326,0.358464,0.337304,0.358464,1.0,1.0,1.0,1.0,1.0,0.0,0.0,0.0,0.0,0.0
2,prior_0.46_seed_2_ep_000146,146,0.46,0.36,0.4872,0.337304,0.358464,0.337262,0.358464,1.0,1.0,1.0,1.0,1.0,0.0,0.0,0.0,0.0,0.0
2,prior_0.46_seed_2_ep_000147,147,0.46,0.36,0.3971,0.337262,0.358464,0.336555,0.358464,1.0,1.0,1.0,1.0,1.0,0.0,0.0,0.0,0.0,0.0
2,prior_0.46_seed_2_ep_000148,148,0.46,0.36,0.44,0.336555,0.358464,0.336369,0.35627,1.0,1.0,1.0,1.0,1.0,0.0,0.0,0.0,0.0,0.0
2,prior_0.46_seed_2_ep_000149,149,0.46,0.36,0.4658,0.336369,0.35627,0.33629,0.35627,1.0,1.0,1.0,1.0,1.0,0.0,0.0,0.0,0.0,0.0
2,prior_0.46_seed_2_ep_000150,150,0.46,0.36,0.3064,0.33629,0.35627,0.33629,0.35627,0.016329,0.0,0.0,0.0,0.0,0.0,1.0,0.0,0.0,0.000267
2,prior_0.46_seed_2_ep_000151,151,0.46,0.36,0.3564,0.33629,0.35627,0.339857,0.360658,0.951809,1.0,0.0,1.0,0.0,0.0,0.0,1.0,1.0,0.905941
2,prior_0.46_seed_2_ep_000152,152,0.46,0.36,0.4233,0.339857,0.360658,0.339541,0.358464,1.0,1.0,1.0,1.0,1.0,0.0,0.0,0.0,0.0,0.0
2,prior_0.46_seed_2_ep_000153,153,0.46,0.36,0.2939,0.339541,0.358464,0.339541,0.358464,0.000404,0.0,0.0,0.0,0.0,0.0,1.0,0.0,0.0,0.0
2,prior_0.46_seed_2_ep_000154,154,0.46,0.36,0.4848,0.339541,0.358464,0.339498,0.358464,1.0,1.0,1.0,1.0,1.0,0.0,0.0,0.0,0.0,0.0
2,prior_0.46_seed_2_ep_000155,155,0.46,0.36,0.5327,0.339498,0.358464,0.339489,0.358464,1.0,1.0,1.0,1.0,1.0,0.0,0.0,0.0,0.0,0.0
2,prior_0.46_seed_2_ep_000156,156,0.46,0.36,0.3078,0.339489,0.358464,0.339489,0.358464,0.006942,0.0,0.0,0.0,0.0,0.0,1.0,0.0,0.0,4.8e-05
2,prior_0.46_seed_2_ep_000157,157,0.46,0.36,0.2257,0.339489,0.358464,0.339618,0.358464,0.0,0.0,0.0,1.0,0.0,1.0,0.0,1.0,1.0,0.0
2,prior_0.46_seed_2_ep_000158,158,0.46,0.36,0.5377,0.339618,0.358464,0.339611,0.358464,1.0,1.0,1.0,1.0,1.0,0.0,0.0,0.0,0.0,0.0
2,prior_0.46_seed_2_ep_000159,159,0.46,0.36,0.2891,0.339611,0.358464,0.339611,0.358464,0.000127,0.0,0.0,0.0,0.0,0.0,1.0,0.0,0.0,0.0
2,prior_0.46_seed_2_ep_000160,160,0.46,0.36,0.2747,0.339611,0.358464,0.340183,0.360658,2e-06,0.0,0.0,1.0,0.0,1.0,0.0,1.0,1.0,0.0
2,prior_0.46_seed_2_ep_000161,161,0.46,0.36,0.5411,0.340183,0.360658,0.340176,0.360658,1.0,1.0,1.0,1.0,1.0,0.0,0.0,0.0,0.0,0.0
2,prior_0.46_seed_2_ep_000162,162,0.46,0.36,0.3382,0.340176,0.360658,0.340176,0.360658,0.407854,0.0,0.0,0.0,0.0,0.0,1.0,0.0,0.0,0.166345
2,prior_0.46_seed_2_ep_000163,163,0.46,0.36,0.3358,0.340176,0.360658,0.340176,0.360658,0.341244,0.0,0.0,0.0,0.0,0.0,1.0,0.0,0.0,0.116447
2,prior_0.46_seed_2_ep_000164,164,0.46,0.36,0.3802,0.340176,0.360658,0.339129,0.358464,0.999699,1.0,1.0,1.0,1.0,0.0,0.0,0.0,0.0,0.0
2,prior_0.46_seed_2_ep_000165,165,0.46,0.36,0.6885,0.339129,0.358464,0.339128,0.358464,1.0,1.0,1.0,1.0,1.0,0.0,0.0,0.0,0.0,0.0
2,prior_0.46_seed_2_ep_000166,166,0.46,0.36,0.3314,0.339128,0.358464,0.339128,0.358464,0.248725,0.0,0.0,0.0,0.0,0.0,1.0,0.0,0.0,0.061864
2,prior_0.46_seed_2_ep_000167,167,0.46,0.36,0.343,0.339128,0.358464,0.341669,0.360658,0.583724,1.0,0.0,1.0,0.0,0.0,0.0,1.0,1.0,0.340734
2,prior_0.46_seed_2_ep_000168,168,0.46,0.36,0.5266,0.341669,0.360658,0.341659,0.360658,1.0,1.0,1.0,1.0,1.0,0.0,0.0,0.0,0.0,0.0
2,prior_0.46_seed_2_ep_000169,169,0.46,0.36,0.6502,0.341659,0.360658,0.341659,0.360658,1.0,1.0,1.0,1.0,1.0,0.0,0.0,0.0,0.0,0.0
2,prior_0.46_seed_2_ep_000170,170,0.46,0.36,0.5393,0.341659,0.360658,0.341652,0.360658,1.0,1.0,1.0,1.0,1.0,0.0,0.0,0.0,0.0,0.0
2,prior_0.46_seed_2_ep_000171,171,0.46,0.36,0.4707,0.341652,0.360658,0.341587,0.360658,1.0,1.0,1.0,1.0,1.0,0.0,0.0,0.0,0.0,0.0
2,prior_0.46_seed_2_ep_000172,172,0.46,0.36,0.3115,0.341587,0.360658,0.341587,0.360658,0.007224,0.0,0.0,0.0,0.0,0.0,1.0,0.0,0.0,5.2e-05
2,prior_0.46_seed_2_ep_000173,173,0.46,0.36,0.5335,0.341587,0.360658,0.341579,0.360658,1.0,1.0,1.0,1.0,1.0,0.0,0.0,0.0,0.0,0.0
2,prior_0.46_seed_2_ep_000174,174,0.46,0.36,0.4949,0.341579,0.360658,0.34155,0.360658,1.0,1.0,1.0,1.0,1.0,0.0,0.0,0.0,0.0,0.0
2,prior_0.46_seed_2_ep_000175,175,0.46,0.36,0.481,0.34155,0.360658,0.341504,0.360658,1.0,1.0,1.0,1.0,1.0,0.0,0.0,0.0,0.0,0.0
2,prior_0.46_seed_2_ep_000176,176,0.46,0.36,0.4371,0.341504,0.360658,0.341314,0.360658,1.0,1.0,1.0,1.0,1.0,0.0,0.0,0.0,0.0,0.0
2,prior_0.46_seed_2_ep_000177,177,0.46,0.36,0.473,0.341314,0.360658,0.341255,0.360658,1.0,1.0,1.0,1.0,1.0,0.0,0.0,0.0,0.0,0.0
2,prior_0.46_seed_2_ep_000178,178,0.46,0.36,0.2519,0.341255,0.360658,0.341255,0.360658,0.0,0.0,0.0,0.0,0.0,0.0,1.0,0.0,0.0,0.0
2,prior_0.46_seed_2_ep_000179,179,0.46,0.36,0.3756,0.341255,0.360658,0.340157,0.358464,0.998868,1.0,1.0,1.0,1.0,0.0,0.0,0.0,0.0,1e-06
2,prior_0.46_seed_2_ep_000180,180,0.46,0.36,0.3056,0.340157,0.358464,0.341264,0.360658,0.002181,0.0,0.0,1.0,0.0,1.0,0.0,1.0,1.0,5e-06
2,prior_0.46_seed_2_ep_000181,181,0.46,0.36,0.4774,0.341264,0.360658,0.341216,0.358464,1.0,1.0,1.0,1.0,1.0,0.0,0.0,0.0,0.0,0.0
2,prior_0.46_seed_2_ep_000182,182,0.46,0.36,0.2879,0.341216,0.358464,0.341216,0.358464,9e-06,0.0,0.0,0.0,0.0,0.0,1.0,0.0,0.0,0.0
2,prior_0.46_seed_2_ep_000183,183,0.46,0.36,0.2211,0.341216,0.358464,0.341216,0.358464,0.0,0.0,0.0,0.0,0.0,0.0,1.0,0.0,0.0,0.0
2,prior_0.46_seed_2_ep_000184,184,0.46,0.36,0.4481,0.341216,0.358464,0.341091,0.358464,1.0,1.0,1.0,1.0,1.0,0.0,0.0,0.0,0.0,0.0
2,prior_0.46_seed_2_ep_000185,185,0.46,0.36,0.4457,0.341091,0.358464,0.340958,0.358464,1.0,1.0,1.0,1.0,1.0,0.0,0.0,0.0,0.0,0.0
2,prior_0.46_seed_2_ep_000186,186,0.46,0.36,0.5228,0.340958,0.358464,0.340947,0.358464,1.0,1.0,1.0,1.0,1.0,0.0,0.0,0.0,0.0,0.0
2,prior_0.46_seed_2_ep_000187,187,0.46,0.36,0.4026,0.340947,0.358464,0.340447,0.358464,1.0,1.0,1.0,1.0,1.0,0.0,0.0,0.0,0.0,0.0
2,prior_0.46_seed_2_ep_000188,188,0.46,0.36,0.3987,0.340447,0.358464,0.339902,0.358464,1.0,1.0,1.0,1.0,1.0,0.0,0.0,0.0,0.0,0.0
2,prior_0.46_seed_2_ep_000189,189,0.46,0.36,0.5148,0.339902,0.358464,0.339889,0.358464,1.0,1.0,1.0,1.0,1.0,0.0,0.0,0.0,0.0,0.0
2,prior_0.46_seed_2_ep_000190,190,0.46,0.36,0.3328,0.339889,0.358464,0.339889,0.358464,0.272162,0.0,0.0,0.0,0.0,0.0,1.0,0.0,0.0,0.074072
2,prior_0.46_seed_2_ep_000191,191,0.46,0.36,0.3465,0.339889,0.358464,0.342163,0.360658,0.712794,1.0,0.0,1.0,0.0,0.0,0.0,1.0,1.0,0.508075
2,prior_0.46_seed_2_ep_000192,192,0.46,0.36,0.242,0.342163,0.360658,0.342163,0.360658,0.0,0.0,0.0,0.0,0.0,0.0,1.0,0.0,0.0,0.0
2,prior_0.46_seed_2_ep_000193,193,0.46,0.36,0.3666,0.342163,0.360658,0.340956,0.358464,0.988678,1.0,1.0,1.0,1.0,0.0,0.0,0.0,0.0,0.000128
2,prior_0.46_seed_2_ep_000194,194,0.46,0.36,0.4423,0.340956,0.358464,0.340822,0.358464,1.0,1.0,1.0,1.0,1.0,0.0,0.0,0.0,0.0,0.0
2,prior_0.46_seed_2_ep_000195,195,0.46,0.36,0.3589,0.340822,0.358464,0.34327,0.360658,0.961876,1.0,0.0,1.0,0.0,0.0,0.0,1.0,1.0,0.925205
2,prior_0.46_seed_2_ep_000196,196,0.46,0.36,0.2797,0.34327,0.360658,0.34327,0.360658,0.0,0.0,0.0,0.0,0.0,0.0,1.0,0.0,0.0,0.0
2,prior_0.46_seed_2_ep_000197,197,0.46,0.36,0.2605,0.34327,0.360658,0.34327,0.360658,0.0,0.0,0.0,0.0,0.0,0.0,1.0,0.0,0.0,0.0
2,prior_0.46_seed_2_ep_000198,198,0.46,0.36,0.5053,0.34327,0.360658,0.343253,0.360658,1.0,1.0,1.0,1.0,1.0,0.0,0.0,0.0,0.0,0.0
2,prior_0.46_seed_2_ep_000199,199,0.46,0.36,0.4505,0.343253,0.360658,0.343148,0.360658,1.0,1.0,1.0,1.0,1.0,0.0,0.0,0.0,0.0,0.0
2,prior_0.46_seed_2_ep_000200,200,0.46,0.36,0.2556,0.343148,0.360658,0.343148,0.360658,0.0,0.0,0.0,0.0,0.0,0.0,1.0,0.0,0.0,0.0
2,prior_0.46_seed_2_ep_000201,201,0.46,0.36,0.4421,0.343148,0.360658,0.343012,0.360658,1.0,1.0,1.0,1.0,1.0,0.0,0.0,0.0,0.0,0.0
2,prior_0.46_seed_2_ep_000202,202,0.46,0.36,0.4991,0.343012,0.360658,0.342991,0.360658,1.0,1.0,1.0,1.0,1.0,0.0,0.0,0.0,0.0,0.0
2,prior_0.46_seed_2_ep_000203,203,0.46,0.36,0.4863,0.342991,0.360658,0.342958,0.360658,1.0,1.0,1.0,1.0,1.0,0.0,0.0,0.0,0.0,0.0
2,prior_0.46_seed_2_ep_000204,204,0.46,0.36,0.2477,0.342958,0.360658,0.342958,0.360658,0.0,0.0,0.0,0.0,0.0,0.0,1.0,0.0,0.0,0.0
2,prior_0.46_seed_2_ep_000205,205,0.46,0.36,0.3374,0.342958,0.360658,0.344598,0.360658,0.299868,0.0,0.0,1.0,0.0,1.0,0.0,1.0,1.0,0.089921
2,prior_0.46_seed_2_ep_000206,206,0.46,0.36,0.2444,0.344598,0.360658,0.344598,0.360658,0.0,0.0,0.0,0.0,0.0,0.0,1.0,0.0,0.0,0.0
2,prior_0.46_seed_2_ep_000207,207,0.46,0.36,0.3298,0.344598,0.360658,0.344598,0.360658,0.06537,0.0,0.0,0.0,0.0,0.0,1.0,0.0,0.0,0.004273
2,prior_0.46_seed_2_ep_000208,208,0.46,0.36,0.6401,0.344598,0.360658,0.344598,0.360658,1.0,1.0,1.0,1.0,1.0,0.0,0.0,0.0,0.0,0.0
2,prior_0.46_seed_2_ep_000209,209,0.46,0.36,0.4471,0.344598,0.360658,0.344482,0.360658,1.0,1.0,1.0,1.0,1.0,0.0,0.0,0.0,0.0,0.0
2,prior_0.46_seed_2_ep_000210,210,0.46,0.36,0.2762,0.344482,0.360658,0.344826,0.360658,0.0,0.0,0.0,1.0,0.0,1.0,0.0,1.0,1.0,0.0
2,prior_0.46_seed_2_ep_000211,211,0.46,0.36,0.5244,0.344826,0.360658,0.344817,0.360658,1.0,1.0,1.0,1.0,1.0,0.0,0.0,0.0,0.0,0.0
2,prior_0.46_seed_2_ep_000212,212,0.46,0.36,0.4187,0.344817,0.360658,0.344539,0.360658,1.0,1.0,1.0,1.0,1.0,0.0,0.0,0.0,0.0,0.0
2,prior_0.46_seed_2_ep_000213,213,0.46,0.36,0.5399,0.344539,0.360658,0.344534,0.360658,1.0,1.0,1.0,1.0,1.0,0.0,0.0,0.0,0.0,0.0
2,prior_0.46_seed_2_ep_000214,214,0.46,0.36,0.4176,0.344534,0.360658,0.344251,0.360658,1.0,1.0,1.0,1.0,1.0,0.0,0.0,0.0,0.0,0.0
2,prior_0.46_seed_2_ep_000215,215,0.46,0.36,0.4005,0.344251,0.360658,0.343791,0.360658,1.0,1.0,1.0,1.0,1.0,0.0,0.0,0.0,0.0,0.0
2,prior_0.46_seed_2_ep_000216,216,0.46,0.36,0.468,0.343791,0.360658,0.343736,0.360658,1.0,1.0,1.0,1.0,1.0,0.0,0.0,0.0,0.0,0.0
2,prior_0.46_seed_2_ep_000217,217,0.46,0.36,0.4665,0.343736,0.360658,0.343679,0.360658,1.0,1.0,1.0,1.0,1.0,0.0,0.0,0.0,0.0,0.0
2,prior_0.46_seed_2_ep_000218,218,0.46,0.36,0.4191,0.343679,0.360658,0.34342,0.360658,1.0,1.0,1.0,1.0,1.0,0.0,0.0,0.0,0.0,0.0
2,prior_0.46_seed_2_ep_000219,219,0.46,0.36,0.3189,0.34342,0.360658,0.34342,0.360658,0.007372,0.0,0.0,0.0,0.0,0.0,1.0,0.0,0.0,5.4e-05
2,prior_0.46_seed_2_ep_000220,220,0.46,0.36,0.4174,0.34342,0.360658,0.34315,0.358464,1.0,1.0,1.0,1.0,1.0,0.0,0.0,0.0,0.0,0.0
2,prior_0.46_seed_2_ep_000221,221,0.46,0.36,0.3,0.34315,0.358464,0.34315,0.358464,4e-05,0.0,0.0,0.0,0.0,0.0,1.0,0.0,0.0,0.0
2,prior_0.46_seed_2_ep_000222,222,0.46,0.36,0.3365,0.34315,0.358464,0.34315,0.358464,0.285284,0.0,0.0,0.0,0.0,0.0,1.0,0.0,0.0,0.081387
2,prior_0.46_seed_2_ep_000223,223,0.46,0.36,0.4039,0.34315,0.358464,0.342754,0.358464,1.0,1.0,1.0,1.0,1.0,0.0,0.0,0.0,0.0,0.0
2,prior_0.46_seed_2_ep_000224,224,0.46,0.36,0.3278,0.342754,0.358464,0.342754,0.358464,0.084408,0.0,0.0,0.0,0.0,0.0,1.0,0.0,0.0,0.007125
2,prior_0.46_seed_2_ep_000225,225,0.46,0.36,0.3617,0.342754,0.358464,0.341617,0.358464,0.975026,1.0,1.0,1.0,1.0,0.0,0.0,0.0,0.0,0.000624
2,prior_0.46_seed_2_ep_000226,226,0.46,0.36,0.5156,0.341617,0.358464,0.341606,0.358464,1.0,1.0,1.0,1.0,1.0,0.0,0.0,0.0,0.0,0.0
2,prior_0.46_seed_2_ep_000227,227,0.46,0.36,0.5271,0.341606,0.358464,0.341599,0.358464,1.0,1.0,1.0,1.0,1.0,0.0,0.0,0.0,0.0,0.0
2,prior_0.46_seed_2_ep_000228,228,0.46,0.36,0.3995,0.341599,0.358464,0.341177,0.35627,1.0,1.0,1.0,1.0,1.0,0.0,0.0,0.0,0.0,0.0
2,prior_0.46_seed_2_ep_000229,229,0.46,0.36,0.4049,0.341177,0.35627,0.340823,0.35627,1.0,1.0,1.0,1.0,1.0,0.0,0.0,0.0,0.0,0.0
2,prior_0.46_seed_2_ep_000230,230,0.46,0.36,0.2645,0.340823,0.35627,0.340823,0.35627,0.0,0.0,0.0,0.0,0.0,0.0,1.0,0.0,0.0,0.0
2,prior_0.46_seed_2_ep_000231,231,0.46,0.36,0.3655,0.340823,0.35627,0.339842,0.35627,0.996413,1.0,1.0,1.0,1.0,0.0,0.0,0.0,0.0,1.3e-05
2,prior_0.46_seed_2_ep_000232,232,0.46,0.36,0.5276,0.339842,0.35627,0.339836,0.35627,1.0,1.0,1.0,1.0,1.0,0.0,0.0,0.0,0.0,0.0
2,prior_0.46_seed_2_ep_000233,233,0.46,0.36,0.5215,0.339836,0.35627,0.339828,0.35627,1.0,1.0,1.0,1.0,1.0,0.0,0.0,0.0,0.0,0.0
2,prior_0.46_seed_2_ep_000234,234,0.46,0.36,0.2496,0.339828,0.35627,0.339828,0.35627,0.0,0.0,0.0,0.0,0.0,0.0,1.0,0.0,0.0,0.0
2,prior_0.46_seed_2_ep_000235,235,0.46,0.36,0.6164,0.339828,0.35627,0.339828,0.35627,1.0,1.0,1.0,1.0,1.0,0.0,0.0,0.0,0.0,0.0
2,prior_0.46_seed_2_ep_000236,236,0.46,0.36,0.2986,0.339828,0.35627,0.339828,0.35627,4.6e-05,0.0,0.0,0.0,0.0,0.0,1.0,0.0,0.0,0.0
2,prior_0.46_seed_2_ep_000237,237,0.46,0.36,0.4434,0.339828,0.35627,0.339726,0.35627,1.0,1.0,1.0,1.0,1.0,0.0,0.0,0.0,0.0,0.0
2,prior_0.46_seed_2_ep_000238,238,0.46,0.36,0.4851,0.339726,0.35627,0.3397,0.35627,1.0,1.0,1.0,1.0,1.0,0.0,0.0,0.0,0.0,0.0
2,prior_0.46_seed_2_ep_000239,239,0.46,0.36,0.2954,0.3397,0.35627,0.3397,0.35627,2.2e-05,0.0,0.0,0.0,0.0,0.0,1.0,0.0,0.0,0.0
2,prior_0.46_seed_2_ep_000240,240,0.46,0.36,0.6245,0.3397,0.35627,0.3397,0.35627,1.0,1.0,1.0,1.0,1.0,0.0,0.0,0.0,0.0,0.0
2,prior_0.46_seed_2_ep_000241,241,0.46,0.36,0.2299,0.3397,0.35627,0.3397,0.35627,0.0,0.0,0.0,0.0,0.0,0.0,1.0,0.0,0.0,0.0
2,prior_0.46_seed_2_ep_000242,242,0.46,0.36,0.5686,0.3397,0.35627,0.339698,0.35627,1.0,1.0,1.0,1.0,1.0,0.0,0.0,0.0,0.0,0.0
2,prior_0.46_seed_2_ep_000243,243,0.46,0.36,0.2207,0.339698,0.35627,0.339698,0.35627,0.0,0.0,0.0,0.0,0.0,0.0,1.0,0.0,0.0,0.0
2,prior_0.46_seed_2_ep_000244,244,0.46,0.36,0.4939,0.339698,0.35627,0.339679,0.35627,1.0,1.0,1.0,1.0,1.0,0.0,0.0,0.0,0.0,0.0
2,prior_0.46_seed_2_ep_000245,245,0.46,0.36,0.4858,0.339679,0.35627,0.339653,0.35627,1.0,1.0,1.0,1.0,1.0,0.0,0.0,0.0,0.0,0.0
2,prior_0.46_seed_2_ep_000246,246,0.46,0.36,0.3578,0.339653,0.35627,0.341664,0.35627,0.968468,1.0,0.0,1.0,0.0,0.0,0.0,1.0,1.0,0.93793
2,prior_0.46_seed_2_ep_000247,247,0.46,0.36,0.2145,0.341664,0.35627,0.341664,0.35627,0.0,0.0,0.0,0.0,0.0,0.0,1.0,0.0,0.0,0.0
2,prior_0.46_seed_2_ep_000248,248,0.46,0.36,0.4422,0.341664,0.35627,0.341558,0.35627,1.0,1.0,1.0,1.0,1.0,0.0,0.0,0.0,0.0,0.0
2,prior_0.46_seed_2_ep_000249,249,0.46,0.36,0.3158,0.341558,0.35627,0.341558,0.35627,0.004856,0.0,0.0,0.0,0.0,0.0,1.0,0.0,0.0,2.4e-05
2,prior_0.46_seed_2_ep_000250,250,0.46,0.36,0.4631,0.341558,0.35627,0.341504,0.35627,1.0,1.0,1.0,1.0,1.0,0.0,0.0,0.0,0.0,0.0
2,prior_0.46_seed_2_ep_000251,251,0.46,0.36,0.6535,0.341504,0.35627,0.341504,0.35627,1.0,1.0,1.0,1.0,1.0,0.0,0.0,0.0,0.0,0.0
2,prior_0.46_seed_2_ep_000252,252,0.46,0.36,0.3752,0.341504,0.35627,0.340762,0.35627,0.999907,1.0,1.0,1.0,1.0,0.0,0.0,0.0,0.0,0.0
2,prior_0.46_seed_2_ep_000253,253,0.46,0.36,0.4589,0.340762,0.35627,0.340703,0.35627,1.0,1.0,1.0,1.0,1.0,0.0,0.0,0.0,0.0,0.0
2,prior_0.46_seed_2_ep_000254,254,0.46,0.36,0.2461,0.340703,0.35627,0.340834,0.35627,0.0,0.0,0.0,1.0,0.0,1.0,0.0,1.0,1.0,0.0
2,prior_0.46_seed_2_ep_000255,255,0.46,0.36,0.4681,0.340834,0.35627,0.34079,0.35627,1.0,1.0,1.0,1.0,1.0,0.0,0.0,0.0,0.0,0.0
2,prior_0.46_seed_2_ep_000256,256,0.46,0.36,0.4914,0.34079,0.35627,0.34077,0.35627,1.0,1.0,1.0,1.0,1.0,0.0,0.0,0.0,0.0,0.0
2,prior_0.46_seed_2_ep_000257,257,0.46,0.36,0.4162,0.34077,0.35627,0.340542,0.35627,1.0,1.0,1.0,1.0,1.0,0.0,0.0,0.0,0.0,0.0
2,prior_0.46_seed_2_ep_000258,258,0.46,0.36,0.4501,0.340542,0.35627,0.340464,0.35627,1.0,1.0,1.0,1.0,1.0,0.0,0.0,0.0,0.0,0.0
2,prior_0.46_seed_2_ep_000259,259,0.46,0.36,0.3052,0.340464,0.35627,0.340464,0.35627,0.000209,0.0,0.0,0.0,0.0,0.0,1.0,0.0,0.0,0.0
2,prior_0.46_seed_2_ep_000260,260,0.46,0.36,0.3353,0.340464,0.35627,0.340464,0.35627,0.291303,0.0,0.0,0.0,0.0,0.0,1.0,0.0,0.0,0.084857
2,prior_0.46_seed_2_ep_000261,261,0.46,0.36,0.5388,0.340464,0.35627,0.34046,0.35627,1.0,1.0,1.0,1.0,1.0,0.0,0.0,0.0,0.0,0.0
2,prior_0.46_seed_2_ep_000262,262,0.46,0.36,0.2342,0.34046,0.35627,0.34046,0.35627,0.0,0.0,0.0,0.0,0.0,0.0,1.0,0.0,0.0,0.0
2,prior_0.46_seed_2_ep_000263,263,0.46,0.36,0.4302,0.34046,0.35627,0.340314,0.35627,1.0,1.0,1.0,1.0,1.0,0.0,0.0,0.0,0.0,0.0
2,prior_0.46_seed_2_ep_000264,264,0.46,0.36,0.2923,0.340314,0.35627,0.340314,0.35627,1e-06,0.0,0.0,0.0,0.0,0.0,1.0,0.0,0.0,0.0
2,prior_0.46_seed_2_ep_000265,265,0.46,0.36,0.6401,0.340314,0.35627,0.340314,0.35627,1.0,1.0,1.0,1.0,1.0,0.0,0.0,0.0,0.0,0.0
2,prior_0.46_seed_2_ep_000266,266,0.46,0.36,0.2556,0.340314,0.35627,0.340314,0.35627,0.0,0.0,0.0,0.0,0.0,0.0,1.0,0.0,0.0,0.0
2,prior_0.46_seed_2_ep_000267,267,0.46,0.36,0.4897,0.340314,0.35627,0.340293,0.35627,1.0,1.0,1.0,1.0,1.0,0.0,0.0,0.0,0.0,0.0
2,prior_0.46_seed_2_ep_000268,268,0.46,0.36,0.5165,0.340293,0.35627,0.340285,0.35627,1.0,1.0,1.0,1.0,1.0,0.0,0.0,0.0,0.0,0.0
2,prior_0.46_seed_2_ep_000269,269,0.46,0.36,0.4628,0.340285,0.35627,0.340234,0.35627,1.0,1.0,1.0,1.0,1.0,0.0,0.0,0.0,0.0,0.0
2,prior_0.46_seed_2_ep_000270,270,0.46,0.36,0.5185,0.340234,0.35627,0.340226,0.35627,1.0,1.0,1.0,1.0,1.0,0.0,0.0,0.0,0.0,0.0
2,prior_0.46_seed_2_ep_000271,271,0.46,0.36,0.2328,0.340226,0.35627,0.340312,0.35627,0.0,0.0,0.0,1.0,0.0,1.0,0.0,1.0,1.0,0.0
2,prior_0.46_seed_2_ep_000272,272,0.46,0.36,0.3612,0.340312,0.35627,0.339344,0.354075,0.991168,1.0,1.0,1.0,1.0,0.0,0.0,0.0,0.0,7.8e-05
2,prior_0.46_seed_2_ep_000273,273,0.46,0.36,0.2489,0.339344,0.354075,0.339344,0.354075,0.0,0.0,0.0,0.0,0.0,0.0,1.0,0.0,0.0,0.0
2,prior_0.46_seed_2_ep_000274,274,0.46,0.36,0.4026,0.339344,0.354075,0.339023,0.354075,1.0,1.0,1.0,1.0,1.0,0.0,0.0,0.0,0.0,0.0
2,prior_0.46_seed_2_ep_000275,275,0.46,0.36,0.3867,0.339023,0.354075,0.338528,0.354075,1.0,1.0,1.0,1.0,1.0,0.0,0.0,0.0,0.0,0.0
2,prior_0.46_seed_2_ep_000276,276,0.46,0.36,0.4368,0.338528,0.354075,0.33842,0.354075,1.0,1.0,1.0,1.0,1.0,0.0,0.0,0.0,0.0,0.0
2,prior_0.46_seed_2_ep_000277,277,0.46,0.36,0.43,0.33842,0.354075,0.338287,0.354075,1.0,1.0,1.0,1.0,1.0,0.0,0.0,0.0,0.0,0.0
2,prior_0.46_seed_2_ep_000278,278,0.46,0.36,0.2409,0.338287,0.354075,0.338401,0.354075,0.0,0.0,0.0,1.0,0.0,1.0,0.0,1.0,1.0,0.0
2,prior_0.46_seed_2_ep_000279,279,0.46,0.36,0.4951,0.338401,0.354075,0.338385,0.354075,1.0,1.0,1.0,1.0,1.0,0.0,0.0,0.0,0.0,0.0
2,prior_0.46_seed_2_ep_000280,280,0.46,0.36,0.573,0.338385,0.354075,0.338384,0.354075,1.0,1.0,1.0,1.0,1.0,0.0,0.0,0.0,0.0,0.0
2,prior_0.46_seed_2_ep_000281,281,0.46,0.36,0.3095,0.338384,0.354075,0.338384,0.354075,0.001401,0.0,0.0,0.0,0.0,0.0,1.0,0.0,0.0,2e-06
2,prior_0.46_seed_2_ep_000282,282,0.46,0.36,0.4926,0.338384,0.354075,0.338367,0.354075,1.0,1.0,1.0,1.0,1.0,0.0,0.0,0.0,0.0,0.0
2,prior_0.46_seed_2_ep_000283,283,0.46,0.36,0.5391,0.338367,0.354075,0.338363,0.354075,1.0,1.0,1.0,1.0,1.0,0.0,0.0,0.0,0.0,0.0
2,prior_0.46_seed_2_ep_000284,284,0.46,0.36,0.281,0.338363,0.354075,0.338363,0.354075,0.0,0.0,0.0,0.0,0.0,0.0,1.0,0.0,0.0,0.0
2,prior_0.46_seed_2_ep_000285,285,0.46,0.36,0.5311,0.338363,0.354075,0.338358,0.354075,1.0,1.0,1.0,1.0,1.0,0.0,0.0,0.0,0.0,0.0
2,prior_0.46_seed_2_ep_000286,286,0.46,0.36,0.2289,0.338358,0.354075,0.338358,0.354075,0.0,0.0,0.0,0.0,0.0,0.0,1.0,0.0,0.0,0.0
2,prior_0.46_seed_2_ep_000287,287,0.46,0.36,0.2261,0.338358,0.354075,0.338358,0.354075,0.0,0.0,0.0,0.0,0.0,0.0,1.0,0.0,0.0,0.0
2,prior_0.46_seed_2_ep_000288,288,0.46,0.36,0.3107,0.338358,0.354075,0.338358,0.354075,0.002738,0.0,0.0,0.0,0.0,0.0,1.0,0.0,0.0,7e-06
2,prior_0.46_seed_2_ep_000289,289,0.46,0.36,0.5295,0.338358,0.354075,0.338353,0.354075,1.0,1.0,1.0,1.0,1.0,0.0,0.0,0.0,0.0,0.0
2,prior_0.46_seed_2_ep_000290,290,0.46,0.36,0.272,0.338353,0.354075,0.338353,0.354075,0.0,0.0,0.0,0.0,0.0,0.0,1.0,0.0,0.0,0.0
2,prior_0.46_seed_2_ep_000291,291,0.46,0.36,0.4461,0.338353,0.354075,0.338275,0.354075,1.0,1.0,1.0,1.0,1.0,0.0,0.0,0.0,0.0,0.0
2,prior_0.46_seed_2_ep_000292,292,0.46,0.36,0.3386,0.338275,0.354075,0.338275,0.354075,0.463352,0.0,0.0,0.0,0.0,0.0,1.0,0.0,0.0,0.214695
2,prior_0.46_seed_2_ep_000293,293,0.46,0.36,0.5368,0.338275,0.354075,0.338271,0.354075,1.0,1.0,1.0,1.0,1.0,0.0,0.0,0.0,0.0,0.0
2,prior_0.46_seed_2_ep_000294,294,0.46,0.36,0.5103,0.338271,0.354075,0.338261,0.354075,1.0,1.0,1.0,1.0,1.0,0.0,0.0,0.0,0.0,0.0
2,prior_0.46_seed_2_ep_000295,295,0.46,0.36,0.236,0.338261,0.354075,0.338261,0.354075,0.0,0.0,0.0,0.0,0.0,0.0,1.0,0.0,0.0,0.0
2,prior_0.46_seed_2_ep_000296,296,0.46,0.36,0.3157,0.338261,0.354075,0.338261,0.354075,0.009502,0.0,0.0,0.0,0.0,0.0,1.0,0.0,0.0,9e-05
2,prior_0.46_seed_2_ep_000297,297,0.46,0.36,0.2804,0.338261,0.354075,0.338261,0.354075,0.0,0.0,0.0,0.0,0.0,0.0,1.0,0.0,0.0,0.0
2,prior_0.46_seed_2_ep_000298,298,0.46,0.36,0.441,0.338261,0.354075,0.338169,0.354075,1.0,1.0,1.0,1.0,1.0,0.0,0.0,0.0,0.0,0.0
2,prior_0.46_seed_2_ep_000299,299,0.46,0.36,0.514,0.338169,0.354075,0.338161,0.354075,1.0,1.0,1.0,1.0,1.0,0.0,0.0,0.0,0.0,0.0
0,prior_0.56_seed_0_ep_000000,0,0.56,0.36,0.2231,0.559973,0.690846,0.559973,0.690846,1.2e-05,0.0,0.0,0.0,0.0,0.0,1.0,0.0,0.0,0.0
0,prior_0.56_seed_0_ep_000001,1,0.56,0.36,0.2779,0.559973,0.690846,0.559973,0.690846,0.000211,0.0,0.0,0.0,0.0,0.0,1.0,0.0,0.0,0.0
0,prior_0.56_seed_0_ep_000002,2,0.56,0.36,0.41,0.559973,0.690846,0.559973,0.690846,0.029793,0.0,1.0,0.0,0.0,0.0,1.0,0.0,0.0,0.941301
0,prior_0.56_seed_0_ep_000003,3,0.56,0.36,0.3633,0.559973,0.690846,0.559973,0.690846,0.006791,0.0,1.0,0.0,0.0,0.0,1.0,0.0,0.0,0.986464
0,prior_0.56_seed_0_ep_000004,4,0.56,0.36,0.4535,0.559973,0.690846,0.559973,0.690846,0.09219,0.0,1.0,0.0,0.0,0.0,1.0,0.0,0.0,0.824118
0,prior_0.56_seed_0_ep_000005,5,0.56,0.36,0.4672,0.559973,0.690846,0.559973,0.690846,0.122933,0.0,1.0,0.0,0.0,0.0,1.0,0.0,0.0,0.769247
0,prior_0.56_seed_0_ep_000006,6,0.56,0.36,0.29,0.559973,0.690846,0.560545,0.690846,0.000354,0.0,0.0,1.0,0.0,1.0,0.0,1.0,1.0,0.0
0,prior_0.56_seed_0_ep_000007,7,0.56,0.36,0.3552,0.560545,0.690846,0.560545,0.690846,0.004155,0.0,0.0,0.0,0.0,0.0,1.0,0.0,0.0,1.7e-05
0,prior_0.56_seed_0_ep_000008,8,0.56,0.36,0.3311,0.560545,0.690846,0.560545,0.690846,0.001367,0.0,0.0,0.0,0.0,0.0,1.0,0.0,0.0,2e-06
0,prior_0.56_seed_0_ep_000009,9,0.56,0.36,0.3926,0.560545,0.690846,0.425553,0.519467,0.016946,0.0,1.0,1.0,1.0,1.0,0.0,0.0,0.0,0.966396
0,prior_0.56_seed_0_ep_000010,10,0.56,0.36,0.2608,0.425553,0.519467,0.425553,0.519467,0.000395,0.0,0.0,0.0,0.0,0.0,1.0,0.0,0.0,0.0
0,prior_0.56_seed_0_ep_000011,11,0.56,0.36,0.3721,0.425553,0.519467,0.425553,0.519467,0.153249,0.0,1.0,0.0,0.0,0.0,1.0,0.0,0.0,0.716987
0,prior_0.56_seed_0_ep_000012,12,0.56,0.36,0.436,0.425553,0.519467,0.398062,0.46605,0.599809,1.0,1.0,1.0,1.0,0.0,0.0,0.0,0.0,0.160153
0,prior_0.56_seed_0_ep_000013,13,0.56,0.36,0.4063,0.398062,0.46605,0.379191,0.437116,0.58624,1.0,1.0,1.0,1.0,0.0,0.0,0.0,0.0,0.171198
0,prior_0.56_seed_0_ep_000014,14,0.56,0.36,0.5845,0.379191,0.437116,0.379102,0.437116,1.0,1.0,1.0,1.0,1.0,0.0,0.0,0.0,0.0,0.0
0,prior_0.56_seed_0_ep_000015,15,0.56,0.36,0.4292,0.379102,0.437116,0.371847,0.423762,0.923992,1.0,1.0,1.0,1.0,0.0,0.0,0.0,0.0,0.005777
0,prior_0.56_seed_0_ep_000016,16,0.56,0.36,0.4252,0.371847,0.423762,0.366017,0.417085,0.950078,1.0,1.0,1.0,1.0,0.0,0.0,0.0,0.0,0.002492
0,prior_0.56_seed_0_ep_000017,17,0.56,0.36,0.2604,0.366017,0.417085,0.366017,0.417085,0.001974,0.0,0.0,0.0,0.0,0.0,1.0,0.0,0.0,4e-06
0,prior_0.56_seed_0_ep_000018,18,0.56,0.36,0.4617,0.366017,0.417085,0.364247,0.412633,0.999565,1.0,1.0,1.0,1.0,0.0,0.0,0.0,0.0,0.0
0,prior_0.56_seed_0_ep_000019,19,0.56,0.36,0.3539,0.364247,0.412633,0.376085,0.41931,0.349711,0.0,0.0,1.0,0.0,1.0,0.0,1.0,1.0,0.122298
0,prior_0.56_seed_0_ep_000020,20,0.56,0.36,0.5249,0.376085,0.41931,0.375855,0.41931,1.0,1.0,1.0,1.0,1.0,0.0,0.0,0.0,0.0,0.0
0,prior_0.56_seed_0_ep_000021,21,0.56,0.36,0.3832,0.375855,0.41931,0.366531,0.408182,0.585693,1.0,1.0,1.0,1.0,0.0,0.0,0.0,0.0,0.17165
0,prior_0.56_seed_0_ep_000022,22,0.56,0.36,0.2695,0.366531,0.408182,0.366531,0.408182,0.000495,0.0,0.0,0.0,0.0,0.0,1.0,0.0,0.0,0.0
0,prior_0.56_seed_0_ep_000023,23,0.56,0.36,0.4516,0.366531,0.408182,0.365075,0.405956,0.999805,1.0,1.0,1.0,1.0,0.0,0.0,0.0,0.0,0.0
0,prior_0.56_seed_0_ep_000024,24,0.56,0.36,0.4935,0.365075,0.405956,0.364703,0.40373,1.0,1.0,1.0,1.0,1.0,0.0,0.0,0.0,0.0,0.0
0,prior_0.56_seed_0_ep_000025,25,0.56,0.36,0.2357,0.364703,0.40373,0.365157,0.405956,1.5e-05,0.0,0.0,1.0,0.0,1.0,0.0,1.0,1.0,0.0
0,prior_0.56_seed_0_ep_000026,26,0.56,0.36,0.2646,0.365157,0.405956,0.365157,0.405956,0.00023,0.0,0.0,0.0,0.0,0.0,1.0,0.0,0.0,0.0
0,prior_0.56_seed_0_ep_000027,27,0.56,0.36,0.2976,0.365157,0.405956,0.365157,0.405956,0.007091,0.0,0.0,0.0,0.0,0.0,1.0,0.0,0.0,5e-05
0,prior_0.56_seed_0_ep_000028,28,0.56,0.36,0.4427,0.365157,0.405956,0.363477,0.401505,0.99963,1.0,1.0,1.0,1.0,0.0,0.0,0.0,0.0,0.0
0,prior_0.56_seed_0_ep_000029,29,0.56,0.36,0.6243,0.363477,0.401505,0.363472,0.401505,1.0,1.0,1.0,1.0,1.0,0.0,0.0,0.0,0.0,0.0
0,prior_0.56_seed_0_ep_000030,30,0.56,0.36,0.5108,0.363472,0.401505,0.363286,0.401505,1.0,1.0,1.0,1.0,1.0,0.0,0.0,0.0,0.0,0.0
0,prior_0.56_seed_0_ep_000031,31,0.56,0.36,0.4942,0.363286,0.401505,0.362972,0.401505,1.0,1.0,1.0,1.0,1.0,0.0,0.0,0.0,0.0,0.0
0,prior_0.56_seed_0_ep_000032,32,0.56,0.36,0.5435,0.362972,0.401505,0.36291,0.401505,1.0,1.0,1.0,1.0,1.0,0.0,0.0,0.0,0.0,0.0
0,prior_0.56_seed_0_ep_000033,33,0.56,0.36,0.5025,0.36291,0.401505,0.362675,0.401505,1.0,1.0,1.0,1.0,1.0,0.0,0.0,0.0,0.0,0.0
0,prior_0.56_seed_0_ep_000034,34,0.56,0.36,0.2645,0.362675,0.401505,0.362675,0.401505,0.000263,0.0,0.0,0.0,0.0,0.0,1.0,0.0,0.0,0.0
0,prior_0.56_seed_0_ep_000035,35,0.56,0.36,0.2335,0.362675,0.401505,0.363086,0.401505,5e-06,0.0,0.0,1.0,0.0,1.0,0.0,1.0,1.0,0.0
0,prior_0.56_seed_0_ep_000036,36,0.56,0.36,0.4479,0.363086,0.401505,0.361827,0.399279,0.999953,1.0,1.0,1.0,1.0,0.0,0.0,0.0,0.0,0.0
0,prior_0.56_seed_0_ep_000037,37,0.56,0.36,0.3998,0.361827,0.399279,0.357688,0.394828,0.95373,1.0,1.0,1.0,1.0,0.0,0.0,0.0,0.0,0.002141
0,prior_0.56_seed_0_ep_000038,38,0.56,0.36,0.3647,0.357688,0.394828,0.350448,0.385925,0.603206,1.0,1.0,1.0,1.0,0.0,0.0,0.0,0.0,0.157446
0,prior_0.56_seed_0_ep_000039,39,0.56,0.36,0.2651,0.350448,0.385925,0.350448,0.385925,0.000455,0.0,0.0,0.0,0.0,0.0,1.0,0.0,0.0,0.0
0,prior_0.56_seed_0_ep_000040,40,0.56,0.36,0.3665,0.350448,0.385925,0.344554,0.379248,0.759963,1.0,1.0,1.0,1.0,0.0,0.0,0.0,0.0,0.057618
0,prior_0.56_seed_0_ep_000041,41,0.56,0.36,0.345,0.344554,0.379248,0.344554,0.379248,0.486783,0.0,0.0,0.0,0.0,0.0,1.0,0.0,0.0,0.236957
0,prior_0.56_seed_0_ep_000042,42,0.56,0.36,0.4904,0.344554,0.379248,0.344403,0.379248,1.0,1.0,1.0,1.0,1.0,0.0,0.0,0.0,0.0,0.0
0,prior_0.56_seed_0_ep_000043,43,0.56,0.36,0.461,0.344403,0.379248,0.344017,0.379248,1.0,1.0,1.0,1.0,1.0,0.0,0.0,0.0,0.0,0.0
0,prior_0.56_seed_0_ep_000044,44,0.56,0.36,0.663,0.344017,0.379248,0.344016,0.379248,1.0,1.0,1.0,1.0,1.0,0.0,0.0,0.0,0.0,0.0
0,prior_0.56_seed_0_ep_000045,45,0.56,0.36,0.4056,0.344016,0.379248,0.342055,0.377022,0.998799,1.0,1.0,1.0,1.0,0.0,0.0,0.0,0.0,1e-06
0,prior_0.56_seed_0_ep_000046,46,0.56,0.36,0.543,0.342055,0.377022,0.342032,0.377022,1.0,1.0,1.0,1.0,1.0,0.0,0.0,0.0,0.0,0.0
0,prior_0.56_seed_0_ep_000047,47,0.56,0.36,0.4629,0.342032,0.377022,0.341712,0.374796,1.0,1.0,1.0,1.0,1.0,0.0,0.0,0.0,0.0,0.0
0,prior_0.56_seed_0_ep_000048,48,0.56,0.36,0.3375,0.341712,0.374796,0.341712,0.374796,0.416168,0.0,0.0,0.0,0.0,0.0,1.0,0.0,0.0,0.173195
0,prior_0.56_seed_0_ep_000049,49,0.56,0.36,0.2455,0.341712,0.374796,0.341712,0.374796,6.3e-05,0.0,0.0,0.0,0.0,0.0,1.0,0.0,0.0,0.0
0,prior_0.56_seed_0_ep_000050,50,0.56,0.36,0.2318,0.341712,0.374796,0.341712,0.374796,9e-06,0.0,0.0,0.0,0.0,0.0,1.0,0.0,0.0,0.0
0,prior_0.56_seed_0_ep_000051,51,0.56,0.36,0.3858,0.341712,0.374796,0.338778,0.372571,0.983322,1.0,1.0,1.0,1.0,0.0,0.0,0.0,0.0,0.000278
0,prior_0.56_seed_0_ep_000052,52,0.56,0.36,0.3016,0.338778,0.372571,0.338778,0.372571,0.052427,0.0,0.0,0.0,0.0,0.0,1.0,0.0,0.0,0.002749
0,prior_0.56_seed_0_ep_000053,53,0.56,0.36,0.4358,0.338778,0.372571,0.338133,0.370345,1.0,1.0,1.0,1.0,1.0,0.0,0.0,0.0,0.0,0.0
0,prior_0.56_seed_0_ep_000054,54,0.56,0.36,0.3568,0.338133,0.370345,0.346642,0.377022,0.794896,1.0,0.0,1.0,0.0,0.0,0.0,1.0,1.0,0.63186
0,prior_0.56_seed_0_ep_000055,55,0.56,0.36,0.6512,0.346642,0.377022,0.346642,0.377022,1.0,1.0,1.0,1.0,1.0,0.0,0.0,0.0,0.0,0.0
0,prior_0.56_seed_0_ep_000056,56,0.56,0.36,0.2786,0.346642,0.377022,0.346642,0.377022,0.000766,0.0,0.0,0.0,0.0,0.0,1.0,0.0,0.0,1e-06
0,prior_0.56_seed_0_ep_000057,57,0.56,0.36,0.297,0.346642,0.377022,0.348793,0.377022,0.009627,0.0,0.0,1.0,0.0,1.0,0.0,1.0,1.0,9.3e-05
0,prior_0.56_seed_0_ep_000058,58,0.56,0.36,0.3693,0.348793,0.377022,0.345206,0.374796,0.869408,1.0,1.0,1.0,1.0,0.0,0.0,0.0,0.0,0.017054
0,prior_0.56_seed_0_ep_000059,59,0.56,0.36,0.5531,0.345206,0.374796,0.345194,0.374796,1.0,1.0,1.0,1.0,1.0,0.0,0.0,0.0,0.0,0.0
0,prior_0.56_seed_0_ep_000060,60,0.56,0.36,0.4552,0.345194,0.374796,0.344895,0.372571,1.0,1.0,1.0,1.0,1.0,0.0,0.0,0.0,0.0,0.0
0,prior_0.56_seed_0_ep_000061,61,0.56,0.36,0.3173,0.344895,0.372571,0.344895,0.372571,0.072641,0.0,0.0,0.0,0.0,0.0,1.0,0.0,0.0,0.005277
0,prior_0.56_seed_0_ep_000062,62,0.56,0.36,0.4277,0.344895,0.372571,0.344205,0.372571,1.0,1.0,1.0,1.0,1.0,0.0,0.0,0.0,0.0,0.0
0,prior_0.56_seed_0_ep_000063,63,0.56,0.36,0.3182,0.344205,0.372571,0.344205,0.372571,0.076464,0.0,0.0,0.0,0.0,0.0,1.0,0.0,0.0,0.005847
0,prior_0.56_seed_0_ep_000064,64,0.56,0.36,0.6949,0.344205,0.372571,0.344205,0.372571,1.0,1.0,1.0,1.0,1.0,0.0,0.0,0.0,0.0,0.0
0,prior_0.56_seed_0_ep_000065,65,0.56,0.36,0.4103,0.344205,0.372571,0.343099,0.370345,0.999975,1.0,1.0,1.0,1.0,0.0,0.0,0.0,0.0,0.0
0,prior_0.56_seed_0_ep_000066,66,0.56,0.36,0.3746,0.343099,0.370345,0.340468,0.368119,0.96454,1.0,1.0,1.0,1.0,0.0,0.0,0.0,0.0,0.001257
0,prior_0.56_seed_0_ep_000067,67,0.56,0.36,0.3436,0.340468,0.368119,0.345397,0.370345,0.532713,1.0,0.0,1.0,0.0,0.0,0.0,1.0,1.0,0.283783
0,prior_0.56_seed_0_ep_000068,68,0.56,0.36,0.2791,0.345397,0.370345,0.34638,0.372571,0.00018,0.0,0.0,1.0,0.0,1.0,0.0,1.0,1.0,0.0
0,prior_0.56_seed_0_ep_000069,69,0.56,0.36,0.4103,0.34638,0.372571,0.345439,0.370345,0.999991,1.0,1.0,1.0,1.0,0.0,0.0,0.0,0.0,0.0
0,prior_0.56_seed_0_ep_000070,70,0.56,0.36,0.3582,0.345439,0.370345,0.350134,0.374796,0.785456,1.0,0.0,1.0,0.0,0.0,0.0,1.0,1.0,0.616941
0,prior_0.56_seed_0_ep_000071,71,0.56,0.36,0.4,0.350134,0.374796,0.348919,0.372571,0.999831,1.0,1.0,1.0,1.0,0.0,0.0,0.0,0.0,0.0
0,prior_0.56_seed_0_ep_000072,72,0.56,0.36,0.5178,0.348919,0.372571,0.34889,0.372571,1.0,1.0,1.0,1.0,1.0,0.0,0.0,0.0,0.0,0.0
0,prior_0.56_seed_0_ep_000073,73,0.56,0.36,0.4485,0.34889,0.372571,0.348616,0.372571,1.0,1.0,1.0,1.0,1.0,0.0,0.0,0.0,0.0,0.0
0,prior_0.56_seed_0_ep_000074,74,0.56,0.36,0.3538,0.348616,0.372571,0.352351,0.374796,0.624597,1.0,0.0,1.0,0.0,0.0,0.0,1.0,1.0,0.390121
0,prior_0.56_seed_0_ep_000075,75,0.56,0.36,0.2808,0.352351,0.374796,0.352966,0.374796,3e-06,0.0,0.0,1.0,0.0,1.0,0.0,1.0,1.0,0.0
0,prior_0.56_seed_0_ep_000076,76,0.56,0.36,0.3457,0.352966,0.374796,0.355713,0.377022,0.27275,0.0,0.0,1.0,0.0,1.0,0.0,1.0,1.0,0.074393
0,prior_0.56_seed_0_ep_000077,77,0.56,0.36,0.311,0.355713,0.377022,0.355713,0.377022,0.000935,0.0,0.0,0.0,0.0,0.0,1.0,0.0,0.0,1e-06
0,prior_0.56_seed_0_ep_000078,78,0.56,0.36,0.3695,0.355713,0.377022,0.353457,0.374796,0.843319,1.0,1.0,1.0,1.0,0.0,0.0,0.0,0.0,0.024549
0,prior_0.56_seed_0_ep_000079,79,0.56,0.36,0.5043,0.353457,0.374796,0.353416,0.374796,1.0,1.0,1.0,1.0,1.0,0.0,0.0,0.0,0.0,0.0
0,prior_0.56_seed_0_ep_000080,80,0.56,0.36,0.3116,0.353416,0.374796,0.353416,0.374796,0.001375,0.0,0.0,0.0,0.0,0.0,1.0,0.0,0.0,2e-06
0,prior_0.56_seed_0_ep_000081,81,0.56,0.36,0.3617,0.353416,0.374796,0.350979,0.372571,0.752171,1.0,1.0,1.0,1.0,0.0,0.0,0.0,0.0,0.061419
0,prior_0.56_seed_0_ep_000082,82,0.56,0.36,0.4526,0.350979,0.372571,0.350781,0.372571,1.0,1.0,1.0,1.0,1.0,0.0,0.0,0.0,0.0,0.0
0,prior_0.56_seed_0_ep_000083,83,0.56,0.36,0.318,0.350781,0.372571,0.352228,0.372571,0.008158,0.0,0.0,1.0,0.0,1.0,0.0,1.0,1.0,6.7e-05
0,prior_0.56_seed_0_ep_000084,84,0.56,0.36,0.5887,0.352228,0.372571,0.352226,0.372571,1.0,1.0,1.0,1.0,1.0,0.0,0.0,0.0,0.0,0.0
0,prior_0.56_seed_0_ep_000085,85,0.56,0.36,0.3159,0.352226,0.372571,0.352226,0.372571,0.00318,0.0,0.0,0.0,0.0,0.0,1.0,0.0,0.0,1e-05
0,prior_0.56_seed_0_ep_000086,86,0.56,0.36,0.6994,0.352226,0.372571,0.352226,0.372571,1.0,1.0,1.0,1.0,1.0,0.0,0.0,0.0,0.0,0.0
0,prior_0.56_seed_0_ep_000087,87,0.56,0.36,0.2514,0.352226,0.372571,0.352226,0.372571,0.0,0.0,0.0,0.0,0.0,0.0,1.0,0.0,0.0,0.0
0,prior_0.56_seed_0_ep_000088,88,0.56,0.36,0.2993,0.352226,0.372571,0.352226,0.372571,7.4e-05,0.0,0.0,0.0,0.0,0.0,1.0,0.0,0.0,0.0
0,prior_0.56_seed_0_ep_000089,89,0.56,0.36,0.4973,0.352226,0.372571,0.35218,0.372571,1.0,1.0,1.0,1.0,1.0,0.0,0.0,0.0,0.0,0.0
0,prior_0.56_seed_0_ep_000090,90,0.56,0.36,0.2847,0.35218,0.372571,0.35218,0.372571,1e-06,0.0,0.0,0.0,0.0,0.0,1.0,0.0,0.0,0.0
0,prior_0.56_seed_0_ep_000091,91,0.56,0.36,0.504,0.35218,0.372571,0.352143,0.372571,1.0,1.0,1.0,1.0,1.0,0.0,0.0,0.0,0.0,0.0
0,prior_0.56_seed_0_ep_000092,92,0.56,0.36,0.2765,0.352143,0.372571,0.352143,0.372571,0.0,0.0,0.0,0.0,0.0,0.0,1.0,0.0,0.0,0.0
0,prior_0.56_seed_0_ep_000093,93,0.56,0.36,0.2752,0.352143,0.372571,0.352562,0.372571,0.0,0.0,0.0,1.0,0.0,1.0,0.0,1.0,1.0,0.0
0,prior_0.56_seed_0_ep_000094,94,0.56,0.36,0.2468,0.352562,0.372571,0.352562,0.372571,0.0,0.0,0.0,0.0,0.0,0.0,1.0,0.0,0.0,0.0
0,prior_0.56_seed_0_ep_000095,95,0.56,0.36,0.4532,0.352562,0.372571,0.352371,0.372571,1.0,1.0,1.0,1.0,1.0,0.0,0.0,0.0,0.0,0.0
0,prior_0.56_seed_0_ep_000096,96,0.56,0.36,0.4887,0.352371,0.372571,0.352312,0.372571,1.0,1.0,1.0,1.0,1.0,0.0,0.0,0.0,0.0,0.0
0,prior_0.56_seed_0_ep_000097,97,0.56,0.36,0.6049,0.352312,0.372571,0.35231,0.372571,1.0,1.0,1.0,1.0,1.0,0.0,0.0,0.0,0.0,0.0
0,prior_0.56_seed_0_ep_000098,98,0.56,0.36,0.4251,0.35231,0.372571,0.351863,0.372571,1.0,1.0,1.0,1.0,1.0,0.0,0.0,0.0,0.0,0.0
0,prior_0.56_seed_0_ep_000099,99,0.56,0.36,0.3408,0.351863,0.372571,0.351863,0.372571,0.177138,0.0,0.0,0.0,0.0,0.0,1.0,0.0,0.0,0.031378
0,prior_0.56_seed_0_ep_000100,100,0.56,0.36,0.4773,0.351863,0.372571,0.351779,0.372571,1.0,1.0,1.0,1.0,1.0,0.0,0.0,0.0,0.0,0.0
0,prior_0.56_seed_0_ep_000101,101,0.56,0.36,0.3729,0.351779,0.372571,0.350084,0.370345,0.962795,1.0,1.0,1.0,1.0,0.0,0.0,0.0,0.0,0.001384
0,prior_0.56_seed_0_ep_000102,102,0.56,0.36,0.6138,0.350084,0.370345,0.350083,0.370345,1.0,1.0,1.0,1.0,1.0,0.0,0.0,0.0,0.0,0.0
0,prior_0.56_seed_0_ep_000103,103,0.56,0.36,0.3728,0.350083,0.370345,0.348481,0.368119,0.974522,1.0,1.0,1.0,1.0,0.0,0.0,0.0,0.0,0.000649
0,prior_0.56_seed_0_ep_000104,104,0.56,0.36,0.3703,0.348481,0.368119,0.346884,0.365893,0.958086,1.0,1.0,1.0,1.0,0.0,0.0,0.0,0.0,0.001757
0,prior_0.56_seed_0_ep_000105,105,0.56,0.36,0.2912,0.346884,0.365893,0.346884,0.365893,1.3e-05,0.0,0.0,0.0,0.0,0.0,1.0,0.0,0.0,0.0
0,prior_0.56_seed_0_ep_000106,106,0.56,0.36,0.5236,0.346884,0.365893,0.34687,0.365893,1.0,1.0,1.0,1.0,1.0,0.0,0.0,0.0,0.0,0.0
0,prior_0.56_seed_0_ep_000107,107,0.56,0.36,0.3133,0.34687,0.365893,0.34809,0.368119,0.004327,0.0,0.0,1.0,0.0,1.0,0.0,1.0,1.0,1.9e-05
0,prior_0.56_seed_0_ep_000108,108,0.56,0.36,0.2868,0.34809,0.368119,0.34809,0.368119,1e-06,0.0,0.0,0.0,0.0,0.0,1.0,0.0,0.0,0.0
0,prior_0.56_seed_0_ep_000109,109,0.56,0.36,0.288,0.34809,0.368119,0.34809,0.368119,2e-06,0.0,0.0,0.0,0.0,0.0,1.0,0.0,0.0,0.0
0,prior_0.56_seed_0_ep_000110,110,0.56,0.36,0.5297,0.34809,0.368119,0.348079,0.368119,1.0,1.0,1.0,1.0,1.0,0.0,0.0,0.0,0.0,0.0
0,prior_0.56_seed_0_ep_000111,111,0.56,0.36,0.5033,0.348079,0.368119,0.348051,0.368119,1.0,1.0,1.0,1.0,1.0,0.0,0.0,0.0,0.0,0.0
0,prior_0.56_seed_0_ep_000112,112,0.56,0.36,0.3855,0.348051,0.368119,0.347004,0.365893,0.999368,1.0,1.0,1.0,1.0,0.0,0.0,0.0,0.0,0.0
0,prior_0.56_seed_0_ep_000113,113,0.56,0.36,0.2976,0.347004,0.365893,0.347004,0.365893,5.2e-05,0.0,0.0,0.0,0.0,0.0,1.0,0.0,0.0,0.0
0,prior_0.56_seed_0_ep_000114,114,0.56,0.36,0.2291,0.347004,0.365893,0.347004,0.365893,0.0,0.0,0.0,0.0,0.0,0.0,1.0,0.0,0.0,0.0
0,prior_0.56_seed_0_ep_000115,115,0.56,0.36,0.3973,0.347004,0.365893,0.346266,0.365893,0.999998,1.0,1.0,1.0,1.0,0.0,0.0,0.0,0.0,0.0
0,prior_0.56_seed_0_ep_000116,116,0.56,0.36,0.3695,0.346266,0.365893,0.344855,0.363668,0.97812,1.0,1.0,1.0,1.0,0.0,0.0,0.0,0.0,0.000479
0,prior_0.56_seed_0_ep_000117,117,0.56,0.36,0.2425,0.344855,0.363668,0.344855,0.363668,0.0,0.0,0.0,0.0,0.0,0.0,1.0,0.0,0.0,0.0
0,prior_0.56_seed_0_ep_000118,118,0.56,0.36,0.3205,0.344855,0.363668,0.346226,0.363668,0.019573,0.0,0.0,1.0,0.0,1.0,0.0,1.0,1.0,0.000383
0,prior_0.56_seed_0_ep_000119,119,0.56,0.36,0.3326,0.346226,0.363668,0.346226,0.363668,0.133344,0.0,0.0,0.0,0.0,0.0,1.0,0.0,0.0,0.017781
0,prior_0.56_seed_0_ep_000120,120,0.56,0.36,0.6314,0.346226,0.363668,0.346225,0.363668,1.0,1.0,1.0,1.0,1.0,0.0,0.0,0.0,0.0,0.0
0,prior_0.56_seed_0_ep_000121,121,0.56,0.36,0.4564,0.346225,0.363668,0.346114,0.363668,1.0,1.0,1.0,1.0,1.0,0.0,0.0,0.0,0.0,0.0
0,prior_0.56_seed_0_ep_000122,122,0.56,0.36,0.2334,0.346114,0.363668,0.346114,0.363668,0.0,0.0,0.0,0.0,0.0,0.0,1.0,0.0,0.0,0.0
0,prior_0.56_seed_0_ep_000123,123,0.56,0.36,0.3208,0.346114,0.363668,0.346114,0.363668,0.01331,0.0,0.0,0.0,0.0,0.0,1.0,0.0,0.0,0.000177
0,prior_0.56_seed_0_ep_000124,124,0.56,0.36,0.2005,0.346114,0.363668,0.346114,0.363668,0.0,0.0,0.0,0.0,0.0,0.0,1.0,0.0,0.0,0.0
0,prior_0.56_seed_0_ep_000125,125,0.56,0.36,0.5093,0.346114,0.363668,0.346094,0.363668,1.0,1.0,1.0,1.0,1.0,0.0,0.0,0.0,0.0,0.0
0,prior_0.56_seed_0_ep_000126,126,0.56,0.36,0.4784,0.346094,0.363668,0.346041,0.363668,1.0,1.0,1.0,1.0,1.0,0.0,0.0,0.0,0.0,0.0
0,prior_0.56_seed_0_ep_000127,127,0.56,0.36,0.5044,0.346041,0.363668,0.346018,0.363668,1.0,1.0,1.0,1.0,1.0,0.0,0.0,0.0,0.0,0.0
0,prior_0.56_seed_0_ep_000128,128,0.56,0.36,0.3347,0.346018,0.363668,0.346018,0.363668,0.136637,0.0,0.0,0.0,0.0,0.0,1.0,0.0,0.0,0.01867
0,prior_0.56_seed_0_ep_000129,129,0.56,0.36,0.5054,0.346018,0.363668,0.345996,0.363668,1.0,1.0,1.0,1.0,1.0,0.0,0.0,0.0,0.0,0.0
0,prior_0.56_seed_0_ep_000130,130,0.56,0.36,0.5025,0.345996,0.363668,0.345971,0.363668,1.0,1.0,1.0,1.0,1.0,0.0,0.0,0.0,0.0,0.0
0,prior_0.56_seed_0_ep_000131,131,0.56,0.36,0.5181,0.345971,0.363668,0.345957,0.363668,1.0,1.0,1.0,1.0,1.0,0.0,0.0,0.0,0.0,0.0
0,prior_0.56_seed_0_ep_000132,132,0.56,0.36,0.2839,0.345957,0.363668,0.345957,0.363668,0.0,0.0,0.0,0.0,0.0,0.0,1.0,0.0,0.0,0.0
0,prior_0.56_seed_0_ep_000133,133,0.56,0.36,0.5388,0.345957,0.363668,0.34595,0.363668,1.0,1.0,1.0,1.0,1.0,0.0,0.0,0.0,0.0,0.0
0,prior_0.56_seed_0_ep_000134,134,0.56,0.36,0.309,0.34595,0.363668,0.34595,0.363668,0.000969,0.0,0.0,0.0,0.0,0.0,1.0,0.0,0.0,1e-06
0,prior_0.56_seed_0_ep_000135,135,0.56,0.36,0.4746,0.34595,0.363668,0.345889,0.363668,1.0,1.0,1.0,1.0,1.0,0.0,0.0,0.0,0.0,0.0
0,prior_0.56_seed_0_ep_000136,136,0.56,0.36,0.3487,0.345889,0.363668,0.348041,0.365893,0.609895,1.0,0.0,1.0,0.0,0.0,0.0,1.0,1.0,0.371972
0,prior_0.56_seed_0_ep_000137,137,0.56,0.36,0.5,0.348041,0.365893,0.348014,0.365893,1.0,1.0,1.0,1.0,1.0,0.0,0.0,0.0,0.0,0.0
0,prior_0.56_seed_0_ep_000138,138,0.56,0.36,0.6905,0.348014,0.365893,0.348014,0.365893,1.0,1.0,1.0,1.0,1.0,0.0,0.0,0.0,0.0,0.0
0,prior_0.56_seed_0_ep_000139,139,0.56,0.36,0.5331,0.348014,0.365893,0.348005,0.365893,1.0,1.0,1.0,1.0,1.0,0.0,0.0,0.0,0.0,0.0
0,prior_0.56_seed_0_ep_000140,140,0.56,0.36,0.395,0.348005,0.365893,0.347304,0.365893,0.999998,1.0,1.0,1.0,1.0,0.0,0.0,0.0,0.0,0.0
0,prior_0.56_seed_0_ep_000141,141,0.56,0.36,0.2549,0.347304,0.365893,0.347304,0.365893,0.0,0.0,0.0,0.0,0.0,0.0,1.0,0.0,0.0,0.0
0,prior_0.56_seed_0_ep_000142,142,0.56,0.36,0.3969,0.347304,0.365893,0.346658,0.363668,0.999999,1.0,1.0,1.0,1.0,0.0,0.0,0.0,0.0,0.0
0,prior_0.56_seed_0_ep_000143,143,0.56,0.36,0.453,0.346658,0.363668,0.346543,0.363668,1.0,1.0,1.0,1.0,1.0,0.0,0.0,0.0,0.0,0.0
0,prior_0.56_seed_0_ep_000144,144,0.56,0.36,0.3047,0.346543,0.363668,0.346543,0.363668,0.000142,0.0,0.0,0.0,0.0,0.0,1.0,0.0,0.0,0.0
0,prior_0.56_seed_0_ep_000145,145,0.56,0.36,0.2987,0.346543,0.363668,0.346543,0.363668,1.6e-05,0.0,0.0,0.0,0.0,0.0,1.0,0.0,0.0,0.0
0,prior_0.56_seed_0_ep_000146,146,0.56,0.36,0.3608,0.346543,0.363668,0.345072,0.361442,0.900524,1.0,1.0,1.0,1.0,0.0,0.0,0.0,0.0,0.009895
0,prior_0.56_seed_0_ep_000147,147,0.56,0.36,0.2588,0.345072,0.361442,0.345072,0.361442,0.0,0.0,0.0,0.0,0.0,0.0,1.0,0.0,0.0,0.0
0,prior_0.56_seed_0_ep_000148,148,0.56,0.36,0.2382,0.345072,0.361442,0.345186,0.361442,0.0,0.0,0.0,1.0,0.0,1.0,0.0,1.0,1.0,0.0
0,prior_0.56_seed_0_ep_000149,149,0.56,0.36,0.3589,0.345186,0.361442,0.347454,0.363668,0.887683,1.0,0.0,1.0,0.0,0.0,0.0,1.0,1.0,0.787981
0,prior_0.56_seed_0_ep_000150,150,0.56,0.36,0.3212,0.347454,0.363668,0.347454,0.363668,0.006013,0.0,0.0,0.0,0.0,0.0,1.0,0.0,0.0,3.6e-05
0,prior_0.56_seed_0_ep_000151,151,0.56,0.36,0.3791,0.347454,0.363668,0.346517,0.363668,0.998819,1.0,1.0,1.0,1.0,0.0,0.0,0.0,0.0,1e-06
0,prior_0.56_seed_0_ep_000152,152,0.56,0.36,0.3416,0.346517,0.363668,0.346517,0.363668,0.345011,0.0,0.0,0.0,0.0,0.0,1.0,0.0,0.0,0.119033
0,prior_0.56_seed_0_ep_000153,153,0.56,0.36,0.506,0.346517,0.363668,0.346499,0.363668,1.0,1.0,1.0,1.0,1.0,0.0,0.0,0.0,0.0,0.0
0,prior_0.56_seed_0_ep_000154,154,0.56,0.36,0.4115,0.346499,0.363668,0.346121,0.363668,1.0,1.0,1.0,1.0,1.0,0.0,0.0,0.0,0.0,0.0
0,prior_0.56_seed_0_ep_000155,155,0.56,0.36,0.6549,0.346121,0.363668,0.346121,0.363668,1.0,1.0,1.0,1.0,1.0,0.0,0.0,0.0,0.0,0.0
0,prior_0.56_seed_0_ep_000156,156,0.56,0.36,0.2867,0.346121,0.363668,0.346121,0.363668,0.0,0.0,0.0,0.0,0.0,0.0,1.0,0.0,0.0,0.0
0,prior_0.56_seed_0_ep_000157,157,0.56,0.36,0.4077,0.346121,0.363668,0.345707,0.361442,1.0,1.0,1.0,1.0,1.0,0.0,0.0,0.0,0.0,0.0
0,prior_0.56_seed_0_ep_000158,158,0.56,0.36,0.3806,0.345707,0.361442,0.344869,0.361442,0.999785,1.0,1.0,1.0,1.0,0.0,0.0,0.0,0.0,0.0
0,prior_0.56_seed_0_ep_000159,159,0.56,0.36,0.2367,0.344869,0.361442,0.344869,0.361442,0.0,0.0,0.0,0.0,0.0,0.0,1.0,0.0,0.0,0.0
0,prior_0.56_seed_0_ep_000160,160,0.56,0.36,0.2861,0.344869,0.361442,0.344869,0.361442,0.0,0.0,0.0,0.0,0.0,0.0,1.0,0.0,0.0,0.0
0,prior_0.56_seed_0_ep_000161,161,0.56,0.36,0.3347,0.344869,0.361442,0.344869,0.361442,0.136138,0.0,0.0,0.0,0.0,0.0,1.0,0.0,0.0,0.018533
0,prior_0.56_seed_0_ep_000162,162,0.56,0.36,0.3168,0.344869,0.361442,0.344869,0.361442,0.00325,0.0,0.0,0.0,0.0,0.0,1.0,0.0,0.0,1.1e-05
0,prior_0.56_seed_0_ep_000163,163,0.56,0.36,0.4414,0.344869,0.361442,0.34473,0.361442,1.0,1.0,1.0,1.0,1.0,0.0,0.0,0.0,0.0,0.0
0,prior_0.56_seed_0_ep_000164,164,0.56,0.36,0.2975,0.34473,0.361442,0.345344,0.361442,1.2e-05,0.0,0.0,1.0,0.0,1.0,0.0,1.0,1.0,0.0
0,prior_0.56_seed_0_ep_000165,165,0.56,0.36,0.5726,0.345344,0.361442,0.345343,0.361442,1.0,1.0,1.0,1.0,1.0,0.0,0.0,0.0,0.0,0.0
0,prior_0.56_seed_0_ep_000166,166,0.56,0.36,0.4257,0.345343,0.361442,0.345118,0.361442,1.0,1.0,1.0,1.0,1.0,0.0,0.0,0.0,0.0,0.0
0,prior_0.56_seed_0_ep_000167,167,0.56,0.36,0.4567,0.345118,0.361442,0.345034,0.361442,1.0,1.0,1.0,1.0,1.0,0.0,0.0,0.0,0.0,0.0
0,prior_0.56_seed_0_ep_000168,168,0.56,0.36,0.4946,0.345034,0.361442,0.345011,0.361442,1.0,1.0,1.0,1.0,1.0,0.0,0.0,0.0,0.0,0.0
0,prior_0.56_seed_0_ep_000169,169,0.56,0.36,0.3545,0.345011,0.361442,0.346909,0.363668,0.804038,1.0,0.0,1.0,0.0,0.0,0.0,1.0,1.0,0.646476
0,prior_0.56_seed_0_ep_000170,170,0.56,0.36,0.6403,0.346909,0.363668,0.346908,0.363668,1.0,1.0,1.0,1.0,1.0,0.0,0.0,0.0,0.0,0.0
0,prior_0.56_seed_0_ep_000171,171,0.56,0.36,0.5303,0.346908,0.363668,0.346901,0.363668,1.0,1.0,1.0,1.0,1.0,0.0,0.0,0.0,0.0,0.0
0,prior_0.56_seed_0_ep_000172,172,0.56,0.36,0.2444,0.346901,0.363668,0.346901,0.363668,0.0,0.0,0.0,0.0,0.0,0.0,1.0,0.0,0.0,0.0
0,prior_0.56_seed_0_ep_000173,173,0.56,0.36,0.3033,0.346901,0.363668,0.346901,0.363668,1.3e-05,0.0,0.0,0.0,0.0,0.0,1.0,0.0,0.0,0.0
0,prior_0.56_seed_0_ep_000174,174,0.56,0.36,0.3656,0.346901,0.363668,0.34579,0.361442,0.968066,1.0,1.0,1.0,1.0,0.0,0.0,0.0,0.0,0.00102
0,prior_0.56_seed_0_ep_000175,175,0.56,0.36,0.5148,0.34579,0.361442,0.345778,0.361442,1.0,1.0,1.0,1.0,1.0,0.0,0.0,0.0,0.0,0.0
0,prior_0.56_seed_0_ep_000176,176,0.56,0.36,0.3605,0.345778,0.361442,0.344587,0.359216,0.934429,1.0,1.0,1.0,1.0,0.0,0.0,0.0,0.0,0.0043
0,prior_0.56_seed_0_ep_000177,177,0.56,0.36,0.4835,0.344587,0.359216,0.344555,0.359216,1.0,1.0,1.0,1.0,1.0,0.0,0.0,0.0,0.0,0.0
0,prior_0.56_seed_0_ep_000178,178,0.56,0.36,0.3929,0.344555,0.359216,0.344028,0.359216,1.0,1.0,1.0,1.0,1.0,0.0,0.0,0.0,0.0,0.0
0,prior_0.56_seed_0_ep_000179,179,0.56,0.36,0.2872,0.344028,0.359216,0.34445,0.359216,0.0,0.0,0.0,1.0,0.0,1.0,0.0,1.0,1.0,0.0
0,prior_0.56_seed_0_ep_000180,180,0.56,0.36,0.2776,0.34445,0.359216,0.34445,0.359216,0.0,0.0,0.0,0.0,0.0,0.0,1.0,0.0,0.0,0.0
0,prior_0.56_seed_0_ep_000181,181,0.56,0.36,0.3447,0.34445,0.359216,0.345956,0.361442,0.506479,1.0,0.0,1.0,0.0,0.0,0.0,1.0,1.0,0.25652
0,prior_0.56_seed_0_ep_000182,182,0.56,0.36,0.4988,0.345956,0.361442,0.345937,0.361442,1.0,1.0,1.0,1.0,1.0,0.0,0.0,0.0,0.0,0.0
0,prior_0.56_seed_0_ep_000183,183,0.56,0.36,0.6565,0.345937,0.361442,0.345937,0.361442,1.0,1.0,1.0,1.0,1.0,0.0,0.0,0.0,0.0,0.0
0,prior_0.56_seed_0_ep_000184,184,0.56,0.36,0.4575,0.345937,0.361442,0.345865,0.361442,1.0,1.0,1.0,1.0,1.0,0.0,0.0,0.0,0.0,0.0
0,prior_0.56_seed_0_ep_000185,185,0.56,0.36,0.3208,0.345865,0.361442,0.345865,0.361442,0.004204,0.0,0.0,0.0,0.0,0.0,1.0,0.0,0.0,1.8e-05
0,prior_0.56_seed_0_ep_000186,186,0.56,0.36,0.2843,0.345865,0.361442,0.345865,0.361442,0.0,0.0,0.0,0.0,0.0,0.0,1.0,0.0,0.0,0.0
0,prior_0.56_seed_0_ep_000187,187,0.56,0.36,0.5459,0.345865,0.361442,0.345861,0.361442,1.0,1.0,1.0,1.0,1.0,0.0,0.0,0.0,0.0,0.0
0,prior_0.56_seed_0_ep_000188,188,0.56,0.36,0.3502,0.345861,0.361442,0.347403,0.361442,0.634617,1.0,0.0,1.0,0.0,0.0,0.0,1.0,1.0,0.402739
0,prior_0.56_seed_0_ep_000189,189,0.56,0.36,0.4119,0.347403,0.361442,0.347102,0.361442,1.0,1.0,1.0,1.0,1.0,0.0,0.0,0.0,0.0,0.0
0,prior_0.56_seed_0_ep_000190,190,0.56,0.36,0.4153,0.347102,0.361442,0.346834,0.361442,1.0,1.0,1.0,1.0,1.0,0.0,0.0,0.0,0.0,0.0
0,prior_0.56_seed_0_ep_000191,191,0.56,0.36,0.4627,0.346834,0.361442,0.346774,0.361442,1.0,1.0,1.0,1.0,1.0,0.0,0.0,0.0,0.0,0.0
0,prior_0.56_seed_0_ep_000192,192,0.56,0.36,0.4663,0.346774,0.361442,0.346721,0.361442,1.0,1.0,1.0,1.0,1.0,0.0,0.0,0.0,0.0,0.0
0,prior_0.56_seed_0_ep_000193,193,0.56,0.36,0.4111,0.346721,0.361442,0.346424,0.361442,1.0,1.0,1.0,1.0,1.0,0.0,0.0,0.0,0.0,0.0
0,prior_0.56_seed_0_ep_000194,194,0.56,0.36,0.4139,0.346424,0.361442,0.346154,0.361442,1.0,1.0,1.0,1.0,1.0,0.0,0.0,0.0,0.0,0.0
0,prior_0.56_seed_0_ep_000195,195,0.56,0.36,0.4589,0.346154,0.361442,0.346089,0.361442,1.0,1.0,1.0,1.0,1.0,0.0,0.0,0.0,0.0,0.0
0,prior_0.56_seed_0_ep_000196,196,0.56,0.36,0.5045,0.346089,0.361442,0.346075,0.361442,1.0,1.0,1.0,1.0,1.0,0.0,0.0,0.0,0.0,0.0
0,prior_0.56_seed_0_ep_000197,197,0.56,0.36,0.4872,0.346075,0.361442,0.346049,0.361442,1.0,1.0,1.0,1.0,1.0,0.0,0.0,0.0,0.0,0.0
0,prior_0.56_seed_0_ep_000198,198,0.56,0.36,0.2478,0.346049,0.361442,0.346049,0.361442,0.0,0.0,0.0,0.0,0.0,0.0,1.0,0.0,0.0,0.0
0,prior_0.56_seed_0_ep_000199,199,0.56,0.36,0.499,0.346049,0.361442,0.346032,0.361442,1.0,1.0,1.0,1.0,1.0,0.0,0.0,0.0,0.0,0.0
0,prior_0.56_seed_0_ep_000200,200,0.56,0.36,0.5304,0.346032,0.361442,0.346026,0.361442,1.0,1.0,1.0,1.0,1.0,0.0,0.0,0.0,0.0,0.0
0,prior_0.56_seed_0_ep_000201,201,0.56,0.36,0.5683,0.346026,0.361442,0.346024,0.361442,1.0,1.0,1.0,1.0,1.0,0.0,0.0,0.0,0.0,0.0
0,prior_0.56_seed_0_ep_000202,202,0.56,0.36,0.2409,0.346024,0.361442,0.346024,0.361442,0.0,0.0,0.0,0.0,0.0,0.0,1.0,0.0,0.0,0.0
0,prior_0.56_seed_0_ep_000203,203,0.56,0.36,0.4037,0.346024,0.361442,0.345669,0.359216,1.0,1.0,1.0,1.0,1.0,0.0,0.0,0.0,0.0,0.0
0,prior_0.56_seed_0_ep_000204,204,0.56,0.36,0.3033,0.345669,0.359216,0.346214,0.361442,4e-06,0.0,0.0,1.0,0.0,1.0,0.0,1.0,1.0,0.0
0,prior_0.56_seed_0_ep_000205,205,0.56,0.36,0.495,0.346214,0.361442,0.346194,0.361442,1.0,1.0,1.0,1.0,1.0,0.0,0.0,0.0,0.0,0.0
0,prior_0.56_seed_0_ep_000206,206,0.56,0.36,0.4948,0.346194,0.361442,0.346175,0.361442,1.0,1.0,1.0,1.0,1.0,0.0,0.0,0.0,0.0,0.0
0,prior_0.56_seed_0_ep_000207,207,0.56,0.36,0.2988,0.346175,0.361442,0.346175,0.361442,0.0,0.0,0.0,0.0,0.0,0.0,1.0,0.0,0.0,0.0
0,prior_0.56_seed_0_ep_000208,208,0.56,0.36,0.3898,0.346175,0.361442,0.345666,0.359216,1.0,1.0,1.0,1.0,1.0,0.0,0.0,0.0,0.0,0.0
0,prior_0.56_seed_0_ep_000209,209,0.56,0.36,0.2587,0.345666,0.359216,0.345666,0.359216,0.0,0.0,0.0,0.0,0.0,0.0,1.0,0.0,0.0,0.0
0,prior_0.56_seed_0_ep_000210,210,0.56,0.36,0.3182,0.345666,0.359216,0.345666,0.359216,0.001463,0.0,0.0,0.0,0.0,0.0,1.0,0.0,0.0,2e-06
0,prior_0.56_seed_0_ep_000211,211,0.56,0.36,0.3981,0.345666,0.359216,0.345269,0.359216,1.0,1.0,1.0,1.0,1.0,0.0,0.0,0.0,0.0,0.0
0,prior_0.56_seed_0_ep_000212,212,0.56,0.36,0.5246,0.345269,0.359216,0.345262,0.359216,1.0,1.0,1.0,1.0,1.0,0.0,0.0,0.0,0.0,0.0
0,prior_0.56_seed_0_ep_000213,213,0.56,0.36,0.6549,0.345262,0.359216,0.345262,0.359216,1.0,1.0,1.0,1.0,1.0,0.0,0.0,0.0,0.0,0.0
0,prior_0.56_seed_0_ep_000214,214,0.56,0.36,0.5195,0.345262,0.359216,0.345253,0.359216,1.0,1.0,1.0,1.0,1.0,0.0,0.0,0.0,0.0,0.0
0,prior_0.56_seed_0_ep_000215,215,0.56,0.36,0.6054,0.345253,0.359216,0.345253,0.359216,1.0,1.0,1.0,1.0,1.0,0.0,0.0,0.0,0.0,0.0
0,prior_0.56_seed_0_ep_000216,216,0.56,0.36,0.2803,0.345253,0.359216,0.345253,0.359216,0.0,0.0,0.0,0.0,0.0,0.0,1.0,0.0,0.0,0.0
0,prior_0.56_seed_0_ep_000217,217,0.56,0.36,0.2948,0.345253,0.359216,0.345677,0.359216,0.0,0.0,0.0,1.0,0.0,1.0,0.0,1.0,1.0,0.0
0,prior_0.56_seed_0_ep_000218,218,0.56,0.36,0.5729,0.345677,0.359216,0.345676,0.359216,1.0,1.0,1.0,1.0,1.0,0.0,0.0,0.0,0.0,0.0
0,prior_0.56_seed_0_ep_000219,219,0.56,0.36,0.3559,0.345676,0.359216,0.347157,0.361442,0.877837,1.0,0.0,1.0,0.0,0.0,0.0,1.0,1.0,0.770598
0,prior_0.56_seed_0_ep_000220,220,0.56,0.36,0.3986,0.347157,0.361442,0.346772,0.361442,1.0,1.0,1.0,1.0,1.0,0.0,0.0,0.0,0.0,0.0
0,prior_0.56_seed_0_ep_000221,221,0.56,0.36,0.5072,0.346772,0.361442,0.34676,0.361442,1.0,1.0,1.0,1.0,1.0,0.0,0.0,0.0,0.0,0.0
0,prior_0.56_seed_0_ep_000222,222,0.56,0.36,0.4444,0.34676,0.361442,0.346665,0.361442,1.0,1.0,1.0,1.0,1.0,0.0,0.0,0.0,0.0,0.0
0,prior_0.56_seed_0_ep_000223,223,0.56,0.36,0.3979,0.346665,0.361442,0.34628,0.359216,1.0,1.0,1.0,1.0,1.0,0.0,0.0,0.0,0.0,0.0
0,prior_0.56_seed_0_ep_000224,224,0.56,0.36,0.404,0.34628,0.359216,0.345963,0.359216,1.0,1.0,1.0,1.0,1.0,0.0,0.0,0.0,0.0,0.0
0,prior_0.56_seed_0_ep_000225,225,0.56,0.36,0.2301,0.345963,0.359216,0.345963,0.359216,0.0,0.0,0.0,0.0,0.0,0.0,1.0,0.0,0.0,0.0
0,prior_0.56_seed_0_ep_000226,226,0.56,0.36,0.3164,0.345963,0.359216,0.346631,0.361442,0.000388,0.0,0.0,1.0,0.0,1.0,0.0,1.0,1.0,0.0
0,prior_0.56_seed_0_ep_000227,227,0.56,0.36,0.4263,0.346631,0.361442,0.346471,0.359216,1.0,1.0,1.0,1.0,1.0,0.0,0.0,0.0,0.0,0.0
0,prior_0.56_seed_0_ep_000228,228,0.56,0.36,0.2543,0.346471,0.359216,0.346471,0.359216,0.0,0.0,0.0,0.0,0.0,0.0,1.0,0.0,0.0,0.0
0,prior_0.56_seed_0_ep_000229,229,0.56,0.36,0.2857,0.346471,0.359216,0.346471,0.359216,0.0,0.0,0.0,0.0,0.0,0.0,1.0,0.0,0.0,0.0
0,prior_0.56_seed_0_ep_000230,230,0.56,0.36,0.4499,0.346471,0.359216,0.346395,0.359216,1.0,1.0,1.0,1.0,1.0,0.0,0.0,0.0,0.0,0.0
0,prior_0.56_seed_0_ep_000231,231,0.56,0.36,0.3002,0.346395,0.359216,0.346395,0.359216,0.0,0.0,0.0,0.0,0.0,0.0,1.0,0.0,0.0,0.0
0,prior_0.56_seed_0_ep_000232,232,0.56,0.36,0.4276,0.346395,0.359216,0.346243,0.359216,1.0,1.0,1.0,1.0,1.0,0.0,0.0,0.0,0.0,0.0
0,prior_0.56_seed_0_ep_000233,233,0.56,0.36,0.5143,0.346243,0.359216,0.346234,0.359216,1.0,1.0,1.0,1.0,1.0,0.0,0.0,0.0,0.0,0.0
0,prior_0.56_seed_0_ep_000234,234,0.56,0.36,0.3624,0.346234,0.359216,0.345368,0.359216,0.975855,1.0,1.0,1.0,1.0,0.0,0.0,0.0,0.0,0.000583
0,prior_0.56_seed_0_ep_000235,235,0.56,0.36,0.6408,0.345368,0.359216,0.345368,0.359216,1.0,1.0,1.0,1.0,1.0,0.0,0.0,0.0,0.0,0.0
0,prior_0.56_seed_0_ep_000236,236,0.56,0.36,0.4826,0.345368,0.359216,0.345343,0.359216,1.0,1.0,1.0,1.0,1.0,0.0,0.0,0.0,0.0,0.0
0,prior_0.56_seed_0_ep_000237,237,0.56,0.36,0.2589,0.345343,0.359216,0.345343,0.359216,0.0,0.0,0.0,0.0,0.0,0.0,1.0,0.0,0.0,0.0
0,prior_0.56_seed_0_ep_000238,238,0.56,0.36,0.4769,0.345343,0.359216,0.345314,0.359216,1.0,1.0,1.0,1.0,1.0,0.0,0.0,0.0,0.0,0.0
0,prior_0.56_seed_0_ep_000239,239,0.56,0.36,0.4543,0.345314,0.359216,0.345251,0.359216,1.0,1.0,1.0,1.0,1.0,0.0,0.0,0.0,0.0,0.0
0,prior_0.56_seed_0_ep_000240,240,0.56,0.36,0.3407,0.345251,0.359216,0.345251,0.359216,0.273876,0.0,0.0,0.0,0.0,0.0,1.0,0.0,0.0,0.075008
0,prior_0.56_seed_0_ep_000241,241,0.56,0.36,0.2822,0.345251,0.359216,0.345251,0.359216,0.0,0.0,0.0,0.0,0.0,0.0,1.0,0.0,0.0,0.0
0,prior_0.56_seed_0_ep_000242,242,0.56,0.36,0.3137,0.345251,0.359216,0.345863,0.359216,0.000161,0.0,0.0,1.0,0.0,1.0,0.0,1.0,1.0,0.0
0,prior_0.56_seed_0_ep_000243,243,0.56,0.36,0.3986,0.345863,0.359216,0.345522,0.359216,1.0,1.0,1.0,1.0,1.0,0.0,0.0,0.0,0.0,0.0
0,prior_0.56_seed_0_ep_000244,244,0.56,0.36,0.3083,0.345522,0.359216,0.345522,0.359216,1.6e-05,0.0,0.0,0.0,0.0,0.0,1.0,0.0,0.0,0.0
0,prior_0.56_seed_0_ep_000245,245,0.56,0.36,0.4128,0.345522,0.359216,0.345299,0.359216,1.0,1.0,1.0,1.0,1.0,0.0,0.0,0.0,0.0,0.0
0,prior_0.56_seed_0_ep_000246,246,0.56,0.36,0.5098,0.345299,0.359216,0.34529,0.359216,1.0,1.0,1.0,1.0,1.0,0.0,0.0,0.0,0.0,0.0
0,prior_0.56_seed_0_ep_000247,247,0.56,0.36,0.337,0.34529,0.359216,0.34529,0.359216,0.189482,0.0,0.0,0.0,0.0,0.0,1.0,0.0,0.0,0.035903
0,prior_0.56_seed_0_ep_000248,248,0.56,0.36,0.4309,0.34529,0.359216,0.345163,0.359216,1.0,1.0,1.0,1.0,1.0,0.0,0.0,0.0,0.0,0.0
0,prior_0.56_seed_0_ep_000249,249,0.56,0.36,0.2932,0.345163,0.359216,0.345163,0.359216,0.0,0.0,0.0,0.0,0.0,0.0,1.0,0.0,0.0,0.0
0,prior_0.56_seed_0_ep_000250,250,0.56,0.36,0.3003,0.345163,0.359216,0.345163,0.359216,0.0,0.0,0.0,0.0,0.0,0.0,1.0,0.0,0.0,0.0
0,prior_0.56_seed_0_ep_000251,251,0.56,0.36,0.294,0.345163,0.359216,0.345163,0.359216,0.0,0.0,0.0,0.0,0.0,0.0,1.0,0.0,0.0,0.0
0,prior_0.56_seed_0_ep_000252,252,0.56,0.36,0.4223,0.345163,0.359216,0.345,0.359216,1.0,1.0,1.0,1.0,1.0,0.0,0.0,0.0,0.0,0.0
0,prior_0.56_seed_0_ep_000253,253,0.56,0.36,0.4042,0.345,0.359216,0.344721,0.356991,1.0,1.0,1.0,1.0,1.0,0.0,0.0,0.0,0.0,0.0
0,prior_0.56_seed_0_ep_000254,254,0.56,0.36,0.2362,0.344721,0.356991,0.344721,0.356991,0.0,0.0,0.0,0.0,0.0,0.0,1.0,0.0,0.0,0.0
0,prior_0.56_seed_0_ep_000255,255,0.56,0.36,0.453,0.344721,0.356991,0.34466,0.356991,1.0,1.0,1.0,1.0,1.0,0.0,0.0,0.0,0.0,0.0
0,prior_0.56_seed_0_ep_000256,256,0.56,0.36,0.313,0.34466,0.356991,0.34466,0.356991,0.000153,0.0,0.0,0.0,0.0,0.0,1.0,0.0,0.0,0.0
0,prior_0.56_seed_0_ep_000257,257,0.56,0.36,0.5249,0.34466,0.356991,0.344655,0.356991,1.0,1.0,1.0,1.0,1.0,0.0,0.0,0.0,0.0,0.0
0,prior_0.56_seed_0_ep_000258,258,0.56,0.36,0.6703,0.344655,0.356991,0.344655,0.356991,1.0,1.0,1.0,1.0,1.0,0.0,0.0,0.0,0.0,0.0
0,prior_0.56_seed_0_ep_000259,259,0.56,0.36,0.3656,0.344655,0.356991,0.343916,0.356991,0.994267,1.0,1.0,1.0,1.0,0.0,0.0,0.0,0.0,3.3e-05
0,prior_0.56_seed_0_ep_000260,260,0.56,0.36,0.2672,0.343916,0.356991,0.343916,0.356991,0.0,0.0,0.0,0.0,0.0,0.0,1.0,0.0,0.0,0.0
0,prior_0.56_seed_0_ep_000261,261,0.56,0.36,0.5188,0.343916,0.356991,0.343909,0.356991,1.0,1.0,1.0,1.0,1.0,0.0,0.0,0.0,0.0,0.0
0,prior_0.56_seed_0_ep_000262,262,0.56,0.36,0.3849,0.343909,0.356991,0.343457,0.356991,1.0,1.0,1.0,1.0,1.0,0.0,0.0,0.0,0.0,0.0
0,prior_0.56_seed_0_ep_000263,263,0.56,0.36,0.4688,0.343457,0.356991,0.343423,0.356991,1.0,1.0,1.0,1.0,1.0,0.0,0.0,0.0,0.0,0.0
0,prior_0.56_seed_0_ep_000264,264,0.56,0.36,0.2883,0.343423,0.356991,0.343423,0.356991,0.0,0.0,0.0,0.0,0.0,0.0,1.0,0.0,0.0,0.0
0,prior_0.56_seed_0_ep_000265,265,0.56,0.36,0.3205,0.343423,0.356991,0.344123,0.356991,0.002952,0.0,0.0,1.0,0.0,1.0,0.0,1.0,1.0,9e-06
0,prior_0.56_seed_0_ep_000266,266,0.56,0.36,0.3732,0.344123,0.356991,0.343534,0.356991,0.99994,1.0,1.0,1.0,1.0,0.0,0.0,0.0,0.0,0.0
0,prior_0.56_seed_0_ep_000267,267,0.56,0.36,0.3798,0.343534,0.356991,0.343043,0.356991,0.999999,1.0,1.0,1.0,1.0,0.0,0.0,0.0,0.0,0.0
0,prior_0.56_seed_0_ep_000268,268,0.56,0.36,0.2506,0.343043,0.356991,0.343043,0.356991,0.0,0.0,0.0,0.0,0.0,0.0,1.0,0.0,0.0,0.0
0,prior_0.56_seed_0_ep_000269,269,0.56,0.36,0.4468,0.343043,0.356991,0.342977,0.354765,1.0,1.0,1.0,1.0,1.0,0.0,0.0,0.0,0.0,0.0
0,prior_0.56_seed_0_ep_000270,270,0.56,0.36,0.5173,0.342977,0.354765,0.342971,0.354765,1.0,1.0,1.0,1.0,1.0,0.0,0.0,0.0,0.0,0.0
0,prior_0.56_seed_0_ep_000271,271,0.56,0.36,0.2884,0.342971,0.354765,0.342971,0.354765,0.0,0.0,0.0,0.0,0.0,0.0,1.0,0.0,0.0,0.0
0,prior_0.56_seed_0_ep_000272,272,0.56,0.36,0.5206,0.342971,0.354765,0.342965,0.354765,1.0,1.0,1.0,1.0,1.0,0.0,0.0,0.0,0.0,0.0
0,prior_0.56_seed_0_ep_000273,273,0.56,0.36,0.42,0.342965,0.354765,0.342811,0.354765,1.0,1.0,1.0,1.0,1.0,0.0,0.0,0.0,0.0,0.0
0,prior_0.56_seed_0_ep_000274,274,0.56,0.36,0.2469,0.342811,0.354765,0.342811,0.354765,0.0,0.0,0.0,0.0,0.0,0.0,1.0,0.0,0.0,0.0
0,prior_0.56_seed_0_ep_000275,275,0.56,0.36,0.4874,0.342811,0.354765,0.342794,0.354765,1.0,1.0,1.0,1.0,1.0,0.0,0.0,0.0,0.0,0.0
0,prior_0.56_seed_0_ep_000276,276,0.56,0.36,0.2302,0.342794,0.354765,0.342794,0.354765,0.0,0.0,0.0,0.0,0.0,0.0,1.0,0.0,0.0,0.0
0,prior_0.56_seed_0_ep_000277,277,0.56,0.36,0.3683,0.342794,0.354765,0.342166,0.354765,0.999737,1.0,1.0,1.0,1.0,0.0,0.0,0.0,0.0,0.0
0,prior_0.56_seed_0_ep_000278,278,0.56,0.36,0.2496,0.342166,0.354765,0.342166,0.354765,0.0,0.0,0.0,0.0,0.0,0.0,1.0,0.0,0.0,0.0
0,prior_0.56_seed_0_ep_000279,279,0.56,0.36,0.3462,0.342166,0.354765,0.343264,0.356991,0.725728,1.0,0.0,1.0,0.0,0.0,0.0,1.0,1.0,0.526682
0,prior_0.56_seed_0_ep_000280,280,0.56,0.36,0.2556,0.343264,0.356991,0.343264,0.356991,0.0,0.0,0.0,0.0,0.0,0.0,1.0,0.0,0.0,0.0
0,prior_0.56_seed_0_ep_000281,281,0.56,0.36,0.2289,0.343264,0.356991,0.343264,0.356991,0.0,0.0,0.0,0.0,0.0,0.0,1.0,0.0,0.0,0.0
0,prior_0.56_seed_0_ep_000282,282,0.56,0.36,0.5267,0.343264,0.356991,0.34326,0.356991,1.0,1.0,1.0,1.0,1.0,0.0,0.0,0.0,0.0,0.0
0,prior_0.56_seed_0_ep_000283,283,0.56,0.36,0.5201,0.34326,0.356991,0.343254,0.356991,1.0,1.0,1.0,1.0,1.0,0.0,0.0,0.0,0.0,0.0
0,prior_0.56_seed_0_ep_000284,284,0.56,0.36,0.2928,0.343254,0.356991,0.343254,0.356991,0.0,0.0,0.0,0.0,0.0,0.0,1.0,0.0,0.0,0.0
0,prior_0.56_seed_0_ep_000285,285,0.56,0.36,0.4235,0.343254,0.356991,0.34312,0.354765,1.0,1.0,1.0,1.0,1.0,0.0,0.0,0.0,0.0,0.0
0,prior_0.56_seed_0_ep_000286,286,0.56,0.36,0.4627,0.34312,0.354765,0.343083,0.354765,1.0,1.0,1.0,1.0,1.0,0.0,0.0,0.0,0.0,0.0
0,prior_0.56_seed_0_ep_000287,287,0.56,0.36,0.2906,0.343083,0.354765,0.343083,0.354765,0.0,0.0,0.0,0.0,0.0,0.0,1.0,0.0,0.0,0.0
0,prior_0.56_seed_0_ep_000288,288,0.56,0.36,0.4494,0.343083,0.354765,0.343024,0.354765,1.0,1.0,1.0,1.0,1.0,0.0,0.0,0.0,0.0,0.0
0,prior_0.56_seed_0_ep_000289,289,0.56,0.36,0.3127,0.343024,0.354765,0.343024,0.354765,0.000157,0.0,0.0,0.0,0.0,0.0,1.0,0.0,0.0,0.0
0,prior_0.56_seed_0_ep_000290,290,0.56,0.36,0.3848,0.343024,0.354765,0.34262,0.354765,1.0,1.0,1.0,1.0,1.0,0.0,0.0,0.0,0.0,0.0
0,prior_0.56_seed_0_ep_000291,291,0.56,0.36,0.3751,0.34262,0.354765,0.342113,0.354765,0.999997,1.0,1.0,1.0,1.0,0.0,0.0,0.0,0.0,0.0
0,prior_0.56_seed_0_ep_000292,292,0.56,0.36,0.3585,0.342113,0.354765,0.343354,0.354765,0.982876,1.0,0.0,1.0,0.0,0.0,0.0,1.0,1.0,0.966045
0,prior_0.56_seed_0_ep_000293,293,0.56,0.36,0.3516,0.343354,0.354765,0.344439,0.356991,0.856078,1.0,0.0,1.0,0.0,0.0,0.0,1.0,1.0,0.732869
0,prior_0.56_seed_0_ep_000294,294,0.56,0.36,0.5853,0.344439,0.356991,0.344439,0.356991,1.0,1.0,1.0,1.0,1.0,0.0,0.0,0.0,0.0,0.0
0,prior_0.56_seed_0_ep_000295,295,0.56,0.36,0.3003,0.344439,0.356991,0.344439,0.356991,0.0,0.0,0.0,0.0,0.0,0.0,1.0,0.0,0.0,0.0
0,prior_0.56_seed_0_ep_000296,296,0.56,0.36,0.4343,0.344439,0.356991,0.344347,0.356991,1.0,1.0,1.0,1.0,1.0,0.0,0.0,0.0,0.0,0.0
0,prior_0.56_seed_0_ep_000297,297,0.56,0.36,0.4776,0.344347,0.356991,0.344325,0.356991,1.0,1.0,1.0,1.0,1.0,0.0,0.0,0.0,0.0,0.0
0,prior_0.56_seed_0_ep_000298,298,0.56,0.36,0.3498,0.344325,0.356991,0.345339,0.356991,0.739909,1.0,0.0,1.0,0.0,0.0,0.0,1.0,1.0,0.547466
0,prior_0.56_seed_0_ep_000299,299,0.56,0.36,0.5358,0.345339,0.356991,0.345335,0.356991,1.0,1.0,1.0,1.0,1.0,0.0,0.0,0.0,0.0,0.0
1,prior_0.56_seed_1_ep_000000,0,0.56,0.36,0.475,0.559973,0.690846,0.464718,0.555078,0.147053,0.0,1.0,1.0,1.0,1.0,0.0,0.0,0.0,0.727519
1,prior_0.56_seed_1_ep_000001,1,0.56,0.36,0.4686,0.464718,0.555078,0.434244,0.506113,0.5298,1.0,1.0,1.0,1.0,0.0,0.0,0.0,0.0,0.221088
1,prior_0.56_seed_1_ep_000002,2,0.56,0.36,0.5081,0.434244,0.506113,0.427125,0.492759,0.955202,1.0,1.0,1.0,1.0,0.0,0.0,0.0,0.0,0.002007
1,prior_0.56_seed_1_ep_000003,3,0.56,0.36,0.4359,0.427125,0.492759,0.406946,0.468276,0.551294,1.0,1.0,1.0,1.0,0.0,0.0,0.0,0.0,0.201337
1,prior_0.56_seed_1_ep_000004,4,0.56,0.36,0.5046,0.406946,0.468276,0.404093,0.463824,0.997339,1.0,1.0,1.0,1.0,0.0,0.0,0.0,0.0,7e-06
1,prior_0.56_seed_1_ep_000005,5,0.56,0.36,0.3516,0.404093,0.463824,0.404093,0.463824,0.101869,0.0,0.0,0.0,0.0,0.0,1.0,0.0,0.0,0.010377
1,prior_0.56_seed_1_ep_000006,6,0.56,0.36,0.3325,0.404093,0.463824,0.404093,0.463824,0.053244,0.0,0.0,0.0,0.0,0.0,1.0,0.0,0.0,0.002835
1,prior_0.56_seed_1_ep_000007,7,0.56,0.36,0.2214,0.404093,0.463824,0.404093,0.463824,0.000284,0.0,0.0,0.0,0.0,0.0,1.0,0.0,0.0,0.0
1,prior_0.56_seed_1_ep_000008,8,0.56,0.36,0.4413,0.404093,0.463824,0.3932,0.45047,0.81951,1.0,1.0,1.0,1.0,0.0,0.0,0.0,0.0,0.032577
1,prior_0.56_seed_1_ep_000009,9,0.56,0.36,0.522,0.3932,0.45047,0.392253,0.448245,0.999991,1.0,1.0,1.0,1.0,0.0,0.0,0.0,0.0,0.0
1,prior_0.56_seed_1_ep_000010,10,0.56,0.36,0.3937,0.392253,0.448245,0.392253,0.448245,0.476049,0.0,1.0,0.0,0.0,0.0,1.0,0.0,0.0,0.274525
1,prior_0.56_seed_1_ep_000011,11,0.56,0.36,0.425,0.392253,0.448245,0.381431,0.437116,0.801279,1.0,1.0,1.0,1.0,0.0,0.0,0.0,0.0,0.03949
1,prior_0.56_seed_1_ep_000012,12,0.56,0.36,0.5082,0.381431,0.437116,0.380532,0.43489,0.999996,1.0,1.0,1.0,1.0,0.0,0.0,0.0,0.0,0.0
1,prior_0.56_seed_1_ep_000013,13,0.56,0.36,0.4861,0.380532,0.43489,0.378866,0.432665,0.999909,1.0,1.0,1.0,1.0,0.0,0.0,0.0,0.0,0.0
1,prior_0.56_seed_1_ep_000014,14,0.56,0.36,0.6551,0.378866,0.432665,0.378859,0.432665,1.0,1.0,1.0,1.0,1.0,0.0,0.0,0.0,0.0,0.0
1,prior_0.56_seed_1_ep_000015,15,0.56,0.36,0.4896,0.378859,0.432665,0.377475,0.430439,0.999972,1.0,1.0,1.0,1.0,0.0,0.0,0.0,0.0,0.0
1,prior_0.56_seed_1_ep_000016,16,0.56,0.36,0.3132,0.377475,0.430439,0.377475,0.430439,0.054648,0.0,0.0,0.0,0.0,0.0,1.0,0.0,0.0,0.002986
1,prior_0.56_seed_1_ep_000017,17,0.56,0.36,0.4392,0.377475,0.430439,0.372316,0.423762,0.974011,1.0,1.0,1.0,1.0,0.0,0.0,0.0,0.0,0.000675
1,prior_0.56_seed_1_ep_000018,18,0.56,0.36,0.6399,0.372316,0.423762,0.372309,0.423762,1.0,1.0,1.0,1.0,1.0,0.0,0.0,0.0,0.0,0.0
1,prior_0.56_seed_1_ep_000019,19,0.56,0.36,0.4455,0.372309,0.423762,0.368608,0.41931,0.993813,1.0,1.0,1.0,1.0,0.0,0.0,0.0,0.0,3.8e-05
1,prior_0.56_seed_1_ep_000020,20,0.56,0.36,0.59,0.368608,0.41931,0.368574,0.41931,1.0,1.0,1.0,1.0,1.0,0.0,0.0,0.0,0.0,0.0
1,prior_0.56_seed_1_ep_000021,21,0.56,0.36,0.4855,0.368574,0.41931,0.367559,0.41931,0.999999,1.0,1.0,1.0,1.0,0.0,0.0,0.0,0.0,0.0
1,prior_0.56_seed_1_ep_000022,22,0.56,0.36,0.2362,0.367559,0.41931,0.368936,0.41931,0.001929,0.0,0.0,1.0,0.0,1.0,0.0,1.0,1.0,4e-06
1,prior_0.56_seed_1_ep_000023,23,0.56,0.36,0.5226,0.368936,0.41931,0.368645,0.41931,1.0,1.0,1.0,1.0,1.0,0.0,0.0,0.0,0.0,0.0
1,prior_0.56_seed_1_ep_000024,24,0.56,0.36,0.4125,0.368645,0.41931,0.361905,0.410408,0.914856,1.0,1.0,1.0,1.0,0.0,0.0,0.0,0.0,0.007249
1,prior_0.56_seed_1_ep_000025,25,0.56,0.36,0.326,0.361905,0.410408,0.361905,0.410408,0.146343,0.0,0.0,0.0,0.0,0.0,1.0,0.0,0.0,0.021416
1,prior_0.56_seed_1_ep_000026,26,0.56,0.36,0.4801,0.361905,0.410408,0.361043,0.410408,1.0,1.0,1.0,1.0,1.0,0.0,0.0,0.0,0.0,0.0
1,prior_0.56_seed_1_ep_000027,27,0.56,0.36,0.4896,0.361043,0.410408,0.360432,0.408182,1.0,1.0,1.0,1.0,1.0,0.0,0.0,0.0,0.0,0.0
1,prior_0.56_seed_1_ep_000028,28,0.56,0.36,0.5328,0.360432,0.408182,0.360285,0.408182,1.0,1.0,1.0,1.0,1.0,0.0,0.0,0.0,0.0,0.0
1,prior_0.56_seed_1_ep_000029,29,0.56,0.36,0.2809,0.360285,0.408182,0.360285,0.408182,0.017233,0.0,0.0,0.0,0.0,0.0,1.0,0.0,0.0,0.000297
1,prior_0.56_seed_1_ep_000030,30,0.56,0.36,0.4473,0.360285,0.408182,0.358159,0.405956,0.999755,1.0,1.0,1.0,1.0,0.0,0.0,0.0,0.0,0.0
1,prior_0.56_seed_1_ep_000031,31,0.56,0.36,0.2647,0.358159,0.405956,0.358159,0.405956,0.007565,0.0,0.0,0.0,0.0,0.0,1.0,0.0,0.0,5.7e-05
1,prior_0.56_seed_1_ep_000032,32,0.56,0.36,0.4218,0.358159,0.405956,0.354259,0.401505,0.991922,1.0,1.0,1.0,1.0,0.0,0.0,0.0,0.0,6.5e-05
1,prior_0.56_seed_1_ep_000033,33,0.56,0.36,0.6401,0.354259,0.401505,0.354256,0.401505,1.0,1.0,1.0,1.0,1.0,0.0,0.0,0.0,0.0,0.0
1,prior_0.56_seed_1_ep_000034,34,0.56,0.36,0.4273,0.354256,0.401505,0.3513,0.397053,0.997926,1.0,1.0,1.0,1.0,0.0,0.0,0.0,0.0,4e-06
1,prior_0.56_seed_1_ep_000035,35,0.56,0.36,0.3862,0.3513,0.397053,0.344064,0.390376,0.881454,1.0,1.0,1.0,1.0,0.0,0.0,0.0,0.0,0.014053
1,prior_0.56_seed_1_ep_000036,36,0.56,0.36,0.3859,0.344064,0.390376,0.337995,0.383699,0.920419,1.0,1.0,1.0,1.0,0.0,0.0,0.0,0.0,0.006333
1,prior_0.56_seed_1_ep_000037,37,0.56,0.36,0.2376,0.337995,0.383699,0.339893,0.383699,0.003076,0.0,0.0,1.0,0.0,1.0,0.0,1.0,1.0,9e-06
1,prior_0.56_seed_1_ep_000038,38,0.56,0.36,0.3417,0.339893,0.383699,0.351962,0.390376,0.505169,1.0,0.0,1.0,0.0,0.0,0.0,1.0,1.0,0.255196
1,prior_0.56_seed_1_ep_000039,39,0.56,0.36,0.5081,0.351962,0.390376,0.351831,0.390376,1.0,1.0,1.0,1.0,1.0,0.0,0.0,0.0,0.0,0.0
1,prior_0.56_seed_1_ep_000040,40,0.56,0.36,0.37,0.351831,0.390376,0.345407,0.383699,0.752317,1.0,1.0,1.0,1.0,0.0,0.0,0.0,0.0,0.061347
1,prior_0.56_seed_1_ep_000041,41,0.56,0.36,0.3184,0.345407,0.383699,0.345407,0.383699,0.130378,0.0,0.0,0.0,0.0,0.0,1.0,0.0,0.0,0.016998
1,prior_0.56_seed_1_ep_000042,42,0.56,0.36,0.4743,0.345407,0.383699,0.345101,0.381473,1.0,1.0,1.0,1.0,1.0,0.0,0.0,0.0,0.0,0.0
1,prior_0.56_seed_1_ep_000043,43,0.56,0.36,0.3459,0.345101,0.381473,0.353599,0.385925,0.508174,1.0,0.0,1.0,0.0,0.0,0.0,1.0,1.0,0.258241
1,prior_0.56_seed_1_ep_000044,44,0.56,0.36,0.3079,0.353599,0.385925,0.356533,0.38815,0.020486,0.0,0.0,1.0,0.0,1.0,0.0,1.0,1.0,0.00042
1,prior_0.56_seed_1_ep_000045,45,0.56,0.36,0.4836,0.356533,0.38815,0.356311,0.38815,1.0,1.0,1.0,1.0,1.0,0.0,0.0,0.0,0.0,0.0
1,prior_0.56_seed_1_ep_000046,46,0.56,0.36,0.3741,0.356311,0.38815,0.351835,0.383699,0.804546,1.0,1.0,1.0,1.0,0.0,0.0,0.0,0.0,0.038202
1,prior_0.56_seed_1_ep_000047,47,0.56,0.36,0.3525,0.351835,0.383699,0.351835,0.383699,0.477797,0.0,0.0,0.0,0.0,0.0,1.0,0.0,0.0,0.22829
1,prior_0.56_seed_1_ep_000048,48,0.56,0.36,0.4206,0.351835,0.383699,0.350581,0.381473,0.999951,1.0,1.0,1.0,1.0,0.0,0.0,0.0,0.0,0.0
1,prior_0.56_seed_1_ep_000049,49,0.56,0.36,0.5708,0.350581,0.381473,0.350571,0.381473,1.0,1.0,1.0,1.0,1.0,0.0,0.0,0.0,0.0,0.0
1,prior_0.56_seed_1_ep_000050,50,0.56,0.36,0.4692,0.350571,0.381473,0.350304,0.381473,1.0,1.0,1.0,1.0,1.0,0.0,0.0,0.0,0.0,0.0
1,prior_0.56_seed_1_ep_000051,51,0.56,0.36,0.2375,0.350304,0.381473,0.350304,0.381473,1e-06,0.0,0.0,0.0,0.0,0.0,1.0,0.0,0.0,0.0
1,prior_0.56_seed_1_ep_000052,52,0.56,0.36,0.2187,0.350304,0.381473,0.350304,0.381473,0.0,0.0,0.0,0.0,0.0,0.0,1.0,0.0,0.0,0.0
1,prior_0.56_seed_1_ep_000053,53,0.56,0.36,0.531,0.350304,0.381473,0.35027,0.381473,1.0,1.0,1.0,1.0,1.0,0.0,0.0,0.0,0.0,0.0
1,prior_0.56_seed_1_ep_000054,54,0.56,0.36,0.2595,0.35027,0.381473,0.350991,0.381473,3.1e-05,0.0,0.0,1.0,0.0,1.0,0.0,1.0,1.0,0.0
1,prior_0.56_seed_1_ep_000055,55,0.56,0.36,0.5124,0.350991,0.381473,0.350927,0.381473,1.0,1.0,1.0,1.0,1.0,0.0,0.0,0.0,0.0,0.0
1,prior_0.56_seed_1_ep_000056,56,0.56,0.36,0.2218,0.350927,0.381473,0.350927,0.381473,0.0,0.0,0.0,0.0,0.0,0.0,1.0,0.0,0.0,0.0
1,prior_0.56_seed_1_ep_000057,57,0.56,0.36,0.5363,0.350927,0.381473,0.350899,0.381473,1.0,1.0,1.0,1.0,1.0,0.0,0.0,0.0,0.0,0.0
1,prior_0.56_seed_1_ep_000058,58,0.56,0.36,0.4073,0.350899,0.381473,0.349245,0.379248,0.99938,1.0,1.0,1.0,1.0,0.0,0.0,0.0,0.0,0.0
1,prior_0.56_seed_1_ep_000059,59,0.56,0.36,0.5162,0.349245,0.379248,0.349194,0.379248,1.0,1.0,1.0,1.0,1.0,0.0,0.0,0.0,0.0,0.0
1,prior_0.56_seed_1_ep_000060,60,0.56,0.36,0.3565,0.349194,0.379248,0.355174,0.383699,0.627592,1.0,0.0,1.0,0.0,0.0,0.0,1.0,1.0,0.393871
1,prior_0.56_seed_1_ep_000061,61,0.56,0.36,0.3069,0.355174,0.383699,0.355174,0.383699,0.004944,0.0,0.0,0.0,0.0,0.0,1.0,0.0,0.0,2.4e-05
1,prior_0.56_seed_1_ep_000062,62,0.56,0.36,0.414,0.355174,0.383699,0.353882,0.381473,0.999882,1.0,1.0,1.0,1.0,0.0,0.0,0.0,0.0,0.0
1,prior_0.56_seed_1_ep_000063,63,0.56,0.36,0.4024,0.353882,0.381473,0.352223,0.379248,0.998871,1.0,1.0,1.0,1.0,0.0,0.0,0.0,0.0,1e-06
1,prior_0.56_seed_1_ep_000064,64,0.56,0.36,0.4104,0.352223,0.379248,0.350973,0.377022,0.999889,1.0,1.0,1.0,1.0,0.0,0.0,0.0,0.0,0.0
1,prior_0.56_seed_1_ep_000065,65,0.56,0.36,0.402,0.350973,0.377022,0.349489,0.377022,0.999605,1.0,1.0,1.0,1.0,0.0,0.0,0.0,0.0,0.0
1,prior_0.56_seed_1_ep_000066,66,0.56,0.36,0.3616,0.349489,0.377022,0.345977,0.372571,0.780039,1.0,1.0,1.0,1.0,0.0,0.0,0.0,0.0,0.048383
1,prior_0.56_seed_1_ep_000067,67,0.56,0.36,0.2405,0.345977,0.372571,0.345977,0.372571,0.0,0.0,0.0,0.0,0.0,0.0,1.0,0.0,0.0,0.0
1,prior_0.56_seed_1_ep_000068,68,0.56,0.36,0.519,0.345977,0.372571,0.345946,0.372571,1.0,1.0,1.0,1.0,1.0,0.0,0.0,0.0,0.0,0.0
1,prior_0.56_seed_1_ep_000069,69,0.56,0.36,0.3842,0.345946,0.372571,0.343997,0.370345,0.994205,1.0,1.0,1.0,1.0,0.0,0.0,0.0,0.0,3.4e-05
1,prior_0.56_seed_1_ep_000070,70,0.56,0.36,0.524,0.343997,0.370345,0.343973,0.370345,1.0,1.0,1.0,1.0,1.0,0.0,0.0,0.0,0.0,0.0
1,prior_0.56_seed_1_ep_000071,71,0.56,0.36,0.2896,0.343973,0.370345,0.343973,0.370345,0.001152,0.0,0.0,0.0,0.0,0.0,1.0,0.0,0.0,1e-06
1,prior_0.56_seed_1_ep_000072,72,0.56,0.36,0.2842,0.343973,0.370345,0.343973,0.370345,0.000548,0.0,0.0,0.0,0.0,0.0,1.0,0.0,0.0,0.0
1,prior_0.56_seed_1_ep_000073,73,0.56,0.36,0.5323,0.343973,0.370345,0.343955,0.370345,1.0,1.0,1.0,1.0,1.0,0.0,0.0,0.0,0.0,0.0
1,prior_0.56_seed_1_ep_000074,74,0.56,0.36,0.3928,0.343955,0.370345,0.342498,0.368119,0.999609,1.0,1.0,1.0,1.0,0.0,0.0,0.0,0.0,0.0
1,prior_0.56_seed_1_ep_000075,75,0.56,0.36,0.3447,0.342498,0.368119,0.346688,0.370345,0.54187,1.0,0.0,1.0,0.0,0.0,0.0,1.0,1.0,0.293623
1,prior_0.56_seed_1_ep_000076,76,0.56,0.36,0.6649,0.346688,0.370345,0.346688,0.370345,1.0,1.0,1.0,1.0,1.0,0.0,0.0,0.0,0.0,0.0
1,prior_0.56_seed_1_ep_000077,77,0.56,0.36,0.3631,0.346688,0.370345,0.34399,0.368119,0.853668,1.0,1.0,1.0,1.0,0.0,0.0,0.0,0.0,0.021413
1,prior_0.56_seed_1_ep_000078,78,0.56,0.36,0.2096,0.34399,0.368119,0.34399,0.368119,0.0,0.0,0.0,0.0,0.0,0.0,1.0,0.0,0.0,0.0
1,prior_0.56_seed_1_ep_000079,79,0.56,0.36,0.3672,0.34399,0.368119,0.341699,0.365893,0.943069,1.0,1.0,1.0,1.0,0.0,0.0,0.0,0.0,0.003241
1,prior_0.56_seed_1_ep_000080,80,0.56,0.36,0.2267,0.341699,0.365893,0.341699,0.365893,0.0,0.0,0.0,0.0,0.0,0.0,1.0,0.0,0.0,0.0
1,prior_0.56_seed_1_ep_000081,81,0.56,0.36,0.5312,0.341699,0.365893,0.341684,0.365893,1.0,1.0,1.0,1.0,1.0,0.0,0.0,0.0,0.0,0.0
1,prior_0.56_seed_1_ep_000082,82,0.56,0.36,0.282,0.341684,0.365893,0.341684,0.365893,0.000187,0.0,0.0,0.0,0.0,0.0,1.0,0.0,0.0,0.0
1,prior_0.56_seed_1_ep_000083,83,0.56,0.36,0.5384,0.341684,0.365893,0.341673,0.365893,1.0,1.0,1.0,1.0,1.0,0.0,0.0,0.0,0.0,0.0
1,prior_0.56_seed_1_ep_000084,84,0.56,0.36,0.2991,0.341673,0.365893,0.343167,0.365893,0.004765,0.0,0.0,1.0,0.0,1.0,0.0,1.0,1.0,2.3e-05
1,prior_0.56_seed_1_ep_000085,85,0.56,0.36,0.4645,0.343167,0.365893,0.343039,0.365893,1.0,1.0,1.0,1.0,1.0,0.0,0.0,0.0,0.0,0.0
1,prior_0.56_seed_1_ep_000086,86,0.56,0.36,0.4396,0.343039,0.365893,0.342757,0.365893,1.0,1.0,1.0,1.0,1.0,0.0,0.0,0.0,0.0,0.0
1,prior_0.56_seed_1_ep_000087,87,0.56,0.36,0.5224,0.342757,0.365893,0.342739,0.365893,1.0,1.0,1.0,1.0,1.0,0.0,0.0,0.0,0.0,0.0
1,prior_0.56_seed_1_ep_000088,88,0.56,0.36,0.5367,0.342739,0.365893,0.342727,0.365893,1.0,1.0,1.0,1.0,1.0,0.0,0.0,0.0,0.0,0.0
1,prior_0.56_seed_1_ep_000089,89,0.56,0.36,0.2097,0.342727,0.365893,0.342727,0.365893,0.0,0.0,0.0,0.0,0.0,0.0,1.0,0.0,0.0,0.0
1,prior_0.56_seed_1_ep_000090,90,0.56,0.36,0.3496,0.342727,0.365893,0.34633,0.368119,0.666525,1.0,0.0,1.0,0.0,0.0,0.0,1.0,1.0,0.444256
1,prior_0.56_seed_1_ep_000091,91,0.56,0.36,0.6925,0.34633,0.368119,0.34633,0.368119,1.0,1.0,1.0,1.0,1.0,0.0,0.0,0.0,0.0,0.0
1,prior_0.56_seed_1_ep_000092,92,0.56,0.36,0.4697,0.34633,0.368119,0.346222,0.368119,1.0,1.0,1.0,1.0,1.0,0.0,0.0,0.0,0.0,0.0
1,prior_0.56_seed_1_ep_000093,93,0.56,0.36,0.222,0.346222,0.368119,0.346222,0.368119,0.0,0.0,0.0,0.0,0.0,0.0,1.0,0.0,0.0,0.0
1,prior_0.56_seed_1_ep_000094,94,0.56,0.36,0.4234,0.346222,0.368119,0.345761,0.368119,1.0,1.0,1.0,1.0,1.0,0.0,0.0,0.0,0.0,0.0
1,prior_0.56_seed_1_ep_000095,95,0.56,0.36,0.3939,0.345761,0.368119,0.344717,0.365893,0.999927,1.0,1.0,1.0,1.0,0.0,0.0,0.0,0.0,0.0
1,prior_0.56_seed_1_ep_000096,96,0.56,0.36,0.2243,0.344717,0.365893,0.344717,0.365893,0.0,0.0,0.0,0.0,0.0,0.0,1.0,0.0,0.0,0.0
1,prior_0.56_seed_1_ep_000097,97,0.56,0.36,0.3122,0.344717,0.365893,0.346278,0.368119,0.009613,0.0,0.0,1.0,0.0,1.0,0.0,1.0,1.0,9.2e-05
1,prior_0.56_seed_1_ep_000098,98,0.56,0.36,0.4957,0.346278,0.368119,0.346236,0.368119,1.0,1.0,1.0,1.0,1.0,0.0,0.0,0.0,0.0,0.0
1,prior_0.56_seed_1_ep_000099,99,0.56,0.36,0.4505,0.346236,0.368119,0.346053,0.368119,1.0,1.0,1.0,1.0,1.0,0.0,0.0,0.0,0.0,0.0
1,prior_0.56_seed_1_ep_000100,100,0.56,0.36,0.4189,0.346053,0.368119,0.345572,0.365893,1.0,1.0,1.0,1.0,1.0,0.0,0.0,0.0,0.0,0.0
1,prior_0.56_seed_1_ep_000101,101,0.56,0.36,0.3797,0.345572,0.365893,0.344207,0.365893,0.997534,1.0,1.0,1.0,1.0,0.0,0.0,0.0,0.0,6e-06
1,prior_0.56_seed_1_ep_000102,102,0.56,0.36,0.229,0.344207,0.365893,0.344207,0.365893,0.0,0.0,0.0,0.0,0.0,0.0,1.0,0.0,0.0,0.0
1,prior_0.56_seed_1_ep_000103,103,0.56,0.36,0.2546,0.344207,0.365893,0.344503,0.365893,0.0,0.0,0.0,1.0,0.0,1.0,0.0,1.0,1.0,0.0
1,prior_0.56_seed_1_ep_000104,104,0.56,0.36,0.2975,0.344503,0.365893,0.344503,0.365893,0.000406,0.0,0.0,0.0,0.0,0.0,1.0,0.0,0.0,0.0
1,prior_0.56_seed_1_ep_000105,105,0.56,0.36,0.2404,0.344503,0.365893,0.344503,0.365893,0.0,0.0,0.0,0.0,0.0,0.0,1.0,0.0,0.0,0.0
1,prior_0.56_seed_1_ep_000106,106,0.56,0.36,0.2458,0.344503,0.365893,0.344503,0.365893,0.0,0.0,0.0,0.0,0.0,0.0,1.0,0.0,0.0,0.0
1,prior_0.56_seed_1_ep_000107,107,0.56,0.36,0.3819,0.344503,0.365893,0.343281,0.363668,0.999167,1.0,1.0,1.0,1.0,0.0,0.0,0.0,0.0,1e-06
1,prior_0.56_seed_1_ep_000108,108,0.56,0.36,0.6377,0.343281,0.363668,0.34328,0.363668,1.0,1.0,1.0,1.0,1.0,0.0,0.0,0.0,0.0,0.0
1,prior_0.56_seed_1_ep_000109,109,0.56,0.36,0.4143,0.34328,0.363668,0.342802,0.363668,1.0,1.0,1.0,1.0,1.0,0.0,0.0,0.0,0.0,0.0
1,prior_0.56_seed_1_ep_000110,110,0.56,0.36,0.5109,0.342802,0.363668,0.342781,0.363668,1.0,1.0,1.0,1.0,1.0,0.0,0.0,0.0,0.0,0.0
1,prior_0.56_seed_1_ep_000111,111,0.56,0.36,0.4082,0.342781,0.363668,0.342223,0.361442,1.0,1.0,1.0,1.0,1.0,0.0,0.0,0.0,0.0,0.0
1,prior_0.56_seed_1_ep_000112,112,0.56,0.36,0.3168,0.342223,0.361442,0.342223,0.361442,0.021975,0.0,0.0,0.0,0.0,0.0,1.0,0.0,0.0,0.000483
1,prior_0.56_seed_1_ep_000113,113,0.56,0.36,0.3211,0.342223,0.361442,0.343968,0.363668,0.045126,0.0,0.0,1.0,0.0,1.0,0.0,1.0,1.0,0.002036
1,prior_0.56_seed_1_ep_000114,114,0.56,0.36,0.6169,0.343968,0.363668,0.343967,0.363668,1.0,1.0,1.0,1.0,1.0,0.0,0.0,0.0,0.0,0.0
1,prior_0.56_seed_1_ep_000115,115,0.56,0.36,0.5253,0.343967,0.363668,0.343955,0.363668,1.0,1.0,1.0,1.0,1.0,0.0,0.0,0.0,0.0,0.0
1,prior_0.56_seed_1_ep_000116,116,0.56,0.36,0.2985,0.343955,0.363668,0.343955,0.363668,0.00026,0.0,0.0,0.0,0.0,0.0,1.0,0.0,0.0,0.0
1,prior_0.56_seed_1_ep_000117,117,0.56,0.36,0.4038,0.343955,0.363668,0.343342,0.363668,1.0,1.0,1.0,1.0,1.0,0.0,0.0,0.0,0.0,0.0
1,prior_0.56_seed_1_ep_000118,118,0.56,0.36,0.6046,0.343342,0.363668,0.343342,0.363668,1.0,1.0,1.0,1.0,1.0,0.0,0.0,0.0,0.0,0.0
1,prior_0.56_seed_1_ep_000119,119,0.56,0.36,0.2811,0.343342,0.363668,0.343342,0.363668,2e-06,0.0,0.0,0.0,0.0,0.0,1.0,0.0,0.0,0.0
1,prior_0.56_seed_1_ep_000120,120,0.56,0.36,0.3982,0.343342,0.363668,0.342645,0.361442,1.0,1.0,1.0,1.0,1.0,0.0,0.0,0.0,0.0,0.0
1,prior_0.56_seed_1_ep_000121,121,0.56,0.36,0.3274,0.342645,0.361442,0.342645,0.361442,0.099826,0.0,0.0,0.0,0.0,0.0,1.0,0.0,0.0,0.009965
1,prior_0.56_seed_1_ep_000122,122,0.56,0.36,0.4708,0.342645,0.361442,0.342574,0.361442,1.0,1.0,1.0,1.0,1.0,0.0,0.0,0.0,0.0,0.0
1,prior_0.56_seed_1_ep_000123,123,0.56,0.36,0.5014,0.342574,0.361442,0.342548,0.361442,1.0,1.0,1.0,1.0,1.0,0.0,0.0,0.0,0.0,0.0
1,prior_0.56_seed_1_ep_000124,124,0.56,0.36,0.5809,0.342548,0.361442,0.342546,0.361442,1.0,1.0,1.0,1.0,1.0,0.0,0.0,0.0,0.0,0.0
1,prior_0.56_seed_1_ep_000125,125,0.56,0.36,0.6522,0.342546,0.361442,0.342546,0.361442,1.0,1.0,1.0,1.0,1.0,0.0,0.0,0.0,0.0,0.0
1,prior_0.56_seed_1_ep_000126,126,0.56,0.36,0.5309,0.342546,0.361442,0.342537,0.361442,1.0,1.0,1.0,1.0,1.0,0.0,0.0,0.0,0.0,0.0
1,prior_0.56_seed_1_ep_000127,127,0.56,0.36,0.4094,0.342537,0.361442,0.342049,0.361442,1.0,1.0,1.0,1.0,1.0,0.0,0.0,0.0,0.0,0.0
1,prior_0.56_seed_1_ep_000128,128,0.56,0.36,0.4628,0.342049,0.361442,0.34196,0.361442,1.0,1.0,1.0,1.0,1.0,0.0,0.0,0.0,0.0,0.0
1,prior_0.56_seed_1_ep_000129,129,0.56,0.36,0.2503,0.34196,0.361442,0.34196,0.361442,0.0,0.0,0.0,0.0,0.0,0.0,1.0,0.0,0.0,0.0
1,prior_0.56_seed_1_ep_000130,130,0.56,0.36,0.2291,0.34196,0.361442,0.34196,0.361442,0.0,0.0,0.0,0.0,0.0,0.0,1.0,0.0,0.0,0.0
1,prior_0.56_seed_1_ep_000131,131,0.56,0.36,0.2575,0.34196,0.361442,0.34196,0.361442,0.0,0.0,0.0,0.0,0.0,0.0,1.0,0.0,0.0,0.0
1,prior_0.56_seed_1_ep_000132,132,0.56,0.36,0.2316,0.34196,0.361442,0.34196,0.361442,0.0,0.0,0.0,0.0,0.0,0.0,1.0,0.0,0.0,0.0
1,prior_0.56_seed_1_ep_000133,133,0.56,0.36,0.3121,0.34196,0.361442,0.343276,0.361442,0.007796,0.0,0.0,1.0,0.0,1.0,0.0,1.0,1.0,6.1e-05
1,prior_0.56_seed_1_ep_000134,134,0.56,0.36,0.4992,0.343276,0.361442,0.343249,0.361442,1.0,1.0,1.0,1.0,1.0,0.0,0.0,0.0,0.0,0.0
1,prior_0.56_seed_1_ep_000135,135,0.56,0.36,0.4498,0.343249,0.361442,0.343115,0.361442,1.0,1.0,1.0,1.0,1.0,0.0,0.0,0.0,0.0,0.0
1,prior_0.56_seed_1_ep_000136,136,0.56,0.36,0.3002,0.343115,0.361442,0.343115,0.361442,0.000342,0.0,0.0,0.0,0.0,0.0,1.0,0.0,0.0,0.0
1,prior_0.56_seed_1_ep_000137,137,0.56,0.36,0.3945,0.343115,0.361442,0.342406,0.361442,0.999999,1.0,1.0,1.0,1.0,0.0,0.0,0.0,0.0,0.0
1,prior_0.56_seed_1_ep_000138,138,0.56,0.36,0.3393,0.342406,0.361442,0.342406,0.361442,0.419878,0.0,0.0,0.0,0.0,0.0,1.0,0.0,0.0,0.176297
1,prior_0.56_seed_1_ep_000139,139,0.56,0.36,0.4443,0.342406,0.361442,0.342252,0.361442,1.0,1.0,1.0,1.0,1.0,0.0,0.0,0.0,0.0,0.0
1,prior_0.56_seed_1_ep_000140,140,0.56,0.36,0.3329,0.342252,0.361442,0.344126,0.361442,0.226127,0.0,0.0,1.0,0.0,1.0,0.0,1.0,1.0,0.051133
1,prior_0.56_seed_1_ep_000141,141,0.56,0.36,0.3486,0.344126,0.361442,0.346351,0.363668,0.667209,1.0,0.0,1.0,0.0,0.0,0.0,1.0,1.0,0.445168
1,prior_0.56_seed_1_ep_000142,142,0.56,0.36,0.2603,0.346351,0.363668,0.346351,0.363668,0.0,0.0,0.0,0.0,0.0,0.0,1.0,0.0,0.0,0.0
1,prior_0.56_seed_1_ep_000143,143,0.56,0.36,0.3652,0.346351,0.363668,0.344969,0.363668,0.956291,1.0,1.0,1.0,1.0,0.0,0.0,0.0,0.0,0.00191
1,prior_0.56_seed_1_ep_000144,144,0.56,0.36,0.4223,0.344969,0.363668,0.34468,0.361442,1.0,1.0,1.0,1.0,1.0,0.0,0.0,0.0,0.0,0.0
1,prior_0.56_seed_1_ep_000145,145,0.56,0.36,0.4589,0.34468,0.361442,0.34459,0.361442,1.0,1.0,1.0,1.0,1.0,0.0,0.0,0.0,0.0,0.0
1,prior_0.56_seed_1_ep_000146,146,0.56,0.36,0.244,0.34459,0.361442,0.34459,0.361442,0.0,0.0,0.0,0.0,0.0,0.0,1.0,0.0,0.0,0.0
1,prior_0.56_seed_1_ep_000147,147,0.56,0.36,0.43,0.34459,0.361442,0.344366,0.361442,1.0,1.0,1.0,1.0,1.0,0.0,0.0,0.0,0.0,0.0
1,prior_0.56_seed_1_ep_000148,148,0.56,0.36,0.2495,0.344366,0.361442,0.344366,0.361442,0.0,0.0,0.0,0.0,0.0,0.0,1.0,0.0,0.0,0.0
1,prior_0.56_seed_1_ep_000149,149,0.56,0.36,0.3175,0.344366,0.361442,0.344366,0.361442,0.009876,0.0,0.0,0.0,0.0,0.0,1.0,0.0,0.0,9.8e-05
1,prior_0.56_seed_1_ep_000150,150,0.56,0.36,0.2697,0.344366,0.361442,0.344366,0.361442,0.0,0.0,0.0,0.0,0.0,0.0,1.0,0.0,0.0,0.0
1,prior_0.56_seed_1_ep_000151,151,0.56,0.36,0.2454,0.344366,0.361442,0.344366,0.361442,0.0,0.0,0.0,0.0,0.0,0.0,1.0,0.0,0.0,0.0
1,prior_0.56_seed_1_ep_000152,152,0.56,0.36,0.318,0.344366,0.361442,0.344366,0.361442,0.009876,0.0,0.0,0.0,0.0,0.0,1.0,0.0,0.0,9.8e-05
1,prior_0.56_seed_1_ep_000153,153,0.56,0.36,0.5105,0.344366,0.361442,0.34435,0.361442,1.0,1.0,1.0,1.0,1.0,0.0,0.0,0.0,0.0,0.0
1,prior_0.56_seed_1_ep_000154,154,0.56,0.36,0.5181,0.34435,0.361442,0.344337,0.361442,1.0,1.0,1.0,1.0,1.0,0.0,0.0,0.0,0.0,0.0
1,prior_0.56_seed_1_ep_000155,155,0.56,0.36,0.2475,0.344337,0.361442,0.344337,0.361442,0.0,0.0,0.0,0.0,0.0,0.0,1.0,0.0,0.0,0.0
1,prior_0.56_seed_1_ep_000156,156,0.56,0.36,0.4858,0.344337,0.361442,0.344301,0.361442,1.0,1.0,1.0,1.0,1.0,0.0,0.0,0.0,0.0,0.0
1,prior_0.56_seed_1_ep_000157,157,0.56,0.36,0.4663,0.344301,0.361442,0.344232,0.361442,1.0,1.0,1.0,1.0,1.0,0.0,0.0,0.0,0.0,0.0
1,prior_0.56_seed_1_ep_000158,158,0.56,0.36,0.4717,0.344232,0.361442,0.344174,0.361442,1.0,1.0,1.0,1.0,1.0,0.0,0.0,0.0,0.0,0.0
1,prior_0.56_seed_1_ep_000159,159,0.56,0.36,0.3561,0.344174,0.361442,0.346436,0.363668,0.860974,1.0,0.0,1.0,0.0,0.0,0.0,1.0,1.0,0.741276
1,prior_0.56_seed_1_ep_000160,160,0.56,0.36,0.5941,0.346436,0.363668,0.346435,0.363668,1.0,1.0,1.0,1.0,1.0,0.0,0.0,0.0,0.0,0.0
1,prior_0.56_seed_1_ep_000161,161,0.56,0.36,0.2527,0.346435,0.363668,0.346435,0.363668,0.0,0.0,0.0,0.0,0.0,0.0,1.0,0.0,0.0,0.0
1,prior_0.56_seed_1_ep_000162,162,0.56,0.36,0.2722,0.346435,0.363668,0.346435,0.363668,0.0,0.0,0.0,0.0,0.0,0.0,1.0,0.0,0.0,0.0
1,prior_0.56_seed_1_ep_000163,163,0.56,0.36,0.4402,0.346435,0.363668,0.346273,0.363668,1.0,1.0,1.0,1.0,1.0,0.0,0.0,0.0,0.0,0.0
1,prior_0.56_seed_1_ep_000164,164,0.56,0.36,0.3353,0.346273,0.363668,0.346273,0.363668,0.160565,0.0,0.0,0.0,0.0,0.0,1.0,0.0,0.0,0.025781
1,prior_0.56_seed_1_ep_000165,165,0.56,0.36,0.2778,0.346273,0.363668,0.346273,0.363668,0.0,0.0,0.0,0.0,0.0,0.0,1.0,0.0,0.0,0.0
1,prior_0.56_seed_1_ep_000166,166,0.56,0.36,0.3766,0.346273,0.363668,0.345295,0.361442,0.998384,1.0,1.0,1.0,1.0,0.0,0.0,0.0,0.0,3e-06
1,prior_0.56_seed_1_ep_000167,167,0.56,0.36,0.4745,0.345295,0.361442,0.345244,0.361442,1.0,1.0,1.0,1.0,1.0,0.0,0.0,0.0,0.0,0.0
1,prior_0.56_seed_1_ep_000168,168,0.56,0.36,0.5029,0.345244,0.361442,0.345225,0.361442,1.0,1.0,1.0,1.0,1.0,0.0,0.0,0.0,0.0,0.0
1,prior_0.56_seed_1_ep_000169,169,0.56,0.36,0.6941,0.345225,0.361442,0.345225,0.361442,1.0,1.0,1.0,1.0,1.0,0.0,0.0,0.0,0.0,0.0
1,prior_0.56_seed_1_ep_000170,170,0.56,0.36,0.3457,0.345225,0.361442,0.347014,0.363668,0.474209,0.0,0.0,1.0,0.0,1.0,0.0,1.0,1.0,0.224874
1,prior_0.56_seed_1_ep_000171,171,0.56,0.36,0.4729,0.347014,0.363668,0.34696,0.363668,1.0,1.0,1.0,1.0,1.0,0.0,0.0,0.0,0.0,0.0
1,prior_0.56_seed_1_ep_000172,172,0.56,0.36,0.335,0.34696,0.363668,0.34696,0.363668,0.138246,0.0,0.0,0.0,0.0,0.0,1.0,0.0,0.0,0.019112
1,prior_0.56_seed_1_ep_000173,173,0.56,0.36,0.4583,0.34696,0.363668,0.346874,0.363668,1.0,1.0,1.0,1.0,1.0,0.0,0.0,0.0,0.0,0.0
1,prior_0.56_seed_1_ep_000174,174,0.56,0.36,0.5681,0.346874,0.363668,0.346872,0.363668,1.0,1.0,1.0,1.0,1.0,0.0,0.0,0.0,0.0,0.0
1,prior_0.56_seed_1_ep_000175,175,0.56,0.36,0.2576,0.346872,0.363668,0.346872,0.363668,0.0,0.0,0.0,0.0,0.0,0.0,1.0,0.0,0.0,0.0
1,prior_0.56_seed_1_ep_000176,176,0.56,0.36,0.3649,0.346872,0.363668,0.345666,0.361442,0.96387,1.0,1.0,1.0,1.0,0.0,0.0,0.0,0.0,0.001305
1,prior_0.56_seed_1_ep_000177,177,0.56,0.36,0.306,0.345666,0.361442,0.345666,0.361442,0.000171,0.0,0.0,0.0,0.0,0.0,1.0,0.0,0.0,0.0
1,prior_0.56_seed_1_ep_000178,178,0.56,0.36,0.6356,0.345666,0.361442,0.345665,0.361442,1.0,1.0,1.0,1.0,1.0,0.0,0.0,0.0,0.0,0.0
1,prior_0.56_seed_1_ep_000179,179,0.56,0.36,0.2084,0.345665,0.361442,0.345665,0.361442,0.0,0.0,0.0,0.0,0.0,0.0,1.0,0.0,0.0,0.0
1,prior_0.56_seed_1_ep_000180,180,0.56,0.36,0.5832,0.345665,0.361442,0.345664,0.361442,1.0,1.0,1.0,1.0,1.0,0.0,0.0,0.0,0.0,0.0
1,prior_0.56_seed_1_ep_000181,181,0.56,0.36,0.3648,0.345664,0.361442,0.344499,0.361442,0.973626,1.0,1.0,1.0,1.0,0.0,0.0,0.0,0.0,0.000696
1,prior_0.56_seed_1_ep_000182,182,0.56,0.36,0.3552,0.344499,0.361442,0.346427,0.361442,0.872495,1.0,0.0,1.0,0.0,0.0,0.0,1.0,1.0,0.761248
1,prior_0.56_seed_1_ep_000183,183,0.56,0.36,0.2012,0.346427,0.361442,0.346427,0.361442,0.0,0.0,0.0,0.0,0.0,0.0,1.0,0.0,0.0,0.0
1,prior_0.56_seed_1_ep_000184,184,0.56,0.36,0.5,0.346427,0.361442,0.346407,0.361442,1.0,1.0,1.0,1.0,1.0,0.0,0.0,0.0,0.0,0.0
1,prior_0.56_seed_1_ep_000185,185,0.56,0.36,0.3038,0.346407,0.361442,0.346407,0.361442,3.9e-05,0.0,0.0,0.0,0.0,0.0,1.0,0.0,0.0,0.0
1,prior_0.56_seed_1_ep_000186,186,0.56,0.36,0.3513,0.346407,0.361442,0.348104,0.363668,0.691233,1.0,0.0,1.0,0.0,0.0,0.0,1.0,1.0,0.477804
1,prior_0.56_seed_1_ep_000187,187,0.56,0.36,0.2594,0.348104,0.363668,0.348104,0.363668,0.0,0.0,0.0,0.0,0.0,0.0,1.0,0.0,0.0,0.0
1,prior_0.56_seed_1_ep_000188,188,0.56,0.36,0.4467,0.348104,0.363668,0.347989,0.363668,1.0,1.0,1.0,1.0,1.0,0.0,0.0,0.0,0.0,0.0
1,prior_0.56_seed_1_ep_000189,189,0.56,0.36,0.4467,0.347989,0.363668,0.347875,0.363668,1.0,1.0,1.0,1.0,1.0,0.0,0.0,0.0,0.0,0.0
1,prior_0.56_seed_1_ep_000190,190,0.56,0.36,0.5168,0.347875,0.363668,0.347864,0.363668,1.0,1.0,1.0,1.0,1.0,0.0,0.0,0.0,0.0,0.0
1,prior_0.56_seed_1_ep_000191,191,0.56,0.36,0.3818,0.347864,0.363668,0.347119,0.361442,0.99993,1.0,1.0,1.0,1.0,0.0,0.0,0.0,0.0,0.0
1,prior_0.56_seed_1_ep_000192,192,0.56,0.36,0.4081,0.347119,0.361442,0.346761,0.361442,1.0,1.0,1.0,1.0,1.0,0.0,0.0,0.0,0.0,0.0
1,prior_0.56_seed_1_ep_000193,193,0.56,0.36,0.4807,0.346761,0.361442,0.346726,0.361442,1.0,1.0,1.0,1.0,1.0,0.0,0.0,0.0,0.0,0.0
1,prior_0.56_seed_1_ep_000194,194,0.56,0.36,0.4289,0.346726,0.361442,0.346539,0.361442,1.0,1.0,1.0,1.0,1.0,0.0,0.0,0.0,0.0,0.0
1,prior_0.56_seed_1_ep_000195,195,0.56,0.36,0.3515,0.346539,0.361442,0.348126,0.363668,0.692842,1.0,0.0,1.0,0.0,0.0,0.0,1.0,1.0,0.48003
1,prior_0.56_seed_1_ep_000196,196,0.56,0.36,0.3334,0.348126,0.363668,0.348126,0.363668,0.061734,0.0,0.0,0.0,0.0,0.0,1.0,0.0,0.0,0.003811
1,prior_0.56_seed_1_ep_000197,197,0.56,0.36,0.3855,0.348126,0.363668,0.347483,0.361442,0.999985,1.0,1.0,1.0,1.0,0.0,0.0,0.0,0.0,0.0
1,prior_0.56_seed_1_ep_000198,198,0.56,0.36,0.2279,0.347483,0.361442,0.347483,0.361442,0.0,0.0,0.0,0.0,0.0,0.0,1.0,0.0,0.0,0.0
1,prior_0.56_seed_1_ep_000199,199,0.56,0.36,0.4628,0.347483,0.361442,0.347421,0.361442,1.0,1.0,1.0,1.0,1.0,0.0,0.0,0.0,0.0,0.0
1,prior_0.56_seed_1_ep_000200,200,0.56,0.36,0.6473,0.347421,0.361442,0.347421,0.361442,1.0,1.0,1.0,1.0,1.0,0.0,0.0,0.0,0.0,0.0
1,prior_0.56_seed_1_ep_000201,201,0.56,0.36,0.2805,0.347421,0.361442,0.347421,0.361442,0.0,0.0,0.0,0.0,0.0,0.0,1.0,0.0,0.0,0.0
1,prior_0.56_seed_1_ep_000202,202,0.56,0.36,0.2279,0.347421,0.361442,0.347477,0.361442,0.0,0.0,0.0,1.0,0.0,1.0,0.0,1.0,1.0,0.0
1,prior_0.56_seed_1_ep_000203,203,0.56,0.36,0.6437,0.347477,0.361442,0.347476,0.361442,1.0,1.0,1.0,1.0,1.0,0.0,0.0,0.0,0.0,0.0
1,prior_0.56_seed_1_ep_000204,204,0.56,0.36,0.354,0.347476,0.361442,0.349016,0.363668,0.745895,1.0,0.0,1.0,0.0,0.0,0.0,1.0,1.0,0.55636
1,prior_0.56_seed_1_ep_000205,205,0.56,0.36,0.3928,0.349016,0.363668,0.348498,0.363668,1.0,1.0,1.0,1.0,1.0,0.0,0.0,0.0,0.0,0.0
1,prior_0.56_seed_1_ep_000206,206,0.56,0.36,0.6543,0.348498,0.363668,0.348498,0.363668,1.0,1.0,1.0,1.0,1.0,0.0,0.0,0.0,0.0,0.0
1,prior_0.56_seed_1_ep_000207,207,0.56,0.36,0.2177,0.348498,0.363668,0.348498,0.363668,0.0,0.0,0.0,0.0,0.0,0.0,1.0,0.0,0.0,0.0
1,prior_0.56_seed_1_ep_000208,208,0.56,0.36,0.4773,0.348498,0.363668,0.348461,0.363668,1.0,1.0,1.0,1.0,1.0,0.0,0.0,0.0,0.0,0.0
1,prior_0.56_seed_1_ep_000209,209,0.56,0.36,0.3461,0.348461,0.363668,0.348461,0.363668,0.428349,0.0,0.0,0.0,0.0,0.0,1.0,0.0,0.0,0.183483
1,prior_0.56_seed_1_ep_000210,210,0.56,0.36,0.4408,0.348461,0.363668,0.348338,0.363668,1.0,1.0,1.0,1.0,1.0,0.0,0.0,0.0,0.0,0.0
1,prior_0.56_seed_1_ep_000211,211,0.56,0.36,0.251,0.348338,0.363668,0.348338,0.363668,0.0,0.0,0.0,0.0,0.0,0.0,1.0,0.0,0.0,0.0
1,prior_0.56_seed_1_ep_000212,212,0.56,0.36,0.2447,0.348338,0.363668,0.348338,0.363668,0.0,0.0,0.0,0.0,0.0,0.0,1.0,0.0,0.0,0.0
1,prior_0.56_seed_1_ep_000213,213,0.56,0.36,0.6557,0.348338,0.363668,0.348338,0.363668,1.0,1.0,1.0,1.0,1.0,0.0,0.0,0.0,0.0,0.0
1,prior_0.56_seed_1_ep_000214,214,0.56,0.36,0.2386,0.348338,0.363668,0.348338,0.363668,0.0,0.0,0.0,0.0,0.0,0.0,1.0,0.0,0.0,0.0
1,prior_0.56_seed_1_ep_000215,215,0.56,0.36,0.569,0.348338,0.363668,0.348336,0.363668,1.0,1.0,1.0,1.0,1.0,0.0,0.0,0.0,0.0,0.0
1,prior_0.56_seed_1_ep_000216,216,0.56,0.36,0.4293,0.348336,0.363668,0.348162,0.363668,1.0,1.0,1.0,1.0,1.0,0.0,0.0,0.0,0.0,0.0
1,prior_0.56_seed_1_ep_000217,217,0.56,0.36,0.458,0.348162,0.363668,0.348093,0.363668,1.0,1.0,1.0,1.0,1.0,0.0,0.0,0.0,0.0,0.0
1,prior_0.56_seed_1_ep_000218,218,0.56,0.36,0.4578,0.348093,0.363668,0.348023,0.361442,1.0,1.0,1.0,1.0,1.0,0.0,0.0,0.0,0.0,0.0
1,prior_0.56_seed_1_ep_000219,219,0.56,0.36,0.4245,0.348023,0.361442,0.347824,0.361442,1.0,1.0,1.0,1.0,1.0,0.0,0.0,0.0,0.0,0.0
1,prior_0.56_seed_1_ep_000220,220,0.56,0.36,0.3235,0.347824,0.361442,0.347824,0.361442,0.003291,0.0,0.0,0.0,0.0,0.0,1.0,0.0,0.0,1.1e-05
1,prior_0.56_seed_1_ep_000221,221,0.56,0.36,0.2327,0.347824,0.361442,0.347824,0.361442,0.0,0.0,0.0,0.0,0.0,0.0,1.0,0.0,0.0,0.0
1,prior_0.56_seed_1_ep_000222,222,0.56,0.36,0.2638,0.347824,0.361442,0.347824,0.361442,0.0,0.0,0.0,0.0,0.0,0.0,1.0,0.0,0.0,0.0
1,prior_0.56_seed_1_ep_000223,223,0.56,0.36,0.4829,0.347824,0.361442,0.347794,0.361442,1.0,1.0,1.0,1.0,1.0,0.0,0.0,0.0,0.0,0.0
1,prior_0.56_seed_1_ep_000224,224,0.56,0.36,0.2711,0.347794,0.361442,0.347794,0.361442,0.0,0.0,0.0,0.0,0.0,0.0,1.0,0.0,0.0,0.0
1,prior_0.56_seed_1_ep_000225,225,0.56,0.36,0.4511,0.347794,0.361442,0.347709,0.361442,1.0,1.0,1.0,1.0,1.0,0.0,0.0,0.0,0.0,0.0
1,prior_0.56_seed_1_ep_000226,226,0.56,0.36,0.3938,0.347709,0.361442,0.347235,0.361442,1.0,1.0,1.0,1.0,1.0,0.0,0.0,0.0,0.0,0.0
1,prior_0.56_seed_1_ep_000227,227,0.56,0.36,0.4172,0.347235,0.361442,0.346997,0.361442,1.0,1.0,1.0,1.0,1.0,0.0,0.0,0.0,0.0,0.0
1,prior_0.56_seed_1_ep_000228,228,0.56,0.36,0.2618,0.346997,0.361442,0.346997,0.361442,0.0,0.0,0.0,0.0,0.0,0.0,1.0,0.0,0.0,0.0
1,prior_0.56_seed_1_ep_000229,229,0.56,0.36,0.2649,0.346997,0.361442,0.346997,0.361442,0.0,0.0,0.0,0.0,0.0,0.0,1.0,0.0,0.0,0.0
1,prior_0.56_seed_1_ep_000230,230,0.56,0.36,0.3733,0.346997,0.361442,0.346229,0.361442,0.999151,1.0,1.0,1.0,1.0,0.0,0.0,0.0,0.0,1e-06
1,prior_0.56_seed_1_ep_000231,231,0.56,0.36,0.2573,0.346229,0.361442,0.346229,0.361442,0.0,0.0,0.0,0.0,0.0,0.0,1.0,0.0,0.0,0.0
1,prior_0.56_seed_1_ep_000232,232,0.56,0.36,0.5839,0.346229,0.361442,0.346228,0.361442,1.0,1.0,1.0,1.0,1.0,0.0,0.0,0.0,0.0,0.0
1,prior_0.56_seed_1_ep_000233,233,0.56,0.36,0.3858,0.346228,0.361442,0.345677,0.359216,0.999998,1.0,1.0,1.0,1.0,0.0,0.0,0.0,0.0,0.0
1,prior_0.56_seed_1_ep_000234,234,0.56,0.36,0.3087,0.345677,0.359216,0.34627,0.361442,5.5e-05,0.0,0.0,1.0,0.0,1.0,0.0,1.0,1.0,0.0
1,prior_0.56_seed_1_ep_000235,235,0.56,0.36,0.2324,0.34627,0.361442,0.34627,0.361442,0.0,0.0,0.0,0.0,0.0,0.0,1.0,0.0,0.0,0.0
1,prior_0.56_seed_1_ep_000236,236,0.56,0.36,0.2735,0.34627,0.361442,0.34627,0.361442,0.0,0.0,0.0,0.0,0.0,0.0,1.0,0.0,0.0,0.0
1,prior_0.56_seed_1_ep_000237,237,0.56,0.36,0.5186,0.34627,0.361442,0.346261,0.361442,1.0,1.0,1.0,1.0,1.0,0.0,0.0,0.0,0.0,0.0
1,prior_0.56_seed_1_ep_000238,238,0.56,0.36,0.4211,0.346261,0.361442,0.346065,0.359216,1.0,1.0,1.0,1.0,1.0,0.0,0.0,0.0,0.0,0.0
1,prior_0.56_seed_1_ep_000239,239,0.56,0.36,0.3847,0.346065,0.359216,0.345519,0.359216,0.999999,1.0,1.0,1.0,1.0,0.0,0.0,0.0,0.0,0.0
1,prior_0.56_seed_1_ep_000240,240,0.56,0.36,0.3554,0.345519,0.359216,0.346945,0.361442,0.886003,1.0,0.0,1.0,0.0,0.0,0.0,1.0,1.0,0.785002
1,prior_0.56_seed_1_ep_000241,241,0.56,0.36,0.2669,0.346945,0.361442,0.346945,0.361442,0.0,0.0,0.0,0.0,0.0,0.0,1.0,0.0,0.0,0.0
1,prior_0.56_seed_1_ep_000242,242,0.56,0.36,0.485,0.346945,0.361442,0.346921,0.361442,1.0,1.0,1.0,1.0,1.0,0.0,0.0,0.0,0.0,0.0
1,prior_0.56_seed_1_ep_000243,243,0.56,0.36,0.3017,0.346921,0.361442,0.346921,0.361442,1e-06,0.0,0.0,0.0,0.0,0.0,1.0,0.0,0.0,0.0
1,prior_0.56_seed_1_ep_000244,244,0.56,0.36,0.345,0.346921,0.361442,0.346921,0.361442,0.393269,0.0,0.0,0.0,0.0,0.0,1.0,0.0,0.0,0.154661
1,prior_0.56_seed_1_ep_000245,245,0.56,0.36,0.5625,0.346921,0.361442,0.346919,0.361442,1.0,1.0,1.0,1.0,1.0,0.0,0.0,0.0,0.0,0.0
1,prior_0.56_seed_1_ep_000246,246,0.56,0.36,0.4597,0.346919,0.361442,0.346862,0.361442,1.0,1.0,1.0,1.0,1.0,0.0,0.0,0.0,0.0,0.0
1,prior_0.56_seed_1_ep_000247,247,0.56,0.36,0.3926,0.346862,0.361442,0.346429,0.359216,1.0,1.0,1.0,1.0,1.0,0.0,0.0,0.0,0.0,0.0
1,prior_0.56_seed_1_ep_000248,248,0.56,0.36,0.4942,0.346429,0.359216,0.346411,0.359216,1.0,1.0,1.0,1.0,1.0,0.0,0.0,0.0,0.0,0.0
1,prior_0.56_seed_1_ep_000249,249,0.56,0.36,0.3322,0.346411,0.359216,0.346411,0.359216,0.040812,0.0,0.0,0.0,0.0,0.0,1.0,0.0,0.0,0.001666
1,prior_0.56_seed_1_ep_000250,250,0.56,0.36,0.5275,0.346411,0.359216,0.346405,0.359216,1.0,1.0,1.0,1.0,1.0,0.0,0.0,0.0,0.0,0.0
1,prior_0.56_seed_1_ep_000251,251,0.56,0.36,0.2297,0.346405,0.359216,0.346405,0.359216,0.0,0.0,0.0,0.0,0.0,0.0,1.0,0.0,0.0,0.0
1,prior_0.56_seed_1_ep_000252,252,0.56,0.36,0.3194,0.346405,0.359216,0.346405,0.359216,0.001586,0.0,0.0,0.0,0.0,0.0,1.0,0.0,0.0,3e-06
1,prior_0.56_seed_1_ep_000253,253,0.56,0.36,0.3527,0.346405,0.359216,0.347703,0.361442,0.803269,1.0,0.0,1.0,0.0,0.0,0.0,1.0,1.0,0.645241
1,prior_0.56_seed_1_ep_000254,254,0.56,0.36,0.6679,0.347703,0.361442,0.347703,0.361442,1.0,1.0,1.0,1.0,1.0,0.0,0.0,0.0,0.0,0.0
1,prior_0.56_seed_1_ep_000255,255,0.56,0.36,0.483,0.347703,0.361442,0.347677,0.361442,1.0,1.0,1.0,1.0,1.0,0.0,0.0,0.0,0.0,0.0
1,prior_0.56_seed_1_ep_000256,256,0.56,0.36,0.2413,0.347677,0.361442,0.347677,0.361442,0.0,0.0,0.0,0.0,0.0,0.0,1.0,0.0,0.0,0.0
1,prior_0.56_seed_1_ep_000257,257,0.56,0.36,0.6721,0.347677,0.361442,0.347677,0.361442,1.0,1.0,1.0,1.0,1.0,0.0,0.0,0.0,0.0,0.0
1,prior_0.56_seed_1_ep_000258,258,0.56,0.36,0.3487,0.347677,0.361442,0.348834,0.361442,0.56692,1.0,0.0,1.0,0.0,0.0,0.0,1.0,1.0,0.321399
1,prior_0.56_seed_1_ep_000259,259,0.56,0.36,0.4487,0.348834,0.361442,0.348754,0.361442,1.0,1.0,1.0,1.0,1.0,0.0,0.0,0.0,0.0,0.0
1,prior_0.56_seed_1_ep_000260,260,0.56,0.36,0.3903,0.348754,0.361442,0.348305,0.361442,1.0,1.0,1.0,1.0,1.0,0.0,0.0,0.0,0.0,0.0
1,prior_0.56_seed_1_ep_000261,261,0.56,0.36,0.256,0.348305,0.361442,0.348305,0.361442,0.0,0.0,0.0,0.0,0.0,0.0,1.0,0.0,0.0,0.0
1,prior_0.56_seed_1_ep_000262,262,0.56,0.36,0.6782,0.348305,0.361442,0.348305,0.361442,1.0,1.0,1.0,1.0,1.0,0.0,0.0,0.0,0.0,0.0
1,prior_0.56_seed_1_ep_000263,263,0.56,0.36,0.5072,0.348305,0.361442,0.348294,0.361442,1.0,1.0,1.0,1.0,1.0,0.0,0.0,0.0,0.0,0.0
1,prior_0.56_seed_1_ep_000264,264,0.56,0.36,0.2707,0.348294,0.361442,0.348294,0.361442,0.0,0.0,0.0,0.0,0.0,0.0,1.0,0.0,0.0,0.0
1,prior_0.56_seed_1_ep_000265,265,0.56,0.36,0.4287,0.348294,0.361442,0.348149,0.361442,1.0,1.0,1.0,1.0,1.0,0.0,0.0,0.0,0.0,0.0
1,prior_0.56_seed_1_ep_000266,266,0.56,0.36,0.4066,0.348149,0.361442,0.34787,0.361442,1.0,1.0,1.0,1.0,1.0,0.0,0.0,0.0,0.0,0.0
1,prior_0.56_seed_1_ep_000267,267,0.56,0.36,0.4687,0.34787,0.361442,0.34783,0.361442,1.0,1.0,1.0,1.0,1.0,0.0,0.0,0.0,0.0,0.0
1,prior_0.56_seed_1_ep_000268,268,0.56,0.36,0.6953,0.34783,0.361442,0.34783,0.361442,1.0,1.0,1.0,1.0,1.0,0.0,0.0,0.0,0.0,0.0
1,prior_0.56_seed_1_ep_000269,269,0.56,0.36,0.3627,0.34783,0.361442,0.347005,0.359216,0.967935,1.0,1.0,1.0,1.0,0.0,0.0,0.0,0.0,0.001028
1,prior_0.56_seed_1_ep_000270,270,0.56,0.36,0.3554,0.347005,0.359216,0.348228,0.361442,0.864851,1.0,0.0,1.0,0.0,0.0,0.0,1.0,1.0,0.747968
1,prior_0.56_seed_1_ep_000271,271,0.56,0.36,0.3363,0.348228,0.361442,0.348228,0.361442,0.062188,0.0,0.0,0.0,0.0,0.0,1.0,0.0,0.0,0.003867
1,prior_0.56_seed_1_ep_000272,272,0.56,0.36,0.3118,0.348228,0.361442,0.348228,0.361442,8e-06,0.0,0.0,0.0,0.0,0.0,1.0,0.0,0.0,0.0
1,prior_0.56_seed_1_ep_000273,273,0.56,0.36,0.464,0.348228,0.361442,0.348183,0.361442,1.0,1.0,1.0,1.0,1.0,0.0,0.0,0.0,0.0,0.0
1,prior_0.56_seed_1_ep_000274,274,0.56,0.36,0.2437,0.348183,0.361442,0.348183,0.361442,0.0,0.0,0.0,0.0,0.0,0.0,1.0,0.0,0.0,0.0
1,prior_0.56_seed_1_ep_000275,275,0.56,0.36,0.4639,0.348183,0.361442,0.348138,0.361442,1.0,1.0,1.0,1.0,1.0,0.0,0.0,0.0,0.0,0.0
1,prior_0.56_seed_1_ep_000276,276,0.56,0.36,0.2993,0.348138,0.361442,0.348138,0.361442,0.0,0.0,0.0,0.0,0.0,0.0,1.0,0.0,0.0,0.0
1,prior_0.56_seed_1_ep_000277,277,0.56,0.36,0.3467,0.348138,0.361442,0.348138,0.361442,0.436025,0.0,0.0,0.0,0.0,0.0,1.0,0.0,0.0,0.190118
1,prior_0.56_seed_1_ep_000278,278,0.56,0.36,0.3617,0.348138,0.361442,0.347324,0.359216,0.967752,1.0,1.0,1.0,1.0,0.0,0.0,0.0,0.0,0.00104
1,prior_0.56_seed_1_ep_000279,279,0.56,0.36,0.5311,0.347324,0.359216,0.34732,0.359216,1.0,1.0,1.0,1.0,1.0,0.0,0.0,0.0,0.0,0.0
1,prior_0.56_seed_1_ep_000280,280,0.56,0.36,0.2219,0.34732,0.359216,0.34732,0.359216,0.0,0.0,0.0,0.0,0.0,0.0,1.0,0.0,0.0,0.0
1,prior_0.56_seed_1_ep_000281,281,0.56,0.36,0.2839,0.34732,0.359216,0.34732,0.359216,0.0,0.0,0.0,0.0,0.0,0.0,1.0,0.0,0.0,0.0
1,prior_0.56_seed_1_ep_000282,282,0.56,0.36,0.2156,0.34732,0.359216,0.34732,0.359216,0.0,0.0,0.0,0.0,0.0,0.0,1.0,0.0,0.0,0.0
1,prior_0.56_seed_1_ep_000283,283,0.56,0.36,0.4207,0.34732,0.359216,0.34715,0.359216,1.0,1.0,1.0,1.0,1.0,0.0,0.0,0.0,0.0,0.0
1,prior_0.56_seed_1_ep_000284,284,0.56,0.36,0.3003,0.34715,0.359216,0.34715,0.359216,0.0,0.0,0.0,0.0,0.0,0.0,1.0,0.0,0.0,0.0
1,prior_0.56_seed_1_ep_000285,285,0.56,0.36,0.5333,0.34715,0.359216,0.347146,0.359216,1.0,1.0,1.0,1.0,1.0,0.0,0.0,0.0,0.0,0.0
1,prior_0.56_seed_1_ep_000286,286,0.56,0.36,0.2547,0.347146,0.359216,0.347146,0.359216,0.0,0.0,0.0,0.0,0.0,0.0,1.0,0.0,0.0,0.0
1,prior_0.56_seed_1_ep_000287,287,0.56,0.36,0.5098,0.347146,0.359216,0.347136,0.359216,1.0,1.0,1.0,1.0,1.0,0.0,0.0,0.0,0.0,0.0
1,prior_0.56_seed_1_ep_000288,288,0.56,0.36,0.5285,0.347136,0.359216,0.347131,0.359216,1.0,1.0,1.0,1.0,1.0,0.0,0.0,0.0,0.0,0.0
1,prior_0.56_seed_1_ep_000289,289,0.56,0.36,0.3033,0.347131,0.359216,0.347131,0.359216,0.0,0.0,0.0,0.0,0.0,0.0,1.0,0.0,0.0,0.0
1,prior_0.56_seed_1_ep_000290,290,0.56,0.36,0.3369,0.347131,0.359216,0.347131,0.359216,0.078735,0.0,0.0,0.0,0.0,0.0,1.0,0.0,0.0,0.006199
1,prior_0.56_seed_1_ep_000291,291,0.56,0.36,0.3138,0.347131,0.359216,0.347131,0.359216,3.4e-05,0.0,0.0,0.0,0.0,0.0,1.0,0.0,0.0,0.0
1,prior_0.56_seed_1_ep_000292,292,0.56,0.36,0.4416,0.347131,0.359216,0.347043,0.359216,1.0,1.0,1.0,1.0,1.0,0.0,0.0,0.0,0.0,0.0
1,prior_0.56_seed_1_ep_000293,293,0.56,0.36,0.5126,0.347043,0.359216,0.347035,0.359216,1.0,1.0,1.0,1.0,1.0,0.0,0.0,0.0,0.0,0.0
1,prior_0.56_seed_1_ep_000294,294,0.56,0.36,0.3681,0.347035,0.359216,0.346349,0.359216,0.995477,1.0,1.0,1.0,1.0,0.0,0.0,0.0,0.0,2e-05
1,prior_0.56_seed_1_ep_000295,295,0.56,0.36,0.404,0.346349,0.359216,0.346082,0.359216,1.0,1.0,1.0,1.0,1.0,0.0,0.0,0.0,0.0,0.0
1,prior_0.56_seed_1_ep_000296,296,0.56,0.36,0.2895,0.346082,0.359216,0.346082,0.359216,0.0,0.0,0.0,0.0,0.0,0.0,1.0,0.0,0.0,0.0
1,prior_0.56_seed_1_ep_000297,297,0.56,0.36,0.3694,0.346082,0.359216,0.345437,0.356991,0.998913,1.0,1.0,1.0,1.0,0.0,0.0,0.0,0.0,1e-06
1,prior_0.56_seed_1_ep_000298,298,0.56,0.36,0.5397,0.345437,0.356991,0.345433,0.356991,1.0,1.0,1.0,1.0,1.0,0.0,0.0,0.0,0.0,0.0
1,prior_0.56_seed_1_ep_000299,299,0.56,0.36,0.3703,0.345433,0.356991,0.344815,0.356991,0.999232,1.0,1.0,1.0,1.0,0.0,0.0,0.0,0.0,1e-06
2,prior_0.56_seed_2_ep_000000,0,0.56,0.36,0.257,0.559973,0.690846,0.559973,0.690846,8e-05,0.0,0.0,0.0,0.0,0.0,1.0,0.0,0.0,0.0
2,prior_0.56_seed_2_ep_000001,1,0.56,0.36,0.222,0.559973,0.690846,0.559973,0.690846,1.2e-05,0.0,0.0,0.0,0.0,0.0,1.0,0.0,0.0,0.0
2,prior_0.56_seed_2_ep_000002,2,0.56,0.36,0.6919,0.559973,0.690846,0.548836,0.661912,0.950561,1.0,1.0,1.0,1.0,0.0,0.0,0.0,0.0,0.002444
2,prior_0.56_seed_2_ep_000003,3,0.56,0.36,0.4195,0.548836,0.661912,0.435507,0.52837,0.044282,0.0,1.0,1.0,1.0,1.0,0.0,0.0,0.0,0.913397
2,prior_0.56_seed_2_ep_000004,4,0.56,0.36,0.2405,0.435507,0.52837,0.435507,0.52837,0.000438,0.0,0.0,0.0,0.0,0.0,1.0,0.0,0.0,0.0
2,prior_0.56_seed_2_ep_000005,5,0.56,0.36,0.3557,0.435507,0.52837,0.435507,0.52837,0.069779,0.0,0.0,0.0,0.0,0.0,1.0,0.0,0.0,0.004869
2,prior_0.56_seed_2_ep_000006,6,0.56,0.36,0.3543,0.435507,0.52837,0.435507,0.52837,0.064656,0.0,0.0,0.0,0.0,0.0,1.0,0.0,0.0,0.00418
2,prior_0.56_seed_2_ep_000007,7,0.56,0.36,0.5518,0.435507,0.52837,0.42991,0.51279,0.977634,1.0,1.0,1.0,1.0,0.0,0.0,0.0,0.0,0.0005
2,prior_0.56_seed_2_ep_000008,8,0.56,0.36,0.3581,0.42991,0.51279,0.42991,0.51279,0.080511,0.0,0.0,0.0,0.0,0.0,1.0,0.0,0.0,0.006482
2,prior_0.56_seed_2_ep_000009,9,0.56,0.36,0.3187,0.42991,0.51279,0.42991,0.51279,0.018088,0.0,0.0,0.0,0.0,0.0,1.0,0.0,0.0,0.000327
2,prior_0.56_seed_2_ep_000010,10,0.56,0.36,0.4335,0.42991,0.51279,0.402194,0.470502,0.526753,1.0,1.0,1.0,1.0,0.0,0.0,0.0,0.0,0.223963
2,prior_0.56_seed_2_ep_000011,11,0.56,0.36,0.2877,0.402194,0.470502,0.402194,0.470502,0.009046,0.0,0.0,0.0,0.0,0.0,1.0,0.0,0.0,8.2e-05
2,prior_0.56_seed_2_ep_000012,12,0.56,0.36,0.2388,0.402194,0.470502,0.402194,0.470502,0.000805,0.0,0.0,0.0,0.0,0.0,1.0,0.0,0.0,1e-06
2,prior_0.56_seed_2_ep_000013,13,0.56,0.36,0.428,0.402194,0.470502,0.38665,0.446019,0.714522,1.0,1.0,1.0,1.0,0.0,0.0,0.0,0.0,0.081498
2,prior_0.56_seed_2_ep_000014,14,0.56,0.36,0.3207,0.38665,0.446019,0.38665,0.446019,0.057424,0.0,0.0,0.0,0.0,0.0,1.0,0.0,0.0,0.003298
2,prior_0.56_seed_2_ep_000015,15,0.56,0.36,0.2313,0.38665,0.446019,0.38665,0.446019,0.000867,0.0,0.0,0.0,0.0,0.0,1.0,0.0,0.0,1e-06
2,prior_0.56_seed_2_ep_000016,16,0.56,0.36,0.475,0.38665,0.446019,0.383184,0.441567,0.993693,1.0,1.0,1.0,1.0,0.0,0.0,0.0,0.0,4e-05
2,prior_0.56_seed_2_ep_000017,17,0.56,0.36,0.2428,0.383184,0.441567,0.383184,0.441567,0.001721,0.0,0.0,0.0,0.0,0.0,1.0,0.0,0.0,3e-06
2,prior_0.56_seed_2_ep_000018,18,0.56,0.36,0.3364,0.383184,0.441567,0.383184,0.441567,0.112971,0.0,0.0,0.0,0.0,0.0,1.0,0.0,0.0,0.012762
2,prior_0.56_seed_2_ep_000019,19,0.56,0.36,0.4331,0.383184,0.441567,0.375344,0.430439,0.920946,1.0,1.0,1.0,1.0,0.0,0.0,0.0,0.0,0.006249
2,prior_0.56_seed_2_ep_000020,20,0.56,0.36,0.5312,0.375344,0.430439,0.374978,0.430439,1.0,1.0,1.0,1.0,1.0,0.0,0.0,0.0,0.0,0.0
2,prior_0.56_seed_2_ep_000021,21,0.56,0.36,0.387,0.374978,0.430439,0.360349,0.414859,0.598835,1.0,1.0,1.0,1.0,0.0,0.0,0.0,0.0,0.160934
2,prior_0.56_seed_2_ep_000022,22,0.56,0.36,0.5187,0.360349,0.414859,0.360041,0.412633,1.0,1.0,1.0,1.0,1.0,0.0,0.0,0.0,0.0,0.0
2,prior_0.56_seed_2_ep_000023,23,0.56,0.36,0.2399,0.360041,0.412633,0.361887,0.414859,0.003485,0.0,0.0,1.0,0.0,1.0,0.0,1.0,1.0,1.2e-05
2,prior_0.56_seed_2_ep_000024,24,0.56,0.36,0.424,0.361887,0.414859,0.357178,0.408182,0.980207,1.0,1.0,1.0,1.0,0.0,0.0,0.0,0.0,0.000392
2,prior_0.56_seed_2_ep_000025,25,0.56,0.36,0.3158,0.357178,0.408182,0.357178,0.408182,0.113702,0.0,0.0,0.0,0.0,0.0,1.0,0.0,0.0,0.012928
2,prior_0.56_seed_2_ep_000026,26,0.56,0.36,0.5096,0.357178,0.408182,0.356866,0.405956,1.0,1.0,1.0,1.0,1.0,0.0,0.0,0.0,0.0,0.0
2,prior_0.56_seed_2_ep_000027,27,0.56,0.36,0.4992,0.356866,0.405956,0.356438,0.405956,1.0,1.0,1.0,1.0,1.0,0.0,0.0,0.0,0.0,0.0
2,prior_0.56_seed_2_ep_000028,28,0.56,0.36,0.5706,0.356438,0.405956,0.356398,0.405956,1.0,1.0,1.0,1.0,1.0,0.0,0.0,0.0,0.0,0.0
2,prior_0.56_seed_2_ep_000029,29,0.56,0.36,0.4444,0.356398,0.405956,0.354196,0.40373,0.999434,1.0,1.0,1.0,1.0,0.0,0.0,0.0,0.0,0.0
2,prior_0.56_seed_2_ep_000030,30,0.56,0.36,0.4421,0.354196,0.40373,0.352075,0.399279,0.999603,1.0,1.0,1.0,1.0,0.0,0.0,0.0,0.0,0.0
2,prior_0.56_seed_2_ep_000031,31,0.56,0.36,0.2347,0.352075,0.399279,0.353469,0.401505,0.001371,0.0,0.0,1.0,0.0,1.0,0.0,1.0,1.0,2e-06
2,prior_0.56_seed_2_ep_000032,32,0.56,0.36,0.4035,0.353469,0.401505,0.348301,0.394828,0.957442,1.0,1.0,1.0,1.0,0.0,0.0,0.0,0.0,0.001811
2,prior_0.56_seed_2_ep_000033,33,0.56,0.36,0.329,0.348301,0.394828,0.35804,0.399279,0.252,0.0,0.0,1.0,0.0,1.0,0.0,1.0,1.0,0.063504
2,prior_0.56_seed_2_ep_000034,34,0.56,0.36,0.3036,0.35804,0.399279,0.35804,0.399279,0.02465,0.0,0.0,0.0,0.0,0.0,1.0,0.0,0.0,0.000608
2,prior_0.56_seed_2_ep_000035,35,0.56,0.36,0.6143,0.35804,0.399279,0.358035,0.399279,1.0,1.0,1.0,1.0,1.0,0.0,0.0,0.0,0.0,0.0
2,prior_0.56_seed_2_ep_000036,36,0.56,0.36,0.4731,0.358035,0.399279,0.357451,0.397053,1.0,1.0,1.0,1.0,1.0,0.0,0.0,0.0,0.0,0.0
2,prior_0.56_seed_2_ep_000037,37,0.56,0.36,0.515,0.357451,0.397053,0.357305,0.397053,1.0,1.0,1.0,1.0,1.0,0.0,0.0,0.0,0.0,0.0
2,prior_0.56_seed_2_ep_000038,38,0.56,0.36,0.3441,0.357305,0.397053,0.365318,0.401505,0.299961,0.0,0.0,1.0,0.0,1.0,0.0,1.0,1.0,0.089977
2,prior_0.56_seed_2_ep_000039,39,0.56,0.36,0.2396,0.365318,0.401505,0.365318,0.401505,3e-06,0.0,0.0,0.0,0.0,0.0,1.0,0.0,0.0,0.0
2,prior_0.56_seed_2_ep_000040,40,0.56,0.36,0.4965,0.365318,0.401505,0.365053,0.401505,1.0,1.0,1.0,1.0,1.0,0.0,0.0,0.0,0.0,0.0
2,prior_0.56_seed_2_ep_000041,41,0.56,0.36,0.4551,0.365053,0.401505,0.3641,0.399279,0.999998,1.0,1.0,1.0,1.0,0.0,0.0,0.0,0.0,0.0
2,prior_0.56_seed_2_ep_000042,42,0.56,0.36,0.2708,0.3641,0.399279,0.3641,0.399279,0.000205,0.0,0.0,0.0,0.0,0.0,1.0,0.0,0.0,0.0
2,prior_0.56_seed_2_ep_000043,43,0.56,0.36,0.4514,0.3641,0.399279,0.363089,0.399279,0.999996,1.0,1.0,1.0,1.0,0.0,0.0,0.0,0.0,0.0
2,prior_0.56_seed_2_ep_000044,44,0.56,0.36,0.286,0.363089,0.399279,0.36463,0.399279,0.001389,0.0,0.0,1.0,0.0,1.0,0.0,1.0,1.0,2e-06
2,prior_0.56_seed_2_ep_000045,45,0.56,0.36,0.5207,0.36463,0.399279,0.364526,0.399279,1.0,1.0,1.0,1.0,1.0,0.0,0.0,0.0,0.0,0.0
2,prior_0.56_seed_2_ep_000046,46,0.56,0.36,0.2651,0.364526,0.399279,0.36527,0.399279,2.9e-05,0.0,0.0,1.0,0.0,1.0,0.0,1.0,1.0,0.0
2,prior_0.56_seed_2_ep_000047,47,0.56,0.36,0.5183,0.36527,0.399279,0.365158,0.399279,1.0,1.0,1.0,1.0,1.0,0.0,0.0,0.0,0.0,0.0
2,prior_0.56_seed_2_ep_000048,48,0.56,0.36,0.2489,0.365158,0.399279,0.365158,0.399279,1e-06,0.0,0.0,0.0,0.0,0.0,1.0,0.0,0.0,0.0
2,prior_0.56_seed_2_ep_000049,49,0.56,0.36,0.2242,0.365158,0.399279,0.365158,0.399279,0.0,0.0,0.0,0.0,0.0,0.0,1.0,0.0,0.0,0.0
2,prior_0.56_seed_2_ep_000050,50,0.56,0.36,0.425,0.365158,0.399279,0.363205,0.397053,0.998825,1.0,1.0,1.0,1.0,0.0,0.0,0.0,0.0,1e-06
2,prior_0.56_seed_2_ep_000051,51,0.56,0.36,0.5077,0.363205,0.397053,0.363064,0.397053,1.0,1.0,1.0,1.0,1.0,0.0,0.0,0.0,0.0,0.0
2,prior_0.56_seed_2_ep_000052,52,0.56,0.36,0.3239,0.363064,0.397053,0.363064,0.397053,0.041092,0.0,0.0,0.0,0.0,0.0,1.0,0.0,0.0,0.001689
2,prior_0.56_seed_2_ep_000053,53,0.56,0.36,0.32,0.363064,0.397053,0.363064,0.397053,0.027098,0.0,0.0,0.0,0.0,0.0,1.0,0.0,0.0,0.000734
2,prior_0.56_seed_2_ep_000054,54,0.56,0.36,0.4733,0.363064,0.397053,0.36264,0.397053,1.0,1.0,1.0,1.0,1.0,0.0,0.0,0.0,0.0,0.0
2,prior_0.56_seed_2_ep_000055,55,0.56,0.36,0.5319,0.36264,0.397053,0.362578,0.394828,1.0,1.0,1.0,1.0,1.0,0.0,0.0,0.0,0.0,0.0
2,prior_0.56_seed_2_ep_000056,56,0.56,0.36,0.5546,0.362578,0.394828,0.362549,0.394828,1.0,1.0,1.0,1.0,1.0,0.0,0.0,0.0,0.0,0.0
2,prior_0.56_seed_2_ep_000057,57,0.56,0.36,0.2357,0.362549,0.394828,0.362549,0.394828,0.0,0.0,0.0,0.0,0.0,0.0,1.0,0.0,0.0,0.0
2,prior_0.56_seed_2_ep_000058,58,0.56,0.36,0.4157,0.362549,0.394828,0.360344,0.392602,0.997248,1.0,1.0,1.0,1.0,0.0,0.0,0.0,0.0,8e-06
2,prior_0.56_seed_2_ep_000059,59,0.56,0.36,0.5161,0.360344,0.392602,0.360252,0.392602,1.0,1.0,1.0,1.0,1.0,0.0,0.0,0.0,0.0,0.0
2,prior_0.56_seed_2_ep_000060,60,0.56,0.36,0.3864,0.360252,0.392602,0.356253,0.38815,0.907151,1.0,1.0,1.0,1.0,0.0,0.0,0.0,0.0,0.008621
2,prior_0.56_seed_2_ep_000061,61,0.56,0.36,0.2489,0.356253,0.38815,0.356253,0.38815,2e-06,0.0,0.0,0.0,0.0,0.0,1.0,0.0,0.0,0.0
2,prior_0.56_seed_2_ep_000062,62,0.56,0.36,0.5013,0.356253,0.38815,0.356129,0.38815,1.0,1.0,1.0,1.0,1.0,0.0,0.0,0.0,0.0,0.0
2,prior_0.56_seed_2_ep_000063,63,0.56,0.36,0.3131,0.356129,0.38815,0.356129,0.38815,0.02304,0.0,0.0,0.0,0.0,0.0,1.0,0.0,0.0,0.000531
2,prior_0.56_seed_2_ep_000064,64,0.56,0.36,0.3942,0.356129,0.38815,0.35319,0.383699,0.975181,1.0,1.0,1.0,1.0,0.0,0.0,0.0,0.0,0.000616
2,prior_0.56_seed_2_ep_000065,65,0.56,0.36,0.5167,0.35319,0.383699,0.353126,0.383699,1.0,1.0,1.0,1.0,1.0,0.0,0.0,0.0,0.0,0.0
2,prior_0.56_seed_2_ep_000066,66,0.56,0.36,0.516,0.353126,0.383699,0.35306,0.383699,1.0,1.0,1.0,1.0,1.0,0.0,0.0,0.0,0.0,0.0
2,prior_0.56_seed_2_ep_000067,67,0.56,0.36,0.2227,0.35306,0.383699,0.35306,0.383699,0.0,0.0,0.0,0.0,0.0,0.0,1.0,0.0,0.0,0.0
2,prior_0.56_seed_2_ep_000068,68,0.56,0.36,0.3466,0.35306,0.383699,0.35306,0.383699,0.366783,0.0,0.0,0.0,0.0,0.0,1.0,0.0,0.0,0.13453
2,prior_0.56_seed_2_ep_000069,69,0.56,0.36,0.5184,0.35306,0.383699,0.352999,0.383699,1.0,1.0,1.0,1.0,1.0,0.0,0.0,0.0,0.0,0.0
2,prior_0.56_seed_2_ep_000070,70,0.56,0.36,0.2393,0.352999,0.383699,0.352999,0.383699,0.0,0.0,0.0,0.0,0.0,0.0,1.0,0.0,0.0,0.0
2,prior_0.56_seed_2_ep_000071,71,0.56,0.36,0.3252,0.352999,0.383699,0.356691,0.385925,0.08188,0.0,0.0,1.0,0.0,1.0,0.0,1.0,1.0,0.006704
2,prior_0.56_seed_2_ep_000072,72,0.56,0.36,0.3877,0.356691,0.385925,0.353737,0.383699,0.953785,1.0,1.0,1.0,1.0,0.0,0.0,0.0,0.0,0.002136
2,prior_0.56_seed_2_ep_000073,73,0.56,0.36,0.3237,0.353737,0.383699,0.353737,0.383699,0.061361,0.0,0.0,0.0,0.0,0.0,1.0,0.0,0.0,0.003765
2,prior_0.56_seed_2_ep_000074,74,0.56,0.36,0.2998,0.353737,0.383699,0.353737,0.383699,0.003204,0.0,0.0,0.0,0.0,0.0,1.0,0.0,0.0,1e-05
2,prior_0.56_seed_2_ep_000075,75,0.56,0.36,0.2377,0.353737,0.383699,0.354023,0.383699,0.0,0.0,0.0,1.0,0.0,1.0,0.0,1.0,1.0,0.0
2,prior_0.56_seed_2_ep_000076,76,0.56,0.36,0.5156,0.354023,0.383699,0.353966,0.383699,1.0,1.0,1.0,1.0,1.0,0.0,0.0,0.0,0.0,0.0
2,prior_0.56_seed_2_ep_000077,77,0.56,0.36,0.413,0.353966,0.383699,0.352566,0.381473,0.999852,1.0,1.0,1.0,1.0,0.0,0.0,0.0,0.0,0.0
2,prior_0.56_seed_2_ep_000078,78,0.56,0.36,0.221,0.352566,0.381473,0.352731,0.381473,0.0,0.0,0.0,1.0,0.0,1.0,0.0,1.0,1.0,0.0
2,prior_0.56_seed_2_ep_000079,79,0.56,0.36,0.2383,0.352731,0.381473,0.352731,0.381473,0.0,0.0,0.0,0.0,0.0,0.0,1.0,0.0,0.0,0.0
2,prior_0.56_seed_2_ep_000080,80,0.56,0.36,0.2731,0.352731,0.381473,0.352731,0.381473,2.9e-05,0.0,0.0,0.0,0.0,0.0,1.0,0.0,0.0,0.0
2,prior_0.56_seed_2_ep_000081,81,0.56,0.36,0.2668,0.352731,0.381473,0.352731,0.381473,7e-06,0.0,0.0,0.0,0.0,0.0,1.0,0.0,0.0,0.0
2,prior_0.56_seed_2_ep_000082,82,0.56,0.36,0.6019,0.352731,0.381473,0.352728,0.381473,1.0,1.0,1.0,1.0,1.0,0.0,0.0,0.0,0.0,0.0
2,prior_0.56_seed_2_ep_000083,83,0.56,0.36,0.5292,0.352728,0.381473,0.352695,0.381473,1.0,1.0,1.0,1.0,1.0,0.0,0.0,0.0,0.0,0.0
2,prior_0.56_seed_2_ep_000084,84,0.56,0.36,0.2312,0.352695,0.381473,0.352921,0.381473,0.0,0.0,0.0,1.0,0.0,1.0,0.0,1.0,1.0,0.0
2,prior_0.56_seed_2_ep_000085,85,0.56,0.36,0.5242,0.352921,0.381473,0.352882,0.381473,1.0,1.0,1.0,1.0,1.0,0.0,0.0,0.0,0.0,0.0
2,prior_0.56_seed_2_ep_000086,86,0.56,0.36,0.5004,0.352882,0.381473,0.352795,0.381473,1.0,1.0,1.0,1.0,1.0,0.0,0.0,0.0,0.0,0.0
2,prior_0.56_seed_2_ep_000087,87,0.56,0.36,0.2263,0.352795,0.381473,0.352795,0.381473,0.0,0.0,0.0,0.0,0.0,0.0,1.0,0.0,0.0,0.0
2,prior_0.56_seed_2_ep_000088,88,0.56,0.36,0.3469,0.352795,0.381473,0.357244,0.383699,0.362122,0.0,0.0,1.0,0.0,1.0,0.0,1.0,1.0,0.131132
2,prior_0.56_seed_2_ep_000089,89,0.56,0.36,0.3266,0.357244,0.383699,0.357244,0.383699,0.039605,0.0,0.0,0.0,0.0,0.0,1.0,0.0,0.0,0.001569
2,prior_0.56_seed_2_ep_000090,90,0.56,0.36,0.2942,0.357244,0.383699,0.357244,0.383699,0.000219,0.0,0.0,0.0,0.0,0.0,1.0,0.0,0.0,0.0
2,prior_0.56_seed_2_ep_000091,91,0.56,0.36,0.5287,0.357244,0.383699,0.35721,0.383699,1.0,1.0,1.0,1.0,1.0,0.0,0.0,0.0,0.0,0.0
2,prior_0.56_seed_2_ep_000092,92,0.56,0.36,0.2874,0.35721,0.383699,0.35721,0.383699,5.8e-05,0.0,0.0,0.0,0.0,0.0,1.0,0.0,0.0,0.0
2,prior_0.56_seed_2_ep_000093,93,0.56,0.36,0.2545,0.35721,0.383699,0.35721,0.383699,0.0,0.0,0.0,0.0,0.0,0.0,1.0,0.0,0.0,0.0
2,prior_0.56_seed_2_ep_000094,94,0.56,0.36,0.4703,0.35721,0.383699,0.356978,0.383699,1.0,1.0,1.0,1.0,1.0,0.0,0.0,0.0,0.0,0.0
2,prior_0.56_seed_2_ep_000095,95,0.56,0.36,0.342,0.356978,0.383699,0.356978,0.383699,0.191665,0.0,0.0,0.0,0.0,0.0,1.0,0.0,0.0,0.036735
2,prior_0.56_seed_2_ep_000096,96,0.56,0.36,0.4429,0.356978,0.383699,0.356438,0.383699,1.0,1.0,1.0,1.0,1.0,0.0,0.0,0.0,0.0,0.0
2,prior_0.56_seed_2_ep_000097,97,0.56,0.36,0.3263,0.356438,0.383699,0.356438,0.383699,0.04243,0.0,0.0,0.0,0.0,0.0,1.0,0.0,0.0,0.0018
2,prior_0.56_seed_2_ep_000098,98,0.56,0.36,0.2336,0.356438,0.383699,0.356438,0.383699,0.0,0.0,0.0,0.0,0.0,0.0,1.0,0.0,0.0,0.0
2,prior_0.56_seed_2_ep_000099,99,0.56,0.36,0.2971,0.356438,0.383699,0.356438,0.383699,0.000548,0.0,0.0,0.0,0.0,0.0,1.0,0.0,0.0,0.0
2,prior_0.56_seed_2_ep_000100,100,0.56,0.36,0.2412,0.356438,0.383699,0.356438,0.383699,0.0,0.0,0.0,0.0,0.0,0.0,1.0,0.0,0.0,0.0
2,prior_0.56_seed_2_ep_000101,101,0.56,0.36,0.3723,0.356438,0.383699,0.353195,0.379248,0.815871,1.0,1.0,1.0,1.0,0.0,0.0,0.0,0.0,0.033904
2,prior_0.56_seed_2_ep_000102,102,0.56,0.36,0.2577,0.353195,0.379248,0.353608,0.379248,0.0,0.0,0.0,1.0,0.0,1.0,0.0,1.0,1.0,0.0
2,prior_0.56_seed_2_ep_000103,103,0.56,0.36,0.5361,0.353608,0.379248,0.353586,0.379248,1.0,1.0,1.0,1.0,1.0,0.0,0.0,0.0,0.0,0.0
2,prior_0.56_seed_2_ep_000104,104,0.56,0.36,0.4915,0.353586,0.379248,0.35349,0.379248,1.0,1.0,1.0,1.0,1.0,0.0,0.0,0.0,0.0,0.0
2,prior_0.56_seed_2_ep_000105,105,0.56,0.36,0.3748,0.35349,0.379248,0.350724,0.377022,0.896951,1.0,1.0,1.0,1.0,0.0,0.0,0.0,0.0,0.010619
2,prior_0.56_seed_2_ep_000106,106,0.56,0.36,0.2861,0.350724,0.377022,0.350724,0.377022,0.000103,0.0,0.0,0.0,0.0,0.0,1.0,0.0,0.0,0.0
2,prior_0.56_seed_2_ep_000107,107,0.56,0.36,0.4017,0.350724,0.377022,0.3494,0.374796,0.999783,1.0,1.0,1.0,1.0,0.0,0.0,0.0,0.0,0.0
2,prior_0.56_seed_2_ep_000108,108,0.56,0.36,0.6698,0.3494,0.374796,0.349399,0.374796,1.0,1.0,1.0,1.0,1.0,0.0,0.0,0.0,0.0,0.0
2,prior_0.56_seed_2_ep_000109,109,0.56,0.36,0.2294,0.349399,0.374796,0.349399,0.374796,0.0,0.0,0.0,0.0,0.0,0.0,1.0,0.0,0.0,0.0
2,prior_0.56_seed_2_ep_000110,110,0.56,0.36,0.4309,0.349399,0.374796,0.348858,0.374796,1.0,1.0,1.0,1.0,1.0,0.0,0.0,0.0,0.0,0.0
2,prior_0.56_seed_2_ep_000111,111,0.56,0.36,0.2369,0.348858,0.374796,0.348858,0.374796,0.0,0.0,0.0,0.0,0.0,0.0,1.0,0.0,0.0,0.0
2,prior_0.56_seed_2_ep_000112,112,0.56,0.36,0.3124,0.348858,0.374796,0.348858,0.374796,0.011024,0.0,0.0,0.0,0.0,0.0,1.0,0.0,0.0,0.000122
2,prior_0.56_seed_2_ep_000113,113,0.56,0.36,0.3692,0.348858,0.374796,0.34622,0.370345,0.907282,1.0,1.0,1.0,1.0,0.0,0.0,0.0,0.0,0.008597
2,prior_0.56_seed_2_ep_000114,114,0.56,0.36,0.5369,0.34622,0.370345,0.346205,0.370345,1.0,1.0,1.0,1.0,1.0,0.0,0.0,0.0,0.0,0.0
2,prior_0.56_seed_2_ep_000115,115,0.56,0.36,0.483,0.346205,0.370345,0.346116,0.370345,1.0,1.0,1.0,1.0,1.0,0.0,0.0,0.0,0.0,0.0
2,prior_0.56_seed_2_ep_000116,116,0.56,0.36,0.3435,0.346116,0.370345,0.346116,0.370345,0.398208,0.0,0.0,0.0,0.0,0.0,1.0,0.0,0.0,0.158569
2,prior_0.56_seed_2_ep_000117,117,0.56,0.36,0.3544,0.346116,0.370345,0.3503,0.374796,0.681186,1.0,0.0,1.0,0.0,0.0,0.0,1.0,1.0,0.464014
2,prior_0.56_seed_2_ep_000118,118,0.56,0.36,0.5214,0.3503,0.374796,0.350274,0.374796,1.0,1.0,1.0,1.0,1.0,0.0,0.0,0.0,0.0,0.0
2,prior_0.56_seed_2_ep_000119,119,0.56,0.36,0.2443,0.350274,0.374796,0.350274,0.374796,0.0,0.0,0.0,0.0,0.0,0.0,1.0,0.0,0.0,0.0
2,prior_0.56_seed_2_ep_000120,120,0.56,0.36,0.2663,0.350274,0.374796,0.350274,0.374796,0.0,0.0,0.0,0.0,0.0,0.0,1.0,0.0,0.0,0.0
2,prior_0.56_seed_2_ep_000121,121,0.56,0.36,0.2765,0.350274,0.374796,0.350274,0.374796,2e-06,0.0,0.0,0.0,0.0,0.0,1.0,0.0,0.0,0.0
2,prior_0.56_seed_2_ep_000122,122,0.56,0.36,0.2251,0.350274,0.374796,0.350274,0.374796,0.0,0.0,0.0,0.0,0.0,0.0,1.0,0.0,0.0,0.0
2,prior_0.56_seed_2_ep_000123,123,0.56,0.36,0.438,0.350274,0.374796,0.349888,0.372571,1.0,1.0,1.0,1.0,1.0,0.0,0.0,0.0,0.0,0.0
2,prior_0.56_seed_2_ep_000124,124,0.56,0.36,0.2277,0.349888,0.372571,0.350025,0.372571,0.0,0.0,0.0,1.0,0.0,1.0,0.0,1.0,1.0,0.0
2,prior_0.56_seed_2_ep_000125,125,0.56,0.36,0.4333,0.350025,0.372571,0.349591,0.372571,1.0,1.0,1.0,1.0,1.0,0.0,0.0,0.0,0.0,0.0
2,prior_0.56_seed_2_ep_000126,126,0.56,0.36,0.385,0.349591,0.372571,0.347969,0.370345,0.9948,1.0,1.0,1.0,1.0,0.0,0.0,0.0,0.0,2.7e-05
2,prior_0.56_seed_2_ep_000127,127,0.56,0.36,0.506,0.347969,0.370345,0.347932,0.370345,1.0,1.0,1.0,1.0,1.0,0.0,0.0,0.0,0.0,0.0
2,prior_0.56_seed_2_ep_000128,128,0.56,0.36,0.234,0.347932,0.370345,0.347932,0.370345,0.0,0.0,0.0,0.0,0.0,0.0,1.0,0.0,0.0,0.0
2,prior_0.56_seed_2_ep_000129,129,0.56,0.36,0.283,0.347932,0.370345,0.347932,0.370345,1.5e-05,0.0,0.0,0.0,0.0,0.0,1.0,0.0,0.0,0.0
2,prior_0.56_seed_2_ep_000130,130,0.56,0.36,0.3219,0.347932,0.370345,0.347932,0.370345,0.041639,0.0,0.0,0.0,0.0,0.0,1.0,0.0,0.0,0.001734
2,prior_0.56_seed_2_ep_000131,131,0.56,0.36,0.2983,0.347932,0.370345,0.347932,0.370345,0.000575,0.0,0.0,0.0,0.0,0.0,1.0,0.0,0.0,0.0
2,prior_0.56_seed_2_ep_000132,132,0.56,0.36,0.6794,0.347932,0.370345,0.347932,0.370345,1.0,1.0,1.0,1.0,1.0,0.0,0.0,0.0,0.0,0.0
2,prior_0.56_seed_2_ep_000133,133,0.56,0.36,0.4983,0.347932,0.370345,0.347883,0.370345,1.0,1.0,1.0,1.0,1.0,0.0,0.0,0.0,0.0,0.0
2,prior_0.56_seed_2_ep_000134,134,0.56,0.36,0.2456,0.347883,0.370345,0.347883,0.370345,0.0,0.0,0.0,0.0,0.0,0.0,1.0,0.0,0.0,0.0
2,prior_0.56_seed_2_ep_000135,135,0.56,0.36,0.224,0.347883,0.370345,0.347883,0.370345,0.0,0.0,0.0,0.0,0.0,0.0,1.0,0.0,0.0,0.0
2,prior_0.56_seed_2_ep_000136,136,0.56,0.36,0.4947,0.347883,0.370345,0.347829,0.370345,1.0,1.0,1.0,1.0,1.0,0.0,0.0,0.0,0.0,0.0
2,prior_0.56_seed_2_ep_000137,137,0.56,0.36,0.2339,0.347829,0.370345,0.347829,0.370345,0.0,0.0,0.0,0.0,0.0,0.0,1.0,0.0,0.0,0.0
2,prior_0.56_seed_2_ep_000138,138,0.56,0.36,0.3395,0.347829,0.370345,0.347829,0.370345,0.292437,0.0,0.0,0.0,0.0,0.0,1.0,0.0,0.0,0.08552
2,prior_0.56_seed_2_ep_000139,139,0.56,0.36,0.4149,0.347829,0.370345,0.34715,0.370345,1.0,1.0,1.0,1.0,1.0,0.0,0.0,0.0,0.0,0.0
2,prior_0.56_seed_2_ep_000140,140,0.56,0.36,0.4925,0.34715,0.370345,0.347094,0.370345,1.0,1.0,1.0,1.0,1.0,0.0,0.0,0.0,0.0,0.0
2,prior_0.56_seed_2_ep_000141,141,0.56,0.36,0.2613,0.347094,0.370345,0.347094,0.370345,0.0,0.0,0.0,0.0,0.0,0.0,1.0,0.0,0.0,0.0
2,prior_0.56_seed_2_ep_000142,142,0.56,0.36,0.4263,0.347094,0.370345,0.346628,0.368119,1.0,1.0,1.0,1.0,1.0,0.0,0.0,0.0,0.0,0.0
2,prior_0.56_seed_2_ep_000143,143,0.56,0.36,0.5993,0.346628,0.368119,0.346626,0.368119,1.0,1.0,1.0,1.0,1.0,0.0,0.0,0.0,0.0,0.0
2,prior_0.56_seed_2_ep_000144,144,0.56,0.36,0.3634,0.346626,0.368119,0.344297,0.365893,0.872586,1.0,1.0,1.0,1.0,0.0,0.0,0.0,0.0,0.016234
2,prior_0.56_seed_2_ep_000145,145,0.56,0.36,0.4145,0.344297,0.365893,0.343707,0.365893,1.0,1.0,1.0,1.0,1.0,0.0,0.0,0.0,0.0,0.0
2,prior_0.56_seed_2_ep_000146,146,0.56,0.36,0.3637,0.343707,0.365893,0.341596,0.363668,0.916853,1.0,1.0,1.0,1.0,0.0,0.0,0.0,0.0,0.006913
2,prior_0.56_seed_2_ep_000147,147,0.56,0.36,0.4443,0.341596,0.363668,0.341386,0.363668,1.0,1.0,1.0,1.0,1.0,0.0,0.0,0.0,0.0,0.0
2,prior_0.56_seed_2_ep_000148,148,0.56,0.36,0.4282,0.341386,0.363668,0.341042,0.363668,1.0,1.0,1.0,1.0,1.0,0.0,0.0,0.0,0.0,0.0
2,prior_0.56_seed_2_ep_000149,149,0.56,0.36,0.3346,0.341042,0.363668,0.341042,0.363668,0.286652,0.0,0.0,0.0,0.0,0.0,1.0,0.0,0.0,0.082169
2,prior_0.56_seed_2_ep_000150,150,0.56,0.36,0.4708,0.341042,0.363668,0.340956,0.363668,1.0,1.0,1.0,1.0,1.0,0.0,0.0,0.0,0.0,0.0
2,prior_0.56_seed_2_ep_000151,151,0.56,0.36,0.2131,0.340956,0.363668,0.340956,0.363668,0.0,0.0,0.0,0.0,0.0,0.0,1.0,0.0,0.0,0.0
2,prior_0.56_seed_2_ep_000152,152,0.56,0.36,0.4704,0.340956,0.363668,0.340869,0.363668,1.0,1.0,1.0,1.0,1.0,0.0,0.0,0.0,0.0,0.0
2,prior_0.56_seed_2_ep_000153,153,0.56,0.36,0.3856,0.340869,0.363668,0.339731,0.361442,0.999761,1.0,1.0,1.0,1.0,0.0,0.0,0.0,0.0,0.0
2,prior_0.56_seed_2_ep_000154,154,0.56,0.36,0.3285,0.339731,0.361442,0.339731,0.361442,0.213779,0.0,0.0,0.0,0.0,0.0,1.0,0.0,0.0,0.045702
2,prior_0.56_seed_2_ep_000155,155,0.56,0.36,0.5207,0.339731,0.361442,0.339716,0.361442,1.0,1.0,1.0,1.0,1.0,0.0,0.0,0.0,0.0,0.0
2,prior_0.56_seed_2_ep_000156,156,0.56,0.36,0.506,0.339716,0.361442,0.33969,0.361442,1.0,1.0,1.0,1.0,1.0,0.0,0.0,0.0,0.0,0.0
2,prior_0.56_seed_2_ep_000157,157,0.56,0.36,0.3562,0.33969,0.361442,0.343325,0.363668,0.887499,1.0,0.0,1.0,0.0,0.0,0.0,1.0,1.0,0.787655
2,prior_0.56_seed_2_ep_000158,158,0.56,0.36,0.3574,0.343325,0.363668,0.346575,0.365893,0.875663,1.0,0.0,1.0,0.0,0.0,0.0,1.0,1.0,0.766786
2,prior_0.56_seed_2_ep_000159,159,0.56,0.36,0.412,0.346575,0.365893,0.34604,0.365893,1.0,1.0,1.0,1.0,1.0,0.0,0.0,0.0,0.0,0.0
2,prior_0.56_seed_2_ep_000160,160,0.56,0.36,0.2571,0.34604,0.365893,0.34604,0.365893,0.0,0.0,0.0,0.0,0.0,0.0,1.0,0.0,0.0,0.0
2,prior_0.56_seed_2_ep_000161,161,0.56,0.36,0.3367,0.34604,0.365893,0.34814,0.368119,0.202252,0.0,0.0,1.0,0.0,1.0,0.0,1.0,1.0,0.040906
2,prior_0.56_seed_2_ep_000162,162,0.56,0.36,0.4908,0.34814,0.368119,0.348097,0.368119,1.0,1.0,1.0,1.0,1.0,0.0,0.0,0.0,0.0,0.0
2,prior_0.56_seed_2_ep_000163,163,0.56,0.36,0.5375,0.348097,0.368119,0.348088,0.368119,1.0,1.0,1.0,1.0,1.0,0.0,0.0,0.0,0.0,0.0
2,prior_0.56_seed_2_ep_000164,164,0.56,0.36,0.488,0.348088,0.368119,0.348041,0.368119,1.0,1.0,1.0,1.0,1.0,0.0,0.0,0.0,0.0,0.0
2,prior_0.56_seed_2_ep_000165,165,0.56,0.36,0.415,0.348041,0.368119,0.347565,0.365893,1.0,1.0,1.0,1.0,1.0,0.0,0.0,0.0,0.0,0.0
2,prior_0.56_seed_2_ep_000166,166,0.56,0.36,0.3972,0.347565,0.365893,0.346798,0.365893,0.999998,1.0,1.0,1.0,1.0,0.0,0.0,0.0,0.0,0.0
2,prior_0.56_seed_2_ep_000167,167,0.56,0.36,0.4826,0.346798,0.365893,0.346745,0.365893,1.0,1.0,1.0,1.0,1.0,0.0,0.0,0.0,0.0,0.0
2,prior_0.56_seed_2_ep_000168,168,0.56,0.36,0.4059,0.346745,0.365893,0.346165,0.365893,1.0,1.0,1.0,1.0,1.0,0.0,0.0,0.0,0.0,0.0
2,prior_0.56_seed_2_ep_000169,169,0.56,0.36,0.4824,0.346165,0.365893,0.346114,0.365893,1.0,1.0,1.0,1.0,1.0,0.0,0.0,0.0,0.0,0.0
2,prior_0.56_seed_2_ep_000170,170,0.56,0.36,0.4563,0.346114,0.365893,0.345994,0.365893,1.0,1.0,1.0,1.0,1.0,0.0,0.0,0.0,0.0,0.0
2,prior_0.56_seed_2_ep_000171,171,0.56,0.36,0.4077,0.345994,0.365893,0.345462,0.363668,1.0,1.0,1.0,1.0,1.0,0.0,0.0,0.0,0.0,0.0
2,prior_0.56_seed_2_ep_000172,172,0.56,0.36,0.3807,0.345462,0.363668,0.344392,0.363668,0.999248,1.0,1.0,1.0,1.0,0.0,0.0,0.0,0.0,1e-06
2,prior_0.56_seed_2_ep_000173,173,0.56,0.36,0.2264,0.344392,0.363668,0.344487,0.363668,0.0,0.0,0.0,1.0,0.0,1.0,0.0,1.0,1.0,0.0
2,prior_0.56_seed_2_ep_000174,174,0.56,0.36,0.3804,0.344487,0.363668,0.343453,0.361442,0.999517,1.0,1.0,1.0,1.0,0.0,0.0,0.0,0.0,0.0
2,prior_0.56_seed_2_ep_000175,175,0.56,0.36,0.3981,0.343453,0.361442,0.342829,0.361442,1.0,1.0,1.0,1.0,1.0,0.0,0.0,0.0,0.0,0.0
2,prior_0.56_seed_2_ep_000176,176,0.56,0.36,0.2966,0.342829,0.361442,0.343631,0.361442,8.9e-05,0.0,0.0,1.0,0.0,1.0,0.0,1.0,1.0,0.0
2,prior_0.56_seed_2_ep_000177,177,0.56,0.36,0.3054,0.343631,0.361442,0.343631,0.361442,0.000638,0.0,0.0,0.0,0.0,0.0,1.0,0.0,0.0,0.0
2,prior_0.56_seed_2_ep_000178,178,0.56,0.36,0.4058,0.343631,0.361442,0.343148,0.361442,1.0,1.0,1.0,1.0,1.0,0.0,0.0,0.0,0.0,0.0
2,prior_0.56_seed_2_ep_000179,179,0.56,0.36,0.3012,0.343148,0.361442,0.343148,0.361442,0.000207,0.0,0.0,0.0,0.0,0.0,1.0,0.0,0.0,0.0
2,prior_0.56_seed_2_ep_000180,180,0.56,0.36,0.2559,0.343148,0.361442,0.343148,0.361442,0.0,0.0,0.0,0.0,0.0,0.0,1.0,0.0,0.0,0.0
2,prior_0.56_seed_2_ep_000181,181,0.56,0.36,0.3103,0.343148,0.361442,0.343148,0.361442,0.003708,0.0,0.0,0.0,0.0,0.0,1.0,0.0,0.0,1.4e-05
2,prior_0.56_seed_2_ep_000182,182,0.56,0.36,0.4993,0.343148,0.361442,0.343123,0.361442,1.0,1.0,1.0,1.0,1.0,0.0,0.0,0.0,0.0,0.0
2,prior_0.56_seed_2_ep_000183,183,0.56,0.36,0.4304,0.343123,0.361442,0.342899,0.361442,1.0,1.0,1.0,1.0,1.0,0.0,0.0,0.0,0.0,0.0
2,prior_0.56_seed_2_ep_000184,184,0.56,0.36,0.5495,0.342899,0.361442,0.342894,0.361442,1.0,1.0,1.0,1.0,1.0,0.0,0.0,0.0,0.0,0.0
2,prior_0.56_seed_2_ep_000185,185,0.56,0.36,0.4853,0.342894,0.361442,0.342856,0.361442,1.0,1.0,1.0,1.0,1.0,0.0,0.0,0.0,0.0,0.0
2,prior_0.56_seed_2_ep_000186,186,0.56,0.36,0.4389,0.342856,0.361442,0.342686,0.361442,1.0,1.0,1.0,1.0,1.0,0.0,0.0,0.0,0.0,0.0
2,prior_0.56_seed_2_ep_000187,187,0.56,0.36,0.4087,0.342686,0.361442,0.342261,0.359216,1.0,1.0,1.0,1.0,1.0,0.0,0.0,0.0,0.0,0.0
2,prior_0.56_seed_2_ep_000188,188,0.56,0.36,0.2987,0.342261,0.359216,0.342261,0.359216,0.00013,0.0,0.0,0.0,0.0,0.0,1.0,0.0,0.0,0.0
2,prior_0.56_seed_2_ep_000189,189,0.56,0.36,0.2521,0.342261,0.359216,0.342261,0.359216,0.0,0.0,0.0,0.0,0.0,0.0,1.0,0.0,0.0,0.0
2,prior_0.56_seed_2_ep_000190,190,0.56,0.36,0.4731,0.342261,0.359216,0.342206,0.359216,1.0,1.0,1.0,1.0,1.0,0.0,0.0,0.0,0.0,0.0
2,prior_0.56_seed_2_ep_000191,191,0.56,0.36,0.4232,0.342206,0.359216,0.341938,0.359216,1.0,1.0,1.0,1.0,1.0,0.0,0.0,0.0,0.0,0.0
2,prior_0.56_seed_2_ep_000192,192,0.56,0.36,0.3169,0.341938,0.359216,0.341938,0.359216,0.012256,0.0,0.0,0.0,0.0,0.0,1.0,0.0,0.0,0.00015
2,prior_0.56_seed_2_ep_000193,193,0.56,0.36,0.3849,0.341938,0.359216,0.341144,0.359216,0.999987,1.0,1.0,1.0,1.0,0.0,0.0,0.0,0.0,0.0
2,prior_0.56_seed_2_ep_000194,194,0.56,0.36,0.2451,0.341144,0.359216,0.341317,0.359216,0.0,0.0,0.0,1.0,0.0,1.0,0.0,1.0,1.0,0.0
2,prior_0.56_seed_2_ep_000195,195,0.56,0.36,0.2495,0.341317,0.359216,0.341317,0.359216,0.0,0.0,0.0,0.0,0.0,0.0,1.0,0.0,0.0,0.0
2,prior_0.56_seed_2_ep_000196,196,0.56,0.36,0.4654,0.341317,0.359216,0.341251,0.359216,1.0,1.0,1.0,1.0,1.0,0.0,0.0,0.0,0.0,0.0
2,prior_0.56_seed_2_ep_000197,197,0.56,0.36,0.5992,0.341251,0.359216,0.34125,0.359216,1.0,1.0,1.0,1.0,1.0,0.0,0.0,0.0,0.0,0.0
2,prior_0.56_seed_2_ep_000198,198,0.56,0.36,0.4939,0.34125,0.359216,0.341224,0.359216,1.0,1.0,1.0,1.0,1.0,0.0,0.0,0.0,0.0,0.0
2,prior_0.56_seed_2_ep_000199,199,0.56,0.36,0.2028,0.341224,0.359216,0.341224,0.359216,0.0,0.0,0.0,0.0,0.0,0.0,1.0,0.0,0.0,0.0
2,prior_0.56_seed_2_ep_000200,200,0.56,0.36,0.3512,0.341224,0.359216,0.343493,0.361442,0.822567,1.0,0.0,1.0,0.0,0.0,0.0,1.0,1.0,0.676616
2,prior_0.56_seed_2_ep_000201,201,0.56,0.36,0.3637,0.343493,0.361442,0.342229,0.359216,0.966914,1.0,1.0,1.0,1.0,0.0,0.0,0.0,0.0,0.001095
2,prior_0.56_seed_2_ep_000202,202,0.56,0.36,0.4212,0.342229,0.359216,0.341971,0.359216,1.0,1.0,1.0,1.0,1.0,0.0,0.0,0.0,0.0,0.0
2,prior_0.56_seed_2_ep_000203,203,0.56,0.36,0.4192,0.341971,0.359216,0.341699,0.359216,1.0,1.0,1.0,1.0,1.0,0.0,0.0,0.0,0.0,0.0
2,prior_0.56_seed_2_ep_000204,204,0.56,0.36,0.4295,0.341699,0.359216,0.341504,0.359216,1.0,1.0,1.0,1.0,1.0,0.0,0.0,0.0,0.0,0.0
2,prior_0.56_seed_2_ep_000205,205,0.56,0.36,0.2695,0.341504,0.359216,0.341504,0.359216,0.0,0.0,0.0,0.0,0.0,0.0,1.0,0.0,0.0,0.0
2,prior_0.56_seed_2_ep_000206,206,0.56,0.36,0.4615,0.341504,0.359216,0.341435,0.359216,1.0,1.0,1.0,1.0,1.0,0.0,0.0,0.0,0.0,0.0
2,prior_0.56_seed_2_ep_000207,207,0.56,0.36,0.508,0.341435,0.359216,0.34142,0.359216,1.0,1.0,1.0,1.0,1.0,0.0,0.0,0.0,0.0,0.0
2,prior_0.56_seed_2_ep_000208,208,0.56,0.36,0.5542,0.34142,0.359216,0.341416,0.359216,1.0,1.0,1.0,1.0,1.0,0.0,0.0,0.0,0.0,0.0
2,prior_0.56_seed_2_ep_000209,209,0.56,0.36,0.2642,0.341416,0.359216,0.341416,0.359216,0.0,0.0,0.0,0.0,0.0,0.0,1.0,0.0,0.0,0.0
2,prior_0.56_seed_2_ep_000210,210,0.56,0.36,0.5,0.341416,0.359216,0.341397,0.359216,1.0,1.0,1.0,1.0,1.0,0.0,0.0,0.0,0.0,0.0
2,prior_0.56_seed_2_ep_000211,211,0.56,0.36,0.2908,0.341397,0.359216,0.341397,0.359216,8e-06,0.0,0.0,0.0,0.0,0.0,1.0,0.0,0.0,0.0
2,prior_0.56_seed_2_ep_000212,212,0.56,0.36,0.3197,0.341397,0.359216,0.341397,0.359216,0.026151,0.0,0.0,0.0,0.0,0.0,1.0,0.0,0.0,0.000684
2,prior_0.56_seed_2_ep_000213,213,0.56,0.36,0.4783,0.341397,0.359216,0.341357,0.359216,1.0,1.0,1.0,1.0,1.0,0.0,0.0,0.0,0.0,0.0
2,prior_0.56_seed_2_ep_000214,214,0.56,0.36,0.6817,0.341357,0.359216,0.341357,0.359216,1.0,1.0,1.0,1.0,1.0,0.0,0.0,0.0,0.0,0.0
2,prior_0.56_seed_2_ep_000215,215,0.56,0.36,0.2424,0.341357,0.359216,0.341357,0.359216,0.0,0.0,0.0,0.0,0.0,0.0,1.0,0.0,0.0,0.0
2,prior_0.56_seed_2_ep_000216,216,0.56,0.36,0.2444,0.341357,0.359216,0.341357,0.359216,0.0,0.0,0.0,0.0,0.0,0.0,1.0,0.0,0.0,0.0
2,prior_0.56_seed_2_ep_000217,217,0.56,0.36,0.2498,0.341357,0.359216,0.341357,0.359216,0.0,0.0,0.0,0.0,0.0,0.0,1.0,0.0,0.0,0.0
2,prior_0.56_seed_2_ep_000218,218,0.56,0.36,0.226,0.341357,0.359216,0.341357,0.359216,0.0,0.0,0.0,0.0,0.0,0.0,1.0,0.0,0.0,0.0
2,prior_0.56_seed_2_ep_000219,219,0.56,0.36,0.2548,0.341357,0.359216,0.341357,0.359216,0.0,0.0,0.0,0.0,0.0,0.0,1.0,0.0,0.0,0.0
2,prior_0.56_seed_2_ep_000220,220,0.56,0.36,0.3258,0.341357,0.359216,0.341357,0.359216,0.060774,0.0,0.0,0.0,0.0,0.0,1.0,0.0,0.0,0.003694
2,prior_0.56_seed_2_ep_000221,221,0.56,0.36,0.3037,0.341357,0.359216,0.341357,0.359216,0.000587,0.0,0.0,0.0,0.0,0.0,1.0,0.0,0.0,0.0
2,prior_0.56_seed_2_ep_000222,222,0.56,0.36,0.3669,0.341357,0.359216,0.340264,0.356991,0.994685,1.0,1.0,1.0,1.0,0.0,0.0,0.0,0.0,2.8e-05
2,prior_0.56_seed_2_ep_000223,223,0.56,0.36,0.3851,0.340264,0.356991,0.339592,0.356991,0.999998,1.0,1.0,1.0,1.0,0.0,0.0,0.0,0.0,0.0
2,prior_0.56_seed_2_ep_000224,224,0.56,0.36,0.3063,0.339592,0.356991,0.339592,0.356991,0.001624,0.0,0.0,0.0,0.0,0.0,1.0,0.0,0.0,3e-06
2,prior_0.56_seed_2_ep_000225,225,0.56,0.36,0.5219,0.339592,0.356991,0.339583,0.356991,1.0,1.0,1.0,1.0,1.0,0.0,0.0,0.0,0.0,0.0
2,prior_0.56_seed_2_ep_000226,226,0.56,0.36,0.2791,0.339583,0.356991,0.339583,0.356991,0.0,0.0,0.0,0.0,0.0,0.0,1.0,0.0,0.0,0.0
2,prior_0.56_seed_2_ep_000227,227,0.56,0.36,0.4348,0.339583,0.356991,0.339433,0.356991,1.0,1.0,1.0,1.0,1.0,0.0,0.0,0.0,0.0,0.0
2,prior_0.56_seed_2_ep_000228,228,0.56,0.36,0.2865,0.339433,0.356991,0.339433,0.356991,3e-06,0.0,0.0,0.0,0.0,0.0,1.0,0.0,0.0,0.0
2,prior_0.56_seed_2_ep_000229,229,0.56,0.36,0.3386,0.339433,0.356991,0.339433,0.356991,0.438834,0.0,0.0,0.0,0.0,0.0,1.0,0.0,0.0,0.192575
2,prior_0.56_seed_2_ep_000230,230,0.56,0.36,0.5294,0.339433,0.356991,0.339426,0.356991,1.0,1.0,1.0,1.0,1.0,0.0,0.0,0.0,0.0,0.0
2,prior_0.56_seed_2_ep_000231,231,0.56,0.36,0.442,0.339426,0.356991,0.339308,0.356991,1.0,1.0,1.0,1.0,1.0,0.0,0.0,0.0,0.0,0.0
2,prior_0.56_seed_2_ep_000232,232,0.56,0.36,0.3225,0.339308,0.356991,0.339308,0.356991,0.056816,0.0,0.0,0.0,0.0,0.0,1.0,0.0,0.0,0.003228
2,prior_0.56_seed_2_ep_000233,233,0.56,0.36,0.4291,0.339308,0.356991,0.339131,0.354765,1.0,1.0,1.0,1.0,1.0,0.0,0.0,0.0,0.0,0.0
2,prior_0.56_seed_2_ep_000234,234,0.56,0.36,0.3815,0.339131,0.354765,0.338427,0.354765,0.999998,1.0,1.0,1.0,1.0,0.0,0.0,0.0,0.0,0.0
2,prior_0.56_seed_2_ep_000235,235,0.56,0.36,0.3062,0.338427,0.354765,0.339346,0.354765,0.002081,0.0,0.0,1.0,0.0,1.0,0.0,1.0,1.0,4e-06
2,prior_0.56_seed_2_ep_000236,236,0.56,0.36,0.3711,0.339346,0.354765,0.338466,0.354765,0.999623,1.0,1.0,1.0,1.0,0.0,0.0,0.0,0.0,0.0
2,prior_0.56_seed_2_ep_000237,237,0.56,0.36,0.3988,0.338466,0.354765,0.338058,0.354765,1.0,1.0,1.0,1.0,1.0,0.0,0.0,0.0,0.0,0.0
2,prior_0.56_seed_2_ep_000238,238,0.56,0.36,0.439,0.338058,0.354765,0.337942,0.354765,1.0,1.0,1.0,1.0,1.0,0.0,0.0,0.0,0.0,0.0
2,prior_0.56_seed_2_ep_000239,239,0.56,0.36,0.539,0.337942,0.354765,0.337938,0.354765,1.0,1.0,1.0,1.0,1.0,0.0,0.0,0.0,0.0,0.0
2,prior_0.56_seed_2_ep_000240,240,0.56,0.36,0.2238,0.337938,0.354765,0.337938,0.354765,0.0,0.0,0.0,0.0,0.0,0.0,1.0,0.0,0.0,0.0
2,prior_0.56_seed_2_ep_000241,241,0.56,0.36,0.3031,0.337938,0.354765,0.337938,0.354765,0.000507,0.0,0.0,0.0,0.0,0.0,1.0,0.0,0.0,0.0
2,prior_0.56_seed_2_ep_000242,242,0.56,0.36,0.3752,0.337938,0.354765,0.337183,0.352539,0.999978,1.0,1.0,1.0,1.0,0.0,0.0,0.0,0.0,0.0
2,prior_0.56_seed_2_ep_000243,243,0.56,0.36,0.4981,0.337183,0.352539,0.337167,0.352539,1.0,1.0,1.0,1.0,1.0,0.0,0.0,0.0,0.0,0.0
2,prior_0.56_seed_2_ep_000244,244,0.56,0.36,0.3829,0.337167,0.352539,0.336567,0.352539,1.0,1.0,1.0,1.0,1.0,0.0,0.0,0.0,0.0,0.0
2,prior_0.56_seed_2_ep_000245,245,0.56,0.36,0.4055,0.336567,0.352539,0.336258,0.352539,1.0,1.0,1.0,1.0,1.0,0.0,0.0,0.0,0.0,0.0
2,prior_0.56_seed_2_ep_000246,246,0.56,0.36,0.3562,0.336258,0.352539,0.33837,0.354765,0.979454,1.0,0.0,1.0,0.0,0.0,0.0,1.0,1.0,0.959331
2,prior_0.56_seed_2_ep_000247,247,0.56,0.36,0.396,0.33837,0.354765,0.337966,0.352539,1.0,1.0,1.0,1.0,1.0,0.0,0.0,0.0,0.0,0.0
2,prior_0.56_seed_2_ep_000248,248,0.56,0.36,0.6957,0.337966,0.352539,0.337966,0.352539,1.0,1.0,1.0,1.0,1.0,0.0,0.0,0.0,0.0,0.0
2,prior_0.56_seed_2_ep_000249,249,0.56,0.36,0.5143,0.337966,0.352539,0.337957,0.352539,1.0,1.0,1.0,1.0,1.0,0.0,0.0,0.0,0.0,0.0
2,prior_0.56_seed_2_ep_000250,250,0.56,0.36,0.4657,0.337957,0.352539,0.337912,0.352539,1.0,1.0,1.0,1.0,1.0,0.0,0.0,0.0,0.0,0.0
2,prior_0.56_seed_2_ep_000251,251,0.56,0.36,0.3685,0.337912,0.352539,0.337092,0.352539,0.999734,1.0,1.0,1.0,1.0,0.0,0.0,0.0,0.0,0.0
2,prior_0.56_seed_2_ep_000252,252,0.56,0.36,0.3299,0.337092,0.352539,0.337092,0.352539,0.20264,0.0,0.0,0.0,0.0,0.0,1.0,0.0,0.0,0.041063
2,prior_0.56_seed_2_ep_000253,253,0.56,0.36,0.4016,0.337092,0.352539,0.336766,0.352539,1.0,1.0,1.0,1.0,1.0,0.0,0.0,0.0,0.0,0.0
2,prior_0.56_seed_2_ep_000254,254,0.56,0.36,0.244,0.336766,0.352539,0.336766,0.352539,0.0,0.0,0.0,0.0,0.0,0.0,1.0,0.0,0.0,0.0
2,prior_0.56_seed_2_ep_000255,255,0.56,0.36,0.5778,0.336766,0.352539,0.336765,0.352539,1.0,1.0,1.0,1.0,1.0,0.0,0.0,0.0,0.0,0.0
2,prior_0.56_seed_2_ep_000256,256,0.56,0.36,0.2822,0.336765,0.352539,0.336765,0.352539,0.0,0.0,0.0,0.0,0.0,0.0,1.0,0.0,0.0,0.0
2,prior_0.56_seed_2_ep_000257,257,0.56,0.36,0.3423,0.336765,0.352539,0.338401,0.352539,0.721297,1.0,0.0,1.0,0.0,0.0,0.0,1.0,1.0,0.52027
2,prior_0.56_seed_2_ep_000258,258,0.56,0.36,0.6187,0.338401,0.352539,0.3384,0.352539,1.0,1.0,1.0,1.0,1.0,0.0,0.0,0.0,0.0,0.0
2,prior_0.56_seed_2_ep_000259,259,0.56,0.36,0.33,0.3384,0.352539,0.3384,0.352539,0.161709,0.0,0.0,0.0,0.0,0.0,1.0,0.0,0.0,0.02615
2,prior_0.56_seed_2_ep_000260,260,0.56,0.36,0.3587,0.3384,0.352539,0.340289,0.354765,0.9854,1.0,0.0,1.0,0.0,0.0,0.0,1.0,1.0,0.971013
2,prior_0.56_seed_2_ep_000261,261,0.56,0.36,0.2524,0.340289,0.354765,0.340289,0.354765,0.0,0.0,0.0,0.0,0.0,0.0,1.0,0.0,0.0,0.0
2,prior_0.56_seed_2_ep_000262,262,0.56,0.36,0.2492,0.340289,0.354765,0.340289,0.354765,0.0,0.0,0.0,0.0,0.0,0.0,1.0,0.0,0.0,0.0
2,prior_0.56_seed_2_ep_000263,263,0.56,0.36,0.5099,0.340289,0.354765,0.340279,0.354765,1.0,1.0,1.0,1.0,1.0,0.0,0.0,0.0,0.0,0.0
2,prior_0.56_seed_2_ep_000264,264,0.56,0.36,0.2202,0.340279,0.354765,0.340332,0.354765,0.0,0.0,0.0,1.0,0.0,1.0,0.0,1.0,1.0,0.0
2,prior_0.56_seed_2_ep_000265,265,0.56,0.36,0.3131,0.340332,0.354765,0.340332,0.354765,0.002727,0.0,0.0,0.0,0.0,0.0,1.0,0.0,0.0,7e-06
2,prior_0.56_seed_2_ep_000266,266,0.56,0.36,0.6039,0.340332,0.354765,0.340332,0.354765,1.0,1.0,1.0,1.0,1.0,0.0,0.0,0.0,0.0,0.0
2,prior_0.56_seed_2_ep_000267,267,0.56,0.36,0.5474,0.340332,0.354765,0.340329,0.354765,1.0,1.0,1.0,1.0,1.0,0.0,0.0,0.0,0.0,0.0
2,prior_0.56_seed_2_ep_000268,268,0.56,0.36,0.3314,0.340329,0.354765,0.340329,0.354765,0.163537,0.0,0.0,0.0,0.0,0.0,1.0,0.0,0.0,0.026744
2,prior_0.56_seed_2_ep_000269,269,0.56,0.36,0.4725,0.340329,0.354765,0.340294,0.354765,1.0,1.0,1.0,1.0,1.0,0.0,0.0,0.0,0.0,0.0
2,prior_0.56_seed_2_ep_000270,270,0.56,0.36,0.37,0.340294,0.354765,0.339546,0.354765,0.999606,1.0,1.0,1.0,1.0,0.0,0.0,0.0,0.0,0.0
2,prior_0.56_seed_2_ep_000271,271,0.56,0.36,0.4658,0.339546,0.354765,0.339504,0.354765,1.0,1.0,1.0,1.0,1.0,0.0,0.0,0.0,0.0,0.0
2,prior_0.56_seed_2_ep_000272,272,0.56,0.36,0.578,0.339504,0.354765,0.339503,0.354765,1.0,1.0,1.0,1.0,1.0,0.0,0.0,0.0,0.0,0.0
2,prior_0.56_seed_2_ep_000273,273,0.56,0.36,0.5308,0.339503,0.354765,0.339498,0.354765,1.0,1.0,1.0,1.0,1.0,0.0,0.0,0.0,0.0,0.0
2,prior_0.56_seed_2_ep_000274,274,0.56,0.36,0.3434,0.339498,0.354765,0.340938,0.354765,0.623541,1.0,0.0,1.0,0.0,0.0,0.0,1.0,1.0,0.388804
2,prior_0.56_seed_2_ep_000275,275,0.56,0.36,0.4438,0.340938,0.354765,0.340853,0.354765,1.0,1.0,1.0,1.0,1.0,0.0,0.0,0.0,0.0,0.0
2,prior_0.56_seed_2_ep_000276,276,0.56,0.36,0.3321,0.340853,0.354765,0.341971,0.356991,0.144176,0.0,0.0,1.0,0.0,1.0,0.0,1.0,1.0,0.020787
2,prior_0.56_seed_2_ep_000277,277,0.56,0.36,0.5113,0.341971,0.356991,0.341962,0.356991,1.0,1.0,1.0,1.0,1.0,0.0,0.0,0.0,0.0,0.0
2,prior_0.56_seed_2_ep_000278,278,0.56,0.36,0.5277,0.341962,0.356991,0.341956,0.356991,1.0,1.0,1.0,1.0,1.0,0.0,0.0,0.0,0.0,0.0
2,prior_0.56_seed_2_ep_000279,279,0.56,0.36,0.523,0.341956,0.356991,0.34195,0.356991,1.0,1.0,1.0,1.0,1.0,0.0,0.0,0.0,0.0,0.0
2,prior_0.56_seed_2_ep_000280,280,0.56,0.36,0.222,0.34195,0.356991,0.34195,0.356991,0.0,0.0,0.0,0.0,0.0,0.0,1.0,0.0,0.0,0.0
2,prior_0.56_seed_2_ep_000281,281,0.56,0.36,0.488,0.34195,0.356991,0.34193,0.356991,1.0,1.0,1.0,1.0,1.0,0.0,0.0,0.0,0.0,0.0
2,prior_0.56_seed_2_ep_000282,282,0.56,0.36,0.2395,0.34193,0.356991,0.342016,0.356991,0.0,0.0,0.0,1.0,0.0,1.0,0.0,1.0,1.0,0.0
2,prior_0.56_seed_2_ep_000283,283,0.56,0.36,0.4117,0.342016,0.356991,0.341786,0.354765,1.0,1.0,1.0,1.0,1.0,0.0,0.0,0.0,0.0,0.0
2,prior_0.56_seed_2_ep_000284,284,0.56,0.36,0.3865,0.341786,0.354765,0.341319,0.354765,1.0,1.0,1.0,1.0,1.0,0.0,0.0,0.0,0.0,0.0
2,prior_0.56_seed_2_ep_000285,285,0.56,0.36,0.395,0.341319,0.354765,0.340956,0.354765,1.0,1.0,1.0,1.0,1.0,0.0,0.0,0.0,0.0,0.0
2,prior_0.56_seed_2_ep_000286,286,0.56,0.36,0.5679,0.340956,0.354765,0.340955,0.354765,1.0,1.0,1.0,1.0,1.0,0.0,0.0,0.0,0.0,0.0
2,prior_0.56_seed_2_ep_000287,287,0.56,0.36,0.5328,0.340955,0.354765,0.340951,0.354765,1.0,1.0,1.0,1.0,1.0,0.0,0.0,0.0,0.0,0.0
2,prior_0.56_seed_2_ep_000288,288,0.56,0.36,0.307,0.340951,0.354765,0.340951,0.354765,0.00012,0.0,0.0,0.0,0.0,0.0,1.0,0.0,0.0,0.0
2,prior_0.56_seed_2_ep_000289,289,0.56,0.36,0.464,0.340951,0.354765,0.340909,0.354765,1.0,1.0,1.0,1.0,1.0,0.0,0.0,0.0,0.0,0.0
2,prior_0.56_seed_2_ep_000290,290,0.56,0.36,0.6208,0.340909,0.354765,0.340909,0.354765,1.0,1.0,1.0,1.0,1.0,0.0,0.0,0.0,0.0,0.0
2,prior_0.56_seed_2_ep_000291,291,0.56,0.36,0.6345,0.340909,0.354765,0.340909,0.354765,1.0,1.0,1.0,1.0,1.0,0.0,0.0,0.0,0.0,0.0
2,prior_0.56_seed_2_ep_000292,292,0.56,0.36,0.2541,0.340909,0.354765,0.340909,0.354765,0.0,0.0,0.0,0.0,0.0,0.0,1.0,0.0,0.0,0.0
2,prior_0.56_seed_2_ep_000293,293,0.56,0.36,0.23,0.340909,0.354765,0.340909,0.354765,0.0,0.0,0.0,0.0,0.0,0.0,1.0,0.0,0.0,0.0
2,prior_0.56_seed_2_ep_000294,294,0.56,0.36,0.3207,0.340909,0.354765,0.340909,0.354765,0.01067,0.0,0.0,0.0,0.0,0.0,1.0,0.0,0.0,0.000114
2,prior_0.56_seed_2_ep_000295,295,0.56,0.36,0.4022,0.340909,0.354765,0.340619,0.354765,1.0,1.0,1.0,1.0,1.0,0.0,0.0,0.0,0.0,0.0
2,prior_0.56_seed_2_ep_000296,296,0.56,0.36,0.4306,0.340619,0.354765,0.340498,0.354765,1.0,1.0,1.0,1.0,1.0,0.0,0.0,0.0,0.0,0.0
2,prior_0.56_seed_2_ep_000297,297,0.56,0.36,0.4903,0.340498,0.354765,0.340481,0.354765,1.0,1.0,1.0,1.0,1.0,0.0,0.0,0.0,0.0,0.0
2,prior_0.56_seed_2_ep_000298,298,0.56,0.36,0.3913,0.340481,0.354765,0.340094,0.354765,1.0,1.0,1.0,1.0,1.0,0.0,0.0,0.0,0.0,0.0
2,prior_0.56_seed_2_ep_000299,299,0.56,0.36,0.4919,0.340094,0.354765,0.340078,0.354765,1.0,1.0,1.0,1.0,1.0,0.0,0.0,0.0,0.0,0.0
